TRADE_DATE,F16_TTF_THE_SPREAD_Z_M1,F16_TTF_THE_SPREAD_Z_M2,F16_TTF_THE_SPREAD_Z_M3,F16_TTF_THE_SPREAD_Z_M4,F16_TTF_THE_SPREAD_Z_M5,F16_TTF_THE_SPREAD_Z_M6,F16_TTF_THE_SPREAD_Z_M7,F16_TTF_THE_SPREAD_Z_M8,F16_TTF_THE_SPREAD_Z_M9,F16_TTF_THE_SPREAD_Z_M10,F16_TTF_THE_SPREAD_Z_M11,F16_TTF_THE_SPREAD_Z_M12,F17_TTF_JKM_SPREAD_Z_PROMPT,F17_TTF_JKM_SPREAD_Z_MID,F17_TTF_JKM_SPREAD_Z_FAR,F18_CORR_REGIME_CHANGE_Z,F19_MOVE_DIVERGENCE_Z,F20_TTF_HAS_SIG_F02,F20_THE_HAS_SIG_F02,F20_JKM_HAS_SIG_F02,F20_CONSENSUS_COUNT,F21_MARKET_CROSS_SIGNAL
2021-01-04 00:00:00.000,,,,,,,,,,,,,,,,,,0,0,0,0,0
2021-01-05 00:00:00.000,,,,,,,,,,,,,,,,,,0,0,0,0,0
2021-01-06 00:00:00.000,,,,,,,,,,,,,,,,,,0,0,0,0,0
2021-01-07 00:00:00.000,,,,,,,,,,,,,,,,,,0,0,0,0,0
2021-01-08 00:00:00.000,,,,,,,,,,,,,,,,,,0,0,0,0,0
2021-01-11 00:00:00.000,,,,,,,,,,,,,,,,,,0,0,0,0,0
2021-01-12 00:00:00.000,,,,,,,,,,,,,,,,,,0,0,0,0,0
2021-01-13 00:00:00.000,,,,,,,,,,,,,,,,,,0,0,0,0,0
2021-01-14 00:00:00.000,,,,,,,,,,,,,,,,,,0,0,0,0,0
2021-01-15 00:00:00.000,,,,,,,,,,,,,,,,,,0,0,0,0,0
2021-01-18 00:00:00.000,,,,,,,,,,,,,,,,,,0,0,0,0,0
2021-01-19 00:00:00.000,,,,,,,,,,,,,,,,,,0,0,0,0,0
2021-01-20 00:00:00.000,,,,,,,,,,,,,,,,,,0,0,0,0,0
2021-01-21 00:00:00.000,,,,,,,,,,,,,,,,,,0,0,0,0,0
2021-01-22 00:00:00.000,,,,,,,,,,,,,,,,,,0,0,0,0,0
2021-01-25 00:00:00.000,,,,,,,,,,,,,,,,,,0,0,0,0,0
2021-01-26 00:00:00.000,,,,,,,,,,,,,,,,,,0,0,0,0,0
2021-01-27 00:00:00.000,,,,,,,,,,,,,,,,,,0,0,0,0,0
2021-01-28 00:00:00.000,,,,,,,,,,,,,,,,,,0,0,0,0,0
2021-01-29 00:00:00.000,,,,,,,,,,,,,,,,,,0,0,0,0,0
2021-02-01 00:00:00.000,-1.331585528,-8.650331046,-0.1230621071,0.6744897502,0.7540393021,0.5648592239,3.80712736,-0.2065139473,0.7391583368,1.070882224,1.601561607,-1.4277286,5.166905084,-1.779093155,0.48925287,,,0,0,0,0,0
2021-02-02 00:00:00.000,-1.669897816,-3.962303521,-0.2501080537,0.3387318031,0.5113439986,0.2098180517,2.705935531,-0.410565062,0.4824212346,0.6812538352,1.232025958,-1.48986246,3.331080803,-2.41341746,-0.3380978907,,,0,0,0,0,0
2021-02-03 00:00:00.000,-2.192168564,-2.9097316,-0.1953267195,0.5026889987,0.6015960048,0.4011445834,2.405776013,-0.2990832653,0.5712011427,0.7602344967,1.221174915,-1.176683641,2.723420033,-1.369588317,1.730110301,,,0,0,0,0,0
2021-02-04 00:00:00.000,-1.736002318,-2.455741754,-0.1999439107,0.4969355652,0.5572531514,0.3761052991,2.103646463,-0.2978916545,0.5714061029,0.7355482543,1.059964544,-1.046171223,2.282007118,-1.389723803,0.1586851699,,,0,0,0,0,0
2021-02-05 00:00:00.000,-1.690727822,-2.076466984,-0.3058252738,0.3081349318,0.4365100395,0.1275153492,1.808068498,-0.1346976809,0.7840988026,0.9434277378,1.131313997,-0.739693709,2.022994266,-0.936071922,1.34289381,,,0,0,0,0,0
2021-02-08 00:00:00.000,-2.563340915,-2.073088968,-0.5980811026,-0.2584454374,0.02235894711,-0.5791109526,1.412675746,-0.5284101671,0.4132775473,0.6781322717,0.7817264018,-0.9705694383,1.890093112,-1.583265434,0.1966134938,,,0,0,0,0,0
2021-02-09 00:00:00.000,-2.376510364,-1.807130484,-0.7681564672,-0.6126504433,-0.2437813493,-0.9845314838,1.12849974,-0.6168193065,0.2900761531,0.5531602317,0.6376575682,-0.9759918245,1.749269212,-1.004688725,1.06100652,,-0.5506022953,0,0,0,0,0
2021-02-10 00:00:00.000,-2.889073868,-1.784737271,-1.025868818,-1.104436446,-0.6561024813,-1.559051117,0.7759828362,-1.127729649,-0.1244546794,0.09417878583,0.2752281122,-1.325734541,1.568182397,-1.500723027,0.2252258553,,-1.633241226,0,0,0,0,0
2021-02-11 00:00:00.000,-3.259357976,-1.749787749,-2.482573378,-3.707453357,-2.759128896,-4.826849541,-0.8205085062,-1.249921375,-0.4538542485,-0.2927853318,-0.00249454001,-1.505544631,1.459838341,-1.664947702,-0.7162761749,,-2.669503376,0,0,0,0,0
2021-02-12 00:00:00.000,-2.916118314,-1.474744515,-1.865365566,-2.748099658,-1.992914284,-2.871312379,-0.3550475474,-1.214981833,-0.686298893,-0.4877140957,-0.1861822634,-1.710188297,1.360647997,-1.433150156,-0.7223536642,,0.1846177873,0,0,0,0,0
2021-02-15 00:00:00.000,-3.01292393,-1.202704615,-0.7409484413,-0.6737683748,-0.3695120581,-0.7462280494,0.7261899805,-1.212102478,-0.6576649781,-0.5209824451,-0.1844980481,-1.579043458,1.124181479,-1.8179631,0.574958431,,,0,0,0,0,0
2021-02-16 00:00:00.000,-2.493150268,-1.064226898,-0.2223092081,0.2186000387,0.3756743991,0.1330111032,1.23331676,-2.211482349,-1.74693268,-1.510481012,1.244129108,-0.1681038003,0.9868691097,-1.263705667,0.7362200084,,0.6107418553,0,0,0,0,0
2021-02-17 00:00:00.000,-2.127032146,-0.9485344046,-0.1340355301,0.3635402094,0.498159669,0.2919100999,1.289548117,-1.961471306,-1.421597816,-1.176219328,1.414116503,0.006394639224,0.8166679318,-1.963098821,-0.6437280939,,0.5459020137,0,0,0,0,0
2021-02-18 00:00:00.000,-1.536586563,-0.7925439796,0.3842432327,1.260433365,1.495427862,1.64841807,1.365539016,-1.53581732,-0.8568444771,-0.6469903839,1.713310821,0.3958667995,0.7431569285,-0.7894741255,-0.8309476236,,1.906998805,0,0,0,0,0
2021-02-19 00:00:00.000,-1.47894947,-0.6299127459,0.5522439567,1.5119987,1.671569696,1.868316491,1.251201146,-1.534663537,-0.9148280543,-0.7885557685,1.583639885,0.2820497335,0.6890804369,-0.951405811,-0.8415026556,,-0.3323162908,0,0,0,0,0
2021-02-22 00:00:00.000,-1.462203898,-0.6275242454,0.5421052049,1.371391873,1.599324142,1.767190088,1.089148357,-1.56600515,-1.763272613,1.821754478,1.979409917,0.7433792802,0.6611719078,-0.8407820492,-0.5075670347,,,0,0,0,0,0
2021-02-23 00:00:00.000,-1.303710779,-0.6129453993,0.5325084932,1.382932989,1.525555747,1.658493059,1.030720468,-1.909829986,-2.171846547,2.559099409,1.833047546,0.7012608376,0.7114898583,-0.1664101752,0.2614965073,,0.270197764,0,0,0,0,0
2021-02-24 00:00:00.000,-1.382012796,-0.6407208299,0.3435654196,1.044009815,1.215518122,1.309277077,0.7881982705,-1.123043779,-1.525769215,3.226685161,2.17565996,1.218484477,0.7222604292,0.05854439357,0.6470323004,,-1.023891394,0,0,0,0,0
2021-02-25 00:00:00.000,-1.283907062,-0.6094074059,-0.6625769796,-0.5545879444,-0.1399969553,-0.1761046064,0.06917616703,-0.8758787677,-1.200324144,3.106325155,2.174334539,1.436019325,0.7235860878,-0.2998807002,-0.5996575118,,-0.02246970218,0,0,0,0,0
2021-02-26 00:00:00.000,-1.13359608,-0.8308717605,-0.8339226426,-0.8335907924,-0.3804428491,-0.4386964768,-0.06439777954,-0.7572365805,-1.037084764,2.869625357,2.096420106,1.450271637,0.6742039651,-0.3662502358,-0.9795800516,,0.430162719,0,0,0,0,0
2021-03-01 00:00:00.000,-1.374494084,-0.8292136111,-0.8164516081,-1.05254993,-0.5821251387,0.6984195181,-0.6538002438,0.2226578751,5.313517708,4.113305681,1.926543594,1.466462125,0.8170136688,-0.7998199834,-0.7940581308,,,0,0,0,0,0
2021-03-02 00:00:00.000,-1.215498543,-0.722427054,-0.4300619624,-0.4427659759,-0.06775940497,1.21418647,-0.5759456046,0.3504211775,4.322278766,3.477032844,1.857041699,1.442056898,0.8015989325,-1.083955056,-1.280214142,,0.1644432934,0,0,1,1,3
2021-03-03 00:00:00.000,-1.117852883,-0.7202400239,-0.5175153555,-0.5796177492,-0.1876070745,1.032936506,-0.4936525713,0.4579772906,3.585576362,3.082576954,1.717244208,1.573084836,0.79192494,-1.012332683,-0.9702814465,,0.2843924515,0,0,0,0,0
2021-03-04 00:00:00.000,-1.15609344,-0.7059720398,-0.6985148709,-0.8492087029,-0.4506013526,0.7583670526,-0.06134960621,1.024723152,3.501723136,3.095957455,1.97122223,2.194695704,0.7870173497,-0.8680225739,-0.6390980566,,-0.4478373559,0,0,1,1,3
2021-03-05 00:00:00.000,-1.113138234,-0.6757160952,-1.161053831,-1.511636985,-1.101375936,0.09013119364,-0.1220184431,0.8986653029,3.12404703,2.768231544,1.897484507,2.030120128,0.8103311345,-0.9530506518,-1.366239008,,0.04985812331,0,0,1,1,3
2021-03-08 00:00:00.000,-1.100878118,-0.7531831356,-1.509185914,-1.998099306,-1.582049061,-0.4665440799,0.05111342488,1.035701121,2.877560212,2.624684218,1.769752677,2.236857475,0.7880842909,-1.161293275,-2.130231063,,,0,0,0,0,0
2021-03-09 00:00:00.000,-1.074747359,-0.7148153656,-1.270154481,-1.693104611,-1.069775867,-0.4069362888,-0.1731168018,1.777771406,2.092481892,2.325780971,1.5594479,1.920979583,0.7594340868,-1.212710971,-2.222289922,,0.5190950609,0,0,0,0,0
2021-03-10 00:00:00.000,-0.9587291301,-0.6909921022,-0.4941109272,-0.5614629875,-0.0450412741,0.7324103119,-0.2594862513,1.598967301,2.016312593,2.124906175,1.605233375,1.828906335,0.7837799438,-1.111484635,-2.685721416,,0.7020458192,0,0,0,0,0
2021-03-11 00:00:00.000,-0.901227498,-0.6660586283,-0.3943637834,-0.4273222634,0.07656890858,0.8749198982,-0.220322422,1.588340736,1.986817852,1.992868263,1.523141774,1.825432737,0.7346946314,-0.7729263242,-2.052189518,,0.3884646077,0,0,1,1,3
2021-03-12 00:00:00.000,-0.8672385203,-0.7175123976,-0.6725340513,-0.8444910298,-0.3143506184,0.4442409851,-0.730193193,1.740748438,1.878307491,1.802958469,1.266423657,1.660433888,0.6858257763,-0.4598944112,-1.790825855,,0.1201826398,0,0,0,0,0
2021-03-15 00:00:00.000,-0.8651761434,-0.7092035819,-0.4732720016,-0.534473418,-0.04694354142,0.7156311088,-1.154924772,1.230852688,1.579198406,1.930598029,1.457486581,2.008861301,0.667627072,-0.8515613299,-1.876656829,,,0,0,0,0,0
2021-03-16 00:00:00.000,-0.8275100731,-0.691982238,-0.6587411021,-0.7788173015,-0.3024118579,0.4042241072,-1.364035024,1.004340097,1.376192857,1.72218521,1.276123783,1.692094845,0.6459312315,-1.48627152,-2.444607249,,-0.04853324457,0,0,0,0,0
2021-03-17 00:00:00.000,-0.8039164829,-0.6320476567,-0.5536572227,-0.6217144888,-0.1730708796,0.5556346981,-2.023162066,1.108490341,1.271815681,1.529315975,1.13007958,1.47903587,0.7152646128,-0.1604909294,-0.9333824878,,0.09597386336,0,0,0,0,0
2021-03-18 00:00:00.000,-0.7493003654,-0.2852519137,-0.2566871969,-0.2052892709,0.2356357519,0.9706227112,-1.597597022,1.552510745,1.118433462,1.520466704,1.1913775,1.653466609,0.6680243239,-1.013705432,-1.955434195,,0.185153064,0,0,0,0,0
2021-03-19 00:00:00.000,-0.7275833197,-0.6022050635,-0.2541866279,-0.2062040072,0.2365971407,0.9457785001,-1.479045192,1.57763361,1.044081805,1.432445425,1.175593484,1.551643685,0.6595472937,-0.6504657823,-1.693515068,,-0.205444399,0,0,0,0,0
2021-03-22 00:00:00.000,-0.6785075347,-0.5906864303,0.142083697,0.3446177478,0.7680882003,1.532661722,-1.570357481,1.578330187,1.034061638,1.354055606,1.159056459,1.462930496,0.7037747975,-0.3340788722,0.08180546023,,,0,0,0,0,0
2021-03-23 00:00:00.000,-0.6716358778,-0.6211261018,-0.1572420775,-0.09219570276,0.3451305402,1.062626657,-1.769537283,1.273474609,0.8964773536,1.175543306,1.029681137,1.196166895,0.6729103859,-0.6298227411,-0.5854747093,,0.1109890462,0,0,0,0,0
2021-03-24 00:00:00.000,-0.6220314925,-0.6071757406,0.04460611594,0.1978016989,0.6169006046,1.332779651,-1.601019693,1.211798884,0.8571059034,1.098987799,1.010672994,1.139721386,0.6757599374,-0.9965842438,-1.217436003,0.8198424935,0.5818248789,0,0,0,0,0
2021-03-25 00:00:00.000,-0.6135687858,-0.6451860757,0.04422594313,0.2026527682,0.6123876027,1.292763858,-1.433946168,1.174978377,0.8373352738,1.075895745,1.005859402,1.147124756,0.6597381918,-1.300418655,-1.860137207,0.770024441,0.06400183297,0,0,0,0,0
2021-03-26 00:00:00.000,-0.5894116665,-0.6248454198,0.5314017855,0.3445041075,0.7388289555,1.416967027,-1.491659215,1.151559602,0.8201897552,1.029818038,0.9689979314,1.09608626,0.6742313517,-1.460932214,-1.988326605,0.6677081067,0.3546710146,0,0,0,0,0
2021-03-29 00:00:00.000,-0.5175161007,-0.6130639192,0.8295503058,0.7965436204,1.153858652,1.795359203,-1.429166235,1.048473461,0.7332553247,0.9465366288,0.8390754473,0.91809331,0.6618579028,-1.418413736,-1.425513767,0.6416694349,,0,0,0,0,0
2021-03-30 00:00:00.000,-0.4757731907,-0.5583833822,1.238008706,1.353325639,1.680754029,2.298384943,-0.7039077818,1.60142073,0.971957547,0.6400092928,0.4147609794,0.2842522419,0.6820131627,-2.106125704,-2.438220903,3.856685308,0.4669219535,0,0,0,0,0
2021-03-31 00:00:00.000,-0.4587774922,-0.4605303513,1.215050562,1.260388303,1.627296153,2.192656541,-0.7539184971,1.578586572,0.9420709294,0.6463667933,0.4446759291,0.3232690106,0.689164173,-1.691900663,-1.727875887,4.046217845,0.1285524556,0,0,0,0,0
2021-04-01 00:00:00.000,-0.6427383901,-0.3716646244,0.4051984166,1.523367796,2.383507895,3.271325092,2.009986001,1.487621953,1.373741281,0.5600151205,0.3608591674,-3.613337584,0.6203769208,-1.124446223,-1.247080863,1.805965606,0.1195767826,0,0,1,1,0
2021-04-06 00:00:00.000,-0.6180850344,-0.3690347003,0.387156944,1.55442039,2.278244364,2.63106816,1.693147742,1.241187607,1.246373997,0.4900315207,0.2529302925,-3.626576451,0.6392572404,-1.561216801,-0.934781124,1.027962508,,0,0,0,0,0
2021-04-07 00:00:00.000,-0.6091054253,-0.3224348743,0.3961830657,1.521500527,2.166840922,2.482655361,1.610024803,1.179121139,1.229546315,0.4782913314,0.2476226436,-3.5281939,0.5763590244,-2.325586842,-1.381668385,1.043101947,-0.05242625636,0,0,0,0,0
2021-04-08 00:00:00.000,-0.6496304854,-0.3974401889,0.3969093023,1.468094182,2.069489909,2.359379179,1.519780857,1.138569338,1.197988766,0.4701079816,0.2548985668,-3.245607437,0.5822715349,-2.408052995,-1.023005518,0.299942852,-0.4229222379,0,0,0,0,0
2021-04-09 00:00:00.000,-0.640860636,-0.3167198283,0.08109705208,0.9856453137,1.6265941,2.033205774,1.307206578,0.971640613,1.12341349,0.4197472319,0.190916884,-2.944641563,0.5863196378,-1.75353089,-0.6702372775,12,0.08409099938,0,0,0,0,0
2021-04-12 00:00:00.000,-0.6497803659,-0.4380706625,-0.3588891711,0.407364036,1.126357023,1.741516993,1.102120651,0.836646005,1.032233565,0.3655949997,0.1239814185,-2.7060071,0.6389656564,-1.230135357,-0.1664545123,5.145515224,,0,0,0,0,0
2021-04-13 00:00:00.000,-0.7090776755,-0.4926492901,-0.8853939086,-0.2743448055,0.5087121115,0.9657384712,0.6485581879,0.4330699876,0.8183835222,0.1981371048,-0.1594777814,-2.766197012,0.5991832105,-2.008931676,-1.110465646,3.028582773,-0.5632576689,0,0,0,0,0
2021-04-14 00:00:00.000,-0.6832685744,-0.4562773036,-0.3460285421,-0.1343639972,0.1359517594,1.468681553,0.9363569874,1.188654337,0.6019733808,0.03442468944,-0.4490684265,-2.646746756,0.6048442766,-1.701666883,-0.406435034,2.623150268,0.2979131002,0,0,0,0,0
2021-04-15 00:00:00.000,-0.7101133179,-0.4657735515,-0.4504852208,-0.2682556434,0.01458703809,0.5981609481,0.4117024343,0.7326419852,0.3969206158,-0.1488979392,-0.7855031206,-2.623472511,0.6209603941,-1.795199471,-1.638786787,2.55137071,-0.01650092543,0,0,0,0,0
2021-04-16 00:00:00.000,-0.6654516999,-0.432382048,-0.4467521507,-0.2659992074,0.01448680028,0.1528071787,0.4041237563,0.9585028179,0.3889975738,-0.1494414738,-0.7653742526,-2.487640671,0.5713068374,-2.579338305,-2.307742503,2.323858716,0.4323640412,0,0,0,0,0
2021-04-19 00:00:00.000,-0.6470041293,-0.4460919759,-0.4431105971,-0.2637804149,0.01438860035,-0.2826659343,0.1543904265,0.7249516613,0.2819658921,-0.243256622,-0.8832371986,-2.370971043,0.5367393432,-2.992019133,-2.091535469,2.128024927,,0,0,0,0,0
2021-04-20 00:00:00.000,-0.5723855807,-0.3955148888,0.1053386048,0.4339928017,0.629053701,-0.2806223181,0.1560272997,0.7027338352,0.2790165648,-0.2430329142,-0.8407736094,-2.269344426,0.5384785914,-3.32884351,-3.270385494,2.191383548,0.5836348908,0,0,1,1,0
2021-04-21 00:00:00.000,-0.5054980703,-0.3444168299,0.3240652237,0.7145988839,0.8701621986,0.138042191,0.40218876,0.9038805524,0.3762648992,-0.146350602,-0.6744897502,-2.04217788,0.5792450761,-2.467710414,-2.674905277,2.033963866,0.5262826292,0,0,0,0,0
2021-04-22 00:00:00.000,-0.4753692193,-0.2583882469,0.5424822176,0.9592400508,1.107504282,0.5586719996,0.6645377158,1.132694547,0.4679510868,-0.04833315024,-0.5184742859,-1.772458204,0.5933125321,-2.588393193,-2.578515946,1.906783984,0.2287922879,0,0,0,0,0
2021-04-23 00:00:00.000,-0.5118079074,-0.2713013115,0.3161636513,0.6744897502,0.8446106761,0.5004744708,0.6231900245,1.053955675,0.488958376,-0.02364684388,-0.4775039099,-1.725750082,0.5040677018,-2.671409381,-2.171374319,1.781749565,-0.5831675109,0,1,1,2,3
2021-04-26 00:00:00.000,-0.5295368017,-0.2589778385,0.3139531665,0.6744897502,0.835388358,0.1676462743,0.421322314,0.8780851957,0.6103134196,0.1007370535,-0.2769095278,-1.682560702,0.5291801112,-2.628715251,-2.266153217,1.853377088,,0,0,0,0,0
2021-04-27 00:00:00.000,-0.5280818174,-0.2594191347,0.08738621323,0.3920715437,0.5784935718,0.7613446161,0.8059856556,1.259424459,0.5506863501,0.05007285988,-0.3547640237,-1.512592258,0.6046318052,-1.806702844,-2.031124793,1.610960641,0.2755929886,0,0,0,0,0
2021-04-28 00:00:00.000,-0.3984938558,-0.2443803443,0.7643167812,1.243460347,1.320779077,1.077008629,0.9855676456,1.449035751,0.6221148561,0.1268432158,-0.2319573701,-1.353065949,0.6020767293,-1.910487687,-2.123276243,1.444921389,0.9454946773,0,0,0,0,0
2021-04-29 00:00:00.000,-0.37660713,-0.1900790669,0.9833092676,1.547822671,1.536604187,1.569762328,1.237981365,1.741045229,0.743107773,0.2581098909,-0.02806175835,-1.300499947,0.618958111,-2.193584289,-2.294019617,1.292944371,0.2373414299,0,0,0,0,0
2021-04-30 00:00:00.000,-0.3471451242,-0.1371953246,1.084830706,1.720333917,1.628997843,0.9593110465,0.8587670468,1.448408476,0.6056883871,0.1266562678,-0.2324372438,-1.071354419,0.6270498952,-1.948419653,-2.623367637,1.188485343,0.3006255569,0,0,0,0,0
2021-05-03 00:00:00.000,-0.4089852853,-0.3655643824,1.070698911,1.680012956,1.266724028,1.444697147,2.136994262,2.961197212,0.5934739,0.1266562678,-1.713462106,-1.038571131,,,,1.119674131,,0,0,0,0,0
2021-05-04 00:00:00.000,-0.4309124042,-0.367238454,1.057107474,1.642408291,1.554116286,1.736621242,2.21932662,3.129966842,0.6722497064,0.2106138154,-1.720395614,-0.9861595939,0.2697581993,-2.137530462,-1.707110773,1.112580199,-0.1867324454,0,0,0,0,0
2021-05-05 00:00:00.000,-0.4113654994,-0.3690172792,1.04402277,1.607227933,2.662516967,2.741078887,2.749150949,3.617794105,0.931814887,0.4920150781,-1.302844209,-0.6602563838,0.3588011669,-2.189514273,-1.831035397,0.9720103597,0.2190726209,0,0,0,0,0
2021-05-06 00:00:00.000,-0.3458852952,-0.3251394821,1.370173209,1.988250446,2.286722918,2.296816378,2.579360039,3.359479223,0.8412489004,0.4135460452,-1.158373185,-0.6025264755,0.3212929765,-2.299899238,-1.682150218,0.8828678697,0.4131188294,0,0,1,1,3
2021-05-07 00:00:00.000,-0.3012849124,-0.3512967449,1.123010868,1.656366613,1.988603552,2.020032515,2.437150653,3.035230044,0.7766325123,0.3619446906,-1.151807172,-0.6303091676,0.3228172574,-2.219529729,-1.15588802,0.8480942458,0.2034656615,0,0,0,0,0
2021-05-10 00:00:00.000,-0.2457938867,-0.3635080507,0.996474818,1.491233699,1.769828944,1.847897238,2.421065805,2.819598996,0.7430199742,0.3262299348,-1.394316782,-0.7850015651,0.2914044808,-2.225839299,-1.376547835,0.7199031673,,0,0,0,0,0
2021-05-11 00:00:00.000,-0.2117469755,-0.247840228,1.883097133,2.490231829,1.456696326,1.598649792,2.30517042,2.588150815,0.6837456602,0.2622732459,-1.455133573,-0.8492768275,0.3967678856,-2.154935555,-1.121756018,0.6634124431,0.2081453755,0,0,0,0,0
2021-05-12 00:00:00.000,-0.05893938452,-0.1746914173,2.389826196,2.976971936,1.450034313,1.557939423,2.277342984,2.482168198,0.6744897502,0.2582433529,-1.475331803,-0.8653705334,0.3375496639,-3.123535917,-2.890859657,0.644700407,0.8619983494,0,0,1,1,3
2021-05-13 00:00:00.000,-0.1015857646,-0.1732648658,2.304792346,2.967424965,1.415729743,1.532761607,2.193913034,2.38824165,0.6744897502,0.2543354264,-1.47142642,-0.8277576989,0.3592309175,-2.677032386,-2.189336999,0.6360548675,-0.308172492,0,0,1,1,3
2021-05-14 00:00:00.000,0.0186025472,-0.1732434501,2.228248925,2.818211977,0.3961239954,0.6485555032,1.613324163,2.527554485,0.8048541918,0.4097046247,-1.438801115,-0.8045865948,0.4251863631,-2.478051012,-1.862184017,0.6385627905,0.661916576,0,0,0,0,0
2021-05-17 00:00:00.000,0.02954767205,-0.2159513138,1.848957784,2.332395456,0.4240625915,0.6568485518,1.55552014,2.431076529,0.8065486331,0.4237523212,-1.50249598,-0.839599257,0.3895939812,-2.923729915,-2.004722221,0.6817591645,,0,0,0,0,0
2021-05-18 00:00:00.000,0.139174322,-0.09773051547,2.622348756,3.185627959,1.110979923,1.244872465,1.834837273,2.006204743,0.6461639493,0.2331761898,-1.272528018,-0.6582286605,0.2635407025,-2.487650929,-1.48123974,0.6718476291,0.5946165398,1,1,1,3,3
2021-05-19 00:00:00.000,0.3897583633,0.04984608488,3.508119186,4.121629702,2.11645431,2.119998424,2.233769045,2.329431688,0.890692057,0.5161492763,-1.190558913,-0.6071620392,0.1493680455,-3.237081238,-2.53918327,0.6108014631,1.668520752,1,1,1,3,3
2021-05-20 00:00:00.000,0.2198008737,0.04958788907,3.283747884,3.776521437,2.092862374,2.11652911,2.28773986,2.294664597,0.9035990196,0.5433264097,-1.058117978,-0.5316242978,0.2545085579,-2.061795035,-1.802980247,0.5435481514,-1.263872036,0,0,0,0,0
2021-05-21 00:00:00.000,0.2385454442,0.04933366393,3.097599719,3.50578015,2.260868948,2.331753287,2.38184827,2.342437687,0.9739779945,0.6393899673,-0.9958354138,-0.5064969218,0.2540532361,-2.033636391,-1.892820522,0.5278689951,0.06025258249,0,0,0,0,0
2021-05-24 00:00:00.000,0.01880563544,-0.02560868283,2.512017729,2.829171181,2.156285414,2.168351506,2.249505828,2.228321601,0.9315420948,0.6013455646,-0.9081958942,-0.4476437252,0.2497762863,-1.605428466,-1.943192997,0.4712400809,,0,0,0,0,0
2021-05-25 00:00:00.000,0.1508102486,-0.05551056447,2.255882883,2.530003717,2.071830991,2.081245848,2.230112927,2.163028181,0.9153688524,0.5961961317,-0.9245657469,-0.4649414896,0.3504747988,-1.527833292,-1.821030156,0.4356298172,0.7104709574,0,0,0,0,0
2021-05-26 00:00:00.000,0.2477841215,-0.08541693506,2.025666854,2.267765613,1.944161512,1.939174229,2.118707854,2.065601086,0.8893206545,0.5553966702,-0.9827890558,-0.5110016698,0.344898498,-1.474873749,-1.917588165,0.4232690539,0.4878238198,0,0,0,0,0
2021-05-27 00:00:00.000,0.1350451079,-0.05466056559,2.136595997,2.369361745,1.945608799,1.890843042,2.02380972,2.012953594,0.8823014429,0.5475874216,-0.9666033656,-0.5068043454,0.2206007243,-1.576803092,-2.283385996,0.357072893,-0.7083831967,0,0,0,0,0
2021-05-28 00:00:00.000,0.4165271716,-0.02390937287,2.237991399,2.459853432,1.805140509,1.714082294,1.924157315,1.917636294,0.8360877684,0.5067825642,-1.000216111,-0.5290718173,0.2658069671,-1.473640158,-2.141841539,0.3446219018,1.596563603,0,0,0,0,0
2021-06-01 00:00:00.000,-0.1498424054,-0.02379410172,2.174455458,1.379965951,2.400590369,3.416223941,3.199401595,1.771075131,0.7657520104,-0.8204014679,-0.9969516603,-0.5244545605,0.1223089367,-1.456639156,-2.10166734,0.3028858745,,0,0,0,0,0
2021-06-02 00:00:00.000,-0.1730450773,-0.008288168588,2.268635415,1.368874588,2.309681223,3.323190838,3.036794078,1.694572868,0.750199532,-0.8214315604,-0.9982325008,-0.53885495,0.08305563691,-1.704313121,-2.267421638,0.4064520126,-0.2400271739,0,0,0,0,0
2021-06-03 00:00:00.000,-0.2199235628,-0.2557185448,1.680197866,1.184200371,2.028327718,3.083971007,2.80530155,1.558412794,0.6840023685,-0.8224508245,-0.99945192,-0.5457670575,0.09274502444,-1.740934108,-2.39031125,0.4002093976,-0.342578915,0,0,0,0,0
2021-06-04 00:00:00.000,-0.2440188966,-0.02139890584,1.798691305,1.170861231,1.939574453,2.937843587,2.634082802,1.500195712,0.6744897502,-0.8208927973,-0.9361754432,-0.5498353905,0.07286712311,-1.561551071,-2.263710286,0.2522314711,-0.2228412362,0,0,0,0,0
2021-06-07 00:00:00.000,-0.2447051138,-0.05251950754,1.983954502,1.057706,1.827571094,2.771643155,2.421887814,1.414922621,0.6487328568,-0.9103379931,-0.9821664599,-0.6466058461,0.08757803468,-1.551691157,-2.063822844,0.2375321732,,0,0,0,0,0
2021-06-08 00:00:00.000,-0.2454359161,0.04182192438,2.084412147,1.085556391,1.821129869,2.783627075,2.358372582,1.404886257,0.6744897502,-0.8956385231,-0.9765659488,-0.6456962693,0.05425263198,-1.560014418,-2.043768309,0.4260998742,-0.00968015797,0,0,1,1,3
2021-06-09 00:00:00.000,-0.1727930379,0.04163108616,2.307545569,1.384689144,2.064285347,2.94763393,2.107950169,1.245742923,0.5695738709,-0.9126924305,-1.005351986,-0.6744897502,-0.01263980935,-1.550186836,-1.908371647,0.4099467357,0.2858797845,0,0,0,0,0
2021-06-10 00:00:00.000,-0.148441395,0.2155603095,2.69953136,1.284163901,1.924735545,2.76569287,1.988310575,1.173866724,0.5423303355,-0.9124716496,-0.9699135797,-0.6744897502,-0.0487603971,-1.572206032,-1.815602921,0.3987005847,0.03123057711,0,0,0,0,0
2021-06-11 00:00:00.000,-0.02359123807,0.2145506738,2.853559742,1.279990073,1.885745032,2.647547675,1.924679112,1.135155497,0.5413660157,-0.9724748414,-1.001674433,-0.722119811,-0.03074492069,-1.515237072,-1.504779206,0.4296917722,0.5053273915,0,0,0,0,0
2021-06-14 00:00:00.000,0.2568463399,0.2135550991,2.525080066,1.239830184,1.794006665,2.580284579,1.862540898,1.091115937,0.5404051192,-0.8672786567,-0.939754828,-0.6524312018,0.03112785022,-1.541657696,-1.865825633,0.4493580173,,0,0,0,0,0
2021-06-15 00:00:00.000,0.2715527231,0.3889608215,3.088653282,1.224837166,1.780559767,2.472443386,1.799719147,1.050084954,0.5394476278,-0.8610708932,-0.9766384362,-0.6691617163,0.002220566233,-1.334746978,-1.753965093,0.3796231352,-0.02286907733,0,0,0,0,0
2021-06-16 00:00:00.000,0.3457066926,0.4835825764,3.379923188,1.179721824,1.787038698,2.404530691,1.738703907,1.023686036,0.5384935233,-0.7952169719,-0.9125175845,-0.6097145748,0.03224794376,-1.151906794,-1.63034608,0.3817156404,0.2628956408,0,0,0,0,0
2021-06-17 00:00:00.000,0.3026102017,0.4648504525,3.074673326,0.6905841678,1.287190833,1.899641798,1.812749286,1.205637304,0.5923215728,-0.784269724,-0.9015876539,-0.6056247002,0.02995061658,-0.9456895051,-1.645664376,0.3830283772,-0.3014578128,0,0,0,0,0
2021-06-18 00:00:00.000,0.1610256776,0.4462198156,2.716482202,0.649509997,1.278100987,1.669633771,1.82493007,1.227076333,0.5916947739,-0.8859343579,-0.9907033371,-0.6929810599,0.09020237191,-0.7266307576,-1.418794551,0.3898538801,-0.7922304649,0,0,0,0,0
2021-06-21 00:00:00.000,0.1890322992,0.411420015,2.707280547,0.6467578177,1.27645563,1.64181958,1.776789277,1.196981714,0.5910693002,-0.9249542761,-1.043149475,-0.7375593455,0.04898936322,-1.051912983,-1.425342604,0.3913938135,,0,0,0,0,0
2021-06-22 00:00:00.000,0.1408641247,0.3604308526,1.518584295,0.6047853672,1.223174105,1.987795758,1.659659338,1.016335176,0.6442308333,-0.9154863521,-1.033632537,-0.7245940228,0.1128207096,-0.9523290202,-1.294727938,0.3838418337,-0.3117104432,0,0,0,0,0
2021-06-23 00:00:00.000,0.08519162722,0.4507895554,2.233049214,0.8865258934,1.458024577,2.070179678,1.369301359,0.89399526,0.363824003,-0.9182668493,-1.011915242,-0.7120766524,0.1873746776,-1.120214985,-1.33126825,0.3824849282,-0.3262687589,0,0,0,0,0
2021-06-24 00:00:00.000,0.02811345093,0.4488690702,2.352427046,0.6333802583,1.192800083,1.967024646,1.361903179,0.7990890824,0.4475308327,-1.008163406,-1.089067139,-0.7824528631,0.2148924716,-1.101397973,-1.280155961,0.3763241473,-0.3265876055,0,0,0,0,0
2021-06-25 00:00:00.000,0.1835462151,0.3866229407,1.381027029,-0.04333421139,0.5309341525,1.27498904,1.369993056,0.8022794819,0.4177531386,-0.9552029201,-1.03361531,-0.7413888908,0.2231916208,-1.065006768,-1.36981213,0.3795139953,0.5401411478,0,0,0,0,0
2021-06-28 00:00:00.000,0.4524053218,0.4940380173,1.980510778,-0.04211173906,0.5274883147,1.211720328,1.350983958,0.7794042894,0.416443104,-0.9459643874,-1.031042122,-0.7287461402,0.2171087676,-1.084870546,-1.392420576,0.3830345217,,0,0,0,0,0
2021-06-29 00:00:00.000,0.6965933175,0.6535788156,2.010997585,-0.07992602105,0.5075665221,1.202874262,1.317788211,0.7576653602,0.4151412601,-0.8569515469,-0.9698855524,-0.6744897502,0.3136308683,-1.054139045,-1.525579342,0.3908917304,0.8022756653,0,0,0,0,0
2021-06-30 00:00:00.000,0.7669820986,0.6118922849,1.487382933,-0.04507662302,0.5569419185,1.273578808,1.33282064,0.7648364217,0.4428077768,-0.8414193677,-0.9499666424,-0.6744897502,0.4047922841,-1.057280669,-1.436432559,0.4018800864,0.1370274772,0,0,0,0,0
2021-07-01 00:00:00.000,0.3794517505,0.2902373504,2.131625606,0.4033940953,-1.567122467,1.536353293,1.073930198,1.163193863,-0.6647151845,-0.8264402042,-0.930496123,-0.6744897502,0.3230791453,-1.007999843,-1.557379248,-0.130573398,0.95445875,0,0,1,1,3
2021-07-02 00:00:00.000,0.5139164895,0.4229480102,2.320902179,0.7975881408,-1.223995754,1.776528731,1.008635121,1.139461112,-0.5676602637,-0.7321262877,-0.8362649867,-0.5908601239,0.4046060967,-0.7689194622,-1.617558952,-0.165466964,0.3922333745,0,0,0,0,0
2021-07-05 00:00:00.000,0.6940385199,0.7569745217,2.488078,1.001878062,-1.144073963,1.827503091,1.070923464,1.204203518,-0.588179907,-0.761689844,-0.870533932,-0.6183494257,0.3741994508,-0.5024846285,-1.310899837,-0.1813905557,,0,0,0,0,0
2021-07-06 00:00:00.000,0.6379016232,0.7018568404,2.184717091,0.9731395336,-0.9097267953,1.840330123,1.052710803,1.112719046,-0.5226301082,-0.7038151724,-0.8065171361,-0.5613991195,-0.03601478296,-0.8950708845,-1.543123479,-0.8508135836,-0.00850430523,1,1,1,3,3
2021-07-07 00:00:00.000,0.6062932531,0.7652563119,2.353771426,1.444768689,-0.3975889871,1.445413177,0.8194426855,0.9334347176,-0.4871497402,-0.663675284,-0.7744367316,-0.5322084368,0.07187881418,-0.9582190281,-1.622076836,-0.462729709,-0.144503255,0,0,0,0,0
2021-07-08 00:00:00.000,0.6134379586,0.6592729712,2.548051846,1.768834761,-0.150823942,1.621319297,0.9200035323,1.041896108,-0.490986844,-0.6536228361,-0.775327346,-0.5313395665,0.3329532303,-0.953773619,-1.517914384,-0.6711318042,-0.2157769648,0,0,0,0,0
2021-07-09 00:00:00.000,0.5842331548,0.6556760322,2.530164051,1.474702513,-0.5204161501,1.43996316,0.8431700308,1.024950271,-0.4950486362,-0.6457462483,-0.7678456881,-0.5304735285,0.2595157434,-0.8408181417,-1.522225114,-0.1049206043,-0.3893251125,0,0,0,0,0
2021-07-12 00:00:00.000,0.5263382933,0.6521374548,2.257353235,1.334769005,-0.4969475979,1.710562448,1.003697029,1.105870423,-0.5758119568,-0.7323967486,-0.8346663379,-0.6165379738,0.09567001142,-0.927642048,-1.527617415,-0.1041431834,,0,0,0,0,0
2021-07-13 00:00:00.000,0.4396743198,0.5976549042,2.191368733,1.081327061,-0.7808599978,1.531011137,0.9077134562,1.048406576,-0.538946372,-0.7036815805,-0.77020111,-0.5869605158,0.1646909856,-0.8535305161,-1.616308712,-0.1163040709,-0.4610277273,0,0,0,0,0
2021-07-14 00:00:00.000,0.5813751565,0.645764479,2.065871023,0.9633448063,-0.7559551266,1.464936683,0.8734023612,1.019252628,-0.5433209595,-0.6968447053,-0.7636085521,-0.5863883638,0.07406204533,-0.8551549598,-1.56094759,-0.1234778692,0.4860674431,0,0,0,0,0
2021-07-15 00:00:00.000,0.5787654504,0.6423873861,1.980648203,0.920541535,-0.6999014964,1.434042467,0.8602526498,1.000089715,-0.547946506,-0.6888958693,-0.7488804826,-0.585817326,-0.01113795912,-1.051208489,-1.598855106,-0.1161304609,-0.08225227105,0,0,0,0,0
2021-07-16 00:00:00.000,0.6296246587,0.6390628333,2.024029737,0.9657090196,-0.7315473744,1.413486682,0.8755245866,1.018324425,-0.6399230232,-0.7627098861,-0.835504296,-0.6744897502,0.06267233604,-1.031003942,-1.58032325,-0.117364003,0.02468147872,0,0,0,0,0
2021-07-19 00:00:00.000,0.6457983056,0.6700975854,1.997526146,0.956034236,-0.7704081834,1.366064079,0.8733135101,1.003384224,-0.5196741,-0.6456404024,-0.7054497576,-0.5546250241,0.0634532242,-1.02326169,-1.604252008,-0.1298232995,,0,0,0,0,0
2021-07-20 00:00:00.000,0.6917592563,0.6322137732,1.961433371,1.009882618,-0.6603926941,1.371579221,0.8797342226,1.016694722,-0.4856971382,-0.6163880358,-0.6744897502,-0.5237607069,0.02676432376,-1.119783442,-1.583086635,-0.1312481771,0.0778740622,0,0,0,0,0
2021-07-21 00:00:00.000,0.814656889,0.7151744586,2.028027711,1.179832054,-0.4620051943,1.445018259,0.9456406214,1.066268484,-0.3912490243,-0.528274167,-0.5802222312,-0.4319684263,0.01769522175,-1.242817232,-1.509161678,-0.1238770859,0.3365811703,0,0,0,0,0
2021-07-22 00:00:00.000,1.089874943,0.935669218,2.124210079,1.432457078,-0.162526341,1.535948634,1.030549669,1.120259847,-0.4171755702,-0.5568592076,-0.611256195,-0.4613083824,0.01663402443,-1.275919762,-1.51672294,-0.1241105982,0.9524264671,0,0,0,0,0
2021-07-23 00:00:00.000,1.096991795,1.084854066,2.320593265,1.949620068,0.4633337132,1.331079776,0.9143019818,1.024969087,-0.3822162258,-0.5265855449,-0.5790258418,-0.4296663571,0.008692576024,-1.361930384,-1.51131227,-0.1198729863,0.01995672363,0,0,0,0,0
2021-07-26 00:00:00.000,0.9912066844,1.076570712,2.412448878,1.90612029,0.3463969458,1.282948761,0.892417354,1.030759695,-0.3780160264,-0.5257678711,-0.5784452018,-0.4285631089,0.1966453871,-1.208242871,-1.47988272,-0.1319872616,,0,0,0,0,0
2021-07-27 00:00:00.000,0.965380174,1.171948978,2.653886784,2.494283325,0.9865211768,1.239480746,0.8521618687,0.9917878738,-0.2540903492,-0.4053231186,-0.4490336918,-0.3039533926,0.1880596859,-1.279286392,-1.442119282,-0.1335551911,-0.2151170568,0,0,0,0,0
2021-07-28 00:00:00.000,1.020821235,1.282899049,3.179420461,3.522392605,2.017976247,1.476739993,1.010397535,1.175459018,-0.2815434905,-0.4342278744,-0.4803441294,-0.333765139,0.4271816058,-1.249909898,-1.569927347,-0.1343054542,-0.0588206175,0,0,0,0,0
2021-07-29 00:00:00.000,1.192813919,1.889949694,3.684505357,6.144856473,6.853989431,1.48310998,1.019382971,1.204171766,-0.2192186606,-0.3728230318,-0.414351267,-0.270436298,0.5159650222,-1.232161754,-1.495324671,-0.1330474711,0.4953252017,0,0,0,0,0
2021-07-30 00:00:00.000,1.247877083,1.843693809,3.445726804,5.777598061,6.269810563,1.434134981,0.9956492283,1.208647298,-0.1283535156,-0.2808326514,-0.3152879374,-0.1758237425,0.5577722363,-1.158729455,-1.380156764,-0.150059358,0.2333221122,0,0,0,0,0
2021-08-02 00:00:00.000,1.127921594,1.546030177,2.385666082,4.710104431,3.196096939,1.679823069,1.625692297,0.1256437661,-0.06801958129,-0.2189798335,-0.2486243036,-0.1124938983,-0.07954177893,-0.8513845773,-1.50870035,-0.1570697125,,0,0,0,0,0
2021-08-03 00:00:00.000,1.046245562,1.439302725,2.127650806,4.129835527,3.622184395,1.973539945,1.795030578,0.1672473552,-0.007928040026,-0.1582693513,-0.1836681889,-0.04934542907,-0.06690849361,-0.9294173221,-1.469344896,-0.135720978,-0.3097728987,0,0,0,0,0
2021-08-04 00:00:00.000,1.046916982,1.566031274,2.317374595,4.275428357,3.329656899,1.821024341,1.752998255,0.1672321602,-0.007929224868,-0.1581247274,-0.1845880445,-0.04903832973,-0.1048652766,-0.91752854,-1.387489655,-0.1299787058,-0.06689919574,0,0,0,0,0
2021-08-05 00:00:00.000,1.103363979,1.822393731,2.702837853,4.748450996,3.397384961,1.923485216,1.866187668,0.2087337663,0.0533236054,-0.09633948437,-0.1182278385,0.01384044292,-0.05279480133,-0.9641222792,-1.412212735,-0.1355955163,0.06892891056,0,0,0,0,0
2021-08-06 00:00:00.000,0.9743851293,1.64959825,2.372160755,4.017153796,3.095793722,1.811115188,1.825753444,0.2926340728,0.1778194719,0.029232627,0.01937774318,0.1388808556,-0.2917320943,-0.9193738318,-1.49897468,-0.1720189722,-0.5539457868,0,0,0,0,0
2021-08-09 00:00:00.000,0.950338057,1.632543883,2.258346831,3.799160553,2.983977979,1.736664796,1.804644825,0.3553657969,0.2711942199,0.1245279803,0.1261959112,0.231504016,-0.289123291,-0.8826285152,-1.470566742,-0.1623412723,,0,0,0,0,0
2021-08-10 00:00:00.000,1.00979077,1.764416926,2.450395399,3.958332814,4.556718337,3.702046489,1.989069812,0.5037021896,0.4908738084,0.3482043711,0.3833163974,0.4476747893,-0.2185243438,-0.8684713985,-1.082900178,-0.1661737071,0.07695941323,1,0,0,1,3
2021-08-11 00:00:00.000,0.9850567038,1.774991769,2.429712729,3.803389601,3.156630833,1.93804182,2.021528734,0.5028699562,0.4937663439,0.3447874853,0.3814785237,0.4428591344,0.02314646586,-0.8873414802,-1.49772948,-0.2213804475,-0.3062284093,0,1,1,2,3
2021-08-12 00:00:00.000,1.01820263,1.728422327,2.362149698,3.63130932,3.059431583,1.929371827,1.975323395,0.4373719877,0.4001765319,0.2461938733,0.271168847,0.3454263369,-0.03566273053,-0.9104678542,-1.795515691,-0.2508820105,0.13991681,0,0,0,0,0
2021-08-13 00:00:00.000,0.9898497126,1.58449872,2.179899438,3.313515387,3.199973579,2.02301718,2.088611307,0.3714438293,0.3028469764,0.149023889,0.1629392369,0.2496727745,-0.0649409083,-0.8794198918,-1.773707896,-0.2107738303,-0.07548263315,0,0,0,0,0
2021-08-16 00:00:00.000,1.019881944,1.320603476,2.356333327,3.520574396,2.99578951,1.937347687,2.066250343,0.4355440996,0.4000710632,0.2427538738,0.2792914296,0.3396978349,0.1507679665,-0.6635148245,-1.946327345,-0.2091229818,,0,0,0,0,0
2021-08-17 00:00:00.000,1.005247237,1.278257738,2.290769107,3.386536873,2.92473377,1.903363962,2.001754201,0.478186481,0.4618241686,0.3037836506,0.3529013913,0.4076231433,0.05038114243,-0.6892261293,-1.983754755,-0.2179585672,-0.02066243985,0,0,0,0,0
2021-08-18 00:00:00.000,0.9713723033,1.177767742,2.138731637,3.143199897,3.032582837,2.010431191,2.027053273,0.4115797765,0.3634383546,0.2066161722,0.23575154,0.3195222766,0.03451659628,-0.6294334378,-1.997936211,-0.203784761,-0.04171969474,0,0,0,0,0
2021-08-19 00:00:00.000,0.9299115907,0.9612860652,1.828042701,2.696468887,2.686917803,1.78663827,1.775666001,0.2606964661,0.1332397416,-0.01492308832,-0.03114092161,0.09343204755,-0.2139849841,-0.7018099602,-2.141410924,-0.2152064004,0.2226446055,1,1,1,3,3
2021-08-20 00:00:00.000,0.8878086039,0.9693197199,1.882128411,2.680734858,2.518393375,1.697069541,1.766619542,0.03614195516,-0.1967486292,-0.3289549669,-0.4095054201,-0.2399373098,-0.03042298125,0.09132334368,-1.316727048,-0.2129052569,-0.4272446341,0,0,0,0,0
2021-08-23 00:00:00.000,0.6392542845,0.8786144391,1.705944404,2.460238926,2.253064085,1.551790111,1.656220378,0.0359443817,-0.1972611613,-0.3342752962,-0.4085085922,-0.2389809875,-0.08359780652,-0.2671194288,-1.3849835,-0.210773561,,0,0,0,0,0
2021-08-24 00:00:00.000,0.4533208612,0.7709694149,1.539465983,2.18543123,1.901318422,1.337584084,1.511224089,0.01306966022,-0.231352143,-0.3704052675,-0.4456556263,-0.2716059113,0.1487542423,-0.1335048319,-1.094120278,-0.2241106921,-1.10702828,0,0,0,0,0
2021-08-25 00:00:00.000,0.3505734532,0.7711453134,1.485502855,2.145818946,1.871828975,1.33163427,1.49429186,0.01302576429,-0.2294615443,-0.3669180521,-0.4447299605,-0.2706142405,0.194016724,-0.1397918089,-1.10531506,-0.2271490198,-0.5322263726,0,0,0,0,0
2021-08-26 00:00:00.000,0.1951649951,0.7402584524,1.411489155,2.051303462,1.766542029,1.270539759,1.466670975,0.01298566391,-0.2276015949,-0.3634958857,-0.4438081321,-0.2696297848,0.1899842623,-0.1558247808,-1.066036479,-0.2303448298,-0.7498448418,0,0,0,0,0
2021-08-27 00:00:00.000,0.06410590255,0.7296053897,1.404092377,2.007037847,1.714816694,1.250804913,1.503093108,0.08134832895,-0.1257425215,-0.2631407105,-0.3270903008,-0.1671931446,0.2690633487,-0.4679296763,-1.076800807,-0.2437324422,-0.6803624309,0,0,0,0,0
2021-08-31 00:00:00.000,0.3084628336,0.7206459089,1.38505031,1.962539265,1.65373984,1.212354701,1.547121912,0.01243079596,-0.2247676927,-0.3577255802,-0.4422156255,-0.2680491791,0.4253109992,-0.3870404658,-1.09266583,-0.2440889538,,0,0,0,0,0
2021-09-01 00:00:00.000,0.2859016082,0.625576342,1.238914021,1.106466801,2.170497765,2.310419021,0.07521571987,0.01235815884,-0.2229874767,-0.3627090175,-0.4413056107,-0.267085449,-0.3728376312,-0.04367806604,-0.9931356232,-0.4673278503,-0.07346144265,0,0,0,0,0
2021-09-02 00:00:00.000,0.3845923523,0.7023713018,1.331057777,1.246266274,2.342111166,2.451071299,0.03071743636,-0.03338283326,-0.2875852378,-0.4379299606,-0.5184294724,-0.3341888116,-0.2181229161,-0.04777635866,-1.032859047,-0.4763607181,0.1887039762,0,0,0,0,0
2021-09-03 00:00:00.000,0.4754028349,0.7793599049,1.448118346,1.432892318,2.551837323,2.659720852,0.03054492832,-0.03357757509,-0.2851783084,-0.437023011,-0.517720669,-0.3331940972,-0.2310383991,-0.0856167351,-1.152123113,-0.4759644165,0.2226603863,0,0,0,0,0
2021-09-06 00:00:00.000,0.4392106971,0.825797803,1.49646942,1.518679894,2.632529103,2.76418915,0.07479609899,0.01298686784,-0.2167905695,-0.368014113,-0.4382758265,-0.2637483942,-0.2549274913,-0.2062285053,-1.077647047,-0.4810017654,,0,0,0,0,0
2021-09-07 00:00:00.000,0.4173413328,0.8753735577,1.550690331,1.253559356,2.264066414,2.572608821,0.09663441664,0.03637103882,-0.1821793409,-0.3328776021,-0.3978617826,-0.2344688976,-0.09398811871,-0.1459877992,-1.015067333,-0.4906906385,-0.2381659908,0,0,0,0,0
2021-09-08 00:00:00.000,0.4156476978,0.8731353408,1.516146211,1.228227955,2.214942529,2.584059958,0.0961554676,0.03621998843,-0.1808439351,-0.3319002814,-0.396915349,-0.2398545602,0.003129536748,-0.2284726665,-0.9877433491,-0.4610665484,-0.1539210258,0,0,0,0,0
2021-09-09 00:00:00.000,0.3212762952,0.7960860778,1.373348146,1.038657605,1.964116992,2.362492726,0.09568124277,0.03662381576,-0.1795279644,-0.3309286826,-0.406822334,-0.2389644644,0.09742850506,0.1456363312,-1.040862947,-0.4302060089,-0.4430881749,0,0,0,0,0
2021-09-10 00:00:00.000,0.3862821653,0.8009371648,1.357684419,1.032506906,1.945329753,2.30708707,0.02837189442,-0.03581407683,-0.2766218641,-0.433320854,-0.5400675716,-0.3471831504,0.2629530176,0.153567455,-1.123867374,-0.4260242,0.07727553247,0,0,0,0,0
2021-09-13 00:00:00.000,0.3858284669,0.8040653303,1.344338876,1.018728761,1.932676659,2.320422427,-0.06092357459,-0.1333487741,-0.4075383723,-0.5707529876,-0.7091387869,-0.4917102616,0.4190273501,0.08870020969,-0.935929117,-0.4344464938,,0,0,0,0,0
2021-09-14 00:00:00.000,0.4428852868,0.8534954603,1.617128574,0.9333219571,1.840172339,2.306546494,-0.03827458931,-0.1085320146,-0.3756039938,-0.5355096322,-0.6518501767,-0.4506324651,0.7576050567,0.1897018957,-0.8936360743,-0.4282421164,-0.06292113108,0,0,0,0,0
2021-09-15 00:00:00.000,0.4160590305,0.8167743368,1.546702548,0.8300481697,1.72595868,2.250238729,-0.01578548943,-0.08337748185,-0.3403452533,-0.4999862506,-0.6170965458,-0.4136746207,1.066817987,0.5327008906,-0.8246392797,-0.4253644818,-0.2581086993,0,0,0,0,0
2021-09-16 00:00:00.000,0.3557096336,0.7362416166,1.432802859,0.786865273,1.600464484,1.987512334,-0.1271210287,-0.2050067605,-0.5075006341,-0.6744897502,-0.847916546,-0.6007062336,0.2858604247,0.2438890006,-0.9187704162,-0.4403995373,-0.05006041948,0,1,1,2,3
2021-09-17 00:00:00.000,0.3527018166,0.7210462081,1.421116941,0.7274024325,1.553132581,2.022633452,-0.1492588056,-0.2279643678,-0.5403376856,-0.7097313699,-0.8620025847,-0.6374145503,0.7291345189,0.4694595721,-0.8605062151,-0.4252935776,-0.2206059608,0,0,0,0,0
2021-09-20 00:00:00.000,0.2921168065,0.6262300248,1.014342433,0.5568728385,1.3910038,2.005263223,-0.1265656931,-0.2027340336,-0.5060541738,-0.6744897502,-0.7983619351,-0.5999501664,1.304365293,0.7344717943,-0.6656852414,-0.4214870999,,0,0,0,0,0
2021-09-21 00:00:00.000,0.1363941412,0.4726401822,1.045141046,0.3398641557,1.12141498,1.749307522,-0.2387138186,-0.3291240268,-0.6724544218,-0.8527074482,-1.006977943,-0.7868482549,1.132433298,0.6003341377,-0.6761502301,-0.4196663483,-0.4908630255,0,0,0,0,0
2021-09-22 00:00:00.000,0.2072823589,0.5465480153,1.127125154,0.5281906257,1.314720832,1.813114743,-0.2833537893,-0.3815705538,-0.7425145946,-0.9257301813,-1.093518505,-0.8629553497,1.108695698,0.8937731763,-0.4492489551,-0.4152122484,0.1042012091,0,0,0,0,0
2021-09-23 00:00:00.000,0.206633249,0.5461659917,1.115388201,0.5442174395,1.303493046,1.754316716,-0.3051957246,-0.41103889,-0.7659520266,-0.9637795369,-1.139518825,-0.9022320453,0.6833405262,0.6916050424,-0.5557648517,-0.4190604868,-0.06865615355,0,0,0,0,0
2021-09-24 00:00:00.000,0.1832928962,0.5209343001,1.061389851,0.4685133905,1.20748732,1.692442592,-0.2589820215,-0.3634172428,-0.6803901315,-0.8931459454,-1.058474704,-0.8274237434,0.7207438723,0.8325763733,-0.5007375966,-0.2729882168,-0.1832359878,0,0,1,1,3
2021-09-27 00:00:00.000,0.1841732473,0.5159909993,1.044493743,0.3896609959,1.144990006,1.719082977,-0.2808264229,-0.3862920539,-0.7066869509,-0.931417779,-1.104770008,-0.8428785156,1.320778834,1.028269249,-0.5966090149,-0.27066651,,0,0,0,0,0
2021-09-28 00:00:00.000,0.1373322793,0.4617393676,0.9619827841,0.2480695577,0.9886255809,1.604839038,-0.3256024961,-0.4346406184,-0.7636353274,-1.007283338,-1.195388616,-0.8943779954,1.464368252,0.9157240005,-0.7320009111,-0.268493612,-0.2308988123,0,0,0,0,0
2021-09-29 00:00:00.000,0.01738884522,0.3345618817,0.7856057018,-0.09718179315,0.6261738403,1.43275096,-0.3709308223,-0.4822631275,-0.8200045546,-1.08449439,-1.28798858,-0.9697566619,2.015882624,0.6848627529,-0.8428907685,0.2477530281,-0.3970012862,0,0,0,0,0
2021-09-30 00:00:00.000,-1.172673836,-0.2049134078,0.07423972345,1.160185125,1.464376206,-0.3794327822,-0.6924226845,-0.8876433464,-1.262391677,-1.603928783,-1.914010999,-1.492698043,2.439315785,0.9877826292,-0.8367043686,-0.01614748425,-2.467550352,0,0,0,0,0
2021-10-01 00:00:00.000,-0.8132360264,-0.3179941106,-0.002457383146,0.4740139235,-0.07571946872,-0.9089064528,-0.9916665642,-1.207521336,-1.666955944,-2.03134092,-2.517021873,-2.172147314,0.5440941603,1.101817189,-0.8454951927,0.3235552439,-0.6791766811,0,0,0,0,0
2021-10-04 00:00:00.000,-0.7027205415,-0.2062016241,-0.1204272785,0.2690498326,0.4914452174,-0.9227674802,-1.007918648,-1.215241166,-1.694514198,-2.065628142,-2.569409377,-2.264430617,0.1135898772,0.9221371948,-0.7526253522,-0.5968842893,,0,0,0,0,0
2021-10-05 00:00:00.000,-1.08373765,-0.6744897502,-0.388259013,-0.5310494951,-1.718030411,-1.351839663,-1.478677726,-1.721878413,-2.37980254,-2.869425574,-3.457372392,-2.918820435,0.2298032709,0.8813131337,-0.8358181361,2.076161774,-0.472789725,1,1,1,3,3
2021-10-06 00:00:00.000,-0.8001102398,-0.5504166332,-0.4579219232,-0.6178326892,-1.693130064,-1.462374146,-1.571519458,-1.813776318,-2.50750171,-3.017436909,-3.563078461,-2.698262452,0.6376950528,1.518957854,-0.288554256,2.499853351,0.24377278,1,1,1,3,3
2021-10-07 00:00:00.000,-0.5598218792,-0.4252952952,-0.4088232839,-0.4990971372,-1.453633137,-1.452297329,-1.541274083,-1.779757057,-2.519705552,-2.995312574,-3.442507339,-2.88581855,0.2943935471,1.372265595,-0.3388215745,2.719687839,0.2634129087,0,0,0,0,0
2021-10-08 00:00:00.000,-0.5588136035,-0.4244868966,-0.4530297465,-0.5328181062,-1.341438781,-1.442167931,-1.512135375,-1.746990434,-2.466334557,-3.049397842,-3.333407415,-2.841978997,-0.4750837565,1.290856454,-0.4572062102,2.836852829,-0.1853018394,0,0,0,0,0
2021-10-11 00:00:00.000,-0.5123694493,-0.1761484088,-0.2889896067,-0.2514599777,-1.011539479,-1.406848049,-1.443732395,-1.668083797,-2.377024547,-2.969968917,-3.153980747,-2.822008347,-0.905447895,1.096049727,-0.3713719387,2.910750174,,0,0,0,0,0
2021-10-12 00:00:00.000,-0.2429886795,0.05588219267,-0.1075403087,0.04437722672,-0.7251291058,-1.179423649,-1.185811048,-1.381981257,-1.979887062,-2.502341897,-2.638275015,-2.39436351,-0.7917363385,1.341970729,-0.2967206231,2.962199507,0.5292733041,0,0,0,0,0
2021-10-13 00:00:00.000,-0.2079786381,0.3423885251,0.4260067485,0.9245447581,0.1503588416,-0.9244127646,-0.9208585082,-1.083362916,-1.571849142,-2.031165565,-2.12327981,-2.078763077,-0.3703517406,1.220173824,-0.3447066003,2.876992444,0.008510511329,0,0,0,0,0
2021-10-14 00:00:00.000,-0.195681627,0.3137937263,0.5336150739,1.086615996,0.2384544871,-0.7734959658,-0.7611110521,-0.9086771584,-1.354412672,-1.747581992,-1.82648315,-1.959967968,0.3989732146,1.27036519,-0.2925838972,2.717940275,-0.04606781758,0,0,0,0,0
2021-10-15 00:00:00.000,-0.1944211934,0.3115001596,0.4925066388,1.044581781,0.3508043184,-0.7738935998,-0.7536707083,-0.8980842467,-1.35423057,-1.73000464,-1.806851739,-1.933075332,-0.6206582357,0.716639329,-0.6224595827,2.416541235,-0.08875664632,0,0,0,0,0
2021-10-18 00:00:00.000,-0.205080357,-0.05318682733,0.3642101884,0.816716403,0.07305556488,-0.8176812812,-0.7809700939,-0.9330173533,-1.388517243,-1.785846799,-1.863481421,-1.82044191,-0.410045418,1.122567939,-0.4191534015,2.369407715,,0,0,0,0,0
2021-10-19 00:00:00.000,-0.1598348535,0.206033121,1.411468339,2.563999554,2.000085198,-0.774516518,-0.7386333171,-0.8771101255,-1.313572907,-1.694967626,-1.767850528,-1.801838076,-0.4334791106,0.8705447568,-0.4388280276,2.322808728,0.0198666456,0,0,0,0,0
2021-10-20 00:00:00.000,,,,,,,,,,,,,,,,2.279338339,,0,0,0,0,0
2021-10-21 00:00:00.000,0.09300321208,0.3727924731,0.9794275968,1.594362656,0.5894962162,-1.081720508,-1.037554743,-1.180047441,-1.436236725,-1.823264539,-1.899612623,-2.00148069,-0.5443772614,0.9523184761,-0.4337204147,2.265171019,,0,0,0,0,0
2021-10-22 00:00:00.000,0.0928427001,0.3995710333,0.953431345,1.578347845,0.6047936247,-1.084201229,-1.029145516,-1.164277837,-1.400726492,-1.804100142,-1.878352325,-1.980504043,-0.5526323512,1.027930837,-0.4786476008,2.245075908,-0.0753331094,0,0,0,0,0
2021-10-25 00:00:00.000,0.03168333358,0.4003285915,0.9364137847,1.570042994,0.5976212595,-1.042191595,-0.9751490616,-1.104986466,-1.33334485,-1.714149106,-1.78392372,-1.803802322,-0.6400480007,0.9242649145,-0.380020093,2.211992802,,0,0,0,0,0
2021-10-26 00:00:00.000,-0.2553607737,0.3449611822,0.8921314011,1.499798804,0.5394889091,-1.176569046,-1.09118446,-1.221719543,-1.486028508,-1.911018519,-1.986394833,-1.89301282,-0.6676781673,0.8951392171,-0.3764731646,2.173998181,-0.6474022973,0,0,0,0,0
2021-10-27 00:00:00.000,-0.2618930423,0.1990342229,0.8741055919,1.47204218,0.6008798394,-1.155427036,-1.058263422,-1.183664519,-1.440072528,-1.854443522,-1.926422387,-1.870284765,-0.6619037448,1.015615848,-0.3529685895,2.12946911,-0.07527872247,0,0,0,0,0
2021-10-28 00:00:00.000,-0.2611213885,0.2628927191,0.7106803421,1.250244946,0.6442860388,-1.041634704,-0.9537398593,-1.060989988,-1.27323514,-1.659355318,-1.723575649,-1.822992415,-1.991627222,0.7140890134,-0.5498014655,1.972051084,-0.1028219018,0,0,0,0,0
2021-10-29 00:00:00.000,-0.1568203982,0.4560723417,0.6957433842,1.281265096,0.9170049377,-0.9266863059,-0.847951261,-0.9462547864,-1.111749114,-1.46981206,-1.526930867,-1.707521694,-2.877964063,0.331625741,-0.857674114,1.719180411,0.1622373915,0,0,0,0,0
2021-11-01 00:00:00.000,-0.123415294,0.452443756,0.65522822,0.289762288,-0.3286878151,-0.9240972739,-0.8451114405,-0.7280604478,-1.097838182,-1.458804794,-2.031324828,-1.45923294,-1.130150662,0.3971711258,-0.5776734796,1.803511412,,0,0,0,0,0
2021-11-02 00:00:00.000,0.2385716302,0.3584869892,0.6710302484,-0.6572482222,-0.4203152407,-0.9897252426,-0.9092912578,-0.7874797754,-1.169372404,-1.552320003,-1.917654979,-1.36071358,-0.4713671843,0.5549650822,-0.6383667295,1.607045249,0.7366902939,0,0,0,0,0
2021-11-03 00:00:00.000,0.1809559875,0.3630949311,0.3478152118,-0.7210403219,-1.042086201,-0.9902744821,-0.9093523556,-0.7786693621,-1.144012059,-1.539903571,-2.005963267,-1.432780097,0.2099849108,0.4229274506,-0.5310473708,1.52059212,-0.2934734145,0,0,0,0,0
2021-11-04 00:00:00.000,0.1938859191,0.3270127157,0.3280891358,-0.6048556951,-1.100131238,-1.0367854,-0.9523058418,-0.7699679024,-1.11963518,-1.52778077,-1.952951755,-1.409166793,-0.7011379239,0.25943174,-0.4896974209,1.338000899,0.01254104231,0,0,0,0,0
2021-11-05 00:00:00.000,0.2230078986,0.3284803669,0.3279137556,-0.5985533092,-1.102327529,-1.037661084,-0.9473866968,-0.7685741257,-1.109139126,-1.515940206,-1.849290728,-1.330668107,-0.8289575786,0.2225988605,-0.6241209123,1.332602231,-0.01920564125,0,0,0,0,0
2021-11-08 00:00:00.000,0.2952794371,0.2988226001,0.2766215778,-0.7885922191,-1.450309159,-1.281829048,-1.178190844,-1.000133236,-1.389364059,-1.881939735,-1.849927898,-1.331016808,-1.342716625,0.1890539359,-0.579874983,1.315522516,,0,0,0,0,0
2021-11-09 00:00:00.000,0.2733924633,0.2373834245,0.2392212165,-0.6954488413,-1.294051234,-1.155622122,-1.070397257,-0.8864246444,-1.222468037,-1.691698948,-1.725923732,-1.242631489,-1.591017151,-0.03965584056,-0.761230341,1.368381812,-0.02724418766,0,0,0,0,0
2021-11-10 00:00:00.000,0.1778660824,0.2767104563,0.2868192606,-0.6085413484,-1.312059298,-1.176137453,-1.083729922,-0.8977303705,-1.219611019,-1.710722605,-1.727436208,-1.242968275,-0.9132010962,-0.1506890929,-0.5872849986,1.244912792,-0.285239868,0,0,0,0,0
2021-11-11 00:00:00.000,0.006571067686,0.2717502396,0.2642427539,-0.7473901198,-1.435431644,-1.25083906,-1.168559004,-0.977136884,-1.306962236,-1.830740748,-1.742628692,-1.264825372,-0.7110381382,-0.389829354,-0.696630228,1.246922803,-0.4726844681,0,0,0,0,0
2021-11-12 00:00:00.000,-0.007647364033,0.2422952549,0.2310874797,-0.8003370629,-1.433232579,-1.238475394,-1.151982228,-0.9659167171,-1.289584172,-1.812693761,-1.727361639,-1.257973996,-0.647643226,-0.2002795332,-0.5805146673,1.297792028,-0.1005721977,0,0,0,0,0
2021-11-15 00:00:00.000,-0.1778794011,0.3004332658,0.2646016607,-0.8643694122,-1.344864675,-1.165502095,-1.077915674,-0.9049683612,-1.204596582,-1.694737526,-1.756693503,-1.287194485,-0.3810209069,-0.1867341575,-0.6841323222,1.289296846,,0,0,0,0,0
2021-11-16 00:00:00.000,-0.1772860764,0.1397618486,0.006238445407,-1.604262388,-1.534307927,-1.303080364,-1.209134754,-1.032587459,-1.350474708,-1.880008513,-2.046397555,-1.543022785,0.3408106627,-0.3172884756,-0.6283585045,1.222919253,-0.07202144711,0,0,0,0,0
2021-11-17 00:00:00.000,-0.1785795093,0.05915725354,-0.0879090258,-1.765867309,-1.809956624,-1.509073096,-1.380020645,-1.206386602,-1.561117059,-2.15930569,-2.560854097,-2.037033377,0.5919430149,-0.293906546,-0.5486745781,1.217200023,-0.07181549232,0,0,0,0,0
2021-11-18 00:00:00.000,-0.1799093515,0.3073305957,-0.1256161561,-2.584412086,-1.792733128,-1.511214752,-1.370237677,-1.194248014,-1.547948845,-2.132205471,-2.557359879,-2.015643865,0.5562250133,-0.4151393995,-0.5760550214,1.207849131,-0.07161129433,0,0,0,0,0
2021-11-19 00:00:00.000,-0.1853220239,0.1521070406,-0.1660973916,-2.322490181,-1.997139206,-1.654660893,-1.521295029,-1.282597101,-1.662572362,-2.269218165,-2.825788263,-2.274926714,0.14198496,-0.270342513,-0.3338694001,1.17878224,-0.07140882832,0,0,0,0,0
2021-11-22 00:00:00.000,-0.2690907288,0.1491167575,-0.1569625616,-2.222336029,-1.943822985,-1.629183066,-1.478854287,-1.245767188,-1.622832488,-2.206280417,-2.474887461,-1.960098173,-0.2211618972,-0.2984378065,-0.556595576,1.177408316,,0,0,0,0,0
2021-11-23 00:00:00.000,-0.1902746006,0.1553180708,-0.1957194063,-2.435636093,-1.892259364,-1.610841047,-1.455580894,-1.209938498,-1.577026599,-2.145927727,-2.358601163,-1.847186528,0.2961944206,-0.2161999163,-0.5588038177,1.154474632,0.06341606891,0,0,0,0,0
2021-11-24 00:00:00.000,-0.3929827271,0.1511021247,-0.2175421155,-2.545521527,-1.780267603,-1.545472445,-1.396387352,-1.138269475,-1.480603297,-2.024320606,-2.311075591,-1.796188459,0.4706644741,-0.2751580933,-0.5526420245,1.187020723,-0.3891969545,0,0,0,0,0
2021-11-25 00:00:00.000,-0.4237947864,-0.02416391651,0.2818590028,-3.047678932,-1.702359135,-1.493251773,-1.355755679,-1.101098458,-1.411539966,-1.938728339,-2.348243933,-1.828028151,0.4228785452,-0.2429499454,-0.5821456225,1.183941226,-0.1240611847,0,0,0,0,0
2021-11-26 00:00:00.000,-0.7339490139,-0.307622815,-0.03707457426,-3.260734549,-1.687960602,-1.482769051,-1.34397343,-1.104161494,-1.392649094,-1.918757902,-2.289257923,-1.786825437,0.0343958366,-0.4474509724,-0.6938101628,1.171756594,-0.6155389754,1,1,0,2,3
2021-11-29 00:00:00.000,-0.6494387694,-0.2954228341,-0.02783191081,-3.444618909,-1.704544631,-1.495662561,-1.349755214,-1.118645961,-1.400650988,-1.930612596,-2.270888552,-1.765590069,0.7102999862,-0.3696577854,-0.6399149756,1.164613056,,0,0,0,0,0
2021-11-30 00:00:00.000,-0.9541627764,-0.4427997299,-0.199205878,-3.502414479,-1.934205885,-1.670004044,-1.513535565,-1.258484467,-1.596252556,-2.159324668,-2.389605922,-1.874292519,0.7579186087,-0.3818785395,-0.7228773483,1.161198054,-0.5846496032,0,0,0,0,0
2021-12-01 00:00:00.000,-1.408342881,-1.380186936,-1.629272998,-1.798036584,-2.005566949,-1.725472274,-1.272256846,-1.324122305,-1.668348664,-2.529295273,-2.195757757,-0.9404629879,0.01544337782,0.0865380191,-0.7044771659,1.15187673,-1.002439932,0,0,0,0,0
2021-12-02 00:00:00.000,-1.553645529,-1.512240158,-1.759027866,-1.805972529,-2.014275489,-1.733750345,-1.284180157,-1.345581976,-1.67363291,-2.799114584,-2.470063715,-1.193586456,0.09365245726,0.2494062354,-0.6722011352,1.139935424,-0.3844493385,0,0,0,0,0
2021-12-03 00:00:00.000,-1.575201039,-1.507701101,-1.791447102,-1.765605284,-1.962779834,-1.696190544,-1.25623302,-1.301919923,-1.625285696,-2.677117442,-2.354462202,-1.071267647,-0.04943662652,0.3945969839,-0.6604005253,1.138534955,-0.2129174558,0,0,0,0,0
2021-12-06 00:00:00.000,-1.778131067,-1.714061309,-2.054936109,-1.845964787,-2.061692238,-1.773178111,-1.326028554,-1.381554511,-1.695817053,-2.666401898,-2.339704104,-1.016617875,0.1242942412,0.5216459638,-0.6386215556,1.131985718,,0,0,0,0,0
2021-12-07 00:00:00.000,-2.039903435,-1.936033281,-2.399751893,-1.92409468,-2.157172369,-1.84819979,-1.393108212,-1.463291384,-1.763715213,-3.493019072,-3.131246743,-1.647541008,0.5879953421,1.008935827,-0.5093880298,1.175903064,-0.278033826,0,0,0,0,0
2021-12-08 00:00:00.000,-2.107320899,-1.985137674,-2.53719192,-2.118244475,-2.395629535,-2.033674527,-1.55899412,-1.641078424,-1.943815704,-3.530962311,-3.142086009,-1.534913793,1.301691287,1.371124584,-0.4219259331,1.149010947,0.07425954363,0,0,1,1,3
2021-12-09 00:00:00.000,-2.452906438,-2.284477221,-2.955475206,-2.047069503,-2.304111316,-1.96721502,-1.514870332,-1.579595946,-1.867104743,-3.460072308,-3.113028897,-1.595857032,1.043702755,1.465497228,-0.5059514347,1.228243113,-0.6434814475,0,0,0,0,0
2021-12-10 00:00:00.000,-2.537405164,-2.33388931,-3.119428073,-2.188494955,-2.475526166,-2.102938619,-1.650286767,-1.694991983,-1.995035117,-3.430847846,-3.076497399,-1.495531467,1.249980443,1.417260302,-0.490879213,1.237312568,-0.01861944986,0,0,0,0,0
2021-12-13 00:00:00.000,-2.477080058,-2.399565711,-3.27008503,-2.347728136,-2.667111661,-2.255990332,-1.791564519,-1.821741217,-2.139814509,-4.020712288,-3.678431902,-2.023664275,1.513353157,1.75920957,-0.3657077795,1.226894067,,0,0,0,0,0
2021-12-14 00:00:00.000,-2.330867909,-2.397397774,-3.240863594,-2.454145212,-2.791733119,-2.359144964,-1.884614688,-1.929858948,-2.284576472,-4.374839017,-4.071513902,-2.44226084,2.752293681,1.951677718,-0.3283599246,1.190970362,0.3128311113,0,0,0,0,0
2021-12-15 00:00:00.000,-2.124558103,-2.233111964,-3.058641612,-1.987384236,-2.215037955,-1.915584584,-1.48365261,-1.565853873,-1.840907259,-3.856382951,-3.587534582,-2.165956454,2.862513993,1.984721031,-0.3314748842,1.151212718,0.2329758228,0,0,0,0,0
2021-12-16 00:00:00.000,-2.314300021,-2.438423008,-3.329566962,-2.19314559,-2.463567889,-2.112975797,-1.666608594,-1.741037257,-2.036627453,-3.919597409,-3.645683754,-2.169427831,3.36412859,2.328890022,-0.1659916377,1.134190495,-0.1941489641,0,0,0,0,0
2021-12-17 00:00:00.000,-2.425169442,-2.591606622,-3.582094153,-2.391407106,-2.700730762,-2.303688692,-1.877211983,-1.933333582,-2.221209113,-4.07405109,-3.808786078,-2.323931798,3.766471446,3.089369956,0.001369134595,1.043895581,-0.2625258549,0,0,0,0,0
2021-12-20 00:00:00.000,-2.019567925,-2.34893322,-3.41740105,-2.47003644,-2.79028448,-2.380541436,-1.99241019,-2.034548503,-2.290219804,-4.04406008,-3.748262545,-2.104163434,4.284336684,3.403929826,0.07754185146,0.9671322422,,0,0,0,0,0
2021-12-21 00:00:00.000,-1.829652605,-2.62916677,-3.256320228,-2.764445328,-3.13932178,-2.664156699,-2.306435311,-2.326032038,-2.621956092,-4.541115004,-4.141415027,-1.941527983,7.973089241,5.292810004,0.7924998092,0.8492762588,0.5041949244,1,1,1,3,2
2021-12-22 00:00:00.000,-1.903669479,-2.974590486,-3.76210038,-2.825387434,-3.20237491,-2.725109418,-2.394698437,-2.436187001,-2.763018197,-4.407470356,-4.037239665,-1.879190816,6.120414909,6.024249511,0.745668843,0.8261623707,-0.2702729085,0,0,0,0,0
2021-12-23 00:00:00.000,-2.062528338,-2.873918958,-3.368008147,-2.775218073,-3.131587995,-2.679646953,-2.402948545,-2.448709493,-2.738814902,-4.029335796,-3.793914894,-2.203674379,2.964198413,3.959550299,1.353014162,0.6387656421,-0.8772518357,1,1,1,3,3
2021-12-24 00:00:00.000,-1.163067236,-2.024568516,-2.77243519,-2.516634595,-2.813791024,-2.433772752,-2.20409801,-2.267949375,-2.468754792,-3.841298023,-3.69410981,-2.561949007,0.1779236636,1.324791743,-2.85810179,0.542226886,0.7338463423,0,0,0,0,0
2021-12-27 00:00:00.000,-2.204747877,-2.763658321,-3.136205441,-2.689053385,-3.012671978,-2.60118555,-2.398657533,-2.496748204,-2.684210952,-3.645701413,-3.506362141,-2.496526391,1.241755866,1.149162326,-2.737610611,0.5379233797,,0,0,0,0,0
2021-12-28 00:00:00.000,-2.183978377,-2.720813051,-3.068579274,-2.64572249,-2.953551825,-2.561586142,-2.392893469,-2.524024677,-2.667471177,-3.571704578,-3.430522383,-2.444934307,1.330946672,3.67602898,-2.038799285,-0.0537620323,-0.06259284032,0,0,0,0,0
2021-12-29 00:00:00.000,-1.298931444,-1.748535258,-1.947166483,-2.19676295,-2.416685806,-2.131274795,-1.997445128,-2.092131447,-2.180365265,-2.585689449,-2.760932382,-3.447728762,0.04103938331,3.358601192,0.01745233734,-0.270718249,1.10017791,0,0,1,1,3
2021-12-30 00:00:00.000,-1.046302925,-1.289491398,-1.725542656,-2.128599384,-2.334854519,-2.067556528,-2.026117554,-2.067536527,-2.20831959,-2.522927531,-2.689224815,-3.344817437,-0.9635586094,1.923993591,-1.059185551,-0.4275815194,0.1107167022,0,0,1,1,3
2021-12-31 00:00:00.000,-1.033624317,-1.116670252,-1.646905343,-1.902065954,-2.067875458,-1.851266692,-1.796648331,-1.821719086,-1.958373001,-2.481069641,-2.640585623,-3.372134942,-2.505054794,2.044018812,-0.1875729346,-0.6370215046,-0.6993607166,0,0,1,1,3
2022-01-03 00:00:00.000,-1.439199782,-1.898034294,-1.717369675,-1.881886255,-2.044716056,-1.641795445,-1.774906046,-1.805117946,-2.824732936,-2.440869129,-2.594078819,-2.509082202,0.01338023543,12,1.948136273,-0.6590443687,,0,0,0,0,0
2022-01-04 00:00:00.000,-1.418426294,-1.878252551,-1.776983634,-1.96046508,-2.137478812,-1.723442491,-1.86022065,-1.883799929,-2.590911723,-2.189526027,-2.324793912,-2.20596605,1.34100734,2.787978986,1.058901538,-0.9082853624,0.05071982644,0,0,1,1,3
2022-01-05 00:00:00.000,-1.127593289,-1.721302803,-1.532799779,-1.64496003,-1.767927611,-1.424050154,-1.543129993,-1.581417428,-2.208999058,-1.861054882,-1.975159702,-1.800937834,1.59773466,3.102123391,1.056910125,-0.8042368562,0.7134564964,0,0,0,0,0
2022-01-06 00:00:00.000,-1.241111978,-1.774867961,-1.369902767,-1.435925089,-1.52461342,-1.225969994,-1.329452626,-1.388566359,-2.066560468,-1.718255421,-1.82234884,-1.628936773,1.953411234,3.490871666,1.165421926,-0.7652074743,-0.213571761,0,0,0,0,0
2022-01-07 00:00:00.000,-1.43869903,-1.829926624,-1.43538021,-1.52304575,-1.629038409,-1.314964221,-1.425008475,-1.483328704,-1.914000428,-1.596700146,-1.692317877,-1.436716124,1.405409766,3.054302416,1.277163228,-0.6819747366,-0.7651263415,0,0,0,0,0
2022-01-10 00:00:00.000,-1.501858776,-1.814417301,-1.427107547,-1.512218214,-1.615747173,-1.307837779,-1.41711322,-1.467103717,-2.088035448,-1.754212672,-1.857225358,-1.652337083,1.292625749,3.057808013,1.344392489,-0.675183862,,0,0,0,0,0
2022-01-11 00:00:00.000,-1.59513024,-2.019610525,-1.418817181,-1.501415567,-1.602536693,-1.300650831,-1.389024645,-1.459908345,-2.179635664,-1.873537773,-1.981196742,-1.796892809,1.743018592,3.113902164,1.307538819,-0.6191324467,-0.5041467662,0,0,0,0,0
2022-01-12 00:00:00.000,-1.929149198,-2.262619562,-1.633443797,-1.778544151,-1.926079347,-1.574163003,-1.664368634,-1.726307265,-2.231419261,-1.93802637,-2.047074656,-1.860562167,1.625385401,3.028849135,1.320095851,-0.6344324717,-1.113980515,0,0,0,0,0
2022-01-13 00:00:00.000,-1.678323274,-1.962166302,-1.547570052,-1.667050086,-1.794483987,-1.469522654,-1.554654263,-1.591512322,-2.240553462,-1.915638207,-2.02126656,-1.83325154,2.236353456,3.263263557,1.382363878,-0.6236065527,0.9338309686,0,0,0,0,0
2022-01-14 00:00:00.000,-1.569075475,-1.806471459,-1.536865142,-1.652903167,-1.7770462,-1.459471835,-1.535796166,-1.585246888,-2.082769323,-1.809994731,-1.907666141,-1.713738258,2.431760278,3.65000926,1.492930985,-0.6363223312,0.1194299,0,0,0,0,0
2022-01-17 00:00:00.000,-1.579808049,-1.915161293,-1.525908671,-1.638568153,-1.759515926,-1.449102762,-1.531018409,-1.593000749,-2.021859818,-1.790893478,-1.885547396,-1.687595529,2.217345555,3.126014298,1.414340644,-0.6565104763,,0,0,0,0,0
2022-01-18 00:00:00.000,-1.619016878,-1.977776234,-1.5879233,-1.718160306,-1.851484029,-1.530705765,-1.617851831,-1.662282619,-1.988541034,-1.772206357,-1.863965316,-1.674858588,1.575237053,2.38151004,1.35289275,-0.6533328411,0.05352391567,0,0,0,0,0
2022-01-19 00:00:00.000,-1.581606636,-1.870151036,-1.619050782,-1.757883494,-1.896803515,-1.57348446,-1.676179455,-1.694528922,-2.078809771,-1.885897524,-1.981761023,-1.825341212,1.529651899,2.501490926,1.347243188,-0.6645526463,-0.3612881758,0,0,0,0,0
2022-01-20 00:00:00.000,-1.468682666,-1.920494808,-1.649427381,-1.796466567,-1.940611914,-1.615285179,-1.739226017,-1.721779955,-2.074471323,-1.913909789,-2.009402499,-1.89416349,1.908245836,2.653232785,1.447333386,-0.6576348259,0.1853422362,0,0,0,0,0
2022-01-21 00:00:00.000,-1.450254835,-1.99658699,-1.664858094,-1.815660913,-1.961678718,-1.638168074,-1.753482092,-1.711283223,-2.026277056,-1.8920299,-1.984625287,-1.893569399,2.074378927,2.590663424,1.453577298,-0.6071511286,0.1722334933,0,0,0,0,0
2022-01-24 00:00:00.000,-1.59464114,-1.978091435,-1.679698045,-1.83404556,-1.981747466,-1.660287842,-1.776813403,-1.711568867,-2.030936044,-1.903028986,-1.994459545,-1.965096246,2.378158829,2.522043424,1.388662513,-0.6044600361,,0,0,0,0,0
2022-01-25 00:00:00.000,-1.571013398,-1.974113279,-1.636904294,-1.778741598,-1.916420253,-1.609717518,-1.717452308,-1.628567032,-2.035583693,-1.913597615,-2.003787147,-1.995149506,2.285191616,2.372344427,1.399664629,-0.5689622166,0.02304834563,0,0,0,0,0
2022-01-26 00:00:00.000,-1.413798744,-1.766590884,-1.580917819,-1.706834765,-1.832159363,-1.542429462,-1.620631,-1.53890684,-1.925142861,-1.812472196,-1.895565312,-1.870548047,1.864938051,2.413176279,1.499666074,-0.5801902749,0.2022799774,0,0,0,0,0
2022-01-27 00:00:00.000,-1.347554983,-1.845570018,-1.497996208,-1.600839736,-1.709057122,-1.441369593,-1.485968606,-1.441990162,-1.895292026,-1.792651823,-1.873944859,-1.85844451,1.874965987,2.459183752,1.54098325,-0.5209981471,0.07279195776,0,0,0,0,0
2022-01-28 00:00:00.000,-1.248580457,-1.773694776,-1.388925495,-1.461797242,-1.548126302,-1.307148306,-1.338905512,-1.302442615,-1.754019821,-1.663339877,-1.737070084,-1.687988971,1.76633248,2.38343307,1.693228053,-0.5221242161,0.1315330826,0,0,0,0,0
2022-01-31 00:00:00.000,-1.357569024,-1.300683386,-1.379624974,-1.450218697,-1.534808723,-1.29866339,-1.335154053,-1.28392497,-1.694443879,-1.599809655,-1.66957461,-1.576360655,1.248917545,2.078909891,1.592606675,-0.5238090232,,0,0,0,0,0
2022-02-01 00:00:00.000,-1.412915208,-1.384447463,-1.356515545,-1.42108022,-1.29661856,-1.272698772,-1.290743761,-1.735265523,-1.657016657,-1.584376596,-1.074477785,-1.201468094,1.154036692,1.603193533,1.63569429,-0.4190096412,-0.1626655606,0,0,0,0,0
2022-02-02 00:00:00.000,-1.360912247,-1.278264128,-1.250618831,-1.28660868,-1.144572702,-1.141218571,-1.13355497,-1.633991503,-1.555309844,-1.491749209,-0.9903502102,-1.08191522,1.10423379,1.552544002,1.3045469,-0.392439312,0.130461105,0,0,0,0,0
2022-02-03 00:00:00.000,-1.366479956,-1.230175002,-1.2019878,-1.225119605,-1.076451582,-1.079213477,-1.059056024,-1.57100616,-1.534437437,-1.478203308,-0.9937435759,-1.073315764,0.8470604589,1.541705857,1.49473176,-0.3564693112,0.1081196634,0,0,0,0,0
2022-02-04 00:00:00.000,-1.275902617,-1.203695565,-1.168003157,-1.182284082,-1.029687549,-1.036880181,-1.008299546,-1.547537307,-1.514149226,-1.464901083,-0.9931860779,-1.064791779,0.8709863581,1.613472334,1.587190073,-0.3457584019,0.1573327487,0,0,0,0,0
2022-02-07 00:00:00.000,-1.17184865,-1.065257161,-1.024602248,-1.000317334,-0.8217121657,-0.8556244966,-0.8100296213,-1.374780586,-1.343291352,-1.29893259,-0.8121051892,-0.8370677643,0.7061285038,1.239528483,1.477779213,-0.3455844394,,0,0,0,0,0
2022-02-08 00:00:00.000,-1.14161057,-0.9980810886,-0.9529563251,-0.9094396629,-0.7185853483,-0.7659459875,-0.7067305911,-1.365647433,-1.328097882,-1.288551109,-0.7977450224,-0.8304789188,0.7786175518,1.261959225,1.169754627,-0.3606169396,-0.1302042175,0,0,0,0,0
2022-02-09 00:00:00.000,-1.105054764,-0.9299307712,-0.8816787124,-0.8190766498,-0.6158112142,-0.6784110242,-0.6117739272,-1.269514778,-1.238745343,-1.202357639,-0.7068639967,-0.7143695747,0.7653378188,1.166972815,1.19660353,-0.3623820632,0.02959669882,0,0,0,0,0
2022-02-10 00:00:00.000,-1.067354849,-0.8904852862,-0.851271231,-0.7807801413,-0.5732261303,-0.6409288671,-0.5787872786,-1.177744515,-1.164651087,-1.13264984,-0.6348422797,-0.6208864743,0.8799666612,1.245386907,1.206491958,-0.3629597863,-0.004751670712,0,0,0,0,0
2022-02-11 00:00:00.000,-0.8597994515,-0.8988453737,-0.8754866771,-0.8119733647,-0.6111936035,-0.6730551017,-0.6071924278,-1.224336391,-1.214984955,-1.185302165,-0.7033953533,-0.7029301856,0.8605484405,1.233454365,1.16417362,-0.3343603635,0.5258424621,0,0,0,0,0
2022-02-14 00:00:00.000,-0.9007063978,-0.8999995162,-0.8993856839,-0.84279548,-0.6488072244,-0.7036931558,-0.635423788,-1.351540956,-1.34194322,-1.327561395,-0.8689772136,-0.9167735792,0.8336843331,1.241862589,1.079775722,-0.3342692805,,0,0,0,0,0
2022-02-15 00:00:00.000,-0.8346426223,-0.9601354229,-0.9772523098,-0.9423305094,-0.7662212566,-0.800296668,-0.7251090745,-1.407812007,-1.41126561,-1.407097958,-0.9247705541,-1.041750529,0.7964715484,1.019793913,0.8976191416,-0.09355592462,-0.4223196742,0,0,0,0,0
2022-02-16 00:00:00.000,-0.4866034449,-0.8531332166,-0.8632840417,-0.7980528789,-0.6005155173,-0.6514151511,-0.5975701954,-1.426811247,-1.421158584,-1.410285056,-0.9386810474,-1.055742063,0.8070359926,1.235077937,0.7492232547,-0.08764483045,0.9925804993,0,0,0,0,0
2022-02-17 00:00:00.000,-0.3834234508,-0.8065670251,-0.818528854,-0.7416946048,-0.5366620521,-0.5974472806,-0.5509148191,-1.358596313,-1.349065833,-1.318444291,-0.8814910533,-0.9593820524,0.9190487668,1.037318512,0.8142610264,-0.009404267853,0.3637940646,0,0,0,0,0
2022-02-18 00:00:00.000,-0.2311276978,-0.740612319,-0.7401516774,-0.6512205794,-0.4329612482,-0.5118646029,-0.4729082809,-1.347893549,-1.336656222,-1.294692896,-0.8688420844,-0.952011377,0.9046947882,0.9574508473,0.8809428847,-0.0119599215,0.3091862744,0,0,0,0,0
2022-02-21 00:00:00.000,-0.30695069,-0.7298711812,-0.730446459,-0.6479335642,-0.43055421,-0.5100985849,-0.4722593854,-1.294846602,-1.280734548,-1.227427025,-0.809361361,-0.8782984469,0.8260471555,0.914065473,0.7299284516,-0.01863767299,,0,0,0,0,0
2022-02-22 00:00:00.000,-0.6469795735,-0.7773518993,-0.7912703346,-0.7317437387,-0.5295488493,-0.5924070906,-0.5497655804,-1.412463283,-1.400452581,-1.346452057,-0.9919355306,-1.094413165,0.9530493543,1.056853625,0.8527933408,0.1071033481,-0.7490868837,0,0,1,1,3
2022-02-23 00:00:00.000,-0.8226671162,-1.101308104,-1.151876704,-1.211669506,-1.090341836,-1.057938197,-0.9870753433,-1.644298092,-1.638602376,-1.600763529,-1.345174191,-1.533756345,1.02810082,1.398006288,1.236439777,0.2466447163,-0.1865270068,1,1,0,2,3
2022-02-24 00:00:00.000,-0.7308517334,-2.424748943,-2.621532941,-3.181793773,-3.389864362,-2.935127562,-2.793524869,-2.289960258,-2.313364126,-2.27794047,-2.229217319,-2.640808035,1.875721169,3.387944295,2.171867865,0.8022439951,0.6904024592,1,1,1,3,3
2022-02-25 00:00:00.000,-0.7284934528,-1.584976514,-1.664695544,-1.927690202,-1.929673789,-1.735549816,-1.674118635,-1.883557389,-1.897622585,-1.88842374,-1.684454147,-2.003710634,1.294294711,1.821422257,1.298141589,1.152979097,-0.5789794662,1,1,0,2,3
2022-02-28 00:00:00.000,-1.065182176,-1.846224187,-1.975520313,-2.325086819,-2.394886391,-2.114911653,-2.058260643,-2.514151116,-2.545769447,-2.58236656,-2.533802409,-3.136670306,1.558695551,2.380688184,1.683719373,1.123161123,,0,0,0,0,0
2022-03-01 00:00:00.000,-2.50669844,-2.45849243,-3.066709512,-3.03745513,-3.417746938,-2.979100801,-3.569149105,-2.979492806,-3.017244074,-2.691810667,-2.842559883,-3.489568249,1.762648953,3.470575861,1.622045853,1.432153906,0.8076803495,0,0,0,0,0
2022-03-02 00:00:00.000,-2.778934604,-2.836219445,-3.649263679,-3.623441861,-4.081568384,-3.546830665,-4.730639737,-3.788982459,-3.890256628,-3.724513433,-3.992404985,-4.895236406,3.904996746,7.070417648,2.636398757,1.894571384,0.943712994,0,0,0,0,0
2022-03-03 00:00:00.000,-3.09993052,-2.979377473,-3.726415026,-3.837406343,-4.303198056,-3.792633912,-5.253697605,-4.102821067,-4.198541863,-3.993898072,-4.412472415,-5.532201319,3.217867151,6.143518166,3.664154648,2.002491751,-1.289416194,0,0,1,1,3
2022-03-04 00:00:00.000,-2.855860021,-2.969201265,-3.822708146,-3.716396369,-4.13759892,-3.714167329,-5.384401231,-4.191697037,-4.266863144,-4.021684142,-4.471776391,-5.552358219,5.148177183,7.979046399,2.802003644,2.209427533,1.380263318,0,0,0,0,0
2022-03-07 00:00:00.000,-9.330583744,-7.965885725,-8.709939971,-7.883753535,-8.839659948,-7.847959769,-12,-12,-12,-12,-12,-12,8.331035102,11.161419009,3.326083055,2.162035198,,0,0,0,0,0
2022-03-08 00:00:00.000,-8.63708969,-7.665356307,-7.631485545,-9.722639946,-10.666936051,-9.759608552,-10.730900369,-10.670274978,-10.628971495,-12,-12,-12,9.076921308,11.24945231,3.670862426,2.104986004,0.163885995,0,0,0,0,0
2022-03-09 00:00:00.000,-3.360419703,-5.512925486,-3.733125447,-5.427550596,-7.584093748,-8.788344569,-9.334240839,-9.914409348,-10.467786442,-11.051666797,-11.383911171,-11.948714676,5.289445662,6.622185543,3.303765756,2.315492756,3.217329751,0,0,0,0,0
2022-03-10 00:00:00.000,-2.214577931,-3.855469844,-2.488848362,-3.944474201,-5.367809233,-6.173802899,-7.469575593,-7.772567384,-8.048005426,-8.306048484,-8.472260248,-8.745339103,3.518394187,4.312242241,4.062246396,2.175942288,0.8634510572,0,0,0,0,0
2022-03-11 00:00:00.000,-1.574069743,-3.930310568,-3.326533079,-2.707787356,-4.009351705,-4.850832041,-6.063460444,-6.327823753,-6.569774294,-7.083327684,-7.19411035,-7.373454634,3.463715662,5.633725158,10.822636712,2.113787386,1.252368792,0,0,1,1,0
2022-03-14 00:00:00.000,-0.9348114101,-2.946870163,-3.448869562,-2.312040515,-3.360003834,-4.02315361,-5.900130743,-6.048015288,-6.18285978,-6.673868939,-6.760590803,-6.898485122,2.222602051,2.429900674,2.481266519,2.056200752,,0,0,0,0,0
2022-03-15 00:00:00.000,-0.6347776957,-2.26864161,-1.436574864,-1.151073762,-2.17261823,-2.933219155,-5.060887945,-5.194941949,-5.309343472,-5.62339287,-5.68554055,-5.785050297,2.104689893,2.364507345,2.571672908,2.107978128,0.6176302105,0,0,0,0,0
2022-03-16 00:00:00.000,-0.1942021654,-0.4471127994,-0.420844224,-0.5575719285,-0.6599583379,-0.2679127922,-2.972501408,-3.129301549,-3.263129002,-3.370281434,-3.404048416,-3.464546713,0.944919603,1.683748898,1.146332484,2.049516827,0.795505398,0,0,0,0,0
2022-03-17 00:00:00.000,-0.5703095984,-0.6912795576,-0.5898344151,-0.6569542151,-0.7608895057,-0.3456600868,-3.24366576,-3.394885501,-3.527245614,-3.673274842,-3.708280182,-3.768658573,1.182663671,2.424264654,0.6436279125,2.179391425,-0.98824969,0,0,0,0,0
2022-03-18 00:00:00.000,-0.4298459855,-0.3104804609,-0.4552932696,-0.735284044,-0.8288307722,-0.4176865228,-3.350612583,-3.471114787,-3.578980986,-3.374689557,-3.405322301,-3.458912529,1.05330396,1.559588615,1.965579291,2.309685324,0.1787067112,0,0,1,1,3
2022-03-21 00:00:00.000,-0.08504673487,-0.5496473197,-0.5263005195,-0.6054336053,-0.5015915711,-0.9913291713,-3.646752381,-3.731673705,-3.811110002,-2.953155028,-2.978998011,-3.025821137,1.03895958,1.707815214,2.052178493,2.287573176,,0,0,0,0,0
2022-03-22 00:00:00.000,-0.01920536884,-0.5161835985,-0.489925939,-0.5437190574,-0.4418739075,-0.9548296881,-3.55766222,-3.711921013,-3.853722749,-3.001224821,-3.026559288,-3.071708295,1.090298596,1.549672287,2.083910622,2.256362106,0.1250268109,0,0,0,0,0
2022-03-23 00:00:00.000,-0.3390173915,-0.4349303464,-0.8035798768,-1.325514746,-1.198718959,-1.681664079,-4.10841726,-4.272132418,-4.419588398,-3.728164193,-3.758098306,-3.806846141,1.900381128,2.162580919,2.646462914,2.236310455,-0.6849028313,0,0,0,0,0
2022-03-24 00:00:00.000,-1.145692404,-1.175235744,-3.908430528,-4.335853379,-4.333084301,-5.087621675,-4.954561595,-6.584546716,-6.545174439,-6.487951704,-6.5359178,-6.600856925,1.859631176,2.552339568,3.010741428,2.264860392,-2.175765067,0,0,0,0,0
2022-03-25 00:00:00.000,-0.6300672527,-0.8240033419,-2.341736845,-3.531431657,-3.339310872,-3.865023066,-4.397732321,-5.637422391,-5.612396071,-6.176833342,-5.880300997,-4.729416752,1.372864387,1.812615691,2.854917273,2.528469478,0.9474954273,0,0,0,0,0
2022-03-28 00:00:00.000,-0.9370848666,-1.028118139,-3.05707697,-3.124283,-2.95427608,-3.541794766,-4.322964572,-5.472058586,-5.459928178,-5.964719172,-5.702805963,-4.631791725,1.875567118,2.471088629,2.431711369,2.47356219,,0,0,0,0,0
2022-03-29 00:00:00.000,-1.95444019,-2.545459386,-4.428214431,-6.424715414,-6.174323244,-6.205309824,-6.186354915,-7.022327472,-6.947630174,-7.859138605,-7.669855494,-6.779237423,2.254612616,2.919536761,2.666247865,3.577312839,-2.516455544,0,0,0,0,0
2022-03-30 00:00:00.000,-2.452762144,-2.925806755,-4.557211863,-5.458899008,-5.269538745,-5.461224512,-7.032143456,-7.661722611,-7.579737429,-8.47433207,-8.337228119,-7.653094876,2.884860196,3.150896,1.73708747,3.38744514,-0.6638569796,0,0,0,0,0
2022-03-31 00:00:00.000,-1.905088858,-3.011600067,-5.092323578,-5.287225297,-5.124481458,-5.307676254,-6.468060093,-6.992285055,-6.940780556,-7.58826708,-7.484338232,-6.948268788,3.257790388,3.170038167,2.537473567,3.294264232,1.23687508,0,0,0,0,0
2022-04-01 00:00:00.000,-3.581588278,-4.620121123,-3.475382627,-5.256482912,-7.33095198,-12,-6.516536101,-5.71700337,-4.352955431,-6.33811212,-6.73637421,-6.922107174,2.085963213,1.916678144,2.088428196,3.171056694,-0.4184401636,0,0,0,0,0
2022-04-04 00:00:00.000,-3.211230352,-4.126477157,-3.674047223,-4.156514837,-5.61622238,-8.123729505,-4.99231756,-4.451198712,-3.9483998,-4.369239383,-4.46055404,-4.628033137,1.906755932,1.803945455,2.758902963,3.099505578,,0,0,0,0,0
2022-04-05 00:00:00.000,-2.871555923,-3.624874712,-3.575097609,-4.010183688,-5.261759567,-5.476477708,-3.800952479,-3.452839318,-3.0037549,-3.307292964,-3.372386916,-3.580150968,1.749169208,1.877261934,2.816820024,3.177497257,0.4952191325,0,0,0,0,0
2022-04-06 00:00:00.000,-2.381859086,-3.24458926,-3.26829159,-3.658134287,-4.796021913,-4.287686911,-3.195720947,-2.936835128,-2.515382225,-2.762759001,-2.815467517,-3.074216106,1.818325489,1.879183939,3.048577804,3.150698365,1.149110254,0,0,0,0,0
2022-04-07 00:00:00.000,-1.316813166,-2.424496174,-2.442239414,-2.75221331,-3.809864292,-3.645249056,-2.818810381,-2.605765668,-2.216172091,-2.430376004,-2.475816681,-2.570762151,1.603338979,1.664462214,3.145183951,3.226975536,2.511885314,0,0,0,0,0
2022-04-08 00:00:00.000,-1.650683931,-2.453636598,-2.541570294,-2.840124847,-3.791830247,-3.553734333,-2.760626757,-2.555394566,-2.185328458,-2.392066007,-2.435766782,-2.413432472,1.450717852,1.362219525,3.286652812,3.163647058,-1.129276177,0,0,0,0,0
2022-04-11 00:00:00.000,-1.466003971,-2.349063649,-2.513729387,-2.793008783,-3.653780223,-3.135590744,-2.508433695,-2.334124636,-1.981592066,-2.16690053,-2.205949247,-2.167976036,1.486892024,1.573165179,3.062523959,3.08067586,,0,0,0,0,0
2022-04-12 00:00:00.000,-1.624421186,-2.54227874,-2.217586337,-2.341095975,-3.112751505,-2.709516932,-2.277922263,-2.136305202,-1.785020322,-1.950988012,-1.98587617,-1.876579835,1.63371687,1.65121578,3.023495689,3.036589487,-0.4119950607,0,0,0,0,0
2022-04-13 00:00:00.000,-1.432925075,-2.339090701,-2.183856174,-2.303691015,-3.047182708,-2.59204693,-2.211359703,-2.080887309,-1.734613529,-1.894095809,-1.92754861,-1.836733213,1.561370993,1.574772385,2.980756954,3.00001937,0.4982546884,0,0,0,0,0
2022-04-14 00:00:00.000,-1.178032641,-2.272601638,-1.922757417,-2.00818629,-2.598877861,-2.403729656,-1.978052954,-1.85293383,-1.561388625,-1.705000232,-1.735073438,-1.927289141,1.443514008,1.126489208,2.860140571,2.972413672,-0.128388275,0,0,0,0,0
2022-04-19 00:00:00.000,-0.75131774,-1.515425309,-1.221460435,-1.278550227,-1.999889947,-1.404894092,-1.412863006,-1.357089718,-1.546618818,-1.687457826,-1.716901269,-1.574452384,1.571706728,1.490287584,2.625199596,2.94065969,,0,0,0,0,0
2022-04-20 00:00:00.000,-0.789534138,-1.690100196,-1.382991118,-1.446673002,-2.116116327,-1.603037955,-1.518679836,-1.449833097,-1.578220821,-1.719930756,-1.749504502,-1.760446834,1.620615762,1.446534748,3.02312158,2.874366888,-0.2226535473,0,0,0,0,0
2022-04-21 00:00:00.000,-0.7020958376,-1.236483643,-1.106630643,-1.167246078,-1.945784533,-1.802681515,-1.689750594,-1.611809372,-1.654945089,-1.800854044,-1.831245961,-1.923392714,2.0289961,1.633074646,2.401672497,2.778652423,0.4763447797,0,0,0,0,0
2022-04-22 00:00:00.000,-0.7406141374,-1.600344691,-1.302850289,-1.364864975,-2.039427436,-2.309223984,-1.951672567,-1.836469208,-1.897265268,-2.05948441,-2.093192045,-2.027138684,1.81948456,1.505785329,2.523871103,2.706660296,-0.408037723,0,0,0,0,0
2022-04-25 00:00:00.000,-0.503117012,-1.585195519,-1.303539934,-1.361485958,-1.998957421,-2.359501836,-1.95656341,-1.832978574,-1.905632701,-2.065806671,-2.099011397,-1.966129377,1.895747222,1.408941155,2.95217265,2.674149483,,0,0,0,0,0
2022-04-26 00:00:00.000,-1.234244931,-1.570258146,-1.330893621,-1.394575405,-2.06293265,-2.128045969,-1.85121167,-1.749260114,-1.785870346,-1.934749143,-1.965550204,-1.924773318,2.07898601,1.550987196,2.598711197,2.583644633,-2.249335511,0,0,0,0,0
2022-04-27 00:00:00.000,-1.640896738,-1.98476598,-1.69428892,-1.784589138,-2.451182709,-3.063848798,-2.47752934,-2.316719995,-2.334214358,-2.519936776,-2.558239629,-2.219747767,2.782740966,2.20018426,2.031609537,2.488985687,-0.8995629819,0,0,0,0,0
2022-04-28 00:00:00.000,-0.9640623357,-1.59587955,-1.655432163,-1.360264495,-1.693764808,-3.12492901,-2.455333797,-2.290349221,-2.328980071,-2.509806882,-2.546933766,-2.276156064,2.482906592,1.700613182,2.347374624,2.415931612,1.702879311,0,0,0,0,0
2022-04-29 00:00:00.000,-0.132998731,-1.580888272,-1.523080015,-1.230807916,-1.576511221,-3.008406148,-2.378780829,-2.218529019,-2.265089498,-2.437221778,-2.472413637,-2.29524848,2.490125763,1.503633147,2.577147535,2.380417536,2.562992381,0,0,0,0,0
2022-05-02 00:00:00.000,-2.525522909,-1.626058697,-1.27602805,-2.091222233,-5.679978503,-4.211552411,-2.512087068,-2.18785563,-2.23265236,-2.398712821,-2.018039394,-2.261779621,,,,2.334000735,,0,0,0,0,0
2022-05-03 00:00:00.000,-1.342802314,-0.5915736305,-0.5107816457,-0.9043752764,-5.668134475,-4.248881998,-2.592485421,-2.361670954,-2.4095444,-2.583293359,-2.567368384,-2.857383616,2.56841762,1.42983424,2.713332817,2.312564047,3.659607352,0,0,0,0,0
2022-05-04 00:00:00.000,-1.445871251,-0.8276224701,-0.8998081891,-1.338028671,-7.416491171,-5.374500069,-3.371731181,-3.035192,-3.096674091,-3.30893529,-3.320870883,-3.66940684,2.673140988,1.624653499,2.896187262,2.271824983,-0.1338824307,0,0,0,0,0
2022-05-05 00:00:00.000,-1.239377954,-1.100303066,-1.129390126,-1.590063761,-6.660342622,-5.07670787,-3.2918164,-2.968920023,-3.026942063,-3.226222105,-3.357338097,-3.691018803,2.869336926,1.802926208,3.805012145,2.219289142,0.624382548,0,0,0,0,0
2022-05-06 00:00:00.000,-0.9234398702,-0.4821273289,-0.5208500585,-0.9222332699,-5.297372368,-4.240004845,-2.814834864,-2.570243721,-2.618324526,-2.786279255,-3.418236499,-3.73934073,2.702023447,1.620900623,2.941773434,2.170466712,0.5059642318,0,0,0,0,0
2022-05-09 00:00:00.000,-0.7559832521,-0.2258361394,-0.2638660571,-0.6178722483,-3.191451929,-2.872526756,-1.925610433,-1.796324724,-1.827953213,-1.947005374,-2.580730773,-2.821348672,2.51761083,1.619585119,2.697856102,2.121765569,,0,0,0,0,0
2022-05-10 00:00:00.000,-0.8958473514,-0.6966411279,-0.7223634369,-1.101955922,-3.562641267,-3.118661417,-2.116738086,-1.961552532,-1.996083191,-2.122548778,-2.281029727,-2.492158195,2.392293711,1.648609911,2.441765623,2.070990213,-0.5450591959,0,0,0,0,0
2022-05-11 00:00:00.000,-0.6002219138,-0.5712050506,-0.6004904946,-0.9770105901,-3.483992212,-3.070499622,-2.105503422,-1.951144643,-1.98502834,-2.108675595,-2.739962153,-2.978153094,2.520327956,1.727215416,2.69939674,2.027933571,0.9100450305,0,0,0,0,0
2022-05-12 00:00:00.000,-1.286845517,-0.8994701076,-0.9310251747,-1.369070292,-4.063720988,-3.54555756,-2.479684568,-2.253296936,-2.292519155,-2.430175667,-3.145984016,-3.403235817,3.249396243,2.519689092,2.468196487,1.898736824,-2.008884276,0,0,0,0,0
2022-05-13 00:00:00.000,-0.3147789993,-0.9135178025,-0.934467949,-1.325658431,-3.082297225,-2.823425398,-1.982212744,-1.834440889,-1.865110376,-1.977692133,-3.236526562,-3.487830184,2.270312563,2.104458949,2.359341139,1.582513185,2.942886249,0,0,0,0,0
2022-05-16 00:00:00.000,-0.1506241232,-0.6779426506,-0.7012841961,-1.061805409,-3.966360108,-3.352809634,-2.373730047,-2.19852891,-2.235628827,-2.365156409,-3.691662884,-3.958612892,2.157580712,1.912801154,2.363686473,1.548386093,,0,0,0,0,0
2022-05-17 00:00:00.000,-0.26814327,-0.4864157048,-0.5190998877,-0.8891936098,-3.493146884,-3.084340076,-2.211456339,-2.041237671,-2.074849929,-2.193639554,-3.133129964,-3.352037145,2.353407869,1.927083158,2.569213801,1.367949425,-0.5953559242,0,0,0,0,0
2022-05-18 00:00:00.000,-0.06412604706,-0.1918338989,-0.2286800665,-0.579445572,-2.699745628,-2.534663581,-1.825009833,-1.700414092,-1.727412231,-1.827221652,-2.863606332,-3.058087175,1.878377303,1.771354528,2.320761616,1.337721298,0.5615359456,0,0,0,0,0
2022-05-19 00:00:00.000,0.01820187693,-0.1106669629,-0.1446264542,-0.4713312913,-2.459218045,-2.334079398,-1.683145148,-1.58253374,-1.607184105,-1.699978087,-2.85669792,-3.043392967,1.708624251,1.599188759,2.315418519,1.306292897,0.0644122059,0,0,0,0,0
2022-05-20 00:00:00.000,0.1006794592,-0.1140280681,-0.1454113532,-0.4556827154,-2.528997972,-2.349522547,-1.699862634,-1.60473015,-1.629594929,-1.722391374,-2.775175253,-2.950749471,1.480614239,1.371112374,2.447248109,1.26634919,0.1308952878,0,0,0,0,0
2022-05-23 00:00:00.000,0.5049434061,-0.08779082702,-0.1172349245,-0.412586911,-2.451829272,-2.27308499,-1.64833697,-1.564176012,-1.588138004,-1.677938962,-2.697977876,-2.863574679,1.313870629,1.1536988,2.186443341,1.150089029,,0,0,0,0,0
2022-05-24 00:00:00.000,0.4810166377,0.1538182028,0.1171685974,-0.175360342,-2.344133321,-2.206710001,-1.608604744,-1.52445165,-1.547550011,-1.634508098,-2.528493302,-2.680726074,1.268231531,1.16864428,2.283618664,1.03255447,-0.2824650092,0,0,0,0,0
2022-05-25 00:00:00.000,0.3455643338,0.2509808562,0.208583023,-0.09278863886,-1.630143539,-1.749386737,-1.275250092,-1.214088186,-1.23163236,-1.303413566,-2.100312906,-2.229163705,1.229961113,1.238654152,1.737217682,1.01525183,-0.7709233643,0,0,0,0,0
2022-05-26 00:00:00.000,0.3294679847,0.2467012903,0.2072986838,-0.08465605353,-1.516253592,-1.65715861,-1.208171635,-1.155013929,-1.171477949,-1.240147989,-1.984615397,-2.105752979,1.168100922,1.261562405,2.189009834,0.882790481,-0.27116548,0,0,0,0,0
2022-05-27 00:00:00.000,0.3455643338,0.2822468007,0.2400880224,-0.06225730345,-0.7173597372,-1.149696009,-0.833109054,-0.8018254776,-0.812130884,-0.8645478741,-1.550914076,-1.651647328,1.125051132,1.14029047,1.758832943,0.6085551941,-0.09635940883,0,0,0,0,0
2022-05-30 00:00:00.000,0.1039210504,0.2803124533,0.2399539973,-0.05733852044,-0.9868119789,-1.318916985,-0.9608436611,-0.9186154083,-0.9309472312,-0.9885461598,-1.652749357,-1.756409974,1.027466229,0.927683835,1.781967532,0.514306397,,0,0,0,0,0
2022-05-31 00:00:00.000,0.26561812,0.2273141195,0.185814084,-0.1219898849,-1.286854253,-1.523897221,-1.120501294,-0.8135561945,-0.8240633559,-0.8768691643,-1.926162439,-2.039372064,1.107280043,0.9126960877,1.819025673,0.1840027019,0.5649985884,0,0,0,0,0
2022-06-01 00:00:00.000,0.06381507593,0.4460540296,-0.001936581725,-3.056922352,-2.326847851,-1.539733997,-0.8241955948,-0.7093452086,-0.7180513916,-1.690302494,-1.442636752,-1.534789291,0.7417565913,0.7063510107,1.765135492,0.231546829,0.1637015248,0,0,0,0,0
2022-06-02 00:00:00.000,0.06468974669,0.4460530695,3.540339818e-05,-2.989566397,-2.29236246,-1.525222846,-0.817981912,-0.7039081885,-0.7125293618,-1.672981313,-1.429696122,-1.520353809,,,,0.2493216829,-0.182578258,0,0,0,0,0
2022-06-03 00:00:00.000,0.06576032639,0.4460521093,0.002101433526,-2.926002464,-2.259074054,-1.510952335,-0.8118125261,-0.6985039818,-0.7070408593,-1.656002909,-1.416951488,-1.506161093,,,,-0.3059116034,-0.1889159074,0,0,0,0,0
2022-06-06 00:00:00.000,-0.1218819117,0.3237808123,-0.08042242685,-2.892324888,-2.225520458,-1.496919539,-0.805679046,-0.6931239641,-0.7015773305,-1.639354666,-1.404396233,-1.492202671,0.5648941001,0.7331639582,2.628186429,-0.236082457,,0,0,0,0,0
2022-06-07 00:00:00.000,0.02947250618,0.4978716427,0.173696655,-3.740039744,-2.612319174,-1.75989888,-1.013131955,-0.8838143704,-0.8955894938,-1.520856247,-1.301053101,-1.384137049,0.4246833909,0.6173166952,1.650898561,-0.2522456125,0.4642744794,0,0,0,0,0
2022-06-08 00:00:00.000,-0.008514204686,0.4651918453,0.1496317084,-3.003296099,-2.253517581,-1.531025188,-0.8453809016,-0.7302102984,-0.7393180092,-1.481193397,-1.267439365,-1.348555977,0.4769008951,0.5180634929,1.538832081,-0.2528771201,-0.4213134607,0,0,0,0,0
2022-06-09 00:00:00.000,0.1672909949,0.4536856233,0.2679488557,-2.337240998,-1.9738716,-1.353774274,-0.705739351,-0.6021863815,-0.6090794605,-1.21407504,-1.030651534,-1.102552846,0.6186636506,0.6336744282,1.3594192,-0.2515980538,0.8128159162,0,0,0,0,0
2022-06-10 00:00:00.000,0.2004458285,0.4754941793,0.2964829381,-1.064642134,-1.333574868,-0.9242297518,-0.3805279071,-0.3034712516,-0.3051808826,-0.824685943,-0.6837710664,-0.7428885396,0.7695263634,0.5888397919,1.326203751,-0.2486944618,-0.07015861197,0,0,0,0,0
2022-06-13 00:00:00.000,0.2402067465,0.5434743348,0.3439582609,-0.5149716812,-1.053083351,-0.7339579953,-0.2366401278,-0.1712068183,-0.170645777,-0.6920118412,-0.565514017,-0.6202867076,0.5367434979,0.564051545,1.617045531,-0.2518149933,,0,0,0,0,0
2022-06-14 00:00:00.000,0.005346887196,0.3841113972,0.1492095848,-1.175800006,-1.495140382,-1.045916518,-0.4533378334,-0.3703322926,-0.3732811408,-0.6866450514,-0.5608803103,-0.6153955798,0.4218853705,0.5812963129,1.585821687,-0.02352631132,-0.9596459944,0,0,0,0,0
2022-06-15 00:00:00.000,-0.07829231619,0.2158058169,-0.6863415053,-4.014380668,-3.046762867,-2.128654561,-1.249929737,-1.102602563,-1.118363529,-1.376562714,-1.177825618,-1.253919865,0.4274794954,0.6964051526,1.562695403,0.1582017912,-0.137123044,0,1,0,1,3
2022-06-16 00:00:00.000,-0.4997396521,-0.1792571458,-1.205279927,-9.502340191,-5.835096469,-4.061520419,-2.757918235,-2.490566252,-2.530468511,-1.931769052,-1.675942717,-1.768765107,0.8181671247,1.048416794,1.286521049,0.16374219,-1.445075867,0,0,0,0,0
2022-06-17 00:00:00.000,0.0947094901,0.3128531986,-0.1756417919,-3.83643028,-3.102449716,-2.247254669,-1.392860854,-1.238876809,-1.25659081,-1.282939086,-1.097609758,-1.169421145,0.6776597805,0.7515213951,1.367299912,0.2321101728,1.709157332,0,1,0,1,3
2022-06-20 00:00:00.000,0.1245318617,0.1890801872,-0.242086426,-2.864086715,-2.606480713,-1.912804533,-1.131800515,-0.9989993882,-1.012586333,-1.147277006,-0.9769325072,-1.044213906,0.9518917453,0.9853952441,1.188697174,0.2427215595,,0,0,0,0,0
2022-06-21 00:00:00.000,0.1149436235,0.2515553512,-0.1171105285,-3.212296514,-2.821410251,-2.087635257,-1.266632139,-1.124136142,-1.139840218,-1.113195169,-0.9470820885,-1.013017537,0.9007961646,0.9482290713,1.409885283,0.2494883657,-0.1849524258,0,0,0,0,0
2022-06-22 00:00:00.000,0.1291042778,0.1995729192,-0.5939536606,-4.06688195,-3.318238582,-2.470668097,-1.569200083,-1.404592991,-1.425021367,-1.436882985,-1.241908663,-1.317268006,1.018315989,0.975051177,1.401523657,0.2442857841,-0.123699915,0,0,0,0,0
2022-06-23 00:00:00.000,0.1310455426,0.1322443975,-0.5139867591,-4.632676384,-3.690013038,-2.773730558,-2.33392652,-2.113495018,-2.145779837,-1.410977461,-1.231684237,-1.306091865,1.21395018,1.441428861,1.629586709,0.2397932131,-0.1353593444,0,0,0,0,0
2022-06-24 00:00:00.000,0.205204455,0.1299866784,-0.5560189385,-3.718220695,-3.14402783,-2.396151998,-2.042059594,-1.847429767,-1.874829588,-1.203918487,-1.054497563,-1.122595979,1.145839242,1.388657353,1.487467046,0.2784807048,0.005660638456,1,1,0,2,3
2022-06-27 00:00:00.000,0.08230308723,0.1315833899,-0.4599047279,-2.4935259,-2.443365474,-1.891853508,-1.633224071,-1.471008915,-1.491287366,-0.9684936839,-0.8437687341,-0.9070999046,1.12641803,1.304944679,1.523340243,0.2789531129,,0,0,0,0,0
2022-06-28 00:00:00.000,0.002403400069,0.134246294,-0.396887296,-1.713305626,-1.993508545,-1.56474267,-1.362560705,-1.221136349,-1.226020363,-0.8115723705,-0.6983338454,-0.7625422629,1.050273561,1.310261579,1.4585098,0.3181137071,-0.4115144607,0,0,0,0,0
2022-06-29 00:00:00.000,-0.192898233,0.09867040493,-0.2116448917,-1.778927608,-2.091207461,-1.652495787,-1.412542649,-1.270123458,-1.263770826,-0.6806632343,-0.578229691,-0.6419372857,1.017669579,1.417255798,1.66199961,0.332709718,-0.6154821727,0,0,0,0,0
2022-06-30 00:00:00.000,-0.09305203235,-0.4330990645,-0.950098697,-2.572965353,-2.592779922,-2.046164053,-1.702149629,-1.553949807,-1.53408544,-1.283035621,-1.132947692,-1.226555684,1.05607678,1.554844545,1.677391732,0.3263775617,0.1565401347,0,0,0,0,0
2022-07-01 00:00:00.000,-0.5366803624,-1.380737883,-4.229356631,-3.435384055,-2.361277883,-2.380026458,-1.980454575,-2.003713586,-1.161738844,-1.179352126,-1.043778268,-1.129291397,1.076388648,1.395497827,1.774972092,0.3207063503,1.055312544,0,0,0,0,0
2022-07-04 00:00:00.000,-0.7367636845,-1.413979829,-3.489905265,-2.981045345,-2.188596543,-2.171910747,-1.81712413,-1.860765143,-0.8575600324,-0.8720962146,-0.7598662197,-0.8385488775,1.557486575,1.766771029,2.261607815,0.3187242879,,0,0,0,0,0
2022-07-05 00:00:00.000,-0.7306884346,-1.158088346,-0.1408860152,-0.8358591505,-0.955549432,-1.25667339,-1.072709916,-1.145041164,0.001892470644,-0.004431837965,0.04536986037,0.01479649463,1.6230481,2.160362937,3.016457461,0.3123937221,-0.1848678351,0,1,1,2,3
2022-07-06 00:00:00.000,-0.5603520087,-0.8015987974,-0.8972727951,-1.260099405,-0.7585554392,-0.3517750245,-0.3429393946,-0.4686899661,0.1177849249,0.1119367688,0.155493424,0.1315042898,2.124163265,2.604616461,3.990687677,0.3061135423,0.3860078795,1,1,0,2,3
2022-07-07 00:00:00.000,-0.5552793016,-0.8242686907,-2.263249619,-2.196010427,-1.321047658,-0.7259809584,-0.6715304855,-0.7891315449,-0.08452525177,-0.09128296512,-0.03537670393,-0.07123606806,2.557865842,3.168671842,4.831006662,0.3207538086,0.01289146555,1,1,0,2,3
2022-07-08 00:00:00.000,-0.5500471062,-0.7322716285,-2.549479833,-2.274938993,-1.338666619,-0.8705690637,-0.7676503838,-0.8554574587,-0.1049538393,-0.112432381,-0.05415521635,-0.09064116402,2.46747239,3.038467018,4.63115573,0.3922254978,-0.4201463353,0,0,0,0,0
2022-07-11 00:00:00.000,-0.05041525808,-0.2112956724,-0.9494287441,-1.119233297,-1.009228993,-0.482895035,-0.4405019647,-0.5455589695,0.08229018604,0.07661103104,0.1217116141,0.09405599098,2.377910541,2.652874442,4.529868685,0.2422468067,,0,0,0,0,0
2022-07-12 00:00:00.000,-0.0877864906,-0.03622872427,0.2379917381,-0.5358999137,-0.3534631532,-0.1096504529,-0.14480685,-0.2779235185,0.3035268734,0.2993441327,0.328491456,0.3107866518,2.329670831,2.754489265,4.600142252,0.2596120216,-0.1759895027,0,0,0,0,0
2022-07-13 00:00:00.000,0.04030922099,-0.03352143593,-0.1837757072,-0.8427382511,-0.5444972966,-0.2298775347,-0.2493513166,-0.3795865649,0.2011719916,0.1966371796,0.2329292386,0.2104280558,2.473448035,2.993762092,4.564816619,0.2606002229,0.1505921076,0,0,0,0,0
2022-07-14 00:00:00.000,0.04420458743,-0.03103984848,-0.2434232028,-0.8311964179,-0.5221476276,-0.2375278497,-0.244814959,-0.3636758648,0.2025913374,0.1980838114,0.2341707705,0.2119884951,2.263337316,2.763874982,4.245406205,0.3120210512,-0.2344600429,0,0,0,0,0
2022-07-15 00:00:00.000,0.1314931737,0.2423530124,-0.7831149349,-1.086408305,-0.6392643106,-0.6716494643,-0.5748078163,-0.649096599,0.2953666443,0.2917563021,0.3215976421,0.3031486338,2.157280382,2.4710064,4.079174102,0.397925949,-0.09412819718,0,0,0,0,0
2022-07-18 00:00:00.000,0.09470484722,0.2152302198,-0.7306722991,-1.382784866,-1.009493102,-0.5031107361,-0.4357243828,-0.5207374873,0.2739792811,0.2697076278,0.3014885484,0.2817129435,1.909734616,2.238093569,3.222449869,0.3931761953,,0,0,0,0,0
2022-07-19 00:00:00.000,0.01612861704,0.1281937262,-0.4301866511,-1.16601998,-0.8734941748,-0.4130124709,-0.3580529045,-0.445301327,0.2526843347,0.2478286423,0.2812373413,0.2604897005,1.722325039,1.985194666,2.880671074,0.4050091962,-0.395339706,0,0,0,0,0
2022-07-20 00:00:00.000,-0.02085756739,0.1015418925,-0.4061169198,-1.158185263,-0.8746098332,-0.4056832253,-0.3519160927,-0.4414144886,0.2652044882,0.2608803562,0.2933824533,0.2731646038,1.554607175,1.701008635,2.710719088,0.4299631285,-0.2586006609,0,0,0,0,0
2022-07-21 00:00:00.000,0.152352374,0.04485180553,-0.09678284268,-0.9445694634,-0.7382709094,-0.3165190523,-0.2754774598,-0.3654987401,0.3348963225,0.3311172197,0.3586862341,0.3415271902,1.286529515,1.388819063,2.57799112,0.4572762263,0.2462544715,0,0,0,0,0
2022-07-22 00:00:00.000,0.03085319187,0.07920031503,-0.4170947173,-1.176558288,-0.8881995724,-0.1427527315,-0.1414519042,-0.2443225533,0.3475841389,0.3433234177,0.3702403663,0.3535159492,1.505886427,1.630950993,2.819345068,0.4470228089,-0.4297624035,0,0,0,0,0
2022-07-25 00:00:00.000,-0.1752593023,-0.1892598006,-0.3665913712,-1.243382826,-0.9716053007,-0.8589039196,-0.4130074761,0.2856233857,0.3486021806,0.3446448717,0.3710849768,0.3543074609,2.024499162,1.836722544,2.584764684,0.4561024582,,0,0,0,0,0
2022-07-26 00:00:00.000,-0.595043458,-0.5497965565,-0.8311162849,-0.7287608602,-1.132003503,-1.007361596,-0.3741295812,0.5090681183,0.3555819606,0.3516749449,0.3770968698,0.3617024889,2.818439441,2.188676957,2.929388207,0.3580573661,-0.7331859627,0,0,0,0,0
2022-07-27 00:00:00.000,-0.589003655,-0.7884930928,-0.7253583348,-0.7477511923,-1.194334535,-1.11058085,-0.4506164364,0.4389382329,0.3622436435,0.3583878563,0.3832187226,0.3697040932,3.347100953,2.425754955,3.141084248,0.3382155543,-0.1036609884,0,0,0,0,0
2022-07-28 00:00:00.000,-0.2400719207,-0.537187558,-0.3797455416,-0.5170696563,-1.02615617,-1.01143563,-0.3794449467,0.4774991322,0.3858277873,0.3824617344,0.4052057099,0.3933137387,3.128225817,2.272173762,3.03145917,0.3430991805,0.4356660385,0,0,0,0,0
2022-07-29 00:00:00.000,0.02395958746,0.02046606575,0.2625618895,-0.09269043866,-0.7286468682,-0.7862089127,-0.2161506971,0.5899687484,0.4262390386,0.4231885903,0.4428251738,0.4331396984,2.585712128,2.02928685,2.597132742,0.2872218869,0.261659674,0,0,0,0,0
2022-08-01 00:00:00.000,-0.31591718,-0.3818137512,-1.640711082,-0.7350917983,-1.047218437,-0.3344896099,0.7468626066,0.5272410162,0.5111703005,0.5092073108,0.5439268961,0.5401440064,2.14991088,1.817725669,2.552915884,0.2809179473,,0,0,0,0,0
2022-08-02 00:00:00.000,-0.1798793254,-0.6261153031,-0.7276143865,-0.7232024605,-0.4159611819,-0.2730351365,0.4975327941,0.4367502677,0.5681069196,0.7030098616,0.5972264643,0.5961924752,2.181737896,1.662891316,2.822943314,0.2799514059,0.1015077677,0,0,0,0,0
2022-08-03 00:00:00.000,-0.04325412232,-0.1371858609,-0.6612826311,-0.6123115973,-0.3294364923,-0.202749996,0.5370918033,0.4586609409,0.59120288,0.7294720553,0.6185137058,0.618884584,2.171783873,2.114146753,3.300007172,0.2799844466,0.04314690756,0,0,0,0,0
2022-08-04 00:00:00.000,0.05050001459,-0.01390900583,-0.710085049,-0.7409898439,-0.8451061707,0.1047487597,0.6588275188,0.4265107898,0.558948682,0.7001836371,0.5871445074,0.5859681814,2.14055616,1.581694146,2.312173724,0.3361997629,0.006769854102,0,0,0,0,0
2022-08-05 00:00:00.000,0.05675706167,-0.02891660984,-0.705269858,-0.7227522728,-0.8169263114,0.1075471765,0.6533543659,0.431114945,0.5604868041,0.6987685352,0.5881844003,0.5863866659,1.98694048,1.568433574,2.280816723,0.8110794237,-0.180446014,0,0,0,0,0
2022-08-08 00:00:00.000,-0.02525023502,-0.1635759906,-0.8107447342,-0.7771040635,-0.8328016357,0.0809590388,0.629344963,0.4214378537,0.5493431588,0.6862624336,0.5786467402,0.576142331,1.870589865,1.636674631,2.262356239,0.8036874929,,0,0,0,0,0
2022-08-09 00:00:00.000,-0.0188155491,0.03695481957,-0.7476490318,-0.8109108043,-0.8065119915,0.09831357614,0.6479581438,0.4197529684,0.5508719738,0.692131004,0.5791222999,0.5771382173,1.951093045,1.642420012,2.276928707,1.149368401,-0.1413811451,0,0,0,0,0
2022-08-10 00:00:00.000,-0.05692101908,-0.06198206937,-0.7780102548,-1.23845287,-0.9411781687,0.02823401078,0.6237309052,0.3992778621,0.5433799745,0.6918754962,0.5716680359,0.5665528756,1.944268291,1.709848971,2.298408461,1.194347622,-0.1402442144,0,0,1,1,3
2022-08-11 00:00:00.000,-0.05028308105,-0.1618150606,-0.8534579682,-1.327255465,-0.9744098088,0.002432322539,0.619022412,0.3965449388,0.5524689006,0.7096111168,0.5802902038,0.5723227484,1.873728761,1.762570088,2.55648673,1.164315567,-0.1329319675,0,0,0,0,0
2022-08-12 00:00:00.000,0.001623611243,-0.6760685648,-1.272975335,-1.597460518,-1.100147567,-0.1094972914,0.5250530294,0.3571335374,0.5079213708,0.6628231924,0.54166085,0.5286050366,1.745908383,1.600241061,2.45746202,1.166232341,-0.07207388386,0,0,0,0,0
2022-08-15 00:00:00.000,0.008316107373,-0.07102144657,-1.007800027,-0.9416382385,-1.263684009,-0.2063144849,0.4833114567,0.3525638739,0.5142972797,0.6780673288,0.5510229846,0.5348775615,1.97004865,1.704014906,2.452659087,1.157244766,,0,0,0,0,0
2022-08-16 00:00:00.000,0.01497429082,-0.2230212817,-1.148162698,-0.5618264213,-1.217012989,-0.2395412768,0.5599420356,0.3289222309,0.4925768886,0.659052107,0.5309159738,0.513205638,1.868359695,1.777810676,3.053970355,1.147689884,-0.1257850001,0,0,0,0,0
2022-08-17 00:00:00.000,-0.07107145151,-0.6041075849,-1.288028474,-0.6641057471,-1.277739119,-0.2917310682,0.5233758637,0.3264393204,0.4932675337,0.6628274497,0.5328386525,0.5137165976,1.981469735,1.994871852,3.422817953,1.140135303,-0.2608292967,0,0,0,0,0
2022-08-18 00:00:00.000,-0.1026347318,-0.425492998,-1.17616042,-0.8118652814,-1.303100518,-0.2891555937,0.5554067319,0.3020386456,0.4764685373,0.6610098857,0.5176594296,0.4986550446,2.373741165,1.701707887,2.396569998,1.093736095,-0.1197517182,0,0,1,1,3
2022-08-19 00:00:00.000,-0.01420930063,-0.4167778808,-1.281870988,-0.9441288047,-1.351891006,-0.3142604352,0.5563172389,0.2573131552,0.438123782,0.6332155849,0.4801364035,0.4614141262,2.661294204,2.369531214,3.167032759,1.080973813,0.03483340535,0,0,0,0,0
2022-08-22 00:00:00.000,-0.1488663082,-0.8125907269,-1.099656858,-1.024633616,-1.494956441,-0.3466924233,0.6147336029,0.195616795,0.3944057593,0.6121625912,0.4373294364,0.4179656231,3.73794,2.408460523,3.948390432,1.07210223,,0,0,0,0,0
2022-08-23 00:00:00.000,-0.2374711946,-0.9127882366,-1.021952258,-0.7970529584,-1.369864961,-0.3065487925,0.5961204515,0.2294957386,0.418122296,0.6187323592,0.4594194071,0.4412106514,3.461623593,2.711211621,3.623552529,0.9795305313,-0.3606544828,0,0,0,0,0
2022-08-24 00:00:00.000,-0.1389731079,-1.005344437,-1.255037583,-0.4402895773,-1.411769083,-0.2877765303,0.6799767873,0.2330848993,0.4417423387,0.6629669652,0.4815484255,0.4642018279,3.833812122,2.822946121,3.604101852,0.6911866942,0.1330539945,0,0,0,0,0
2022-08-25 00:00:00.000,-0.227483723,-0.6961239361,-0.9312499032,-0.3240846612,-1.374440656,-0.2239677857,0.7755378521,0.1962522094,0.4205100819,0.6652331384,0.4606855512,0.4430746048,4.031371117,3.444422189,3.503822534,0.6449815695,-0.1652169581,0,0,0,0,0
2022-08-26 00:00:00.000,-0.1281462811,-0.8337085365,-0.9314258272,-0.2395295651,-1.424264372,-0.2252998153,0.8347680711,0.1073281845,0.3420135571,0.60292578,0.3864155909,0.366220757,4.218084508,3.420913819,4.826455816,0.659604736,0.01146022376,0,0,0,0,0
2022-08-29 00:00:00.000,-0.1224898225,-0.8269082191,-0.9241131978,-0.2348744259,-1.39616628,-0.2202680168,0.8345659558,0.1095566168,0.3433961492,0.603856124,0.3873192421,0.3671476675,,,,0.66767311,,0,0,0,0,0
2022-08-30 00:00:00.000,-0.1168877362,-2.001858197,-1.569849138,0.1791072921,-1.23583053,-0.2768860019,0.5798550024,0.1910953302,0.3618350123,0.5454406359,0.4039947719,0.3846391169,2.995619322,3.089804318,4.591694665,0.7050241887,-0.4944030496,1,1,0,2,2
2022-08-31 00:00:00.000,-0.1113100986,-0.8250936077,-1.012577005,-0.5630294644,-0.665166241,0.04765429967,0.5452094406,0.2189608737,0.3568939121,0.5053413496,0.3993454704,0.3800445198,2.288285445,2.515459791,2.757325506,0.6254322289,-0.2534846952,0,0,1,1,3
2022-09-01 00:00:00.000,-1.545359572,-1.435254084,-0.8470285356,-2.337279841,-0.07341792256,0.5553737978,0.03172333452,0.2657883684,0.3889726397,0.5237720128,0.5494246705,0.5352451149,2.087760554,2.384193713,2.736132824,0.6718437177,0.420083417,0,0,0,0,0
2022-09-02 00:00:00.000,-0.7194924826,-0.3901839271,-2.217628398,-2.103712246,-0.06948993381,0.4823872564,-0.0134777417,0.2063482461,0.3140092061,0.5929975547,0.6138479065,0.6015536643,1.746102286,1.803342901,2.101057067,0.9463483971,0.6172611943,0,0,0,0,0
2022-09-05 00:00:00.000,-0.9471545084,-0.8407152839,-2.349740482,-2.454917918,-0.1292238848,0.5171449215,-0.02807248666,0.2194817211,0.3538264541,0.6050520308,0.6248784149,0.6129191784,2.507960678,2.390001842,2.356962499,0.9501627882,,0,0,0,0,0
2022-09-06 00:00:00.000,-0.3673671353,-0.3022870362,-1.24988332,-2.453615652,-0.1727936523,0.4592437785,-0.04464734851,0.2005231943,0.3356218136,0.5829738561,0.6044972513,0.5917553928,2.52884379,2.393045438,2.490694526,0.8449889908,0.620317062,0,0,0,0,0
2022-09-07 00:00:00.000,-0.4544560754,-0.04602260099,0.4564979115,-1.915850988,0.00552104962,0.5639448099,0.1230383405,0.3434067799,0.4845878247,0.6237464677,0.6428444027,0.630479887,2.153901488,2.153490989,2.267774379,0.7665311106,-0.5438270255,0,0,0,0,0
2022-09-08 00:00:00.000,-0.383080999,0.1557589351,0.007340864689,-1.805992887,0.06391337973,0.6250724969,0.07063337511,0.2978108065,0.4395652857,0.5723306629,0.5959650821,0.5812123265,2.021660941,1.898904158,2.187201853,0.760853328,0.0469236267,0,0,0,0,0
2022-09-09 00:00:00.000,-0.5084023188,0.1535000134,0.09838913749,-1.728515674,0.06699509197,0.6042047087,0.1061089644,0.3201470542,0.4490538195,0.5953652413,0.6192434551,0.6041321868,2.065087049,1.724320154,1.965398109,0.7881568926,-0.4756518141,0,0,0,0,0
2022-09-12 00:00:00.000,-0.8192163011,0.1170111613,0.2468273695,-1.229429625,0.2660516791,0.7434880364,0.08580140751,0.2899124651,0.4041496801,0.6302006836,0.652459126,0.63853675,2.004646645,1.626811344,1.878699086,0.7816787707,,0,0,0,0,0
2022-09-13 00:00:00.000,-0.8252321454,0.1212560378,0.6031898464,-1.206837265,0.2990610859,0.7941237732,0.1905015839,0.3966711402,0.5284145231,0.5629178003,0.5885585197,0.5730786645,1.880107542,1.552925375,2.05658662,0.7902381166,0.02701116158,0,0,0,0,0
2022-09-14 00:00:00.000,-0.8032172604,-0.07419199188,0.2489144758,-0.2882320506,0.2021664619,0.6242526581,0.1845254516,0.4091784323,0.5620445713,0.5761036473,0.5999955274,0.5844661813,2.291920957,1.820502062,2.291076288,0.8680639862,0.2240210303,0,0,0,0,0
2022-09-15 00:00:00.000,-0.4157743439,0.02232289858,-0.05737503046,-0.271897242,0.209522062,0.6196097177,0.1790316266,0.4006971011,0.5545097398,0.5651807385,0.5903233881,0.5739043106,2.261970411,1.916775929,2.629761702,0.906699816,0.3265361074,0,0,0,0,0
2022-09-16 00:00:00.000,-0.39236562,0.07097040837,0.2491169498,-0.04832076347,0.3176900278,0.6821153768,0.2318212124,0.4331178638,0.5679932855,0.6002852332,0.6233998773,0.6077163729,1.66782896,1.346312679,1.834828998,0.8073315622,-0.3513432409,0,0,0,0,0
2022-09-19 00:00:00.000,-0.4575949661,0.03539415842,0.1561008284,-0.1923571316,0.2486355607,0.6038867418,0.228833748,0.4239430299,0.5550703196,0.5903588576,0.6130240252,0.5973541534,1.292103116,1.169519207,1.846816818,0.8008013096,,0,0,0,0,0
2022-09-20 00:00:00.000,-0.9329231738,-0.2963676916,-0.136020129,-0.3703169085,0.1618891751,0.5545543223,0.2068189984,0.4140314856,0.5565733306,0.5799070333,0.6025235575,0.5864078757,1.566502145,1.396939268,1.980577257,0.7009834111,-0.7206198434,0,0,0,0,0
2022-09-21 00:00:00.000,-0.4043180907,0.0207090509,0.1653719679,-0.187087228,0.2494529589,0.6108230052,0.2167624854,0.4148897382,0.5522312438,0.5809868764,0.6035144519,0.5865906412,1.504850997,1.342952297,1.931801626,0.7134970072,0.5854267967,0,0,0,0,0
2022-09-22 00:00:00.000,-0.4930177727,-0.04246556166,0.1089380021,-0.2246938486,0.2303500992,0.6051048046,0.1816151384,0.3845682472,0.5212709082,0.5474086969,0.5724055627,0.5540129331,1.510090413,1.273740782,1.945135809,0.7066722097,-0.2204412519,0,0,0,0,0
2022-09-23 00:00:00.000,0.0351937746,-0.0383883382,-0.2408464107,-0.2115929558,0.2362002198,0.6013992969,0.1858210512,0.3863752774,0.5204026226,0.547538129,0.5729940194,0.5544820774,1.475665569,1.256627281,1.856832332,0.7303357963,0.7376259994,0,0,0,0,0
2022-09-26 00:00:00.000,-0.1317083085,0.1026105733,0.1260324524,-0.134765616,0.2732705081,0.6253678697,0.200371883,0.3985748019,0.53160622,0.5644257414,0.5842215778,0.5659120414,1.180868666,1.004502797,1.925778985,0.724222298,,0,0,0,0,0
2022-09-27 00:00:00.000,-0.2923212453,0.1751615385,0.3681909945,0.1846322769,0.4295512711,0.808768043,0.1893989645,0.4095158311,0.5722173699,0.583115696,0.5952225417,0.5774511983,1.308616058,1.205515466,1.803635215,0.9222709847,0.01086766313,0,0,0,0,0
2022-09-28 00:00:00.000,0.0339648752,0.1776730435,0.1589438317,0.1911610717,0.4325459797,0.8066352366,0.2043691769,0.4203652713,0.5820648722,0.599021055,0.6077848923,0.5892825359,1.54540876,1.377091205,1.873451762,0.9228049204,0.4109429962,0,0,0,0,0
2022-09-29 00:00:00.000,-0.200679712,0.04274309547,0.06520228202,0.1527001777,0.4142269347,0.7605299553,0.2958168724,0.4932818928,0.6506833993,0.5903353534,0.5993270676,0.5795042291,1.360457672,1.09427552,1.648228797,0.9474748581,-0.7680321914,0,0,0,0,0
2022-09-30 00:00:00.000,-0.3681811073,-0.1439095773,0.5277305564,0.2062420053,0.4385665439,0.7617547317,0.2950461635,0.4831719166,0.6325250791,0.5796935128,0.5934753141,0.569430774,1.038563477,1.115320339,1.660678306,0.7370676964,-0.7967876895,0,0,0,0,0
2022-10-03 00:00:00.000,-0.7626276828,0.05049346446,0.4361122077,0.5742838671,0.7230622194,0.3306120876,0.3944534325,0.6334200804,0.4644979544,0.5959801594,0.7576024041,-0.7203251585,0.8743359907,0.9538336472,1.741960395,0.7331685215,,0,0,0,0,0
2022-10-04 00:00:00.000,-1.556361225,-0.01466724554,-0.09306358358,0.2879345794,0.580721943,0.2937341458,0.3653483165,0.5993445636,0.4347138848,0.5645785119,0.7213988693,-0.7308131373,0.8966714181,0.8970944056,1.481490382,0.7161891257,-1.990816002,0,0,1,1,3
2022-10-05 00:00:00.000,-1.442353192,-0.7044658487,-0.2664045434,0.181791244,0.5402154306,0.1365801117,0.2418793201,0.4994769034,0.2922943126,0.43304352,0.6145783441,-0.8276210408,0.990827072,0.9913672601,1.514694529,0.7504930845,0.5899125727,0,0,0,0,0
2022-10-06 00:00:00.000,-1.230730335,-0.8374585104,-0.4394978586,0.09299158,0.4919762481,0.1407444386,0.2443353032,0.4976946769,0.2964308876,0.4349613108,0.6153433371,-0.7605107852,1.117443163,0.9419164984,1.492832226,0.6961272608,0.1274480026,0,0,0,0,0
2022-10-07 00:00:00.000,-0.8227475928,-0.6212846667,-0.1354254833,0.2648796413,0.5680093324,0.1753942218,0.2706052192,0.5143145193,0.3281357987,0.4612614513,0.6342967897,-0.7519036227,1.084443296,0.9326537884,1.384909924,0.7114275292,0.244252318,0,0,0,0,0
2022-10-10 00:00:00.000,-1.41383686,-0.7552355558,-0.07012834279,0.2968632994,0.5890286624,0.1605655317,0.2588548823,0.5091947029,0.3121623219,0.4499928068,0.6306170971,-0.7119776566,1.098560796,0.9167468065,1.34061212,0.7070607126,,0,0,0,0,0
2022-10-11 00:00:00.000,-1.650542488,-0.6786994398,-0.3052772781,0.1729444036,0.5275292431,0.1639496749,0.2611704726,0.507296393,0.3162632044,0.4503927872,0.6302952813,-0.6380295341,0.968843606,0.9818322418,1.306269283,0.6494069675,-0.7892367828,0,0,0,0,0
2022-10-12 00:00:00.000,-1.287718651,-0.7428011374,-0.359460621,0.1425456362,0.512889377,0.1255258895,0.2322007757,0.4724314749,0.286680075,0.4152640741,0.5946059298,-0.6108972958,0.9630191324,0.9944300104,1.328406874,0.6540019042,0.8756569497,0,0,0,0,0
2022-10-13 00:00:00.000,-1.079264016,-0.5248929994,-1.218171767,0.5755302887,0.6817018834,-0.1054502853,0.2591281612,0.6817876039,0.3195566469,0.4419357257,0.6095152524,-0.4965022819,0.8687240892,1.011383524,1.234155649,0.6591882624,0.1057202713,0,0,0,0,0
2022-10-14 00:00:00.000,-0.5738501306,0.0471271879,-1.397783789,0.4401181574,0.6098999,-0.1987853438,0.2415923348,0.7191308,0.2986507581,0.4192508409,0.5862373,-0.5093286476,0.7615469536,0.9592266336,1.229722371,0.7245438301,0.6569809965,0,0,0,0,0
2022-10-17 00:00:00.000,-0.5878655997,0.1240356629,-1.363482928,0.4367792329,0.606805014,-0.2103951079,0.2239738397,0.6855040837,0.2812003298,0.3965707501,0.5611628136,-0.5173259677,0.5195686322,0.6781201195,1.059509413,0.7201257502,,0,0,0,0,0
2022-10-18 00:00:00.000,-0.6121109113,0.2725452145,-1.257894102,0.4409503948,0.6043753394,-0.1687289108,0.2392878166,0.6796338653,0.3011222826,0.4111410172,0.566707761,-0.5354893094,0.2756957318,0.4961465089,1.021784019,0.75059754,-0.753718805,0,0,0,0,0
2022-10-19 00:00:00.000,-0.9568541586,0.1347021852,-1.132821357,0.4862771683,0.6264867526,-0.1445119499,0.2523192841,0.686778028,0.3151560964,0.4246114439,0.5800346369,-0.5588120886,0.4563017608,0.3431798062,0.9916628228,0.05003752485,-1.059199845,0,0,0,0,0
2022-10-20 00:00:00.000,-0.8490449197,0.03251288506,-0.7007180821,0.7543123507,0.7679642405,-0.1183891529,0.2912298217,0.7633720008,0.3513406776,0.4746272369,0.6385539998,-0.6334785387,0.6794742885,0.5616833313,1.043285376,0.0279941877,0.6687593428,0,0,0,0,0
2022-10-21 00:00:00.000,-1.746071202,0.07481916619,-1.107538357,0.5322942906,0.6550790981,-0.1196779088,0.2831266047,0.7396569807,0.3436321741,0.4640342833,0.6231797531,-0.5837880921,0.5562806726,0.611004992,1.128347606,-0.009850707597,-3.381703035,0,0,0,0,0
2022-10-24 00:00:00.000,-2.480684394,-0.572396183,-0.503923563,0.617105536,0.6032214581,-0.07584181411,0.2995014858,0.7245379282,0.3657341494,0.476989974,0.6268916643,-0.6458110631,0.4683480125,0.5277271566,1.131201361,-0.01129154105,,0,0,0,0,0
2022-10-25 00:00:00.000,-1.70108028,-0.6392547647,-0.4915717646,0.6176430622,0.6028842327,-0.1306391876,0.2539194043,0.6775243797,0.3149404001,0.422623509,0.578654891,-0.6166430435,0.5220169672,0.4918080608,0.9385947935,-0.02076266058,2.938039818,0,0,0,0,0
2022-10-26 00:00:00.000,-2.183303087,-0.6331116526,-0.5426150793,0.5867980087,0.5871957236,-0.1153637618,0.2617848392,0.679607189,0.3226378596,0.4292407925,0.5834170895,-0.6276990654,0.4563322854,0.4435045299,0.8898021385,-0.04945231723,-1.57868875,0,0,0,0,0
2022-10-27 00:00:00.000,-3.444284329,-1.288225874,-1.453899477,0.1349461941,0.36091972,-0.1170253916,0.2620175289,0.6867623332,0.3217330693,0.4303755101,0.5855358074,-0.7170331164,0.6652955135,0.5949027309,0.9588940314,-0.05298598191,-3.63904672,0,0,0,0,0
2022-10-28 00:00:00.000,-3.848438967,-1.058162396,-1.080442987,0.3312070284,0.4573667939,-0.1225834459,0.2614934171,0.6962421843,0.3199334436,0.4316409954,0.5892681488,-0.7576102092,0.7098795516,0.5956074668,0.9400431435,-0.04698062238,-1.323257095,0,0,0,0,0
2022-10-31 00:00:00.000,-3.643068317,-1.345615435,-0.8589981839,0.3937985047,0.4923196535,-0.05669969707,0.2899404591,0.680570639,0.3570997542,0.4564665536,0.6007523092,-0.7353151472,0.2896033244,0.2589321421,0.8141068368,-0.04928605615,,0,0,0,0,0
2022-11-01 00:00:00.000,-2.247033821,-0.8921277823,-0.2933392127,0.2327087066,-0.1776613104,0.2179041459,0.6595439897,0.3789049527,0.4782173494,0.5808379494,-0.8277809086,-0.646228802,0.2438372169,0.1907236309,0.7438274177,-0.0735820581,-0.7156348073,0,0,0,0,0
2022-11-02 00:00:00.000,-1.388393167,-0.8928864149,-0.280849589,0.2385131405,-0.2131636604,0.2140992611,0.6909409007,0.370603217,0.479369094,0.5925335585,-0.780249467,-0.6073901905,0.3467139527,0.2264183693,0.741259132,-0.0997490495,3.309111297,0,0,0,0,0
2022-11-03 00:00:00.000,-1.469990445,-0.7302770328,-0.1104243642,0.1929705467,-0.1605390997,0.1805148547,0.5918715581,0.4676535762,0.5836862979,0.6964486719,-0.8003632944,-0.627397748,0.2364488305,0.231712084,0.7807286122,-0.1728231877,-0.5713980016,0,0,0,0,0
2022-11-04 00:00:00.000,-0.9960774896,-0.3507865588,0.2035954469,0.3631207738,-0.1584432679,0.1723734553,0.5649197713,0.4624046492,0.5737848217,0.6786627943,-0.8321620576,-0.658376001,0.03354130435,0.3208165133,0.6974492906,-0.1758414373,0.6582572715,0,0,0,0,0
2022-11-07 00:00:00.000,-0.7107231657,-0.4197170468,0.1437363182,0.3361738054,-0.2110653965,0.1235319175,0.5282591641,0.4227494469,0.5285556156,0.6304656667,-0.8181298753,-0.6535647425,0.1054192117,0.2833396403,0.6850233073,-0.1777241571,,0,0,0,0,0
2022-11-08 00:00:00.000,-1.261186871,-0.2254004883,0.31398981,0.4209520691,-0.1750662966,0.157253823,0.5588776698,0.4483547213,0.5574473899,0.6624813526,-0.7504659697,-0.5982096899,0.0944834521,0.4109729887,0.766987391,-0.1600568867,-1.430705459,0,0,0,0,0
2022-11-09 00:00:00.000,-0.8336767954,-0.1816468859,0.3462067562,0.4427100893,-0.1063582261,0.2068297335,0.5864988747,0.488423108,0.5976991878,0.7014591688,-0.7059994545,-0.5680867066,0.09808769187,0.4235694565,0.838196535,-0.1638708864,0.9399399516,0,0,0,0,0
2022-11-10 00:00:00.000,-1.059517829,-0.3655436743,0.1842767716,0.3643452844,0.02915609759,0.3757550422,0.6136197031,0.4294391831,0.5290678219,0.6272758834,-0.5776661313,-0.4534674857,0.0618911966,0.4348643615,0.8256385778,-0.1616966039,-0.9804952503,0,0,0,0,0
2022-11-11 00:00:00.000,-1.237860676,-0.1683252221,0.3338361539,0.4580147226,0.07356119081,0.3903847647,0.6072019947,0.449685784,0.5416115023,0.6304590199,-0.5158875504,-0.3985195595,-0.04562198788,0.3270326084,0.7552881222,-0.1271114807,-1.580479364,1,1,0,2,3
2022-11-14 00:00:00.000,-1.321532528,-0.2005457291,0.328832602,0.434563237,0.05498853207,0.4064458016,0.6429729486,0.4499388011,0.5541576912,0.6578600047,-0.5099694992,-0.396655042,0.3547119747,0.4275125607,0.7425949192,-0.1293885218,,0,0,0,0,0
2022-11-15 00:00:00.000,-0.7983333682,0.07613076186,0.5759546851,0.5477810171,0.08636077176,0.4477490226,0.6868092114,0.4758946994,0.5891400625,0.7008434565,-0.3977076665,-0.2944930186,0.4387627844,0.639614214,0.851451117,-0.064634446,1.846252175,0,0,0,0,0
2022-11-16 00:00:00.000,-0.558057498,0.3158403292,0.762152655,0.657887036,0.1662643355,0.4881965343,0.6984719392,0.5164898587,0.6240896941,0.726841962,-0.3077357472,-0.215677905,0.3343146463,0.8132189137,0.9372634277,-0.2156685978,-0.06049059766,0,0,1,1,3
2022-11-17 00:00:00.000,-0.3648639875,0.16617045,0.6397644336,0.5883779619,0.1984360599,0.5293572754,0.741944306,0.5416089019,0.6590255756,0.7695808104,-0.2813529121,-0.1918222197,0.3738587771,0.7671128321,0.9158684602,-0.3319630259,0.7823459452,0,0,0,0,0
2022-11-18 00:00:00.000,-0.6415453642,0.2501658392,0.7006953409,0.6251105236,0.1904733288,0.5117162512,0.7178237644,0.531535018,0.6429544369,0.746177921,-0.2762817909,-0.1871484863,0.2038871324,0.7108144587,1.030096825,-0.4127097517,-1.163779364,0,0,0,0,0
2022-11-21 00:00:00.000,-0.6356144923,0.6217035748,0.7700191051,0.5336518254,0.2786848203,0.4934386222,0.6287968109,0.5352980727,0.6503638021,0.7556747988,-0.03226471901,0.009906244801,0.2893239246,0.7382993422,0.9121131412,-0.4139673739,,0,0,0,0,0
2022-11-22 00:00:00.000,-0.3474435992,0.7255660775,0.845364343,0.5536404779,0.2783174455,0.5013032717,0.64256152,0.5349563802,0.6572382734,0.7702707014,-0.110762225,-0.06391850353,0.3823520962,0.6864578602,0.8734335169,-0.4283306141,1.076594703,0,0,0,0,0
2022-11-23 00:00:00.000,-0.3530039784,0.7135647197,0.7392010766,0.7123196985,0.2645622143,0.4970908799,0.643242359,0.5270531015,0.6542883941,0.7684278975,-0.1587250119,-0.1081411825,0.4737266831,0.7210629231,0.8993753174,-0.4272799313,0.1958942386,0,0,0,0,0
2022-11-24 00:00:00.000,-0.3871268252,0.7788243384,0.8038500526,0.7524190833,0.3008959998,0.5185065287,0.6537332833,0.5486427254,0.6765817493,0.7806061242,-0.1242131509,-0.0756563602,0.2941346851,0.6495992611,0.8628848048,-0.4626531425,-0.5113571153,0,0,0,0,0
2022-11-25 00:00:00.000,-0.3363170243,0.6653265645,0.7068280784,0.7007100088,0.2910192737,0.5130174294,0.6541302212,0.5428414608,0.6707725216,0.7784616315,-0.1204624029,-0.07256549924,0.3183945185,0.6532508391,0.8480923304,-0.5763210143,0.1956809716,0,0,0,0,0
2022-11-28 00:00:00.000,-0.3333207143,0.2602199867,0.3762146309,0.7863004301,0.2833553565,0.3986894477,0.7294027037,0.6450106178,0.6614411928,0.6320220671,-0.06581978021,-0.02161151318,0.2218860093,0.5700150685,1.049392077,-0.576866902,,0,0,0,0,0
2022-11-29 00:00:00.000,-0.3308684971,0.4191881288,0.4990545205,0.8563467117,0.3023031311,0.4171680613,0.7531575604,0.6620883593,0.6797359046,0.650229489,0.01859760582,0.05571343328,0.2085980601,0.5676040317,0.8087721034,-0.5413744573,0.1883873174,0,0,0,0,0
2022-11-30 00:00:00.000,-0.1399128789,0.2219414775,0.3212616656,0.7800884152,0.3251717522,0.4452885408,0.7998006073,0.6879199358,0.7088677669,0.6805539188,0.04169990662,0.07518609958,0.3576220708,0.6683924281,0.8247023386,-0.6369854179,0.6572040896,0,0,0,0,0
2022-12-01 00:00:00.000,-0.4692883788,-0.1561280168,0.5468185511,-0.06145626721,0.4465329088,0.8837715522,0.6850990351,0.6982459386,0.7205106039,-0.03157546856,0.08262632993,0.1952422551,0.04357984396,0.4878258836,0.665327872,-0.7298333523,-0.8279611066,0,0,0,0,0
2022-12-02 00:00:00.000,-0.007455895668,0.1880187954,0.6336509637,-0.04278819796,0.4591496531,0.8923317598,0.6904126151,0.70340734,0.7263299876,-0.08903684279,0.03456878574,0.1517495101,0.112825856,0.3881527714,0.6421348303,-0.7795414449,1.038091393,0,0,0,0,0
2022-12-05 00:00:00.000,-0.1844939326,0.1503468148,0.690544993,-0.05239955581,0.4539015823,0.8822467749,0.6850976418,0.6982429074,0.7205039803,-0.08584436176,0.03738209179,0.1533950186,0.06767579623,0.3536598946,0.7341200055,-0.7784375129,,0,0,0,0,0
2022-12-06 00:00:00.000,-0.3153792682,0.1471711078,0.7831735872,0.009560834522,0.4861355709,0.9136138963,0.7063553439,0.7188970172,0.7438008996,0.02513796503,0.1288253851,0.2405832424,0.008642704339,0.2657110818,0.6606260013,-0.7942122958,-0.3059820333,0,0,0,0,0
2022-12-07 00:00:00.000,-0.2849712314,0.2643562275,0.5803330784,-0.1213560331,0.4327125839,0.8919346713,0.6744684926,0.6879150399,0.7088536305,0.02765043635,0.1291231566,0.2447714259,0.07574512113,0.2052907117,0.6156707195,-0.8602916933,0.2468792181,0,0,0,0,0
2022-12-08 00:00:00.000,-0.02322902365,0.2424450018,0.414728136,-0.180383572,0.4051570171,0.8243918834,0.6430626415,0.6569359485,0.6739073993,0.02965818213,0.1336900945,0.2449307383,0.00300570675,0.1643953849,0.611623684,-0.8681073339,0.1529934525,0,0,0,0,0
2022-12-09 00:00:00.000,-0.557559431,-0.01293660052,0.3140089816,-0.2025807383,0.4083323949,0.838909588,0.6445950763,0.6569404262,0.6744897502,0.008321789509,0.1142051159,0.230416537,0.0511420919,0.3708203892,0.61632866,-0.8347136529,-1.127741658,0,0,0,0,0
2022-12-12 00:00:00.000,-0.5072762585,0.02750086497,0.3461543415,-0.1435079527,0.4389613528,0.8389812447,0.6589526266,0.672434443,0.6861405194,0.03413821288,0.1370491622,0.2515577162,-0.01938055102,0.1924159659,0.6016367437,-0.8333490172,,0,0,0,0,0
2022-12-13 00:00:00.000,-0.3157083898,0.1857126747,0.4755387805,-0.070911748,0.4798106644,0.864583619,0.681231414,0.6970475192,0.709439183,0.0597093478,0.1586413035,0.274504572,-0.1984194279,0.1175049832,0.573167068,-0.8093154115,0.4258594303,0,0,0,0,0
2022-12-14 00:00:00.000,-0.5623997887,0.184607794,0.6468665946,-0.01051759278,0.5104837027,0.86396061,0.6872227531,0.7074507787,0.7210931463,0.07317212048,0.1710850859,0.2882797665,-0.3145259656,0.08863082768,0.5666206853,-0.8531833179,-0.9144557179,0,0,0,0,0
2022-12-15 00:00:00.000,-0.5928571563,-0.05315967846,0.2772117721,-0.0889317415,0.4809339891,0.8401358313,0.6643365983,0.6864409251,0.6977951225,0.1101012023,0.2018427607,0.321288204,-0.4485536865,-0.08934458439,0.4759496507,-0.8565909547,-0.03616295464,0,0,0,0,0
2022-12-16 00:00:00.000,-0.5517108466,-0.2093272763,-0.008959403917,-0.03088095418,0.5067494319,0.8079362594,0.6643370429,0.6864699729,0.6977940041,0.07633933891,0.1773473142,0.2966582473,-0.8876707863,-0.3433182339,0.2755334869,-0.9124905798,-0.7013044299,0,0,0,0,0
2022-12-19 00:00:00.000,-0.3817921718,-0.05044030815,0.1359386062,0.04931605476,0.5463929474,0.7985550833,0.674968159,0.6969147293,0.70944685,0.0779123252,0.1806990688,0.3021337489,-0.6765051797,-0.4718950207,0.2785161144,-0.9124007963,,0,0,0,0,0
2022-12-20 00:00:00.000,-0.1921245634,0.1250253769,0.2530229775,-0.1732363721,0.4403931118,0.7199263499,0.6107419425,0.6341175508,0.6395295347,0.06810289271,0.1721643723,0.2943025208,-0.7194391687,-0.5470942096,0.1301864865,-1.103959306,0.4926095027,0,0,0,0,0
2022-12-21 00:00:00.000,0.0732828864,0.2201351591,0.340257084,-0.1140176642,0.4741324188,0.7086125701,0.6175783253,0.6431627819,0.6465344193,0.1046534877,0.2046204495,0.3268130537,-0.7939513504,-0.5716293352,0.2001973409,-1.119911275,0.2983345464,0,0,0,0,0
2022-12-22 00:00:00.000,0.07955760123,0.2401812427,0.3665058032,-0.1853559238,0.4396332728,0.6617482592,0.5946606483,0.6166967225,0.6162730159,0.117850936,0.2175757631,0.3387734453,-0.7285770952,-0.6396014138,0.1877259299,-1.154607056,-0.3429005426,0,0,0,0,0
2022-12-23 00:00:00.000,-0.1046939836,0.4890494143,0.5053624075,-0.1588690884,0.4507810958,0.6560472543,0.5990329429,0.6168843205,0.6163108768,0.1194630352,0.2208780766,0.3404676329,-0.892910626,-0.7339536667,0.1416339304,-1.158811398,-1.421807478,0,0,0,0,0
2022-12-27 00:00:00.000,-0.1023118966,0.488769539,0.5062949598,-0.1547729042,0.4528701896,0.6572639308,0.5999021017,0.6193280066,0.6189998767,0.1211800635,0.222510943,0.3435854518,,,,-1.165045453,,0,0,0,0,0
2022-12-28 00:00:00.000,-0.005514286966,0.5662985746,0.5746224466,-0.1456419131,0.4560655559,0.6574550995,0.6025424718,0.6216303873,0.6244290697,0.09436662725,0.2001394815,0.3206651072,-0.8131104525,-0.7240174165,0.1554339132,-1.1806943,0.1700066194,0,0,0,0,0
2022-12-29 00:00:00.000,-0.191721273,0.408032196,0.4451965862,-0.06921915746,0.5020388131,0.6877588907,0.6255206075,0.6478688277,0.6508416485,0.1650411477,0.2605800353,0.3861027263,-0.8443817121,-0.7875496733,0.1052511224,-1.271763063,-0.839752876,0,0,0,0,0
2022-12-30 00:00:00.000,0.2660806215,0.351750618,0.3575251426,0.2966575152,0.6324236734,0.6360675317,0.5829519257,0.613837148,0.6035784957,0.1557582976,0.2531510294,0.3803403068,-0.8716351611,-0.8316354276,0.1011479233,-1.221145303,1.263967025,0,0,0,0,0
2023-01-02 00:00:00.000,-0.09326067397,0.03861947814,-0.4527737312,0.3007094392,0.8390565262,0.600524365,0.5839665082,0.6183513182,0.1746508558,0.1355360324,0.286728829,0.5270374098,,,,-1.321689472,,0,0,0,0,0
2023-01-03 00:00:00.000,0.3819485507,0.5123439694,-0.5293749027,0.3133748129,0.8601459059,0.6042074207,0.5857943994,0.6219160512,0.2761546652,0.235184866,0.3723849067,0.6527640849,-1.146922118,-0.9344472129,-0.07691413508,-1.328330133,1.617727805,0,0,0,0,0
2023-01-04 00:00:00.000,0.5236782981,0.7490942109,-0.02263462371,0.7527975454,0.9856922915,0.7261382005,0.6815479156,0.720371364,0.3961729259,0.3511140275,0.4719776419,0.7680019467,-1.254348986,-0.935253462,-0.191267047,-1.307878653,0.08644591961,0,0,0,0,0
2023-01-05 00:00:00.000,0.5690038314,0.9834264107,0.3489922369,0.8128899519,1.115573177,0.7882709376,0.7307038617,0.7698179533,0.4812516959,0.4300652241,0.5415023902,0.8425498975,-1.216673607,-1.074676337,-0.2990888197,-1.349484657,0.5750406109,0,0,0,0,0
2023-01-06 00:00:00.000,0.5674315432,0.9000376135,0.3860245616,0.942893171,0.9728573405,0.7744689883,0.7197829266,0.7588332981,0.5182714391,0.4646914141,0.5724473694,0.8744591822,-1.296072015,-1.193378535,-0.3203744659,-1.370614873,-0.2165453328,0,0,0,0,0
2023-01-09 00:00:00.000,0.5661218432,1.015204169,0.4011280784,1.020840386,1.140733562,0.8228081696,0.758018845,0.7973011659,0.5089862624,0.4536571512,0.5656795811,0.8637652432,-1.114372454,-1.020134043,-0.303553639,-1.45025553,,0,0,0,0,0
2023-01-10 00:00:00.000,0.09244334198,0.5772773118,0.3323678137,0.9639285569,1.102579246,0.8021276773,0.7416471303,0.7808390058,0.5356466547,0.4795090785,0.5866200684,0.8424122675,-1.124124007,-1.033238996,-0.3009393893,-1.413772776,-2.763800938,0,0,0,0,0
2023-01-11 00:00:00.000,0.1402381185,0.6544585592,0.2174420614,0.8883902441,1.058262022,0.7745177556,0.7198004001,0.7588660341,0.5765246512,0.5151670545,0.6180339537,0.8742896718,-1.145304496,-1.008876817,-0.2994285384,-1.418022505,-0.1722133236,0,0,0,0,0
2023-01-12 00:00:00.000,0.2823050003,0.5740055831,0.2789391339,0.9268486779,1.080077635,0.7883430916,0.7307320558,0.7698660551,0.6038669881,0.5382212143,0.6395635616,0.8955506171,-1.129582791,-0.9902689622,-0.3146825603,-1.226083856,0.7624336276,0,0,0,0,0
2023-01-13 00:00:00.000,0.1878502283,0.6511734326,0.3288639603,0.8892440634,1.024841008,0.7745413435,0.7197788554,0.7588818657,0.5917625192,0.5281020592,0.6299333017,0.8849038546,-1.175619009,-1.076911307,-0.3081904994,-1.182044694,-1.018039485,0,0,0,0,0
2023-01-16 00:00:00.000,0.4716311218,0.8061410231,0.294558229,0.8518421736,0.9954810242,0.7607292699,0.7087921233,0.7478908912,0.596304551,0.5307277715,0.6325488372,0.8848909138,-1.397762189,-1.236765966,-0.3374233742,-1.184998832,,0,0,0,0,0
2023-01-17 00:00:00.000,0.2814756347,0.6458595361,0.3834753503,0.9093276688,1.030094254,0.7538211702,0.7033052635,0.7423940515,0.6140980133,0.5415796171,0.6467932338,0.8955281063,-1.309835367,-1.173453033,-0.3138518376,-1.21701295,-0.693228009,0,0,0,0,0
2023-01-18 00:00:00.000,0.2339447021,0.6044551429,0.3728834399,0.8119136984,1.087318812,0.7538198798,0.7033139383,0.7423931727,0.6155587145,0.5410458341,0.647741909,0.895537243,-1.30293794,-1.179992889,-0.32503112,-1.2223436,0.0125212957,0,0,0,0,0
2023-01-19 00:00:00.000,0.09262037159,0.48543292,0.396290395,0.7761264211,1.040496873,0.739994228,0.6924052802,0.7313930449,0.6172976685,0.5435240669,0.6491333982,0.8955401226,-1.301126026,-1.213242887,-0.3527706077,-1.243011781,-1.015539233,0,0,0,0,0
2023-01-20 00:00:00.000,-0.0007594309654,0.6411354757,0.5773153172,0.8780660928,1.02336616,0.7607138434,0.7088760594,0.7478804439,0.6184257359,0.5429013249,0.6518013447,0.8955435283,-1.207333054,-1.183015145,-0.3485791087,-1.275283951,0.1678438763,0,0,0,0,0
2023-01-23 00:00:00.000,-0.1880775302,0.4044084699,0.5839646641,0.8320729562,1.04776338,0.7607054313,0.7088734061,0.7478747466,0.6323163705,0.5575512698,0.6627241349,0.9061827581,-1.250579626,-1.202256074,-0.3615898322,-1.281996847,,0,0,0,0,0
2023-01-24 00:00:00.000,-0.01594699912,0.4834917005,0.5927672485,0.8417976353,1.040904958,0.7606970209,0.7088707532,0.7478690502,0.6583143696,0.5842330893,0.6847989387,0.9274753657,-1.298364068,-1.251767153,-0.3844496653,-1.261484917,0.06419100967,0,0,0,0,0
2023-01-25 00:00:00.000,0.05141000293,0.718636888,0.6651457102,0.8841924029,1.05839866,0.7745039333,0.7197954479,0.7588720385,0.6613220256,0.5871511778,0.6845652979,0.9274832882,-1.291556638,-1.271124142,-0.4279167533,-1.250159449,-0.01565304139,0,0,0,0,0
2023-01-26 00:00:00.000,0.147041496,0.7177284357,0.6688841253,0.8884510415,1.056205778,0.7744958044,0.7197925354,0.7588829577,0.6884530537,0.6130788222,0.7044537388,0.9487745601,-1.303222084,-1.290097368,-0.4195749574,-1.275941274,0.1927620373,0,0,0,0,0
2023-01-27 00:00:00.000,0.1005048061,0.482098074,0.6692077489,0.8882917782,1.057424889,0.7744852388,0.7197887496,0.7588938797,0.700887501,0.624484596,0.7146923101,0.959455892,-1.267230359,-1.263060822,-0.472548581,-1.248046071,-0.1491234533,0,0,0,0,0
2023-01-30 00:00:00.000,0.1961929667,0.6392956229,0.5928578812,0.9332928357,1.056700278,0.7744730504,0.7197843823,0.7589048046,0.6884648764,0.6129134961,0.7046244871,0.9488604819,-1.277901861,-1.261368415,-0.4578967591,-1.275926437,,0,0,0,0,0
2023-01-31 00:00:00.000,0.1972156217,0.6395167265,0.6021086441,0.8950342436,1.014844796,0.7606437926,0.7088539612,0.7479094187,0.6512939519,0.5779561852,0.6747014826,0.9169287588,-1.234592256,-1.205647086,-0.4551445526,-1.284635056,0.193802275,0,0,0,0,0
2023-02-01 00:00:00.000,0.2929444835,0.1372454169,0.5190400076,1.132877538,1.005946894,0.7606158041,0.7088451298,0.6371528675,0.6422396823,0.6208546786,0.8125701038,0.9254170253,-1.196433646,-1.185653474,-0.4842840844,-1.323184421,0.08387716182,0,0,0,0,0
2023-02-02 00:00:00.000,0.2937815078,0.1870682968,0.5628178851,1.144267764,1.015849713,0.7674840494,0.7142937902,0.6424524425,0.6453639698,0.6278526297,0.8145860271,0.9275197381,-1.137606662,-1.169972998,-0.3863572076,-1.307053987,-0.4626544436,0,0,1,1,3
2023-02-03 00:00:00.000,0.1527053969,0.2378245376,0.6089524819,1.037048203,1.005605046,0.7605549919,0.7088259373,0.6538589664,0.6573911402,0.6417706085,0.8246705873,0.9381355292,-1.089260505,-1.146857381,-0.3688134639,-1.313245784,-0.5790308371,0,0,0,0,0
2023-02-06 00:00:00.000,0.1263906789,0.2406367605,0.6121277332,1.037340189,1.005428505,0.760523571,0.7088160186,0.6592434931,0.6583392223,0.6418580013,0.8246798044,0.9381272729,-1.058018424,-1.128566753,-0.3576888534,-1.42836059,,0,0,0,0,0
2023-02-07 00:00:00.000,0.204314015,0.3168557933,0.7569679507,1.153211717,1.005259985,0.760493568,0.708806546,0.7111999255,0.7105472595,0.6881340129,0.7843387059,0.8955519186,-1.092394377,-1.140751822,-0.3924906582,-1.415684207,-0.1135606348,0,0,0,0,0
2023-02-08 00:00:00.000,0.2062825289,0.2427606691,0.6910818566,1.112846282,1.030626769,0.7939825206,0.6326781287,0.7113234035,0.7110517482,0.6879445789,0.8045067211,0.9167997114,-1.085330312,-1.175071713,-0.3880512827,-1.521925545,-0.257564839,0,0,0,0,0
2023-02-09 00:00:00.000,0.3045109074,0.2872100668,0.7290768077,1.130250277,1.039902944,0.800162781,0.640801998,0.711487565,0.7115255247,0.6877552925,0.8045113362,0.9167875729,-1.13607924,-1.180245463,-0.4207815599,-1.341145507,0.3900495596,0,0,0,0,0
2023-02-10 00:00:00.000,0.2602008022,0.2480568904,0.6962552464,1.112546,1.052637466,0.8092631451,0.6093948829,0.7126138558,0.6834663032,0.6771516403,0.794424069,0.9061267309,-1.094849558,-1.143527741,-0.3932344519,-1.188617112,-0.2358173556,0,0,0,0,0
2023-02-13 00:00:00.000,0.2164930925,0.2584745776,0.7023168921,1.107932184,1.049733248,0.8066268446,0.615702911,0.7010110262,0.6725612743,0.6650122713,0.7843297077,0.8954536565,-1.098159961,-1.152510571,-0.398251179,-1.054908588,,0,0,0,0,0
2023-02-14 00:00:00.000,0.2681820016,0.2978411137,0.738947527,1.129049211,1.060325707,0.8140154277,0.6245851518,0.7013393493,0.6742174938,0.6651090673,0.7843162785,0.8954052495,-1.073085531,-1.155291788,-0.3875073611,-1.061028899,0.4039583631,0,0,0,0,0
2023-02-15 00:00:00.000,0.4622393439,0.3436032077,0.7050190533,1.070830651,1.051716957,0.8085517921,0.6175199922,0.6848953605,0.6555356478,0.6477557018,0.7691793862,0.8794149238,-1.033827525,-1.129597902,-0.3910006128,-1.051371404,1.262974266,0,0,0,0,0
2023-02-16 00:00:00.000,0.4633466179,0.3483803007,0.7092750713,1.067764084,1.049402448,0.8063368482,0.6225758166,0.6901361429,0.6628354664,0.6531500552,0.7742217776,0.8847071995,-1.095801786,-1.217231126,-0.3161184542,-1.077530086,-0.463634376,0,0,0,0,0
2023-02-17 00:00:00.000,0.5127622464,0.3506260573,0.7105637632,1.059585688,1.046221931,0.7980521474,0.6273220641,0.6883597411,0.6708231867,0.6583723525,0.7793009882,0.8900723361,-1.142633619,-1.158310099,-0.4002018813,-1.081521253,-0.2511017533,0,0,0,0,0
2023-02-20 00:00:00.000,0.5524086971,0.3496288784,0.7098207113,1.05848809,1.046583109,0.7978853458,0.6298815065,0.682771339,0.6653502095,0.6525420431,0.7742738304,0.8847703587,-1.142437778,-1.171087437,-0.4062215504,-1.082374003,,0,0,0,0,0
2023-02-21 00:00:00.000,0.4177857139,0.3486044656,0.6741109421,1.017500938,1.036219002,0.7901604289,0.624883353,0.6771179844,0.6654661111,0.652465849,0.7743204457,0.8848493611,-1.152867754,-1.214376593,-0.3937973696,-1.080993075,-1.052263291,0,0,0,0,0
2023-02-22 00:00:00.000,0.6058333377,0.5042181532,0.7736144794,0.9363319749,1.047224,0.7933940154,0.6299626783,0.6864577725,0.6775992495,0.6641038358,0.7820814243,0.8956014703,-1.163697855,-1.199888808,-0.417315977,-1.162992973,1.270744172,0,0,0,0,0
2023-02-23 00:00:00.000,0.6965382532,0.5801365931,0.836911745,0.970462831,1.069299475,0.8054753214,0.6395132198,0.6863773439,0.676280541,0.6643268782,0.7800770616,0.8958202728,-1.153662033,-1.19153649,-0.4380072636,-1.121582115,0.6102426055,0,0,0,0,0
2023-02-24 00:00:00.000,0.5460627739,0.5751560791,0.8305428736,0.9665260663,1.062343484,0.8040096612,0.6380822533,0.6804925882,0.6698463925,0.658490131,0.7734712429,0.890760477,-1.137784506,-1.248967147,-0.3619311804,-0.927289391,-1.005177611,0,0,0,0,0
2023-02-27 00:00:00.000,0.6274095307,0.4884049671,0.8240449761,0.9990211787,1.041372889,0.7973676999,0.6421347801,0.6796706504,0.6712364425,0.6578842706,0.7717411942,0.873538993,-1.22122052,-1.215098783,-0.5371707212,-0.7772522983,,0,0,0,0,0
2023-02-28 00:00:00.000,0.6618319004,0.531099933,0.863077648,1.013038682,1.038278093,0.7952017142,0.6462792074,0.6775038924,0.6717070895,0.6576056471,0.7701597992,0.8621573809,-1.236195277,-1.239900261,-0.5136462018,-0.7483702278,-0.1470624124,0,0,0,0,0
2023-03-01 00:00:00.000,0.2366353195,0.6230388558,0.9414097402,1.079711465,1.040066915,0.6222811594,0.6483988898,0.6396155753,0.7139589387,0.7404186001,0.7685477948,0.8565119523,-1.194730073,-1.196291594,-0.5327474307,-0.7568053566,0.7996232419,0,0,0,0,0
2023-03-02 00:00:00.000,0.2869743292,0.6688976046,0.9707753585,1.087723189,1.044547642,0.6277766555,0.651429287,0.6419362988,0.7141301299,0.7407351993,0.7676058823,0.8546654079,-1.206485279,-1.175290458,-0.5404378665,-0.7495680568,0.009495744941,0,0,0,0,0
2023-03-03 00:00:00.000,0.1747235897,0.5809819451,1.100523577,1.064902144,1.008272222,0.6288124952,0.6536686776,0.6425721552,0.7141880171,0.741410965,0.7669179968,0.846595149,-1.214504685,-1.179761047,-0.5148007045,-0.7628435867,-1.092954563,0,0,0,0,0
2023-03-06 00:00:00.000,0.2366331387,0.6276857304,1.121423158,1.130214694,0.9856994299,0.6136276746,0.6752721387,0.6608384454,0.7340131751,0.7359319948,0.7592155484,0.8328939087,-1.202929285,-1.19682226,-0.614344811,-0.8325574657,,0,0,0,0,0
2023-03-07 00:00:00.000,0.337349413,0.6195587848,1.050715711,1.134087811,0.9688046017,0.6110383053,0.6779493971,0.6606125954,0.7329581536,0.7365693158,0.7545183431,0.8192239887,-1.165964538,-1.178933697,-0.6129134433,-0.8135528385,0.7627943034,0,0,0,0,0
2023-03-08 00:00:00.000,0.3384305201,0.6169049682,1.042315096,1.128595816,0.9543346168,0.6151883306,0.6775684094,0.661221155,0.7287401591,0.7371644825,0.7492813397,0.8082274314,-1.182995341,-1.178983766,-0.6237742144,-0.825321802,-0.4874713458,0,0,0,0,0
2023-03-09 00:00:00.000,0.3422851647,0.6108369078,1.047639299,1.142080864,0.9592116227,0.6139055782,0.6716152707,0.6558188763,0.7203912357,0.7337624374,0.7437725697,0.7893939768,-1.155751915,-1.093554888,-0.6109961773,-0.7843291922,0.5854910939,1,1,1,3,3
2023-03-10 00:00:00.000,0.3475146293,0.6499529741,0.9001704483,1.1874066,0.9780781709,0.6126970226,0.6708413832,0.6502911408,0.7136389194,0.7313123097,0.7420815097,0.7767606832,-1.103682196,-1.119746917,-0.5700396909,-0.5274287864,1.052155478,1,1,1,3,3
2023-03-13 00:00:00.000,0.3453547036,0.6514094159,0.903240781,1.17433323,0.971881236,0.6291756771,0.6696280572,0.6518475062,0.7071642916,0.7301053325,0.7403526811,0.7658950134,-1.078952278,-1.052648349,-0.6285930523,-0.3978355948,,0,0,0,0,0
2023-03-14 00:00:00.000,0.4043408506,0.6981233089,0.9427587146,1.178311946,0.9747506153,0.6461720075,0.6686525258,0.6536518836,0.7002735763,0.7283398322,0.7366063665,0.7579428089,-1.088380972,-1.063395512,-0.6162155502,-0.3271225384,-0.5393269948,0,0,0,0,0
2023-03-15 00:00:00.000,0.3556429196,0.6978523835,0.9765125509,1.171928788,0.9716391236,0.6546088602,0.6619811575,0.6480570749,0.6871556238,0.7145674504,0.727120661,0.7479317815,-1.093844113,-1.090132746,-0.6562787142,-0.3146662393,-0.8221711944,0,0,0,0,0
2023-03-16 00:00:00.000,0.2399138626,0.6042932434,0.9014587312,1.17643983,0.9732466336,0.6486300746,0.6561371807,0.6407870079,0.6747752812,0.7064594465,0.7212807983,0.7353862188,-1.03310399,-1.029390008,-0.6364990365,-0.2482178832,-0.3635649579,0,0,0,0,0
2023-03-17 00:00:00.000,0.2625004565,0.6197430372,0.9103573556,1.164135813,0.959221637,0.6589642437,0.6490923334,0.6357629223,0.6622134108,0.7004235455,0.7112658574,0.7283851227,-1.089631003,-1.054909033,-0.6434207519,-0.1949933492,-0.6374313981,0,0,0,0,0
2023-03-20 00:00:00.000,0.1927026382,0.5617753377,0.8593255442,1.122054093,0.9296703539,0.6570165618,0.6532159019,0.6415882077,0.6615164027,0.7060655094,0.7108535636,0.7241770842,-1.107680223,-1.075178892,-0.6526919652,-0.1066020178,,0,0,0,0,0
2023-03-21 00:00:00.000,0.1808783755,0.549953096,0.8451340024,1.119698748,0.9135337915,0.6470796372,0.6536559984,0.6397460961,0.6569159114,0.706554389,0.7107110468,0.7185055207,-1.106826144,-1.050239678,-0.6568414235,-0.05455049042,0.4648755025,0,0,0,0,0
2023-03-22 00:00:00.000,0.2000932989,0.4076451931,0.9841711691,1.114279203,0.8985650968,0.6490556191,0.6492220564,0.6338565297,0.6497498874,0.7018072885,0.7069926158,0.7140412071,-1.103544898,-1.056308975,-0.6645459218,-0.04180939398,-0.3386331881,0,0,0,0,0
2023-03-23 00:00:00.000,0.1935533454,0.4320645615,0.9604668768,1.115464271,0.8880178719,0.6365340257,0.6377730973,0.618086553,0.6406755086,0.6875534272,0.6960777676,0.7009868081,-1.067715457,-1.029746926,-0.6359302591,0.0229800091,0.6140712791,0,0,0,0,0
2023-03-24 00:00:00.000,0.1648558914,0.4121439966,0.9492428588,1.092239847,0.8683327248,0.6354363953,0.6364341225,0.6174427055,0.6473496842,0.6868145512,0.6896832581,0.6946183101,-1.079642076,-1.048348085,-0.6661507729,-0.02814132925,-0.7518561764,0,0,0,0,0
2023-03-27 00:00:00.000,0.154471406,0.4083238639,0.9476969883,1.085584371,0.8707296068,0.6405936258,0.633655107,0.6149490619,0.644825383,0.6871540656,0.6858479303,0.6897462111,-1.053846581,-1.018051618,-0.6627609464,-0.0231905505,,0,0,0,0,0
2023-03-28 00:00:00.000,0.2070260507,0.4553307808,0.9891871807,1.098777757,0.8756740828,0.6539231914,0.6568239138,0.6351020412,0.6660497823,0.707071548,0.7033421445,0.7046749849,-1.045585244,-1.0106973,-0.6625117723,-0.01256672346,0.4482030075,0,0,0,0,0
2023-03-29 00:00:00.000,0.2534352798,0.4627219118,0.946070103,1.089754634,0.8623801342,0.6540609464,0.6545162579,0.6342035426,0.6607977618,0.707627286,0.7037182255,0.7003491158,-1.035771112,-0.9907252975,-0.668150455,-0.0452060074,0.2128151373,0,0,0,0,0
2023-03-30 00:00:00.000,0.2705009223,0.6662226108,1.149609623,1.139081852,0.8823983838,0.6764166828,0.6641914666,0.6395841072,0.6636535751,0.7158859695,0.7099628603,0.7058297835,-1.03611125,-0.9788519447,-0.6445673622,0.04479539773,0.1338813441,0,0,0,0,0
2023-03-31 00:00:00.000,1.112611586,0.7689362666,0.7629281505,1.106505622,0.867700348,0.6486587732,0.6650202805,0.6374776647,0.6585888883,0.7164533298,0.7103318869,0.7033546113,-1.01632237,-0.9691004383,-0.6156079351,0.1671131686,4.935360232,0,0,0,0,0
2023-04-03 00:00:00.000,0.1139406801,0.667594254,0.8887049498,0.9126282022,0.7924704588,0.6856999845,0.6260012185,0.5871448771,0.7674873443,0.6884698388,0.7337439067,0.5510971115,-0.9321136542,-0.9180900461,-0.6157359538,0.1723491576,,0,0,0,0,0
2023-04-04 00:00:00.000,0.04581170754,0.5816303786,0.8581708824,0.8947065078,0.7815456051,0.6696468732,0.6125865798,0.5745745865,0.746762533,0.6735664294,0.7198047031,0.5063457454,-0.9567637037,-0.9169974937,-0.6304600349,0.1459262728,-1.332937747,0,0,0,0,0
2023-04-05 00:00:00.000,0.04108178522,0.579150507,0.8879281729,0.9046432101,0.7339755361,0.6680508897,0.6122122011,0.5700082715,0.7396724391,0.6687810343,0.7188623543,0.5050313684,-0.9520992161,-0.9066610504,-0.6377280824,0.1763873423,-0.357354843,0,0,0,0,0
2023-04-06 00:00:00.000,0.01155165831,0.5140489943,0.9212969879,0.9486411904,0.7160955428,0.6820994346,0.6276038597,0.5819280256,0.7493051629,0.6799116898,0.7313001676,0.5094011222,-0.9353727839,-0.8919685333,-0.6492065959,0.1899918567,-0.6446665583,0,0,0,0,0
2023-04-11 00:00:00.000,-0.02938134784,0.5097470105,0.9166169673,1.013293773,0.6712918571,0.680068846,0.5196521707,0.6305990117,0.7270056524,0.656043024,0.7198686144,0.5030389269,-0.9029851164,-0.8652596465,-0.6737789789,0.1630853349,,0,0,0,0,0
2023-04-12 00:00:00.000,-0.1579937086,0.3130748273,0.9035570007,0.9535942499,0.6677865256,0.6433785958,0.5422921739,0.5377729899,0.657098636,0.6369271548,0.7038243757,0.5021916628,-0.9182375754,-0.8662900335,-0.6492210908,0.122684264,-0.9979070814,0,0,0,0,0
2023-04-13 00:00:00.000,-0.1572177402,0.4342476563,0.8506855991,0.8946011396,0.672403287,0.6185793157,0.4651629749,0.4294136138,0.5977477215,0.5988350062,0.6933010053,0.4903849311,-0.9206402298,-0.8604389732,-0.6514546648,0.1908706952,-0.4184443318,0,0,0,0,0
2023-04-14 00:00:00.000,-0.09137828816,0.3640478165,0.8846370888,0.9074227354,0.6780716599,0.6164090552,0.4603062215,0.4245289237,0.5583962054,0.56044788,0.6676853295,0.5092565557,-0.9250426845,-0.8612424727,-0.6428066475,0.2191624341,-0.09283637741,0,0,0,0,0
2023-04-17 00:00:00.000,-0.09061013155,0.2271892044,0.8780843284,0.9030017861,0.6730293644,0.5601262807,0.3969579243,0.3619091087,0.493151854,0.4970392863,0.625422238,0.4909346045,-0.9041485648,-0.8219964056,-0.5926291633,0.2238153352,,0,0,0,0,0
2023-04-18 00:00:00.000,-0.2822036765,0.2852727937,0.6958045017,0.8597119983,0.6248720056,0.5532543906,0.3823849237,0.3470388219,0.4782184799,0.4825153288,0.620282298,0.4788447032,-0.8690519727,-0.826468889,-0.6453965262,0.3277245745,-0.8271116016,0,0,0,0,0
2023-04-19 00:00:00.000,-0.2839504794,0.07885216846,0.6836500003,0.7881219839,0.656201544,0.5394495636,0.3703011372,0.3361783035,0.4647400835,0.4689904687,0.6118983546,0.4611494159,-0.8672191573,-0.8136236899,-0.6551595445,0.241775161,-0.8896117004,0,0,0,0,0
2023-04-20 00:00:00.000,-0.4835596085,-0.06850805612,0.5857042403,0.8154562193,0.6570365676,0.5015791548,0.2976315172,0.3890568744,0.4308439803,0.4458718607,0.6039628138,0.4484850406,-0.8336103084,-0.818249296,-0.6660176095,0.2135313991,-0.9193690947,0,0,0,0,0
2023-04-21 00:00:00.000,-0.4826432542,-0.07919775946,0.6658711938,0.8475795033,0.6727757257,0.5124274118,0.2988587737,0.3906323594,0.4329654594,0.4479293166,0.6113103726,0.4077797135,-0.8215273362,-0.8046594451,-0.6768701684,0.206210239,-0.1468449103,0,0,0,0,0
2023-04-24 00:00:00.000,-0.08788650121,0.2577507823,0.6164249562,0.823862164,0.6640988213,0.4911284997,0.2771979059,0.3674947172,0.4095868112,0.4248169328,0.5946998698,0.3944329236,-0.8128985518,-0.8089946465,-0.694647015,0.2011369016,,0,0,0,0,0
2023-04-25 00:00:00.000,-0.1659088615,0.2496082532,0.5677295814,0.8001171091,0.6599284288,0.51443646,0.2949365797,0.3857771731,0.4291588959,0.4438370922,0.6099818586,0.386535431,-0.7540581668,-0.7996944553,-0.6751046538,-0.2460386845,-0.4754190423,0,0,1,1,3
2023-04-26 00:00:00.000,-0.1693495498,0.3177844796,0.6617117464,0.7955205862,0.6379141401,0.5173697802,0.3149806289,0.3680212105,0.4311647069,0.445964837,0.6114719493,0.3891963504,-0.742479703,-0.775179581,-0.6379932113,-0.2341379847,-0.4406321658,0,0,0,0,0
2023-04-27 00:00:00.000,-0.1074520068,0.100934789,0.6893379457,0.8284490569,0.6638753187,0.5145522264,0.3051682531,0.3607571315,0.4251659547,0.4405219317,0.6079130837,0.3735414782,-0.7210826915,-0.7896261901,-0.6801267515,-0.2248022163,0.3746296922,0,0,0,0,0
2023-04-28 00:00:00.000,-0.04418203608,0.3080374912,0.6444380277,0.7865993936,0.6358088329,0.5096421037,0.2982426386,0.3543928307,0.4211630712,0.4361661652,0.6027852284,0.3983988661,-0.7085083133,-0.7567600733,-0.6708886811,-0.2364707125,0.07263182613,0,0,0,0,0
2023-05-02 00:00:00.000,0.08731213896,0.6668588733,0.8549348776,0.6722378431,0.4690408461,0.3365524103,0.3590020861,0.4820900015,0.4490055949,0.5274318564,0.33064405,0.3879796224,-0.7266473501,-0.6923144215,-0.6750891148,-0.2696763178,,0,0,0,0,0
2023-05-03 00:00:00.000,-0.04597890957,0.6618364897,0.850345433,0.6737121153,0.5111878765,0.3784402098,0.3989691938,0.5220851834,0.4925007652,0.5677358657,0.3236437881,0.3843730148,-0.7163935378,-0.6932572632,-0.6787685969,-0.2699116037,-1.130051158,0,0,0,0,0
2023-05-04 00:00:00.000,0.08564339237,0.7918835339,0.9274900879,0.7099266361,0.5059287511,0.3731047623,0.3927799049,0.5170483326,0.4872519082,0.5614754695,0.3316619605,0.3932813295,-0.7184095769,-0.6650880336,-0.6621463849,-0.3234099579,0.3119698736,0,0,0,0,0
2023-05-05 00:00:00.000,0.08596273154,0.6846353795,0.9252426369,0.7355659411,0.524636728,0.3852290071,0.4047997204,0.5296414849,0.5018548099,0.5763466844,0.3617993003,0.4202817322,-0.7095754602,-0.6635454074,-0.6555516365,-0.3570990859,0.1297412161,0,0,0,0,0
2023-05-08 00:00:00.000,0.08190531955,0.6784771396,0.9185381059,0.7317399261,0.5233792743,0.3784572283,0.3984077719,0.52497706,0.4978063999,0.573012486,0.3548540781,0.4159337777,,,,-0.3519915816,,0,0,0,0,0
2023-05-09 00:00:00.000,-0.0489615503,0.7430945865,0.9548776193,0.7457013908,0.540378929,0.3909392114,0.4108023342,0.5375983451,0.5129897115,0.5900590627,0.3401659721,0.4047741736,-0.7317667439,-0.6599842706,-0.6433668294,-0.3324893214,-1.012036031,0,0,0,0,0
2023-05-10 00:00:00.000,-0.04533647145,0.6210461841,0.9636514854,0.7104327309,0.5618597962,0.4164606098,0.434850171,0.5635212121,0.542774958,0.6175707455,0.3580188947,0.4185865703,-0.7513542035,-0.6678497481,-0.6570596793,-0.3583038954,-0.55868526,0,0,0,0,0
2023-05-11 00:00:00.000,0.02421763501,0.5559983432,0.9598033105,0.7247003617,0.5856735205,0.4406701554,0.4591880547,0.5089042256,0.4837603233,0.5627703478,0.3598243967,0.4202606565,-0.7324781086,-0.6581355761,-0.6325142835,-0.3725404296,0.3712317559,0,0,0,0,0
2023-05-12 00:00:00.000,0.01488109191,0.6122452784,1.095463552,0.6890883851,0.5490753678,0.408318049,0.4234396028,0.5562879473,0.5365359641,0.6078715529,0.3787048632,0.4359370105,-0.7707444995,-0.6715852391,-0.6883046523,-0.4207553897,-1.05846507,0,0,0,0,0
2023-05-15 00:00:00.000,0.2339212501,0.4837844935,1.010618078,0.6587774907,0.5159729993,0.3751769314,0.3874022959,0.522844281,0.4986037315,0.5662845008,0.34653847,0.4104174031,-0.7556591109,-0.6780566992,-0.6878398406,-0.422161587,,0,0,0,0,0
2023-05-16 00:00:00.000,-0.02995583292,0.5555404858,1.049647005,0.676153233,0.492528347,0.3494066016,0.3603357143,0.4974378881,0.4705653734,0.5380898914,0.321946383,0.3910491076,-0.7475849869,-0.6710260042,-0.709385648,-0.3374839442,-1.969720296,0,0,0,0,0
2023-05-17 00:00:00.000,0.004979334306,0.5844761856,1.062493452,0.682427623,0.4937616979,0.3399018877,0.3524307148,0.4900885556,0.4642337485,0.5354310193,0.3148280218,0.3854335294,-0.7544166334,-0.6776513236,-0.7269445408,-0.298360865,-0.009839988526,0,0,0,0,0
2023-05-18 00:00:00.000,-0.06908129493,0.531080076,1.014044531,0.6721683491,0.4727108882,0.3142616168,0.3243599913,0.4637634357,0.4349373815,0.5061106919,0.3151231165,0.3857394057,-0.7858570725,-0.7033993057,-0.7414038332,-0.3318073642,-1.336334459,0,0,0,0,0
2023-05-19 00:00:00.000,0.06150408821,0.7443825871,1.031808468,0.6299361674,0.4920747109,0.3288011539,0.3391107513,0.4785887454,0.4530429655,0.5237533017,0.3074995124,0.3808813221,-0.7786705205,-0.5943180071,-0.82261936,-0.3363718624,0.763899899,0,0,1,1,3
2023-05-22 00:00:00.000,0.06863523847,0.5401779669,0.9295773782,0.7486617504,0.4704675268,0.3007180348,0.3105696757,0.4504941816,0.4217321459,0.4942041343,0.3117236377,0.3851932867,-0.8060971918,-0.6713925561,-0.7631401248,-0.3446940016,,0,0,0,0,0
2023-05-23 00:00:00.000,0.1455898768,0.4316220729,0.8380675087,0.6960213109,0.4700866234,0.2955442646,0.3049595404,0.4443603807,0.4152216075,0.4887388662,0.3447566164,0.4121438848,-0.8133089153,-0.6626224348,-0.7057831955,-0.3421851384,0.3092137909,0,0,0,0,0
2023-05-24 00:00:00.000,0.1092229969,0.5540213489,0.90373943,0.7261130055,0.4783919202,0.3018322321,0.3101161308,0.4494354668,0.4216318459,0.4938378633,0.3169064003,0.3925911009,-0.8278834707,-0.6787184051,-0.7994046388,-0.3360639341,-1.088266218,0,0,0,0,0
2023-05-25 00:00:00.000,-0.05250510005,0.5302236838,0.8765373261,0.7238501681,0.4817997515,0.312885041,0.316627027,0.4580368165,0.4301562319,0.494030761,0.415101874,0.4673656947,-0.8808784844,-0.7109208065,-0.8376813,-0.4205387267,-2.894396492,1,1,0,2,3
2023-05-26 00:00:00.000,0.02342647033,0.5397409668,0.8716984484,0.7198849078,0.479375548,0.3108894054,0.3122442648,0.4544443098,0.4251722674,0.4863351556,0.3442391016,0.4193954714,-0.8673026824,-0.7319977055,-0.8845026791,-0.4194809344,0.2013170875,0,0,0,0,0
2023-05-30 00:00:00.000,0.02884704683,0.5198931486,0.8551310323,0.7061156482,0.4670548038,0.2941165059,0.2956888798,0.4379978275,0.4062711015,0.4689910762,0.3588209863,0.4286564806,-0.8586725246,-0.7034113027,-0.7936382313,-0.3872977038,,0,0,0,0,0
2023-05-31 00:00:00.000,0.1764260099,0.5446052596,0.8644163111,0.7024635698,0.4552981556,0.2759183163,0.2785755478,0.4208839046,0.3868230411,0.4517641155,0.3428969417,0.4203954616,-0.8533293967,-0.6973875158,-0.7896721167,-0.3858745565,1.122527099,0,0,0,0,0
2023-06-01 00:00:00.000,0.522120732,1.001119106,0.6779385092,0.3178158377,0.3444639658,0.3622235477,0.4190734125,0.419536041,0.4534354181,0.1031017641,0.3108346702,0.401156242,-0.856570544,-0.7396478695,-0.7896271491,-0.4601626659,0.6856709914,0,0,0,0,0
2023-06-02 00:00:00.000,0.3982679529,1.088597079,0.6377147134,0.3662978998,0.373053939,0.3890822763,0.4468308385,0.4471561163,0.4867204268,0.104418899,0.3146803286,0.4112413531,-0.8415464352,-0.7321754222,-0.7850739058,-0.4945697999,-0.8917061071,0,0,0,0,0
2023-06-05 00:00:00.000,0.3311826747,1.099746306,0.6400755561,0.3370895989,0.3431221623,0.3589964088,0.415839061,0.417322762,0.4576107607,0.09222327141,0.307105618,0.4074641349,-0.8808380627,-0.7537886287,-0.7349468695,-0.5172829239,,0,0,0,0,0
2023-06-06 00:00:00.000,0.3376911383,0.6525682136,0.600828424,0.321093813,0.3454767939,0.3543087611,0.4125101622,0.412825297,0.4474640157,0.05297983403,0.2762018971,0.3861289042,-0.8273802315,-0.740315089,-0.8119089407,-0.6220725491,-1.878826265,1,1,1,3,3
2023-06-07 00:00:00.000,0.4169610453,0.6642331974,0.6476919358,0.3206916469,0.3435477484,0.3493701434,0.4078034416,0.4082647914,0.4422338466,0.01550610636,0.2460744776,0.3652867837,-0.8139680367,-0.7506143227,-0.8021865102,-0.5149574578,1.431560697,0,0,0,0,0
2023-06-08 00:00:00.000,0.3517481276,0.9114357156,0.6520508427,0.361360465,0.3621075251,0.3672667462,0.4260568434,0.4267256644,0.4660602448,-0.02152211236,0.2163070971,0.3444495878,-0.7992896599,-0.7548624981,-0.8262147323,-1.195811962,-0.4042407382,0,0,1,1,3
2023-06-09 00:00:00.000,0.3566793372,0.843037838,0.6543950472,0.3869522904,0.3554180838,0.3652159916,0.4109038066,0.4139611726,0.4599868421,-0.03021159715,0.2103031357,0.3417937738,-0.7513166327,-0.7422822437,-0.8197246844,-0.889686357,2.500251453,1,1,1,3,3
2023-06-12 00:00:00.000,0.3607554866,0.8486878189,0.6504937184,0.3548800335,0.3382117583,0.3469155381,0.3931915206,0.396136986,0.4399660373,-0.0522922571,0.196532934,0.3333111748,-0.7724958073,-0.7363393182,-0.8201292236,-1.035485418,,0,0,0,0,0
2023-06-13 00:00:00.000,0.4340998747,0.7680415011,0.6016321431,0.3545947891,0.3134115281,0.3301609576,0.3756838281,0.3807719929,0.4413952617,-0.07778407873,0.1853826509,0.3262612959,-0.7279186397,-0.7165140978,-0.8430409685,-0.9574044771,2.111836914,0,0,0,0,0
2023-06-14 00:00:00.000,0.5133875665,0.7762826222,0.4720014462,0.3777253779,0.3126305473,0.3338318453,0.3785180092,0.3850549696,0.4567972435,-0.07291651412,0.1944942091,0.3377275134,-0.6994769363,-0.7236577868,-0.8398019036,-0.9410480443,0.9292418467,0,0,0,0,0
2023-06-15 00:00:00.000,0.4900779336,0.702416127,0.5147683724,0.4424741476,0.3386085779,0.363219784,0.4070058528,0.4145185533,0.5028308835,-0.04002024522,0.2246410933,0.3629136001,-0.7082901141,-0.6944788073,-0.8722414101,-0.7042803588,0.4608619957,0,0,1,1,3
2023-06-16 00:00:00.000,0.4962155391,0.7093921223,0.5151774223,0.449368711,0.3708711517,0.3866740733,0.4326806896,0.4368229685,0.5197272964,-0.039624733,0.2293236814,0.3730360403,-0.8235442975,-0.7159753186,-0.8454473285,-1.593297507,-2.132432371,1,1,1,3,3
2023-06-19 00:00:00.000,0.6067068727,0.6354109208,0.5123292738,0.4310588122,0.3449742398,0.3668581586,0.4123220984,0.4176672393,0.5085643311,-0.02573098945,0.2470168936,0.3898398056,-0.8253655316,-0.7237992544,-0.8598473794,-1.63975896,,0,0,0,0,0
2023-06-20 00:00:00.000,0.7623988894,0.8000893167,0.5959466066,0.4478126566,0.339920149,0.3690444971,0.4311026298,0.437607541,0.5628213111,-0.02978635047,0.2518662661,0.3984573376,-0.7854591507,-0.7089664985,-0.8344190171,-1.618181161,1.438110111,0,0,0,0,0
2023-06-21 00:00:00.000,0.8447036099,0.884306462,0.5497405526,0.4204851505,0.3153726207,0.3496010919,0.4159604038,0.4230642764,0.5711818601,-0.01136573293,0.2715085646,0.4155501333,-0.7665212174,-0.7027343786,-0.8227036816,-1.673456198,0.3268704996,0,0,0,0,0
2023-06-22 00:00:00.000,0.7744755246,0.8879610745,0.5473226043,0.4224588786,0.325696182,0.3594444845,0.4300469627,0.4361169239,0.6102914748,0.0118869139,0.2922657922,0.4337357948,-0.8120768101,-0.7097884798,-0.8445255374,-1.722229414,-1.233173835,0,0,0,0,0
2023-06-23 00:00:00.000,0.8539698586,0.9722198552,0.5452855884,0.4146682953,0.3230008677,0.3530696229,0.4265253093,0.4323981375,0.629354275,0.06093480714,0.3285532862,0.4638535791,-0.8356600114,-0.6934827284,-0.8289753302,-1.70443592,0.0833674101,0,0,0,0,0
2023-06-26 00:00:00.000,0.8548094486,0.9745529195,0.6303839166,0.4038991382,0.3192285321,0.3468591619,0.424054688,0.4297443202,0.6609687034,0.04642649266,0.3214270856,0.4613090796,-0.8325447087,-0.6768299032,-0.8728920208,-1.660552833,,0,0,0,0,0
2023-06-27 00:00:00.000,0.932551479,0.9680400242,0.6680689167,0.4880264591,0.360832779,0.3989091147,0.3975785485,0.4045883641,0.7082602,0.09733784686,0.3602053711,0.4915024462,-0.7910561058,-0.671780204,-0.8708048018,-1.649199477,1.084242427,0,0,0,0,0
2023-06-28 00:00:00.000,1.079635876,0.9666962322,0.6891924899,0.4769910581,0.3576568474,0.4017123361,0.4069835336,0.4177308863,0.7986971048,0.04989501233,0.3383273493,0.476386779,-0.7990954651,-0.675050755,-0.8646938549,-1.66114914,0.559815839,0,0,0,0,0
2023-06-29 00:00:00.000,1.072673935,1.050077302,0.7021395689,0.5390379757,0.3982342128,0.4595875928,0.4766086104,0.4984265101,1.052945493,-0.002601438774,0.3149835005,0.4614473054,-0.7919006688,-0.6778914475,-0.8633340267,-1.748904137,0.07597192475,0,0,0,0,0
2023-06-30 00:00:00.000,1.291076144,1.130361355,0.7490889769,0.5475602166,0.3904652922,0.4533249748,0.4737206447,0.5050723063,1.071977491,-0.0115254316,0.3106766071,0.4603438386,-0.7659784012,-0.6529234073,-0.8683475573,-1.731892343,1.569155604,0,0,0,0,0
2023-07-03 00:00:00.000,1.282805013,1.122078197,0.2166145809,0.1053142371,0.4636129685,0.7580286007,0.5865312688,0.430317508,-0.2580680877,-0.0795382971,0.4055246076,0.6506054851,-0.7650221184,-0.6700731121,-0.8901806202,-1.826052313,,0,0,0,0,0
2023-07-04 00:00:00.000,0.8268687012,0.8614138964,0.3213080995,0.1388440314,0.4879337437,0.7977021779,0.6296004752,0.4724101666,-0.09272398521,0.03020521023,0.468003716,0.697559641,-0.7208495351,-0.6592404416,-0.8828855337,-1.886199092,-2.34179647,0,0,0,0,0
2023-07-05 00:00:00.000,0.9427199729,0.8544993043,0.3044792063,0.1291332845,0.4815368726,0.7960607347,0.6324073596,0.4773857207,0.03977663315,0.1127195507,0.5114575047,0.7281285656,-0.728542567,-0.6490313404,-0.8653443812,-1.908726631,0.3569451026,0,0,0,0,0
2023-07-06 00:00:00.000,0.8993722434,0.9349377241,0.4542172511,0.1274903269,0.4037931658,0.7898168684,0.6294711645,0.4766247013,-0.08111390945,0.04133115432,0.4756332323,0.6994353046,-0.7373868076,-0.6525616345,-1.806802391,-1.868834024,-0.8055691231,0,0,1,1,0
2023-07-07 00:00:00.000,0.9751165528,1.185860835,0.5049328539,0.2238693398,0.5354456341,0.8650221466,0.7181380751,0.5779725204,0.06943799537,0.1314396916,0.5249731997,0.7326272461,-0.7317913189,-0.645366971,-0.8668520955,-1.858445132,0.5959345159,0,0,1,1,0
2023-07-10 00:00:00.000,1.052340901,1.097568656,0.410764548,0.2104099514,0.5167978094,0.8214706032,0.6898594753,0.56382427,-0.03229669046,0.06679828868,0.4813885951,0.7047567927,-0.7487286372,-0.6612527984,-0.9076719131,-1.878092651,,0,0,0,0,0
2023-07-11 00:00:00.000,1.054328121,1.094277072,0.5538025126,0.2912595863,0.5615882276,0.8770890675,0.7580721518,0.6577463648,-0.09163926787,0.03085010171,0.4595838198,0.6890616127,-0.7613576164,-0.6723991881,-0.9144224306,-1.883452477,-0.2109474218,0,0,0,0,0
2023-07-12 00:00:00.000,1.057772155,1.013376531,0.5291766135,0.2930160252,0.5572118266,0.8710450255,0.7630340446,0.6850101074,-0.09139373587,0.02900047175,0.4538629825,0.6862043412,-0.7880468454,-0.6934396749,-0.923827407,-1.801641696,-0.659019994,0,0,0,0,0
2023-07-13 00:00:00.000,1.060493333,0.8478782543,0.3154047028,0.3354586603,0.617051917,0.8680965335,0.7648223315,0.7043399245,-0.1013806778,0.02419772141,0.4521981447,0.6831538811,-0.7459227731,-0.6720548169,-0.8412409599,-1.768365292,-0.07745441156,0,0,0,0,0
2023-07-14 00:00:00.000,1.106874754,0.8497150365,0.4869276392,0.2776095908,0.4481435282,0.8195886556,0.7128238402,0.6560232848,-0.1074054974,0.02016631275,0.4481692897,0.6799180186,-0.8136281422,-0.7042112331,-0.9574127027,-1.81152707,-0.4049398116,0,0,0,0,0
2023-07-17 00:00:00.000,1.0620724,1.08712056,0.4840368846,0.2707413187,0.4413542614,0.8144181115,0.712957082,0.6793079881,-0.1175538348,0.01506960827,0.446463077,0.6767900535,-0.8141106024,-0.6975606164,-0.9372452908,-1.798425086,,0,0,0,0,0
2023-07-18 00:00:00.000,1.065558731,1.0851946,0.5096588466,0.2579568497,0.4302467517,0.814855633,0.7117685037,0.6919368538,-0.1346130009,0.00901783988,0.4487697524,0.6742836931,-0.7920343117,-0.6551675443,-0.8898313786,-1.736155385,0.5077798758,0,0,0,0,0
2023-07-19 00:00:00.000,0.9915767093,1.100777693,0.5926654131,0.3091379425,0.4578519242,0.7662606564,0.6525090789,0.6231599331,-0.1974475297,-0.02644194374,0.4312146675,0.6599869932,-0.7963271236,-0.6867858238,-0.9090896803,-1.698076197,-1.056692782,0,0,0,0,0
2023-07-20 00:00:00.000,1.020542072,1.094535676,0.5067245524,0.2408872141,0.414191097,0.7281582083,0.5981124617,0.513517555,-0.3258485825,-0.09632363143,0.4008938463,0.6338885104,-0.7938288382,-0.6730861006,-0.8906949263,-1.523671543,0.9766129838,0,0,0,0,0
2023-07-21 00:00:00.000,0.9847118708,1.001874526,0.4367221754,0.211858545,0.393011347,0.706237622,0.5699001789,0.474105629,-0.3240573955,-0.09688824892,0.3963604189,0.6317912842,-0.7919994244,-0.6761310837,-0.8944711181,-1.468631114,-0.6358504076,0,0,0,0,0
2023-07-24 00:00:00.000,1.039241946,0.8261533605,0.4529932083,0.2022728547,0.3835645023,0.7149990355,0.5745866489,0.4653178501,-0.3784972309,-0.1262817907,0.384290494,0.6202498199,-0.7869063995,-0.6606602852,-0.8872965134,-1.43753312,,0,0,0,0,0
2023-07-25 00:00:00.000,1.036538752,0.9037620452,0.4772217166,0.1936285499,0.3741783863,0.7244041639,0.5786848238,0.4547967072,-0.283565855,-0.07099617364,0.4144823292,0.6398605997,-0.7466761879,-0.6471136539,-0.8487793108,-1.398688035,0.5962419744,0,0,0,0,0
2023-07-26 00:00:00.000,1.037297136,0.9020548921,0.4424596596,0.201418328,0.3733925299,0.718867647,0.5785677735,0.4688104128,-0.2750225314,-0.06928974372,0.4094991744,0.63837008,-0.7762860658,-0.6736319299,-0.8836707056,-1.204602384,-1.028832815,0,0,0,0,0
2023-07-27 00:00:00.000,1.018679705,1.147641183,0.5324863026,0.2528748947,0.4021976077,0.7620907221,0.6526251478,0.5604369546,-0.2149469103,-0.03564067566,0.426048823,0.6499058304,-0.7728279444,-0.6630622878,-0.8445783328,-1.183366965,-0.3298938973,0,0,0,0,0
2023-07-28 00:00:00.000,0.9718170342,1.138582267,0.4412397144,0.2296082956,0.3857125778,0.7243230579,0.6163235867,0.5241534724,-0.1421546293,0.005148862246,0.4387450008,0.6620413878,-0.7947205182,-0.6769823685,-0.8573408497,-1.012782503,-1.519449531,0,0,0,0,0
2023-07-31 00:00:00.000,0.9718363415,1.131812594,0.4532913212,0.2207342818,0.3778154236,0.7224796768,0.6149862627,0.514803583,-0.1416666609,0.01019120201,0.4413986478,0.6625252434,-0.7997163318,-0.6699238115,-0.8475314996,-0.9896637095,,0,0,0,0,0
2023-08-01 00:00:00.000,0.8533920969,0.06394063558,-0.3047360012,0.1727239843,0.6487330398,0.5398352926,0.3864864893,-0.07107986731,-0.01540689496,0.2789641798,0.6016743195,0.6625932775,-0.7575183183,-0.6867896684,-0.9438448548,-0.9511270411,-0.2801398255,0,0,1,1,3
2023-08-02 00:00:00.000,0.9751187636,0.06900637351,-0.3184926975,0.1635715653,0.6379354774,0.5295348711,0.3851825852,-0.07166807192,-0.01150648335,0.2829638728,0.6017620435,0.662661318,-0.7429609819,-0.6902393089,-0.8593107153,-0.8939230973,1.512021249,0,0,0,0,0
2023-08-03 00:00:00.000,0.9002741267,0.349305501,-0.1681039611,0.2425802793,0.6150193517,0.4990943195,0.3515424396,-0.07631023999,-0.009920905654,0.2907075847,0.6016749451,0.6625936493,-0.7275460021,-0.6909975009,-0.8413429282,-0.8165275573,0.1293827024,0,0,0,0,0
2023-08-04 00:00:00.000,0.9008230815,0.2347456622,-0.2207623793,0.2097626735,0.5900499519,0.4687832546,0.3227540005,-0.1043328116,-0.04076132681,0.273592272,0.591895344,0.6554056568,-0.7337796602,-0.7006160493,-0.8428343711,-0.7606960773,-0.6752357388,0,0,0,0,0
2023-08-07 00:00:00.000,0.9457424272,0.2265576801,-0.1802195704,0.2851869361,0.6051163952,0.4882130591,0.3552681117,0.2017091897,0.3570216305,0.5083603868,0.520617037,0.6030330148,-0.7296384963,-0.6982058439,-0.8555857731,-0.740227076,,0,0,0,0,0
2023-08-08 00:00:00.000,0.9753492761,0.2196110331,-0.1818104573,0.2793528697,0.5983014932,0.4823679236,0.3601224686,0.1723406317,0.3247330195,0.4911825635,0.5111714576,0.5961069655,-0.7294216141,-0.69791296,-0.8408226046,-0.7383992024,0.1240382314,0,0,0,0,0
2023-08-09 00:00:00.000,0.9753492761,0.4247526382,0.04322566861,0.1699968376,0.6200624571,0.5015150442,0.3807463567,0.2037266472,0.3766654647,0.5390839092,0.5269729018,0.6076951129,-0.6880527769,-0.6841179745,-0.8469950391,-0.3478012933,1.978637241,0,0,0,0,0
2023-08-10 00:00:00.000,1.050202486,0.4684162299,-0.2212113921,0.3804920419,0.6343180644,0.520955092,0.4171671557,0.1549604137,0.3199601273,0.5053763825,0.5104675871,0.5955499069,-0.6540134927,-0.7064240745,-0.8581874996,-0.3545487303,-0.01972390208,0,0,0,0,0
2023-08-11 00:00:00.000,1.049588537,0.2926222431,-0.345224082,0.3141607635,0.5945179913,0.4633204971,0.3464617663,0.09975369665,0.2592730375,0.4764991874,0.4937374125,0.5832244521,-0.6616171939,-0.6965598995,-0.8370579198,-0.3487460392,-0.2579071754,0,0,0,0,0
2023-08-14 00:00:00.000,0.9730520514,0.5019100122,-0.3015788794,0.2752573042,0.6128827019,0.4834313062,0.380725396,0.09338379195,0.2584205007,0.4807062314,0.4932376203,0.5828271009,-0.6599917061,-0.7033782469,-0.8309815632,-0.3473843546,,0,0,0,0,0
2023-08-15 00:00:00.000,1.120946076,0.4408908018,-0.232514275,0.2572710029,0.6232969266,0.477580398,0.3635391175,0.07225763315,0.2482386741,0.4995940588,0.4925112669,0.5822484522,-0.6357550298,-0.6991252236,-0.8463116974,-0.2744210523,1.767517823,0,0,0,0,0
2023-08-16 00:00:00.000,1.104120001,0.4306703594,-0.1210292125,0.2843821117,0.6448170732,0.498916733,0.4006350811,0.06500435626,0.2459478456,0.5010113086,0.517088154,0.6002235096,-0.6435303291,-0.6995529739,-0.833207443,-0.2696027418,-0.3063827342,0,0,0,0,0
2023-08-17 00:00:00.000,1.190158918,0.9359567614,0.6198894521,0.6389503326,0.8729077045,0.7691143166,0.7451354967,0.5977778324,0.8987902345,0.879750522,0.6957619388,0.7313552182,-0.6498124498,-0.6920329317,-0.8267466404,-0.2519145391,0.2248667534,0,0,0,0,0
2023-08-18 00:00:00.000,1.155052478,1.006297835,0.4917045124,0.6643003928,0.8903803803,0.7671964306,0.7400999735,0.3554841656,0.6095856212,0.7198203377,0.6414529233,0.6913071903,-0.6362407446,-0.6826121013,-0.8366115668,-0.2281277712,-0.133730713,0,0,0,0,0
2023-08-21 00:00:00.000,1.254985732,0.7507631127,0.4566640443,0.4237872655,0.8083528753,0.639992253,0.5866202451,0.3432419707,0.6018676361,0.7293524128,0.5749350592,0.6423164599,-0.5850366318,-0.6529394023,-0.8169581699,-0.2256756293,,0,0,0,0,0
2023-08-22 00:00:00.000,0.8193612982,0.8392226771,0.3502538033,0.4977931168,0.8705230251,0.6765426293,0.6364168302,0.2282300757,0.4756395283,0.6709164361,0.6051039311,0.6643567956,-0.5418384183,-0.6388063532,-0.7895974719,-0.1853217924,-1.785274309,0,0,0,0,0
2023-08-23 00:00:00.000,1.04033308,0.9109368459,0.4787832008,0.5779147345,1.002052376,0.7909674473,0.8001003134,0.2530314329,0.5006446564,0.6726935254,0.6084226951,0.6665680964,-0.6244281823,-0.6651539586,-0.7983548144,-0.04752781811,-0.1012034695,0,0,0,0,0
2023-08-24 00:00:00.000,1.022677973,0.658385558,0.2370568574,0.4936853213,1.006060366,0.7593315045,0.7970312966,0.4584669351,0.7172426964,0.7790526093,0.5988536644,0.6593098475,-0.6891966614,-0.713181554,-0.845368243,0.04117120795,-1.16473798,0,0,0,0,0
2023-08-25 00:00:00.000,0.828032566,0.6736788105,-0.007589873408,0.5191620844,1.100611558,0.8387806025,0.8783318833,0.4463280063,0.7073679617,0.7831687534,0.5959444255,0.6569675454,-0.6747444495,-0.7036033966,-0.8473504225,0.0975392478,-0.4002151173,0,0,0,0,0
2023-08-28 00:00:00.000,0.826898304,0.6684852264,-0.01698242385,0.5132346025,1.095459362,0.8330368085,0.8751348599,0.4411076395,0.7010965997,0.7799265444,0.5929811557,0.654578929,,,,0.1028212201,,0,0,0,0,0
2023-08-29 00:00:00.000,0.8795864835,0.3880106578,-0.02711555155,0.5323449933,1.008810415,0.7497879503,0.7790298413,0.4325950339,0.6934344301,0.7799051879,0.5919918545,0.6538028717,-0.6498158356,-0.7075012182,-0.8448093813,0.138901197,0.2441734206,0,0,0,0,0
2023-08-30 00:00:00.000,0.873642809,0.3920506627,-0.05737442096,0.5350605836,1.018232609,0.7456615164,0.7732901654,0.4227373337,0.6848286128,0.7842824402,0.5919918545,0.6538028717,-0.6456972468,-0.7146448314,-0.8886149879,0.1339122499,0.135654636,0,0,0,0,0
2023-08-31 00:00:00.000,0.9260572061,0.9265755063,0.0502093303,0.2231011271,1.056971041,0.7789665992,0.826224486,0.3652827045,0.6223935838,0.7429030721,0.5761265814,0.6421565235,-0.7248192283,-0.7605401692,-0.9255127717,0.144357593,-0.6307427964,0,0,0,0,0
2023-09-01 00:00:00.000,0.7693148559,-0.2635492615,-0.113128556,1.076081602,0.8421988641,0.5767893408,0.4158455208,0.5560126195,1.18878209,0.6973134454,0.592080015,0.6538709475,-0.683809342,-0.6752530125,-0.819805988,0.1055817624,1.219491495,0,0,0,0,0
2023-09-04 00:00:00.000,0.9076095585,-0.05069315432,-0.1076528933,1.107614125,0.8332473159,0.5790552344,0.4120445405,0.5526004166,1.173005068,0.6983558537,0.5925179412,0.654209616,-0.745211422,-0.7312321949,-0.9172408608,0.1119442397,,0,0,0,0,0
2023-09-05 00:00:00.000,1.069984832,0.04726936024,-0.4141945619,1.191234269,0.8451025809,0.5989072878,0.4404570075,0.6108668702,1.233288796,0.7315081004,0.6082174356,0.6657260186,-0.7105212944,-0.6604249079,-0.816294329,0.1123253335,1.371496988,0,0,0,0,0
2023-09-06 00:00:00.000,0.8595428645,-0.1477301206,-0.01056224781,1.284587052,0.8854544054,0.6444484487,0.4417262621,0.6129080819,1.206667672,0.7313028377,0.6081304673,0.665658655,-0.7440413946,-0.67784801,-0.8364934455,0.2045787798,-2.255327951,0,0,0,0,0
2023-09-07 00:00:00.000,0.8831488921,-0.1934198402,-0.03370794134,1.271306737,0.8536950116,0.6139859107,0.3932051726,0.5410152564,1.14029047,0.6984359936,0.5925331278,0.6542186618,-0.7455257467,-0.698787632,-0.8435346157,0.1705790676,0.6551444811,0,0,0,0,0
2023-09-08 00:00:00.000,0.905616355,-0.0573030765,-0.09159902187,1.317182364,0.8624063787,0.6244918403,0.3871428517,0.535299374,1.131615997,0.6972905557,0.5920276475,0.6538241989,-0.7086329947,-0.7015700044,-0.8322554745,1.249073039,0.5819830935,0,0,0,0,0
2023-09-11 00:00:00.000,0.9721338378,-0.1816981383,-0.104967489,0.8639510186,0.8578615424,0.873898445,0.2485492511,0.7393248127,1.31226722,0.6625988849,0.5756524159,0.6417809414,-0.6806272071,-0.6902939861,-0.8230040429,1.254709382,,0,0,0,0,0
2023-09-12 00:00:00.000,0.8746946654,0.1240836642,0.3592004518,0.7548358556,0.7895571809,0.809506379,0.2018100163,0.6641974082,1.238809919,0.6277648316,0.5592026095,0.6296778315,-0.7253254282,-0.6873791196,-0.8971812344,1.281992911,-0.9354264336,0,0,1,1,3
2023-09-13 00:00:00.000,0.9281030953,0.1035344074,-0.08513100127,0.8302433146,0.8449131124,0.859967191,0.1855651241,0.6581769986,1.242495394,0.6281462142,0.5593709714,0.6298092177,-0.7009006748,-0.6927465408,-1.067907081,1.318243768,0.8398918723,0,0,0,0,0
2023-09-14 00:00:00.000,0.9172946777,0.1525671182,0.1689373785,0.8918515419,0.8768182698,0.8925684741,0.1845972005,0.6523367997,1.224589819,0.6281462142,0.5593709714,0.6298092177,-0.6955031077,-0.6702988331,-0.8466403752,1.427135239,-0.4109556152,0,0,1,1,3
2023-09-15 00:00:00.000,0.9185922893,0.1617211232,0.1587858105,0.8884476541,0.8612877092,0.8889411243,0.1730664237,0.646741483,1.218555343,0.6277763309,0.5592049003,0.6296792234,-0.6731130716,-0.6756707643,-0.9032461862,1.451736171,0.276075137,0,0,0,0,0
2023-09-18 00:00:00.000,0.9048576133,0.148137507,0.008187181005,0.8553009635,0.8366173922,0.8654630223,0.1779764023,0.6411817517,1.194352475,0.6274066281,0.5590388641,0.6295492518,-0.716735271,-0.6988899457,-0.9049987683,1.454419116,,0,0,0,0,0
2023-09-19 00:00:00.000,0.9322715706,0.006627792837,0.3263610217,0.826913594,0.8243604109,0.8515710768,0.1629607091,0.636698045,1.193080429,0.6259983129,0.5583887832,0.6290379303,-0.7103342651,-0.6809348865,-0.8996337387,1.561297956,0.870119428,0,0,0,0,0
2023-09-20 00:00:00.000,0.9189116914,-0.05105410256,0.057824333,0.7695286191,0.7891019726,0.8167941334,0.1630419742,0.6323293478,1.17239113,0.5568677782,0.5256909783,0.6049840257,-0.6944938483,-0.6801358374,-0.9069823644,1.574253562,-0.1120924552,0,0,0,0,0
2023-09-21 00:00:00.000,0.9865310541,0.04028667374,0.1675729919,0.730346386,0.7571982356,0.7967040626,0.09783042526,0.5374216297,1.092224207,0.5968076226,0.5445969377,0.6188554451,-0.6911407528,-0.6277914357,-0.8866882512,1.590438525,0.7173413525,0,0,0,0,0
2023-09-22 00:00:00.000,1.047906757,0.09495570989,0.1994712263,0.7571092285,0.7657021604,0.8187283705,0.04948291239,0.4709047644,1.04042813,0.5691618064,0.5315194744,0.6092349944,-0.6673131,-0.6763113226,-0.9242877822,1.630356102,0.5151672568,0,0,0,0,0
2023-09-25 00:00:00.000,1.325196531,0.3501062639,0.389304339,0.8607648007,0.8289369706,0.8849468054,0.0659730326,0.5263110603,1.095131928,0.5961663638,0.5443030234,0.6186245673,-0.6045337579,-0.6305496441,-0.9099597876,1.631841422,,0,0,0,0,0
2023-09-26 00:00:00.000,1.048548972,0.6632335379,0.426881646,0.8599086854,0.814805005,0.8828378967,0.07817980472,0.5204477217,1.070578866,0.5955973723,0.5440419743,0.6184194748,-0.6838318939,-0.6516384701,-0.9146944241,1.82316119,-1.994694107,0,0,0,0,0
2023-09-27 00:00:00.000,1.221091899,0.5327583894,0.3099421007,0.8525057162,0.8051835825,0.8845937198,0.1273650335,0.6075434946,1.135327324,0.621747321,0.5564334916,0.6275010836,-0.6857862117,-0.6774217388,-0.9705717781,1.835599796,1.049649353,0,0,0,0,0
2023-09-28 00:00:00.000,1.245815039,0.834178013,0.749124019,0.8850996361,0.8260667923,0.8942939715,0.1803022605,0.6855470987,1.173674616,0.6548394539,0.574555261,0.6337194781,-0.6916894002,-0.6783569852,-0.9805917592,1.825012049,0.1376141545,0,0,0,0,0
2023-09-29 00:00:00.000,1.589725025,1.143519828,0.9162650267,1.036545291,0.9177341576,0.9729870449,0.1731252147,0.6828168379,1.165770482,0.7204925847,0.608036389,0.6521976034,-0.6902681944,-0.6729742297,-1.037354765,1.824209221,1.895653823,0,0,0,0,0
2023-10-02 00:00:00.000,1.082327413,1.119269548,0.851200426,1.058032295,0.9959960198,0.2957179863,0.6874634432,1.334682227,1.014232163,0.7491428917,0.6235695261,0.4653817939,-0.7420043117,-0.7002650973,-1.202173676,1.824112442,,0,0,0,0,0
2023-10-03 00:00:00.000,1.218044046,1.528004317,1.269977201,1.11806777,1.052616216,0.3888082887,0.8349363247,1.540060761,1.192584897,0.8450627048,0.6710540709,0.5205908496,-0.757948196,-0.7400856523,-1.180621129,1.815226001,0.6032997817,0,0,0,0,0
2023-10-04 00:00:00.000,1.20804661,1.419744745,1.082183527,0.971497473,0.954737063,0.3791104023,0.832000078,1.534191052,1.18947648,0.8393801434,0.6703820279,0.5198006291,-0.6932125801,-0.6749434456,-1.089660249,1.786244399,0.1354456969,0,0,1,1,3
2023-10-05 00:00:00.000,1.12784072,1.315703258,0.9587852691,0.977402985,0.839994477,0.4092056527,0.8817778979,1.587029306,1.249549189,0.8672203886,0.6856516089,0.5215418308,-0.6756269329,-0.6700117379,-1.146655488,1.809123467,-0.767318461,0,0,0,0,0
2023-10-06 00:00:00.000,0.846527214,0.8934970512,0.8161989081,0.9698766697,0.9041026952,0.3034780612,0.7227869226,1.352354266,1.186623436,0.8275221006,0.6687356486,0.5283442359,-0.6719162448,-0.6475981918,-1.145452764,2.267512996,-1.30229959,0,0,0,0,0
2023-10-09 00:00:00.000,0.9707582118,1.105583968,0.7905829683,0.8491339966,0.7686664116,0.2404090118,0.7219138071,1.479620501,1.249971531,0.8213026775,0.6513577361,0.4967372167,-0.5971997216,-0.5761884244,-1.04689538,2.266528938,,0,0,0,0,0
2023-10-10 00:00:00.000,1.108821517,0.9935627241,0.639649817,0.8447566786,0.8353428706,0.1788755008,0.6654011801,1.446352425,1.242426629,0.8086884993,0.6458181176,0.47758303,-0.5071899297,-0.5717634038,-1.109350522,2.247093358,1.281237764,1,1,1,3,3
2023-10-11 00:00:00.000,1.085673696,0.8784912826,0.6412261009,0.7821904833,0.7641201372,0.164419101,0.641863959,1.398811557,1.217488675,0.7891564492,0.638624764,0.4530078013,-0.4514845085,-0.5619139996,-1.053931704,2.124620628,-0.3571563287,0,0,1,1,3
2023-10-12 00:00:00.000,1.077252625,0.8723373811,0.5198492786,0.765312222,0.7982406332,0.0880067892,0.5729105121,1.357246723,1.176982183,0.7560862873,0.6226742532,0.4466560447,-0.4313590807,-0.5427703469,-1.08588891,2.183856733,0.5623776633,0,0,0,0,0
2023-10-13 00:00:00.000,1.010888084,0.9748347685,0.3183383672,0.5677434157,0.6411347721,0.02604416833,0.5122078753,1.309035641,1.117661627,0.7166217356,0.6042508461,0.4135349431,-0.3633729678,-0.4559813688,-1.014554762,2.151376583,-0.08431734639,0,0,0,0,0
2023-10-16 00:00:00.000,0.8579446131,0.9678261054,0.2128005118,0.4297745459,0.5127814524,0.03498151923,0.5092424696,1.259706419,1.115372826,0.7110885488,0.6043498623,0.3717438046,-0.4543641264,-0.4685796473,-1.012782496,2.135648819,,0,0,0,0,0
2023-10-17 00:00:00.000,0.8510288646,0.853348837,-0.06922956554,0.2725424014,0.4057403597,-0.1688950368,0.1944557596,0.8888237393,0.7664403108,0.5385811033,0.5238231973,0.309805848,-0.5497063442,-0.4920358145,-1.024410991,2.015065367,0.01588774107,0,0,0,0,0
2023-10-18 00:00:00.000,0.8464907901,0.8468928301,0.2833928199,0.4188096992,0.5884370431,-0.08564699343,0.3755976317,1.159612976,0.9812332114,0.6351418013,0.5708517625,0.1905621179,-0.5356574871,-0.4750438734,-1.033181956,1.920772316,0.1794259118,0,0,0,0,0
2023-10-19 00:00:00.000,0.9688889927,1.167980819,0.4207455518,0.5998635013,0.7356883093,0.01573886044,0.5653456632,1.409712271,1.197383504,0.73129631,0.6180807522,0.2665068972,-0.5393050338,-0.4549686023,-1.016873126,1.842470261,0.4319080365,0,0,0,0,0
2023-10-20 00:00:00.000,1.071270178,1.277560476,0.5762198849,0.7104420341,0.8116695045,-0.003326191019,0.5662768012,1.40782304,1.206460277,0.7255707128,0.6165722014,0.2582232377,-0.5169132169,-0.4977378363,-0.94863257,1.755250756,0.4339130412,0,0,0,0,0
2023-10-23 00:00:00.000,0.997367431,1.056041417,0.5828011341,0.6493886303,0.7355822554,-0.02866014138,0.5678247301,1.418955441,1.217116484,0.7199358477,0.6148104405,0.2644651396,-0.509326935,-0.477474714,-0.9512923256,1.74373051,,0,0,0,0,0
2023-10-24 00:00:00.000,0.7031334655,1.014172719,0.6265929786,0.6516234778,0.6423285317,0.003657173601,0.6146429146,1.420394907,1.248803039,0.7612251598,0.6545141854,0.09126069277,-0.5605704396,-0.4715678217,-0.9124888396,1.713469408,-1.541890127,0,0,0,0,0
2023-10-25 00:00:00.000,0.6494708196,1.349492071,0.5906236101,0.6458899115,0.657844226,-0.06567850524,0.5444949144,1.348471656,1.342951876,0.7888367514,0.6688298749,0.4334423149,-0.547564503,-0.5276157526,-0.9552000841,1.69066243,-0.182816324,0,0,0,0,0
2023-10-26 00:00:00.000,0.1858372043,0.3490110679,0.6160425751,0.5091936516,0.6045951071,-0.08658795422,0.547026263,1.344631565,1.334173235,0.7830343928,0.6672600583,0.3337484644,-0.5382524986,-0.5159916888,-0.9348236612,1.660669462,-1.511305589,0,0,0,0,0
2023-10-27 00:00:00.000,0.4730045115,0.5755735489,0.5990539884,0.6237948864,0.6412953406,-0.05284709493,0.6287077863,1.434955748,1.406904687,0.8129556528,0.6840010368,0.3269301838,-0.5277076011,-0.4919789349,-0.9247782633,1.625526862,0.8933481628,0,0,0,0,0
2023-10-30 00:00:00.000,0.2644365519,0.6784644995,0.5442974654,0.6807401353,0.6129582574,-0.05836050302,0.6331495442,1.438715028,1.398693857,0.8094885549,0.6848692219,0.3170624751,-0.4330208204,-0.4798563802,-0.8937902672,1.600511435,,0,0,0,0,0
2023-10-31 00:00:00.000,0.989923774,0.7866754649,0.4741590823,0.7269942202,0.7078178893,-0.04343742297,0.6294374675,1.384907641,1.382537553,0.809193181,0.6872767683,0.2976382154,-0.7038918183,-0.472996518,-0.9263548206,1.415603627,1.672017386,0,0,0,0,0
2023-11-01 00:00:00.000,0.7655730445,0.2799727816,0.9670811679,0.7892074014,-0.0007028024763,0.3142614416,1.214771961,1.443467415,1.374417908,0.8082811498,0.3385804221,-0.03472815088,-0.542467351,-0.4606646274,-0.899049461,1.114768287,1.374133381,0,0,0,0,0
2023-11-02 00:00:00.000,0.7550686202,0.3914750923,1.256312974,0.774390364,0.1360309348,0.5037939544,1.528308127,1.445847088,1.367152855,0.8058582749,0.3519815411,-0.03594885004,-0.5308915338,-0.4810646038,-0.9188324022,1.493964204,0.02511913226,0,0,0,0,0
2023-11-03 00:00:00.000,0.7394414823,0.6322993815,1.371989011,0.9707215657,0.2211190867,0.5279462953,1.472455595,1.529453994,1.43993721,0.8377176319,0.3626047442,-0.03218770007,-0.5367018353,-0.5266294584,-0.9465071106,1.511542146,-0.1634449188,0,0,0,0,0
2023-11-06 00:00:00.000,0.9382915069,0.6355234442,1.618320141,0.9870455881,0.1130730871,0.3667187002,1.209875731,1.452000558,1.340018751,0.8106617892,0.3675242192,-0.02123017376,-0.5115875642,-0.5570542232,-0.9688135838,1.495842091,,0,0,0,0,0
2023-11-07 00:00:00.000,0.7125619229,0.6031243326,1.429270339,1.059342797,0.194875007,0.4075047247,1.387103621,1.612224936,1.469236722,0.8679596504,0.3452117856,-0.06479052251,-0.5532892998,-0.5355046931,-0.9709799813,1.379176357,-0.4971837905,0,0,0,0,0
2023-11-08 00:00:00.000,0.5487699514,0.6074142442,1.468269385,0.9902749411,0.2338924888,0.4730441596,1.449453595,1.5235938,1.380576301,0.8316971771,0.4230267904,0.007127554435,-0.5570039016,-0.5693085143,-1.004430349,1.367971446,-0.6033981815,0,0,0,0,0
2023-11-09 00:00:00.000,0.6830889225,0.5761701657,1.584584101,1.27418825,0.2521971086,0.5286100858,1.54684324,1.435010311,1.292481038,0.7965015988,0.4436779499,-0.007769379669,-0.4965839283,-0.5201545291,-0.9492248461,1.362524825,0.8611254738,0,0,0,0,0
2023-11-10 00:00:00.000,0.6742359795,0.5924830491,1.574735876,1.25099586,0.2124421045,0.4741242082,1.436876553,1.34133337,1.176712184,0.7629477602,0.4074786985,-0.135658456,-0.4949777105,-0.5610505047,-1.007603309,1.378858717,-0.3425925022,0,0,0,0,0
2023-11-13 00:00:00.000,0.6647341844,0.7541151886,1.560613824,1.168260667,0.2362505291,0.5380474042,1.509047527,1.260651469,1.09690055,0.737157866,0.4161131383,-0.151874293,-0.4960480776,-0.5878793109,-0.9850451382,1.358910303,,0,0,0,0,0
2023-11-14 00:00:00.000,0.5499015633,0.6999594479,1.598281503,1.02830022,0.1601032253,0.2032406825,1.521872542,1.178858307,1.027620759,0.7131090734,0.215731305,0.03962485103,-0.5284744457,-0.614965915,-1.008594114,1.294788882,-0.3382764912,0,0,0,0,0
2023-11-15 00:00:00.000,0.9663461067,1.327606168,2.047795875,1.211574883,0.1606615849,0.2948913083,1.418884145,1.498622534,1.29439232,0.4837086148,0.3309133749,0.05167616861,-0.5321463838,-0.630068401,-1.064245003,1.10238828,1.167077673,0,0,0,0,0
2023-11-16 00:00:00.000,0.8483304844,1.326179338,1.897157187,1.090301306,0.227598273,0.1108874311,1.479294019,1.256267034,1.087800086,0.5614952413,0.320688307,0.04117158699,-0.6359436159,-0.6548479705,-1.0838385,0.9559118829,-0.4551354533,0,0,0,0,0
2023-11-17 00:00:00.000,0.5196538674,1.074600526,1.626604807,0.9691240813,0.2198968194,0.1115373981,1.458392066,1.244532716,1.081730815,0.5668551307,0.3102265248,0.0287481588,-0.6462642308,-0.6928194645,-1.098975984,0.8734604605,-1.132331124,0,0,0,0,0
2023-11-20 00:00:00.000,0.6203452565,1.082824723,1.521369999,1.164016356,0.1720474024,0.2501750197,1.232410101,1.093977097,0.9595293309,0.5144437069,0.3057399717,-0.01788571139,-0.6347987486,-0.6768030747,-0.8897405025,0.8658870928,,0,0,0,0,0
2023-11-21 00:00:00.000,0.5061474402,0.9733969926,1.442564273,1.074261954,0.1129923668,0.1794395754,1.111926059,1.00496133,0.8701114843,0.4976953795,0.2891696337,-0.02904995814,-0.6334162977,-0.7063734125,-1.147204448,0.8938692143,-0.7379845005,0,0,0,0,0
2023-11-22 00:00:00.000,0.5416199657,0.4465428831,1.455376475,0.9548909742,-0.01904590251,0.1842576453,1.342393427,1.512597941,1.230096426,0.5016215123,0.2520313074,-0.02470503693,-0.5846016625,-0.6442751261,-1.131167495,0.8711298877,0.28031106,0,0,0,0,0
2023-11-23 00:00:00.000,0.4906777099,0.6923148838,1.202338081,0.7783527773,-0.05655946995,0.3526343141,1.214253586,1.52932674,1.206458367,0.4997089708,0.2587398921,-0.03348943526,-0.5636846839,-0.6504016358,-1.209517875,1.051068284,0.1691543844,0,0,0,0,0
2023-11-24 00:00:00.000,0.5477433495,0.5877667469,1.092672497,0.7319024382,-0.1261274994,0.2683965053,1.128771649,1.409886856,1.107691025,0.4591471683,0.2192382546,-0.08245000328,-0.5558188787,-0.622142911,-1.171222065,1.035696798,0.1943934008,0,0,1,1,3
2023-11-27 00:00:00.000,0.4985359451,1.001589605,1.225590328,0.885056612,0.05651079198,0.2965142658,1.518076733,1.297872519,1.027492322,0.4384484643,0.2812848048,-0.07161431407,-0.5499000995,-0.6726788997,-1.168313158,1.024209713,,0,0,0,0,0
2023-11-28 00:00:00.000,0.3599895514,0.9257448831,1.052979131,0.8792383372,0.0538921302,0.3095419116,1.502901697,1.290851487,1.023332817,0.4368344467,0.2702120606,-0.08237224689,-0.6031645061,-0.7202795301,-1.235290659,1.032405409,-0.512031865,0,0,0,0,0
2023-11-29 00:00:00.000,0.3557051656,0.7243638135,0.9466046569,0.9030831984,-0.03574099057,0.3309575885,1.612289763,1.269253832,1.007945727,0.448044284,0.1963922452,-0.14400808,-0.704692637,-0.7522716435,-1.265087235,0.997999823,-0.6066865067,0,0,0,0,0
2023-11-30 00:00:00.000,1.00136904,1.378415207,1.297036274,0.8666791064,0.1052889429,0.4052365,1.539553938,1.363097396,1.078252729,0.4761298693,0.2306348088,-0.1219842049,-0.7281548805,-0.7358795547,-1.248583793,0.9730982483,2.437145303,0,0,0,0,0
2023-12-01 00:00:00.000,0.3399807253,0.9271797336,1.401722816,-0.02390799386,0.2270666698,1.142304348,1.215491817,1.377836268,0.3676760581,0.2216477025,-0.1713657874,0.04646998039,-0.488197048,-0.740062958,-1.159241907,1.00310789,-0.8700103473,0,0,0,0,0
2023-12-04 00:00:00.000,0.2244966421,0.7917258834,1.266114396,0.04718396615,0.2866669761,1.183859216,1.269983039,1.440079608,0.4765479143,0.2348013707,-0.1402900109,0.07474757906,-0.5403225012,-0.8378233857,-1.216364748,0.9964224932,,0,0,0,0,0
2023-12-05 00:00:00.000,0.3049410205,0.6824015671,1.249335354,0.05060262786,0.2920114667,1.157728557,1.248428181,1.413665278,0.5006104826,0.2134790001,-0.1483034143,0.06492930237,-0.6563386491,-0.9250547781,-1.244719056,1.009260903,-0.1053209082,0,0,0,0,0
2023-12-06 00:00:00.000,0.386147914,0.7872888068,1.326518455,0.02737558558,0.2810506593,1.180472837,1.249472172,1.414113714,0.4841898125,0.2112578613,-0.307718732,0.1906785959,-0.6283621723,-0.9143383692,-1.220274567,0.960446713,0.5656641276,0,0,0,0,0
2023-12-07 00:00:00.000,0.3560420317,0.7595105374,1.280459907,0.07649135261,0.3310674162,1.250753913,1.321482015,1.495654153,0.5510373309,0.202095491,-0.3314306328,0.1792263162,-0.6888549834,-0.9460366751,-1.243888602,0.9072846,-0.01002842347,0,0,0,0,0
2023-12-08 00:00:00.000,0.4768576074,0.7037110749,1.321946452,0.1369718612,0.3882745247,1.308202237,1.388672718,1.572025176,0.6397457447,0.2301674016,-0.3077233401,0.2068294329,-0.6952945622,-1.013289681,-1.271391428,0.8918553851,0.2514297796,0,0,0,0,0
2023-12-11 00:00:00.000,0.4548032328,0.7118754126,1.31482839,0.07822189011,0.3293954447,1.208411076,1.293384993,1.461826253,0.6163084953,0.251582449,-0.2723604647,0.2340608314,-0.8074282452,-1.030041562,-1.257226934,0.8733255729,,0,0,0,0,0
2023-12-12 00:00:00.000,0.2193450533,0.420763321,1.054370869,0.1307856454,0.3730455473,1.247782696,1.280254841,1.445698324,0.6300925685,0.3269343736,-0.1999638021,0.3068844944,-0.8123155216,-1.144560792,-1.30202002,0.8385436566,-1.12034825,0,0,0,0,0
2023-12-13 00:00:00.000,0.1323520074,0.4076004018,1.147601417,0.1713624751,0.4199100552,1.309508381,1.338267774,1.511680521,0.6813017459,0.3801666418,-0.1750225176,0.3498770351,-0.871013144,-1.167327552,-1.295578479,0.8250036219,-0.1510141567,0,0,0,0,0
2023-12-14 00:00:00.000,0.123302847,0.6167352662,0.9851215552,0.1239095407,0.3775414799,1.26019331,1.344577666,1.517556748,0.7047562354,0.4591041903,-0.1110747558,0.4122693295,-0.9810509795,-1.351998538,-1.430225028,0.805011251,-0.2088223346,0,0,0,0,0
2023-12-15 00:00:00.000,0.01699666452,0.3646723537,0.920008625,0.3459548425,0.5503305856,1.446643269,1.400784213,1.579137625,0.7780023061,0.4465136501,-0.1222375101,0.3972386333,-1.100447506,-1.520103455,-1.452723906,0.8112660431,-0.872012284,0,0,0,0,0
2023-12-18 00:00:00.000,-0.1579022071,0.3544931493,1.10591318,0.3229499667,0.5346754276,1.45694065,1.399510974,1.559110868,0.7439012319,0.6035677579,-0.04752273942,0.01380263812,-1.182897613,-1.634291255,-1.481677648,0.800327778,,0,0,0,0,0
2023-12-19 00:00:00.000,-0.531164973,-0.2557774521,0.5008759873,0.02635459407,0.297542912,1.135706352,1.307301235,1.438026089,0.6922018535,0.6353062273,-0.003923998634,0.05528702218,-1.355536417,-1.772455412,-1.510017314,0.7851119402,-2.213498921,0,0,0,0,0
2023-12-20 00:00:00.000,-0.1970328741,0.2052385352,0.8774932527,0.03629255523,0.3132667301,1.132574243,1.329833919,1.446122166,0.7027182698,0.6356346539,-0.03495294546,0.03114040068,-1.130920944,-1.633602612,-1.423332536,0.7038897043,1.570154488,0,0,0,0,0
2023-12-21 00:00:00.000,-0.6199737224,-0.2782337445,0.5820707008,0.09860379106,0.3677490974,1.183856769,1.396676678,1.505220627,0.7559286719,0.6503577566,-0.05777995402,0.01532152535,-1.116392678,-1.694500862,-1.421124466,0.6949544449,-1.329950187,0,0,0,0,0
2023-12-22 00:00:00.000,-0.7334253996,-0.445752196,0.4465313126,0.09097611134,0.3646587296,1.180505794,1.380316814,1.467639236,0.7529371063,0.6056088045,-0.1238668206,-0.03496542838,-1.16566773,-1.862815391,-1.538357592,0.6825916823,-0.7544375488,0,0,0,0,0
2023-12-27 00:00:00.000,-0.4341921152,-0.00716215763,0.5255696686,0.1507588152,0.3709474908,1.319887112,1.452732329,1.531787784,0.7946894358,0.6332229295,-0.1555492837,-0.05797003723,-1.044082295,-1.746742773,-1.471033704,0.6735311074,,0,0,0,0,0
2023-12-28 00:00:00.000,-0.3249420863,0.1568806707,0.6471467177,0.1137343207,0.3442794864,1.266561249,1.317782667,1.371835267,0.7059555192,0.6743552394,-0.1544416313,0.02568126515,-1.108873396,-1.893301622,-1.441276034,0.7172968755,-0.310884697,0,0,0,0,0
2023-12-29 00:00:00.000,-0.06548104084,0.3160513075,0.6103405091,0.1113159111,0.3501215685,1.262954924,1.3018328,1.34002953,0.7033652368,0.7125012193,-0.155155205,0.1089602158,-1.128090995,-1.988760533,-1.443451879,0.7246493257,0.7559650149,0,0,0,0,0
2024-01-02 00:00:00.000,0.01506222068,0.1425499404,-0.028926193,0.10485435,1.090604566,1.253196851,1.573235254,1.02109423,0.5958701494,-0.2106000607,-0.07004122695,0.5834245754,-0.3456573072,-2.591437588,-1.437392506,0.6783618956,,0,0,0,0,0
2024-01-03 00:00:00.000,-0.1027344311,0.3148068013,-0.05952391999,0.09614182501,1.093203491,1.2694786,1.379483048,1.196550824,0.6017477908,-0.1085026859,0.0116940467,0.5159985052,-0.2589802731,-2.487521821,-1.362295157,0.7267464182,0.3892422566,0,0,1,1,3
2024-01-04 00:00:00.000,-0.1021367024,0.3195079583,-0.03261226924,0.4736142048,1.025381059,1.245474204,1.302761503,1.065284366,0.5921137588,-0.1222084633,0.003600018723,0.5157122494,-0.1990503681,-2.415481283,-1.384052076,0.7038004016,0.09203040512,0,0,0,0,0
2024-01-05 00:00:00.000,-0.005331451432,0.1513335928,-0.06815045331,0.4648034149,1.039070479,1.371504274,1.548294887,1.094886961,1.239526437,-0.3151335298,-0.1847255908,0.5988649944,-0.09371781285,-2.403834531,-1.384839659,0.7018763687,0.7400676574,0,0,0,0,0
2024-01-08 00:00:00.000,0.1408302248,0.5029598755,0.2151600342,0.6423353444,1.11355423,1.460392975,1.656457051,1.251369271,0.7876723748,-0.1811575339,0.4548489455,0.6911062291,-0.2972898751,-2.668180377,-1.481014962,0.732106889,,0,0,0,0,0
2024-01-09 00:00:00.000,-0.08212751343,0.3269026932,0.1084551308,0.4192586881,1.393611218,1.482174712,1.678482068,1.286881063,0.7831514323,-0.1872720533,0.4528318698,0.8377628721,-0.2680241073,-2.616825661,-1.471688749,0.3718768916,-0.9729954381,0,0,0,0,0
2024-01-10 00:00:00.000,0.01288149551,0.4989286876,0.2284530189,0.6789727864,1.154862406,1.278683262,1.708102695,0.9278089293,0.8392906706,-0.006888506646,0.2633930146,0.848519819,-0.1884769938,-2.200662611,-1.436455285,0.3991304879,0.3658777931,0,0,0,0,0
2024-01-11 00:00:00.000,0.03609214971,0.6696103651,0.3661938702,0.8446932778,1.178317031,1.340117795,1.77076675,1.007585673,0.9674526922,0.1342551342,0.3858288305,0.9410269009,-0.2342525847,-2.284219282,-1.42701567,0.4006374324,0.06533753933,0,0,0,0,0
2024-01-12 00:00:00.000,0.08391241747,0.7375564554,0.3646342069,0.7567811038,1.233674849,1.280651312,1.71940514,1.044858863,0.9507360299,0.389253442,0.5631739488,0.8464803658,-0.2315606444,-2.059340113,-1.326184096,0.5642690691,0.4562067815,0,0,0,0,0
2024-01-15 00:00:00.000,0.0585690857,0.6681906451,0.460483644,0.7995516209,1.226271233,1.256202052,1.7251297,1.099032309,0.971736822,0.449337688,0.6106343969,0.8829792421,-0.4370158613,-2.298656154,-1.404974939,0.5338766265,,0,0,0,0,0
2024-01-16 00:00:00.000,0.05673809209,0.8076545609,0.4993427231,0.8172203101,1.229656828,1.240416116,1.723073893,1.117879835,0.969713505,0.4508444734,0.6126900028,0.8851623819,-0.4767888962,-2.237150274,-1.397799403,0.6492296729,-0.1825188511,0,0,0,0,0
2024-01-17 00:00:00.000,0.07979022628,0.708279354,0.47060737,0.9310251588,1.247338991,1.242857938,1.669611312,1.064220293,1.009735183,0.6218178353,0.6862032475,0.9109065918,-0.6075517617,-2.286839926,-1.415504366,0.7463680122,-0.6537940634,0,0,0,0,0
2024-01-18 00:00:00.000,-0.001524204552,0.6673104512,0.6381716657,0.9307562317,1.198675552,1.23997632,1.648874234,1.028924801,1.017279092,0.6317184507,0.6819794956,1.053427536,-0.5468664729,-2.191012213,-1.357530171,0.7448370689,0.03667033807,0,0,0,0,0
2024-01-19 00:00:00.000,-0.03251848543,0.5588421271,0.6199800238,0.9645241789,1.243370478,1.267998919,1.667233339,1.053646826,1.054629601,0.6827522785,0.7225122382,1.231590294,-0.5075759793,-2.079283131,-1.316180844,0.7221692616,-0.1376863595,0,0,0,0,0
2024-01-22 00:00:00.000,-0.06571515296,0.5201259159,0.60183083,1.134522578,1.33109223,1.326435897,1.723870675,1.132873527,1.038203218,0.6733289921,0.7182401105,1.231181722,-0.5406401207,-2.133126966,-1.32148046,0.7043816467,,0,0,0,0,0
2024-01-23 00:00:00.000,-0.2798253905,0.3024409144,0.3687859098,0.7951004668,1.110816026,1.254362652,1.613282058,0.9988912653,0.964047718,0.6038969987,0.6560072851,1.230712914,-0.550278628,-2.160177982,-1.342380239,0.7042003458,-1.06255959,0,0,0,0,0
2024-01-24 00:00:00.000,-0.257627274,0.1960539405,0.4364586902,0.8048291677,1.094191552,1.2423338,1.611234572,0.9738340001,0.9477859388,0.5854310239,0.6320576055,1.183673665,-0.4180851086,-1.957859921,-1.245696844,0.7461589474,0.7650313543,0,0,0,0,0
2024-01-25 00:00:00.000,-0.2885098389,0.1247068241,0.416905733,0.8120078827,1.131724937,1.2108117,1.666930699,1.278753846,0.9404485721,0.6558562918,0.6078137076,0.8967246774,-0.443469627,-2.017048821,-1.253583363,0.7671883056,-0.6214146234,0,0,0,0,0
2024-01-26 00:00:00.000,-0.2941360574,0.2649200499,0.765576467,1.047530046,1.396530735,1.291192735,1.741200231,1.315803307,1.004019456,0.7303918805,0.6867686453,0.9552409987,-0.3754787066,-1.960895956,-1.234870225,1.3495519,0.1379118162,0,0,0,0,0
2024-01-29 00:00:00.000,-0.3504899873,0.2647237959,0.5901316161,0.9139233155,1.307676915,1.243371254,1.676395095,1.24597542,0.9999135346,0.7234903089,0.6823778458,0.9540195601,-0.2988450382,-1.877458919,-1.19727888,1.35621907,,0,0,0,0,0
2024-01-30 00:00:00.000,-0.2464476783,0.3722185377,0.8567937348,0.9961956715,1.321163312,1.345310721,1.800436313,1.369225739,1.03627329,0.7495312112,0.701973064,0.9722028454,-0.1788519309,-1.906402186,-1.221481762,1.356290989,0.9542832542,0,0,0,0,0
2024-01-31 00:00:00.000,0.3678505203,0.5797501269,0.8919814916,1.087144255,1.305135071,1.237248025,1.705705378,1.414677511,1.07784996,0.7329387067,0.800860413,0.9863739627,-0.159906441,-1.892143803,-1.223456015,1.33433577,2.494397538,0,0,0,0,0
2024-02-01 00:00:00.000,-0.03860006057,0.5900311742,1.618852667,1.557026662,1.277899893,1.243620158,1.226354217,1.16556854,0.5244468443,0.7176172194,1.175711995,1.130366771,0.07179357377,-2.087911785,-1.258543985,1.347795047,-0.2050877137,0,0,0,0,0
2024-02-02 00:00:00.000,-0.04276543904,0.5803283008,1.604371433,1.543809727,1.264542581,1.206993589,1.221538334,1.146535821,0.525110623,0.7136176724,1.180987206,1.129796891,0.1230131268,-2.002448669,-1.191945252,1.460136679,0.1047819773,0,0,0,0,0
2024-02-05 00:00:00.000,0.2007236156,0.8121383108,1.94826252,1.848542558,1.533052766,1.319224461,1.375918882,1.214014972,0.6373650646,0.8500916025,1.207605664,1.139333739,0.04430542816,-2.039889905,-1.195595483,1.457840768,,0,0,0,0,0
2024-02-06 00:00:00.000,0.3080915081,1.17150314,2.313218798,2.112877366,1.583842704,1.379157986,1.462853432,1.338705454,0.7898345454,1.032193244,1.352392757,1.241060466,-0.1074524685,-1.866773064,-1.113256894,1.238635476,0.5954459608,0,0,0,0,0
2024-02-07 00:00:00.000,0.3587673646,1.241852278,2.137393952,2.043101493,1.512237778,1.363301088,1.48301702,1.315421573,0.6941295574,1.03038276,1.443538501,1.302138071,-0.1021318122,-1.994214775,-1.147084053,1.171798733,0.02806765614,0,0,0,0,0
2024-02-08 00:00:00.000,0.9643961574,1.551585918,1.926817431,2.025670257,1.422878109,1.312717883,1.648786322,1.227820921,0.6781227437,1.07512743,1.404116009,1.272337708,-0.1140236458,-1.996605808,-1.132726145,1.159666527,2.335828588,0,0,0,0,0
2024-02-09 00:00:00.000,1.318316684,1.525480844,1.904313514,1.903375258,1.392803046,1.381615021,1.471087407,1.223647902,0.712598844,1.111863186,1.512724334,1.293452443,-0.2641637156,-2.018771866,-1.150956426,1.159388728,1.187870069,0,0,0,0,0
2024-02-12 00:00:00.000,0.9222154191,1.528256315,1.890497702,1.882014932,1.380951365,1.381233393,1.465388491,1.134523767,0.6380370411,1.013785463,1.464502506,1.264243902,-0.421767707,-1.958382583,-1.129695731,1.145580635,,0,0,0,0,0
2024-02-13 00:00:00.000,0.9174651043,1.464705325,1.872186861,1.961596763,1.410843432,1.41375713,1.497289946,1.136780633,0.6715681589,1.046900295,1.491027283,1.285750407,-0.4618870429,-1.93239744,-1.128584018,1.133062219,-0.2027269293,0,0,0,0,0
2024-02-14 00:00:00.000,0.8871317552,1.541485886,1.919513166,1.973179464,1.430902808,1.436256113,1.515033061,1.169906317,0.7553110832,1.134890822,1.558614745,1.338639364,-0.5606775764,-1.97425015,-1.197529732,1.12801503,-0.3506259134,0,0,0,0,0
2024-02-15 00:00:00.000,0.8283469702,1.686583629,2.020497224,2.028792285,1.466120814,1.483217678,1.552291123,1.1485894,0.7534183552,1.125006833,1.550809866,1.340601458,-0.5191250331,-1.891416437,-1.175867315,1.133296104,-0.2127986044,0,0,0,0,0
2024-02-16 00:00:00.000,0.8812213009,1.341261937,2.092326223,2.235474807,1.514218076,1.550420913,1.618477168,1.163522402,0.7843772767,1.154110281,1.544371294,1.342373244,-0.5172933992,-1.864319833,-1.184520354,1.057551294,0.100874111,0,0,0,0,0
2024-02-19 00:00:00.000,0.8779987028,1.650310906,2.229495152,2.224259213,1.508987528,1.547555124,1.626198156,1.237008846,0.8953279302,1.277886495,1.597219491,1.354663152,-0.6453125026,-1.93325162,-1.242777907,1.122452467,,0,0,0,0,0
2024-02-20 00:00:00.000,0.8730619184,1.291790759,1.9245712,2.031047549,1.520289949,1.546632504,1.620461042,1.277788612,0.9575767036,1.336221163,1.645495277,1.398079407,-0.6098500839,-1.809675188,-1.232469257,1.062239136,0.07135217197,0,0,0,0,0
2024-02-21 00:00:00.000,0.9848754855,1.618085817,2.020324227,1.705291757,1.509037488,1.521672537,1.59291333,1.247462862,0.9400444702,1.307909487,1.624064848,1.389656131,-0.5349997469,-1.746389578,-1.240066163,1.035602414,0.5148096052,0,0,0,0,0
2024-02-22 00:00:00.000,0.9854221613,1.637699632,1.867201557,1.64013125,1.474344312,1.499143111,1.560118111,1.065643121,0.732733839,1.067430419,1.433119198,1.256440577,-0.6630572894,-1.770942256,-1.268409704,1.040078223,-0.4010724371,0,0,0,0,0
2024-02-23 00:00:00.000,1.291293458,1.850238368,2.022720773,1.7410173,1.45026474,1.482364391,1.518792685,1.056918886,0.7308331503,1.061326416,1.428488877,1.257688555,-0.5944077525,-1.713382987,-1.264076041,1.014515355,1.611976196,0,0,0,0,0
2024-02-26 00:00:00.000,1.414797509,1.847408764,1.964575792,1.683535468,1.52503701,1.564751875,1.586856246,1.170147667,0.8851616833,1.230736024,1.564456951,1.363308352,-0.5662495727,-1.759239741,-1.319809216,0.8576273157,,0,0,0,0,0
2024-02-27 00:00:00.000,1.472559498,1.874683421,1.967002993,1.680510942,1.522522737,1.582578198,1.577831035,1.15832133,0.8490141684,1.1990574,1.542499915,1.354751341,-0.5189812785,-1.528728176,-1.247425412,0.8073064124,0.3893445765,0,0,0,0,0
2024-02-28 00:00:00.000,1.977253543,2.325308219,2.189759628,1.621812539,1.56897966,1.634329312,1.631890939,1.164710624,0.8565347128,1.20996929,1.548731116,1.367093299,-0.4163036804,-1.495508713,-1.263733561,0.7839245831,2.443202771,0,0,1,1,3
2024-02-29 00:00:00.000,1.856929219,2.529814709,2.319180817,1.95938556,1.59796602,1.6750307,1.688828315,1.310606851,1.060649371,1.442111723,1.724674394,1.505824899,-0.3127508081,-1.473853619,-1.248465495,0.778559965,-0.6245602067,0,0,0,0,0
2024-03-01 00:00:00.000,1.47321574,2.590665134,3.023509879,2.066111135,1.613068736,1.316448328,1.265503913,0.8300366532,1.103668693,1.893373105,1.744481381,1.531632975,0.3352903065,-1.330839975,-1.241666994,0.5457672072,0.407318441,0,0,0,0,0
2024-03-04 00:00:00.000,1.623064804,2.800160595,2.788934239,1.906764503,1.606903138,1.399705959,1.314268492,0.7697068447,1.251694019,1.753851748,1.635945243,1.461312964,0.01909484896,-1.328682382,-1.190187235,0.5301252109,,0,0,0,0,0
2024-03-05 00:00:00.000,1.773326588,2.979746359,2.883318059,1.884971508,1.598283543,1.394652064,1.212195396,0.6624422628,1.115827796,1.670440316,1.571337069,1.422247937,0.171804154,-1.29416477,-1.215377621,0.5174468025,0.6860280498,0,0,0,0,0
2024-03-06 00:00:00.000,1.818231899,3.013744988,2.846475187,1.870928439,1.575102839,1.389747959,1.144777181,0.6162976543,1.046273817,1.591016581,1.507998397,1.381440305,0.01374411092,-1.368519235,-1.27181665,0.5342522694,-0.1301088086,0,0,0,0,0
2024-03-07 00:00:00.000,1.737100622,2.966241011,2.737302303,1.913450587,1.581778438,1.403461207,1.206461391,0.7440029538,1.074386918,1.61734872,1.527986487,1.405026541,-0.02272918212,-1.339711444,-1.245103665,0.531558036,-0.4626465083,0,0,0,0,0
2024-03-08 00:00:00.000,1.685191429,2.73370765,2.654983422,1.968090292,1.616040416,1.431034716,1.189959663,0.7330301626,1.071985893,1.607177327,1.519852651,1.407669337,-0.05320394137,-1.300643025,-1.227746492,0.5303125597,-0.2188284779,0,0,1,1,3
2024-03-11 00:00:00.000,1.599645209,2.68219688,2.515904237,1.902905071,1.575667701,1.406731555,1.143085598,0.7122284006,1.044840985,1.564182907,1.484480817,1.387666799,-0.1724543308,-1.363587451,-1.25335594,0.5295899293,,0,0,0,0,0
2024-03-12 00:00:00.000,1.559487134,2.700633613,2.198157614,1.819745364,1.523848253,1.357020068,1.100228809,0.681174765,1.01485874,1.520641593,1.449717754,1.36807558,-0.3162422218,-1.377751402,-1.249687538,0.4383571184,-0.270391108,0,0,0,0,0
2024-03-13 00:00:00.000,1.473847807,2.844701781,2.490255081,1.857762501,1.554550472,1.371063768,1.136435358,0.7357467719,1.090397438,1.597716851,1.510006748,1.424786328,-0.3111635763,-1.378644535,-1.238670177,0.428082335,-0.3706243343,0,0,0,0,0
2024-03-14 00:00:00.000,1.560198073,2.612633885,2.346982181,1.810179728,1.526531226,1.328023791,1.129335306,0.7255623701,1.077123642,1.584974883,1.500885675,1.429156422,-0.2468772433,-1.263507604,-1.188633409,0.4842434621,0.6014989329,0,0,0,0,0
2024-03-15 00:00:00.000,1.457377887,2.494891558,2.137144972,1.72984545,1.476882659,1.278157413,1.125995287,0.7106589306,1.074992232,1.571831816,1.491370699,1.426416267,-0.0392622918,-1.241831093,-1.177202534,0.5962510693,-0.1451783793,0,0,0,0,0
2024-03-18 00:00:00.000,1.31137513,2.149531469,1.901751128,1.633256402,1.415640792,1.224689464,1.070297539,0.6303347241,0.98874617,1.473429678,1.4152513,1.365382718,0.0834554825,-1.125782202,-1.136500162,0.8195287092,,0,0,0,0,0
2024-03-19 00:00:00.000,1.728514683,2.340079045,2.142836516,1.733979212,1.374397982,1.237037494,0.9439615176,0.502568947,0.813355287,1.42978031,1.380641361,1.342266174,-0.004326831066,-1.126254017,-1.133828293,0.7029453223,1.486062905,0,0,0,0,0
2024-03-20 00:00:00.000,1.874590878,2.251942004,2.111509965,1.768356205,1.387618771,1.270114449,0.9836167038,0.5826385874,0.8983886248,1.523329576,1.452905864,1.40961995,-0.02431440696,-1.146681356,-1.135021799,0.7631082803,0.2884982233,0,0,0,0,0
2024-03-21 00:00:00.000,1.775176667,2.430619582,2.013734062,1.752453363,1.366864697,1.269289174,1.024397857,0.6507177835,0.9865836965,1.596736485,1.509561965,1.467605432,-0.01629164875,-1.166721211,-1.1393756,0.8238912515,-0.6099267123,0,0,0,0,0
2024-03-22 00:00:00.000,1.931621361,2.514778521,2.150225869,1.757989494,1.368402512,1.272032173,1.118637603,0.758023061,1.135788247,1.598902278,1.512049665,1.481723399,0.03371649927,-1.115711877,-1.11383006,0.7104920052,0.6907999712,0,0,0,0,0
2024-03-25 00:00:00.000,1.739437942,2.363492534,2.121249557,1.688277432,1.408725442,1.285182901,1.114184054,0.737779711,1.108384256,1.500565491,1.435362329,1.418548721,0.1608264,-1.05292127,-1.097224356,0.6855672221,,0,0,0,0,0
2024-03-26 00:00:00.000,1.9077812,2.335853187,1.961397552,1.677113672,1.396790105,1.278610603,1.028590358,0.6678211467,0.9980790689,1.492175856,1.427077613,1.375054519,0.03138206865,-1.065986,-1.093191411,0.6933961074,0.3705190794,0,0,0,0,0
2024-03-27 00:00:00.000,1.812960775,2.301149785,2.004352321,1.66609217,1.385921172,1.264386628,0.9756752742,0.6126534549,0.9285670462,1.415313091,1.366546502,1.288821311,0.0478047181,-1.108839336,-1.060255965,0.3861198218,-0.3105676477,0,0,0,0,0
2024-03-28 00:00:00.000,1.848806791,2.485282229,1.724328786,1.673856524,1.39223011,1.265289982,0.9743062209,0.6285856536,0.9487212411,1.391345077,1.346634805,1.280448086,-0.003754434717,-1.079205531,-1.083741603,0.4072654919,0.07677032699,0,0,0,0,0
2024-04-02 00:00:00.000,1.854080506,2.211994376,2.198987224,1.819852863,1.192747515,0.7121208211,0.440969128,0.7163134257,1.21983219,1.470904037,1.407922273,0.7258101894,-0.4401737863,-1.0129247,-1.082843038,0.3816057652,,0,0,0,0,0
2024-04-03 00:00:00.000,1.899111219,2.522970221,2.192050537,1.814320868,1.200241036,0.7113466617,0.4525049271,0.7306147216,1.233636926,1.476254717,1.415114068,0.7262707086,-0.6787538794,-1.040082947,-1.049153271,0.3285673271,0.06528817861,0,0,0,0,0
2024-04-04 00:00:00.000,1.944152527,2.616706064,2.207468957,1.778370929,1.239964787,0.6984347873,0.4144639819,0.6478603578,1.013944522,1.415924197,1.495210179,0.7053645696,-0.5803342911,-1.000730645,-1.012993864,0.3479336226,0.2843819058,0,0,0,0,0
2024-04-05 00:00:00.000,2.051369133,2.604865973,2.177515763,1.762269159,1.223635697,0.7853417013,0.476265672,0.6895720821,1.006307888,1.405317599,1.491932827,0.6955857957,-0.5143723258,-0.9434802481,-0.9945326376,0.3921577608,0.5240294634,0,0,0,0,0
2024-04-08 00:00:00.000,1.967271577,2.659834863,2.104576073,1.717750427,1.184751171,0.7861389245,0.4669964118,0.6814167593,0.9974505794,1.395738114,1.490512478,0.7318146092,-0.4672245319,-0.9075514696,-0.9699803018,0.3932189094,,0,0,0,0,0
2024-04-09 00:00:00.000,2.011923173,2.613563269,2.07375131,1.734530972,1.215960251,0.8181403673,0.5127320673,0.7376117098,1.05050263,1.449577152,1.532848426,0.7238365983,-0.4462257905,-0.864423803,-0.9207363018,0.3670654218,0.1080779016,0,0,0,0,0
2024-04-10 00:00:00.000,2.216445109,2.637592874,2.15652756,1.796968303,1.266830712,0.8766753058,0.5814389199,0.8205490538,1.139683485,1.533693584,1.600501816,0.6985703522,-0.3896081805,-0.7930368515,-0.8854256108,0.3629776907,0.7743268687,0,0,0,0,0
2024-04-11 00:00:00.000,2.102211313,2.752869925,2.068041317,1.708560066,1.182640976,0.7216855451,0.6046304788,0.8917007582,1.202709666,1.599121749,1.662978533,0.7167035043,-0.195322464,-0.6539730198,-0.8327605652,0.6586616023,-0.1714823486,0,0,0,0,0
2024-04-12 00:00:00.000,2.396722896,2.610363494,2.170799674,1.788064272,1.235553966,0.7668385326,0.6345830157,0.9511823276,1.268453493,1.646931926,1.704077891,0.7026624645,-0.152297885,-0.5412557173,-0.8087598101,0.6066669347,1.119925794,0,0,0,0,0
2024-04-15 00:00:00.000,2.432434876,2.821845169,2.184494675,1.80354802,1.233281776,0.7097627813,0.5697599325,0.8788224298,1.175859914,1.552639126,1.625248212,0.6608766592,-0.114158012,-0.5812952024,-0.8140107893,0.5894435829,,0,0,0,0,0
2024-04-16 00:00:00.000,2.412526212,2.772508154,2.33863552,1.821036938,1.149044272,0.7066860586,0.5600249791,0.8696336995,1.168346876,1.916615524,1.351581923,0.6229178383,0.03663558683,-0.5463450696,-0.8068859515,0.732599109,0.03657865298,0,0,0,0,0
2024-04-17 00:00:00.000,2.393505918,2.823673537,2.336955313,1.825297275,1.162186326,0.7089548372,0.5892402554,0.9029961992,1.155251827,1.848632767,1.318270365,0.6314957643,-0.03869952797,-0.5982826007,-0.8215731254,0.8885452888,-0.17152671,1,1,1,3,3
2024-04-18 00:00:00.000,2.416810902,2.786390538,2.130316892,1.679882735,1.275546466,0.7439085581,0.6193664173,0.9548902966,1.226992291,1.903934048,1.355243667,0.6490788961,0.1951091402,-0.5256587011,-0.7744983958,0.8215374793,0.06938082398,0,0,0,0,0
2024-04-19 00:00:00.000,2.377537241,2.538746091,2.269566963,1.693664916,1.224233412,0.7680884216,0.5787218955,0.7796695164,1.15971732,1.793267168,1.284610324,0.5809386875,-0.04997564718,-0.6236342231,-0.8047213449,0.70689652,-0.259925005,0,0,0,0,0
2024-04-22 00:00:00.000,2.415902167,2.681609972,2.19181752,1.780118223,1.199126478,0.7595162006,0.5725269959,0.7761725061,1.164704991,1.76522487,1.276429041,0.5663262734,-0.384725667,-0.6810480594,-0.8128459015,0.6592334376,,0,0,0,0,0
2024-04-23 00:00:00.000,2.330067038,2.638750444,2.218663035,1.759663513,1.161263585,0.8977184161,0.5738257069,0.5601384093,1.210060651,1.790219567,1.303880836,0.603331236,-0.5067131844,-0.7230021204,-0.8161096134,0.6579542076,-0.3415905862,0,0,0,0,0
2024-04-24 00:00:00.000,2.246888549,2.596167043,2.249777433,1.743732217,1.110462043,0.780756844,0.4868203032,0.7274064107,1.176731685,1.747574439,1.26762782,0.5650244694,-0.4764095325,-0.6830382489,-0.8113305166,0.638317762,-0.251555173,0,0,0,0,0
2024-04-25 00:00:00.000,2.257774803,2.560315919,2.220584577,1.727410672,1.065997953,0.7784581734,0.4788784326,0.7135195892,1.181954148,1.73663697,1.256930917,0.5036301293,-0.2033566708,-0.6121822563,-0.8010250217,0.5943500954,0.07227872293,0,0,0,0,0
2024-04-26 00:00:00.000,2.328827158,2.578792455,2.070196666,1.664419735,1.133540486,0.7824621161,0.48613988,0.7201924501,1.253640402,1.760050246,1.284920678,0.4584500922,-0.3359729752,-0.6285755824,-0.7994845196,0.565614138,0.2038165445,0,0,0,0,0
2024-04-29 00:00:00.000,2.362667691,2.591892886,2.128371213,1.70229182,1.086672536,0.7436102718,0.4630180019,0.6924936243,1.265000526,1.732957737,1.284118122,0.4488748783,-0.5478990683,-0.6586098882,-0.80070025,0.5120931081,,0,0,0,0,0
2024-04-30 00:00:00.000,2.554044641,2.575541727,2.104160083,1.688180574,1.086958406,0.7342279194,0.4347853125,0.6684143405,1.245228748,1.711189843,1.267282481,0.4516481178,-0.2706732186,-0.5970531321,-0.7741086965,0.4415845215,0.7679401881,0,0,0,0,0
2024-05-01 00:00:00.000,2.364740171,2.583878152,2.013478128,1.526484704,0.6140279797,0.1567863262,0.6552656837,1.039154573,2.040031602,1.346357345,0.4053831476,0.5401552811,-0.378118518,-0.5716109109,-0.8138391131,0.4379701412,0.2264255681,0,0,0,0,0
2024-05-02 00:00:00.000,2.457796836,2.706839829,2.095534419,1.493406242,0.723974321,0.2231149132,0.7475956853,1.247620629,2.329927142,1.544417472,0.5359569942,0.6778895768,-0.1401413243,-0.4950006874,-0.7718980291,0.6413692727,0.4331873548,0,0,0,0,0
2024-05-03 00:00:00.000,2.395320356,2.605604679,2.026212543,1.363532751,0.7142651829,0.2617559821,0.8021301028,1.349830136,2.426581117,1.638121537,0.4669099613,0.6162421557,-0.2218540028,-0.5055705536,-0.7635902098,0.6380403667,-0.2032829541,0,0,0,0,0
2024-05-06 00:00:00.000,2.369255073,2.560268291,1.997044436,1.328970386,0.7065412945,0.2599277783,0.7793241968,1.355790768,2.390380378,1.623258646,0.4606653348,0.618495961,,,,0.6224523468,,0,0,0,0,0
2024-05-07 00:00:00.000,2.404388936,2.403287689,1.94025052,1.541399409,0.6486121417,0.1865596041,0.6962836431,1.276981538,2.267022661,1.533384821,0.4140136492,0.5770132698,-0.1817990039,-0.4741193154,-0.7333423098,0.6161816697,0.1524159381,0,0,0,0,0
2024-05-08 00:00:00.000,2.526238369,2.584447603,2.040733786,1.494475819,0.6666550019,0.1942133495,0.6943749086,1.270228094,2.216468002,1.504949216,0.447123972,0.6095784735,-0.185231354,-0.4186974662,-0.7150691325,0.6189073193,0.4492093783,0,0,0,0,0
2024-05-09 00:00:00.000,2.613952581,2.644878277,2.06074491,1.535689334,0.742246022,0.2575914727,0.7500119593,1.37369752,2.303548276,1.581824496,0.5071089868,0.668197506,0.01350978784,-0.3911842619,-0.7313197851,0.5980581364,0.3403624095,0,0,0,0,0
2024-05-10 00:00:00.000,2.455138424,2.488671875,1.951783884,1.494729677,0.9099994813,0.3099430702,0.6248676967,1.451325188,2.335935733,1.628833664,0.5421665605,0.7015256704,-0.1383276118,-0.4764859808,-0.7460259527,0.6748835159,-0.5128540167,0,0,0,0,0
2024-05-13 00:00:00.000,2.427691986,2.543794667,1.984792778,1.402899694,0.9561173457,0.367017259,0.6873662969,1.442985436,2.322612091,1.627975941,0.563612954,0.7224259544,-0.2509908287,-0.4610209576,-0.7081888162,0.6693370363,,0,0,0,0,0
2024-05-14 00:00:00.000,2.400369597,2.452535091,1.925747213,1.31772934,0.9587066854,0.3577561733,0.6826554006,1.448152752,2.295272449,1.611885946,0.5715299401,0.7304331741,-0.3818215289,-0.4539732738,-0.690734508,0.6560114997,-0.08372125239,0,0,0,0,0
2024-05-15 00:00:00.000,2.376695482,2.413666068,1.897759577,1.257160182,0.9356385637,0.3389590481,0.6618043126,1.442272046,2.246801428,1.581776211,0.5242471647,0.6849757878,-0.4195352677,-0.4206817808,-0.6765284671,0.6504285481,-0.08430697927,0,0,0,0,0
2024-05-16 00:00:00.000,2.350014952,2.378925304,1.877987048,1.197654196,0.989994587,0.3882863279,0.7274055959,1.360035041,2.135859731,1.492998635,0.5032523743,0.6661034254,-0.4425052766,-0.4159855648,-0.675708242,0.6647708528,-0.08225622175,0,0,0,0,0
2024-05-17 00:00:00.000,2.324246025,2.34373898,1.851200275,1.168819928,0.7988640454,0.4655602706,0.8675317353,1.328147022,2.092611537,1.465411796,0.4690771995,0.6333139665,-0.4669180237,-0.4875964004,-0.7074465669,0.6620838627,-0.07685901922,0,0,0,0,0
2024-05-20 00:00:00.000,2.239791538,2.313538719,1.824293779,1.130540812,0.8276748055,0.4758597403,0.8959716932,1.34649459,2.118858142,1.478526549,0.4613514467,0.6273683265,-0.4105038209,-0.4069734747,-0.6854877563,0.6549075859,,0,0,0,0,0
2024-05-21 00:00:00.000,2.159034963,2.228276498,1.778803229,1.098323559,0.8280309067,0.4381775399,0.8847807172,1.355677779,2.123411846,1.477725641,0.453904202,0.6215999516,-0.2956403159,-0.3762682558,-0.6759047941,0.6929731119,-0.2704031898,0,0,0,0,0
2024-05-22 00:00:00.000,1.854779375,1.634701106,1.376360294,0.8407249314,0.3520460243,-0.1759055951,0.2842394714,0.5254472367,1.311713969,0.8207174427,-0.1093175952,0.08764218711,-0.08730313815,-0.2951928409,-0.661201906,0.722081378,-1.012411657,0,0,0,0,0
2024-05-23 00:00:00.000,1.813582938,1.764027811,1.469648001,0.8162458802,0.2741041004,-0.2895089734,0.1794075924,0.3616968241,1.144865711,0.6874315563,-0.2958695962,-0.08750213308,0.08091193448,-0.2495435086,-0.6376774028,0.7155980936,-0.1453807536,0,0,0,0,0
2024-05-24 00:00:00.000,1.946538037,1.855237803,1.587552261,0.9493831591,0.3673804938,-0.1654760269,0.3051678309,0.5358296206,1.283841538,0.8126949588,-0.2289922279,-0.02436272607,-0.1646964857,-0.3023726109,-0.6646023066,0.6888363615,0.362535957,0,0,0,0,0
2024-05-27 00:00:00.000,1.929873838,1.834883001,1.565338473,0.9436834374,0.3600812144,-0.1778144468,0.2997302421,0.5352712252,1.27427807,0.8070049019,-0.238432402,-0.03178565396,,,,0.6713373662,,0,0,0,0,0
2024-05-28 00:00:00.000,1.908590293,1.761116084,1.491943491,0.9046783378,0.09689527803,-0.4880004199,-0.01934843881,-0.249290763,0.5289456905,0.2152255734,-1.006291663,-0.7545663473,-0.2757844959,-0.3146138276,-0.6660277777,0.9589272949,-0.08659945898,0,0,0,0,0
2024-05-29 00:00:00.000,1.975183258,1.921045607,1.529679454,0.9219300665,0.09654861381,-0.4999513273,-0.01875882908,-0.1150260357,0.6622561014,0.3155126531,-1.019604812,-0.7644515625,-0.2626264458,-0.2994821052,-0.6725419407,0.9514726317,0.2245923225,0,0,0,0,0
2024-05-30 00:00:00.000,2.069750165,1.996867024,1.432110085,0.7657505783,0.1813008422,-0.4158466174,0.08229282413,0.005298330153,0.7879001691,0.4096084981,-1.185895499,-0.9193679943,0.1450567964,-0.3125589136,-0.7053485219,0.9380760091,0.3258942937,0,0,0,0,0
2024-05-31 00:00:00.000,2.133326074,2.120758082,1.590818607,0.9689700639,0.4446479851,-0.08284294686,0.4396229424,0.1445217787,0.9057120898,0.5158630035,-1.18064945,-0.9313033974,-0.04724138835,-0.3350228425,-0.7334991226,0.9149894606,0.2116556068,0,0,0,0,0
2024-06-03 00:00:00.000,2.108863695,2.064533401,1.322156319,0.2566987641,-0.2433577784,0.1289944087,0.01754013229,0.9835259775,0.4284936851,-1.355472528,-1.118438169,-0.8893756619,0.1769418877,-0.2277065272,-0.7356504868,0.9002314221,,0,0,0,0,0
2024-06-04 00:00:00.000,2.02987145,1.967185108,1.26357766,0.2931855129,-0.178688417,0.2019731559,0.1006949047,1.064128456,0.5176764343,-1.453234342,-1.189282086,-0.9821139171,-0.2733127688,-0.3117999267,-0.7740336929,0.8474108216,-0.2699048487,0,0,0,0,0
2024-06-05 00:00:00.000,2.065500466,2.044751988,1.355294438,0.2903836699,-0.1837741693,0.1947702027,0.1320697351,1.101011744,0.5502413834,-1.283820041,-1.001665867,-0.812128839,-0.5232773731,-0.3784212945,-0.8203901751,0.8192344075,0.1169312043,0,0,0,0,0
2024-06-06 00:00:00.000,2.044141391,1.930974879,1.271010996,0.422875877,-0.1270394322,0.1442163825,0.1758821706,1.163262667,0.6000505555,-1.231614552,-0.938006455,-0.7530605362,-0.6312416995,-0.4593781027,-0.8799104648,0.9390474685,-0.07560387772,0,0,0,0,0
2024-06-07 00:00:00.000,1.952223093,1.952192855,1.258217363,0.4783576094,-0.07289516295,0.2160317889,0.3522107188,1.291856463,0.6524618704,-1.186961127,-0.8737653317,-0.7008968724,-0.6672437939,-0.4344099132,-0.8577331522,0.9277894126,-0.2797892173,0,0,0,0,0
2024-06-10 00:00:00.000,1.917526895,1.965220408,1.196231935,0.48642587,-0.09938242759,0.2007851607,0.4755311186,1.47723327,0.7845970497,-1.214377931,-0.8779206501,-0.7154677601,-0.5091389194,-0.3802715221,-0.8077128772,0.8797895349,,0,0,0,0,0
2024-06-11 00:00:00.000,1.925687163,1.89408884,1.271515219,0.5622181216,-0.001838756869,0.3213421806,0.5141474597,1.53394849,0.827048746,-1.153755676,-0.802534802,-0.6514808633,-0.6572168872,-0.3844815072,-0.8175133161,0.9871073161,0.02071111499,0,0,0,0,0
2024-06-12 00:00:00.000,1.767968924,1.844305774,1.180543626,0.5480570513,-0.05538328338,0.2645117331,0.5378394533,1.61154434,0.8618774109,-1.175956442,-0.8022814391,-0.6637470274,-0.6660276944,-0.4319016119,-0.8370199988,0.9888331273,-0.5388084868,0,0,0,0,0
2024-06-13 00:00:00.000,1.750507338,1.797818422,1.172246662,0.5631626816,-0.1125480856,0.1356514487,0.5423755882,1.643595434,0.8722071351,-1.195770064,-0.8012791582,-0.6753773212,-0.7564258741,-0.4133036486,-0.831824557,1.137023297,-0.06178318212,0,0,0,0,0
2024-06-14 00:00:00.000,1.774721463,1.689861573,1.151956703,0.5226191086,-0.1696843755,0.07553304559,0.4604127145,1.541719314,0.7765683736,-1.298724421,-0.8722633952,-0.7675847436,-0.7621612739,-0.3954917682,-0.8370744027,1.0773699,0.1149468024,0,0,0,0,0
2024-06-17 00:00:00.000,1.738026897,1.798403036,1.081872003,0.4967884467,-0.1864366393,0.0555623411,0.4059807943,1.284553232,0.8484293038,-1.326303595,-0.8710656824,-0.7666387174,-0.7983951482,-0.384112025,-0.7994773755,1.091395033,,0,0,0,0,0
2024-06-18 00:00:00.000,1.700570454,1.809788592,1.032095312,0.53109518,-0.1657740965,0.08782261318,0.3558754144,1.243276656,0.7973723491,-1.289221022,-0.8273790902,-0.7254166704,-0.7252794528,-0.3753335113,-0.8145394128,1.059666303,-0.06791713911,0,0,0,0,0
2024-06-19 00:00:00.000,1.744066426,1.680876195,1.095938675,0.5414808386,-0.1818415881,0.07098239047,0.3523277598,1.243610572,0.7909518377,-1.300518657,-0.8267421086,-0.7303839427,-0.5567474882,-0.377831218,-0.8240525665,1.029835495,0.218350003,0,0,0,0,0
2024-06-20 00:00:00.000,1.708337823,1.5577434,1.028073508,0.4445007923,-0.3403797265,0.01617771103,0.2913210493,1.154837384,0.7239699082,-1.310233556,-0.8261104127,-0.732737933,-0.9111483682,-0.3732481184,-0.8144665058,0.9659336728,-0.08017771106,0,0,0,0,0
2024-06-21 00:00:00.000,1.599592087,1.530153565,1.022378938,0.4731550069,-0.3054935337,0.06603946197,0.3349708665,1.207609379,0.7728942878,-1.193983056,-0.7272275125,-0.6208178093,-1.151647078,-0.387262007,-0.8288445179,0.9564237712,-0.3751242076,0,0,0,0,0
2024-06-24 00:00:00.000,1.497953312,1.490495877,0.9973451613,0.4835568128,-0.306709032,0.07298146761,0.3780409611,1.266674761,0.819972444,-1.150289265,-0.6849964445,-0.5821319339,-1.296516177,-0.4092114898,-0.8418119034,0.9548728982,,0,0,0,0,0
2024-06-25 00:00:00.000,1.52303586,1.457104862,0.9888145923,0.523830579,-0.2760496994,0.1186685437,0.4326764681,1.325968139,0.867739958,-0.6323405165,-0.2665777617,-0.08634613792,-1.281357939,-0.4003078342,-0.8428614072,0.9559852866,0.1343043102,0,0,0,0,0
2024-06-26 00:00:00.000,1.47832964,1.45404352,0.9900393691,0.4943256228,-0.2917806134,0.09588154748,0.6011358704,1.50356469,1.022667855,-0.4643236797,-0.1324894156,0.07482722127,-1.343396324,-0.3979482207,-0.8502457261,1.036263686,-0.1867873257,0,0,0,0,0
2024-06-27 00:00:00.000,1.531716344,1.489557576,0.9946161146,0.4827745318,-0.3027805918,0.09139058223,0.6034796769,1.494493711,1.020570547,-0.6021792162,-0.2364708828,-0.04358206714,-1.38145752,-0.4092782807,-0.8513825734,1.024652911,0.2270365377,0,0,0,0,0
2024-06-28 00:00:00.000,1.597565421,1.44277499,0.976291484,0.4994449906,-0.4045898034,0.2769697796,0.5695614338,1.440843193,0.9798932623,-0.6840424447,-0.2957857852,-0.1097181858,-1.459141868,-0.3986078837,-0.8127168672,0.9981865239,0.3217781372,0,0,0,0,0
2024-07-01 00:00:00.000,1.450490024,1.31250222,0.5047596371,-0.1646189015,-0.1809402313,0.3740820645,0.976986306,1.387017772,-0.7818713824,-0.4262080612,-0.09153928367,0.5228594703,-1.096190433,-0.3382758881,-0.7842791685,0.9971967829,,0,0,0,0,0
2024-07-02 00:00:00.000,1.424251596,1.272074754,0.6342768955,0.001153407897,-0.04871292828,0.3385116432,0.9455621287,1.346379387,-0.6863242217,-0.3253347807,-0.007815523517,0.6894330295,-1.272201256,-0.3421313387,-0.7908173017,0.9413125103,-0.07084282826,0,0,0,0,0
2024-07-03 00:00:00.000,1.400058966,1.309299345,0.6295348518,0.003690376009,-0.0416576053,0.444346438,1.032274463,1.45167942,-0.5666127797,-0.2037672983,0.08938838587,0.8056468766,-0.9650133545,-0.2983886877,-0.7922581976,0.9772972065,-0.06756855661,0,0,0,0,0
2024-07-04 00:00:00.000,1.40059661,1.362302651,0.5316493773,0.04004639541,0.1447573006,0.3855082905,0.9770513159,1.415105088,-0.5799508011,-0.211463099,0.08671577625,0.8025106291,-0.8781862402,-0.3206064621,-0.7525680756,0.6218398446,0.05852577626,0,0,0,0,0
2024-07-05 00:00:00.000,1.378289355,1.359380264,0.4776105412,0.1031086267,-0.06885508439,0.4639174298,1.032266844,1.486735328,-0.5355765701,-0.1640004837,0.1256808363,0.8493180059,-1.034136189,-0.3627657928,-0.7829285074,0.5310053455,-0.06701500919,0,0,0,0,0
2024-07-08 00:00:00.000,1.401092791,1.284022188,0.4725328887,0.008493638506,0.333968916,0.4264060453,0.9885616394,1.427576488,-0.5481296372,-0.1722433612,0.1218783924,0.8442674701,-1.395148913,-0.3566509693,-0.7540102983,0.5263275911,,0,0,0,0,0
2024-07-09 00:00:00.000,1.378716309,1.332119457,0.480359091,0.1265678439,0.06037295534,0.4699245693,1.007376113,1.452664999,-0.5016482177,-0.1240275972,0.1599134188,0.8582718854,-1.354417301,-0.4026650448,-0.7919211464,0.2973596033,-0.07078793339,0,0,0,0,0
2024-07-10 00:00:00.000,1.357600551,1.291310235,0.3993099473,0.140230759,0.4012664241,0.5646529416,1.082126739,1.545339738,-0.5346886138,-0.1513717137,0.1415959601,0.8709792127,-1.509260007,-0.4108988543,-0.7857783882,0.0788241912,-0.07220777212,0,0,0,0,0
2024-07-11 00:00:00.000,1.336147162,1.271591406,0.4523621322,0.05239102097,-0.04799392455,0.4241498804,0.8766447373,1.456971165,-0.6303608557,-0.2366031623,0.08187198487,0.4657185155,-1.600917795,-0.4492173446,-0.8162460425,0.1680603711,-0.06682247453,0,0,0,0,0
2024-07-12 00:00:00.000,1.315142021,1.235213324,0.410833391,-0.04846320838,0.111656427,0.4173292249,0.8643387043,1.449063309,-0.6884524775,-0.2843252162,0.05084123217,0.4317877063,-1.559844253,-0.4669145671,-0.7915874305,0.2062848026,-0.0640300381,0,0,0,0,0
2024-07-15 00:00:00.000,1.293345595,1.216809675,0.4005105777,-0.05342556103,0.1052801286,0.4171853231,0.8660823975,1.43430528,-0.7058566317,-0.294369036,0.04693600414,0.430176518,-1.540094707,-0.4506739559,-0.7605828512,0.1965156814,,0,0,0,0,0
2024-07-16 00:00:00.000,1.272501057,1.24893361,0.3706974444,-0.002513655503,-0.08326909947,0.3125048208,0.7784453917,1.322679719,-0.7292918203,-0.3060258943,0.04522333505,0.4945549962,-1.365823836,-0.4071548745,-0.7431300214,0.3096941093,-0.06260097125,0,0,0,0,0
2024-07-17 00:00:00.000,1.286832512,1.207080427,0.3602767994,-0.007541450465,-0.08459208328,0.3158953315,0.7795308914,1.308707706,-0.8776006721,-0.4376690723,-0.05100642718,0.5585592613,-1.392634179,-0.4052598764,-0.7214390263,0.4018743392,0.1095902214,0,0,0,0,0
2024-07-18 00:00:00.000,1.190724705,1.172350032,0.369382642,-0.06029573622,-0.2148503643,0.251008679,0.7257343603,1.239197312,-0.9490535122,-0.4919446101,-0.09503109757,0.5220551273,-1.273824493,-0.396136928,-0.721327593,0.5130135478,-0.4936775012,0,0,0,0,0
2024-07-19 00:00:00.000,1.213048637,1.14855591,0.2464160851,-0.2105669665,-0.3993523281,0.05491749617,0.5413560564,1.013021662,-1.14982735,-0.668376012,-0.244939502,0.3865179411,-1.312844694,-0.3871045715,-0.7018190653,0.5874853409,0.1393432848,0,0,0,0,0
2024-07-22 00:00:00.000,1.15411495,1.097044258,0.3082719893,-0.1453848698,-0.3200361327,0.1526752066,0.6348272429,1.113076047,-0.9650322597,-0.4865253167,-0.08037414683,0.4595885094,-1.471982394,-0.3915241873,-0.7221968131,0.5852066902,,0,0,0,0,0
2024-07-23 00:00:00.000,1.123110587,1.06506965,0.2903930032,-0.2696346373,-0.001048137703,0.2582448183,0.5758134527,0.8581063855,-0.9792316459,-0.4887202792,-0.07675732029,0.4494707631,-1.579219112,-0.3888024667,-0.7254595639,0.8208634023,0.02568153022,0,0,0,0,0
2024-07-24 00:00:00.000,1.082175537,1.033901243,0.2350802362,-0.2879634477,-0.03724383941,0.2944612216,0.6129412275,0.8977312192,-0.9606228593,-0.4585098242,-0.04103488947,0.4812871468,-1.24515974,-0.3737040091,-0.690076069,0.7661487519,-0.0709934481,0,0,0,0,0
2024-07-25 00:00:00.000,1.058490891,0.9902948487,0.1602477034,-0.3040720581,-0.2257613821,0.1934794104,0.5149108878,0.7805781923,-0.9615800348,-0.4492772174,-0.02694546383,0.4963080804,-1.409630194,-0.3685721077,-0.6802019095,0.3700522201,-0.09259458467,0,0,0,0,0
2024-07-26 00:00:00.000,1.095559869,0.9682558127,0.1452761253,-0.2846546748,-0.1820519571,0.08677843915,0.414835651,0.6689702824,-1.130952209,-0.5192366012,-0.02674842789,0.4442756156,-1.38401975,-0.3531577987,-0.6722255685,0.3579409582,0.2625779592,0,0,0,0,0
2024-07-29 00:00:00.000,1.024126462,0.9018918899,0.05344574323,-0.4041649244,-0.3255897003,0.09973871817,0.4344543653,0.6912161422,-1.208668636,-0.5680129923,-0.05944308364,0.4091037703,-1.144496646,-0.3208908333,-0.6419647138,0.3500166741,,0,0,0,0,0
2024-07-30 00:00:00.000,1.047735824,0.9639783666,0.04870606909,-0.4131499515,-0.332361159,0.09285365401,0.4312068155,0.6906172287,-1.237261095,-0.5738147427,-0.05839045698,0.4073129782,-0.9805956673,-0.2474318062,-0.6248160235,0.3411194203,0.2364182259,0,0,0,0,0
2024-07-31 00:00:00.000,1.08705077,0.9437607348,0.2239320155,-0.320524111,-0.3512550572,0.146577173,0.4950537389,0.7624654017,-1.269131021,-0.5802203924,-0.05681035143,0.4052137274,-0.7490097983,-0.2527148327,-0.6315582996,0.2311294488,0.3296506712,0,0,0,0,0
2024-08-01 00:00:00.000,0.7961534963,0.1699532657,-0.3601810831,-0.3828179052,-0.216871458,0.1832467444,0.539244072,-1.503376631,-1.133610989,-0.4526355369,0.2004259779,0.3679824237,-0.3464658603,-0.1621631655,-0.6654716796,-0.4707203741,-0.2553658936,0,0,0,0,0
2024-08-02 00:00:00.000,0.7798415259,0.1261948863,-0.3590523524,-0.4041783487,-0.3162336226,0.02904576612,0.5991597079,-1.72050251,-1.355264263,-0.6283573801,0.05134176145,0.232815265,-0.4544607565,-0.2587493737,-0.7139274722,-0.7484428367,-0.09418044994,0,0,0,0,0
2024-08-05 00:00:00.000,0.8071011331,0.1793316088,-0.2925471718,-0.3298199411,-0.419033268,-0.07869436031,0.4828116698,-1.735463066,-1.37002109,-0.6334860702,0.04931582614,0.2302034535,-0.7066248817,-0.3963722592,-0.7855177035,-0.7618105074,,0,0,0,0,0
2024-08-06 00:00:00.000,0.8600268618,0.1630722804,-0.4112970593,-0.340116679,-0.4874680896,-0.1476967231,0.4101720352,-1.810863502,-1.439522137,-0.6770912865,0.009955308348,0.1946652749,-0.3877435839,-0.2753894384,-0.7176225332,-0.7132979967,0.3335143723,0,0,0,0,0
2024-08-07 00:00:00.000,0.7456756639,-0.05535610767,-0.5318379586,-0.6970672677,-0.8059524546,-0.472624428,0.08085539542,-1.971780755,-1.591585574,-0.7811650793,-0.08577346778,0.1105374052,-0.1197662104,-0.1695246521,-0.6657040791,-0.4254209978,-0.6330544212,0,0,0,0,0
2024-08-08 00:00:00.000,0.740265341,-0.2526929312,-0.8926427138,-0.7888179718,-0.9114637092,-0.5866916378,-0.03614559614,-2.284939782,-1.904914967,-1.016939116,0.004839782943,0.1891024149,0.3309702604,0.03121160723,-0.5255327835,-0.3883103525,-0.05331948304,0,0,0,0,0
2024-08-09 00:00:00.000,0.8021440696,-0.40080857,-1.034394712,-0.9535898723,-1.116796228,-0.8047687723,-0.2760035323,-2.312743954,-1.924307888,-1.015989321,0.002022953655,0.1866639404,0.5551236858,0.02647671629,-0.5623347635,-0.6630626088,0.2620484171,0,0,0,0,0
2024-08-12 00:00:00.000,0.7558356888,-0.2848554816,-0.8813519216,-0.938068159,-0.9285790787,-0.6523642315,-0.4507154438,-2.339684836,-1.944146385,-1.015946628,-0.0002517318641,0.184738829,0.756015121,0.06261669025,-0.5410414889,-0.6918052168,,0,0,0,0,0
2024-08-13 00:00:00.000,0.783574885,-0.2602519631,-0.8216970952,-0.8438171834,-1.002921747,-0.7357766693,-0.5472007272,-2.171324175,-1.772033274,-0.8797532489,0.1163638124,0.2834328763,0.3942935898,-0.1322978927,-0.5977717109,-0.8477213145,0.06532576256,0,0,0,0,0
2024-08-14 00:00:00.000,0.7549271779,-0.1305418453,-0.7004643479,-0.7025779041,-0.7698817063,-0.5009358654,-0.2912295732,-1.946401272,-1.53226183,-0.6798733068,0.2886333291,0.4292279839,0.3806136737,-0.1035775097,-0.5491620324,-1.118198664,-0.2117727521,0,0,0,0,0
2024-08-15 00:00:00.000,0.77157519,-0.09115125163,-0.504109291,-0.8544498201,-0.8143163318,-0.5558478052,-0.3564009422,-1.958958365,-1.538710634,-0.676250437,0.2867377578,0.4276237243,0.507544199,-0.1078183144,-0.6106398299,-1.113205343,-0.007150952395,0,0,0,0,0
2024-08-16 00:00:00.000,0.765685922,-0.01917098107,-0.5507409916,-0.6544697825,-0.9059722295,-0.662728642,-0.4801651622,-1.846458468,-1.413872054,-0.5654721842,0.3811372069,0.5075158498,0.465608807,-0.04305220161,-0.5928395882,-1.231108096,-0.1085951917,0,0,0,0,0
2024-08-19 00:00:00.000,0.7783854284,-0.09240820402,-0.4829335226,-0.4175413955,-0.786223135,-0.5548395568,-0.3636921231,-1.862513707,-1.425109725,-0.5656034947,0.3797723956,0.5063607829,0.4273747984,-0.1310072919,-0.6010922086,-1.295519214,,0,0,0,0,0
2024-08-20 00:00:00.000,0.7692478334,-0.02039881074,-0.4400838798,-0.6474049085,-0.5848009618,-0.3527955001,-0.1409197796,-1.99110421,-1.565834932,-0.6782773116,0.2829889145,0.4242226941,0.4095339387,-0.1842173127,-0.6302605899,-0.8419135966,-0.1449608087,1,0,1,2,3
2024-08-21 00:00:00.000,0.7700648326,-0.08018610956,-0.4585403663,-0.6317260734,-0.5263363404,-0.2882560956,-0.07175100183,-2.124618086,-1.705236415,-0.7857370127,0.3398007857,0.4717729471,0.2654213747,-0.2102264833,-0.7044970182,-0.8204825014,-0.144555045,0,0,0,0,0
2024-08-22 00:00:00.000,0.8030314734,-0.1565661346,-0.5292561431,-0.7114499441,-0.6130906302,-0.3828377811,-0.18107382,-2.364924594,-1.952562181,-0.9754984392,0.1663485222,0.3250794541,0.319811195,-0.1761975456,-0.6384115607,-0.6996967734,0.07165536215,0,0,0,0,0
2024-08-23 00:00:00.000,0.7874994275,-0.1597992071,-0.5368260165,-0.7146697344,-0.6128644977,-0.382886067,-0.1845147388,-2.363020683,-1.948313084,-0.968706561,0.1658314833,0.3245019207,0.2638868522,-0.2102974171,-0.632057148,-0.6953406985,-0.1237178772,0,0,0,0,0
2024-08-26 00:00:00.000,0.7680310299,-0.163062943,-0.5435834249,-0.7165609312,-0.6126321344,-0.3829343553,-0.1880468373,-2.359244866,-1.944199024,-0.9631916186,0.1653133912,0.3239243872,,,,-0.733775352,,0,0,0,0,0
2024-08-27 00:00:00.000,0.800203118,0.03027139862,-0.649358116,-0.9547546099,-0.6615140224,-0.435349172,-0.2505286635,-2.4165056,-1.997064217,-0.9977224523,0.1259723594,0.2906841294,0.2123625384,-0.2281819357,-0.6708040891,-0.6019384671,0.09590042575,0,0,0,0,0
2024-08-28 00:00:00.000,0.801356318,0.113147576,-0.8603249293,-0.7123226824,-0.6221451987,-0.3955968897,-0.2121438886,-2.482555787,-2.058401004,-1.057773367,0.06769137484,0.2417221281,0.2915721691,-0.1943750762,-0.6690299521,-0.4668474526,-0.1286825919,0,0,0,0,0
2024-08-29 00:00:00.000,0.7589299839,0.08358828637,-0.7225819977,-0.969413047,-0.681185058,-0.4620305733,-0.2949112411,-2.439446565,-2.009702119,-1.032072441,0.125287578,0.2899782552,0.3476817285,-0.1488179092,-0.6327758863,-0.482384779,-0.3438451713,0,0,0,0,0
2024-08-30 00:00:00.000,0.7177100627,0.1231199043,-0.6376153945,-0.7022355516,-0.7152015606,-0.5066811859,-0.3536329189,-2.476736658,-2.041498391,-1.068794583,0.08656515278,0.257508042,0.4180943318,-0.05533779186,-0.588677974,-0.4492158134,-0.3306835706,0,0,1,1,3
2024-09-02 00:00:00.000,-0.1853588325,-0.8707554737,-0.6305866669,-0.7846369255,-0.7113685404,-0.5077586393,-1.848597072,-1.724676292,-1.488569067,-0.6843808903,-0.376471289,-0.1305944275,-0.6925217139,0.06364832457,-0.6511339882,-0.4615670786,,0,0,0,0,0
2024-09-03 00:00:00.000,-0.2005563084,-0.8598125893,-0.641835538,-0.7841973574,-0.7077441904,-0.5094717371,-1.855908588,-1.72686184,-1.479144524,-0.6822488266,-0.374243512,-0.1293751903,-0.776605616,0.01019006602,-0.6714903299,-0.13047735,-0.4957826094,1,1,1,3,3
2024-09-04 00:00:00.000,-0.2030138089,-0.8273820051,-0.6851821282,-0.7837654216,-0.7025322858,-0.5110663713,-1.888154249,-1.754974793,-1.496176088,-0.7013554478,-0.3912033232,-0.1443268893,-0.9093255505,0.07760949674,-0.6400594183,-0.3035840963,-0.4044480625,0,0,0,0,0
2024-09-05 00:00:00.000,-0.1198796553,-0.7559820766,-0.6176904804,-0.7036661451,-0.5931012611,-0.4020956996,-1.904269539,-1.75063941,-1.484177249,-0.6996110369,-0.3893995341,-0.1433643335,-1.000427597,0.01396695334,-0.6888003884,-0.3051717311,0.5947143469,0,0,0,0,0
2024-09-06 00:00:00.000,-0.1320502512,-0.7714654001,-0.6394897354,-0.7196566618,-0.6120659693,-0.4223035083,-2.050111037,-1.877493539,-1.603565505,-0.8044590584,-0.4839900257,-0.2235773109,-1.149560711,0.0195633536,-0.7117187886,-0.4533038751,-0.1262392889,0,0,0,0,0
2024-09-09 00:00:00.000,-0.01492949319,-0.7529359996,-0.7829432098,-0.7196533423,-0.6119962082,-0.4204031921,-1.9162648,-1.717857125,-1.434317649,-0.6753968332,-0.3672811595,-0.1255891378,-0.9689687052,0.1078349188,-0.7080619128,-0.4553058731,,0,0,0,0,0
2024-09-10 00:00:00.000,-0.07227404322,-0.7547601853,-0.7789572357,-0.735700522,-0.6309132882,-0.4393093531,-1.859886056,-1.638538167,-1.346317313,-0.6107989177,-0.3089265568,-0.07649879563,-1.280082001,0.05997003119,-0.7087257604,-0.1300541209,-0.8424141282,0,0,0,0,0
2024-09-11 00:00:00.000,-0.1423884895,-0.8554653037,-0.6249605315,-0.8745423151,-0.7356893895,-0.4695824216,-1.856206842,-1.612016392,-1.31143282,-0.5889501172,-0.2893642614,-0.05994283711,-1.119436351,0.07650872116,-0.7667778158,-0.1109204536,-0.4526300463,0,0,0,0,0
2024-09-12 00:00:00.000,-0.1942814986,-1.145389442,-0.9405453199,-0.8873153427,-0.8299225672,-1.150399275,-2.376410265,-2.101286896,-1.791187133,-0.694250691,-0.3845219389,-0.1404766664,-1.483146069,-0.0223143282,-0.7652111956,-0.09712654147,-0.6717222026,0,0,0,0,0
2024-09-13 00:00:00.000,-0.2408730994,-1.050146818,-0.9875465311,-0.8866312145,-0.8273457968,-1.145222836,-2.458306037,-2.155527435,-1.837780921,-0.6401663349,-0.3359953145,-0.09940762196,-1.483769474,0.02132386588,-0.7138236987,-0.06916930326,-0.3468582099,0,0,0,0,0
2024-09-16 00:00:00.000,-0.1937272544,-1.04176525,-0.8699776174,-0.891151651,-0.8325449353,-1.126991942,-2.472167381,-2.144049587,-1.819557608,-0.6404662613,-0.3361848716,-0.09956804792,-1.91911338,-0.01677575283,-0.7680567887,-0.06931089836,,0,0,0,0,0
2024-09-17 00:00:00.000,-0.2137504323,-1.021172488,-1.002348078,-0.9342980869,-0.8848359521,-1.193206031,-2.491782623,-2.135452653,-1.802669623,-0.640058387,-0.3359194917,-0.09934345158,-1.502874182,0.02794519965,-0.773421394,-0.3227370716,0.02266729596,0,0,0,0,0
2024-09-18 00:00:00.000,-0.1559118639,-1.071302582,-0.8352117616,-0.9676542674,-1.073500539,-1.561872041,-2.515737564,-2.128858394,-1.786798268,-0.6401177831,-0.3359574031,-0.09937553677,-1.455197056,0.01015022862,-0.7751667899,-0.3164026469,0.3182403398,0,0,0,0,0
2024-09-19 00:00:00.000,-0.2112523562,-1.011363102,-0.7471375813,-0.6101585673,-0.6224593262,-1.008777145,-2.130759208,-1.740359724,-1.396680841,-0.3223660959,-0.04908164768,0.143413103,-2.11948546,-0.0629340049,-0.7601903996,-0.7913035828,-1.122163367,0,0,1,1,3
2024-09-20 00:00:00.000,-0.2099626167,-0.9413199574,-0.6992431095,-0.6404485586,-0.6639883111,-1.071123996,-2.294875234,-1.866405448,-1.511870477,-0.4292978997,-0.1454904023,0.06182046249,-1.597276787,0.006274064426,-0.7394120772,-0.8368540713,0.3702552682,0,0,0,0,0
2024-09-23 00:00:00.000,-0.3399192923,-1.094104799,-0.8516292174,-0.7919432219,-0.848897283,-1.283178499,-2.729730877,-2.240278588,-1.87093063,-0.747060489,-0.4322903348,-0.1809040069,-0.9697929372,0.2135139376,-0.598892863,-0.8316728185,,0,0,0,0,0
2024-09-24 00:00:00.000,-0.3406563722,-1.093978632,-0.8511613203,-0.7884007643,-0.8208380384,-1.272758717,-2.734804917,-2.223755219,-1.851305555,-0.7449738744,-0.430963435,-0.1797810253,-0.6738279998,0.3129451233,-0.5638634437,-0.6483143946,-0.1312768824,0,0,0,0,0
2024-09-25 00:00:00.000,-0.2932670127,-1.089507145,-0.8442839654,-0.7581334557,-0.783634507,-1.25275138,-2.739982737,-2.207526328,-1.832104443,-0.7418874812,-0.4288783066,-0.1780163398,-0.2684030452,0.2673585739,-0.5806741313,-0.7513363183,0.5884179166,0,0,0,0,0
2024-09-26 00:00:00.000,-0.2250759882,-0.8760613997,-1.039122748,-0.9538162776,-1.026305462,-1.545063804,-2.705423837,-2.179605915,-1.815137997,-0.7383608022,-0.4264140639,-0.1842898364,-0.07646758738,0.3294838369,-0.575893437,-0.6883430708,0.5135680065,0,0,0,0,0
2024-09-27 00:00:00.000,-0.2520543476,-0.846336488,-0.7755076906,-0.9348171232,-0.9919828209,-1.52452028,-2.800614556,-2.273301724,-1.912193641,-0.8391192019,-0.5172978802,-0.2680543813,0.2092917106,0.4545375006,-0.4768832077,-0.5840566483,-0.322159487,0,0,0,0,0
2024-09-30 00:00:00.000,-0.3905640974,-0.9026987039,-0.8347399499,-0.9477245986,-0.988118726,-1.547162616,-2.675716429,-2.168477349,-1.812920014,-0.770508814,-0.4534487157,-0.2196897454,0.8318173817,0.5314126651,-0.4492023758,-0.5820219221,,0,0,0,0,0
2024-10-01 00:00:00.000,-1.385664754,-1.208035171,-1.133634199,-1.187473035,-1.386470439,-2.149090269,-2.581853875,-2.091427323,-1.147768249,-0.7231944901,-0.4089492456,-2.216520238,0.4695145483,0.5632084458,-0.4220055699,-0.720440984,-0.9273979946,0,0,0,0,0
2024-10-02 00:00:00.000,-1.494026826,-1.118453151,-1.283738536,-1.344601811,-1.531272284,-2.221018309,-2.654352284,-2.161516038,-1.219252177,-0.8026811168,-0.4782489635,-2.087501024,0.6899554212,0.4071212493,-0.3607105795,-0.6460095512,-1.319445891,0,0,0,0,0
2024-10-03 00:00:00.000,-1.366604675,-1.087585235,-1.248038641,-1.189720649,-1.211909648,-2.078004349,-2.451449505,-1.979588022,-1.153803964,-0.7659968146,-0.44439594,-2.244159425,0.9081293083,0.4311845046,-0.3708286942,-0.5810011277,1.230183344,0,0,0,0,0
2024-10-04 00:00:00.000,-1.371333865,-1.050768478,-1.176770016,-1.093037406,-1.12187535,-2.354880253,-2.708973798,-1.588566321,-0.9725981173,-0.6142996205,-0.3091540239,-2.161766259,1.244367222,0.5962152242,-0.237865707,-0.6257584525,0.2416580599,0,0,0,0,0
2024-10-07 00:00:00.000,-1.314872336,-1.047787975,-1.107564867,-0.994745892,-1.027770114,-2.284749238,-2.59853533,-1.503817611,-0.8983527469,-0.5476867844,-0.2499653118,-1.967680946,1.300555798,0.8052907321,-0.1951671585,-0.6178263896,,0,0,0,0,0
2024-10-08 00:00:00.000,-1.409398247,-0.9273102741,-1.108174521,-0.9965689438,-1.021508777,-2.394355808,-2.513263381,-1.279028719,-0.911680415,-0.5865438475,-0.2840947861,-1.737690944,1.137317646,0.7140443456,-0.2561286158,-1.029647486,-1.562993937,0,0,0,0,0
2024-10-09 00:00:00.000,-1.334704081,-0.9760684531,-1.178928847,-1.07106658,-1.102764397,-2.307311519,-2.389858681,-1.179965623,-0.8108718924,-0.4999044636,-0.2080564797,-1.617846069,1.086586475,0.7546498018,-0.2271718279,-1.17283453,0.2489208751,0,0,0,0,0
2024-10-10 00:00:00.000,-1.399665308,-0.9981072659,-1.136759955,-1.0250622,-1.055184619,-2.29608283,-2.351667923,-1.134934208,-0.7833181146,-0.476572778,-0.1880436232,-1.652016952,1.571868285,0.8587169165,-0.1494838875,-1.313562842,-0.04732767374,0,0,0,0,0
2024-10-11 00:00:00.000,-1.432883645,-1.029656417,-1.164447733,-1.079129688,-1.06320138,-2.304230595,-2.345251877,-1.137463224,-0.7720794479,-0.476572778,-0.1884504641,-1.587507002,1.636237677,0.8518935359,-0.1940221176,-1.313505145,-0.6437613519,0,0,0,0,0
2024-10-14 00:00:00.000,-1.315530912,-0.9499403051,-1.178897014,-1.093453067,-1.078234211,-2.253045073,-2.26143753,-1.054510166,-0.7028662994,-0.4123816101,-0.1326563878,-1.59198192,1.865147137,1.020256784,-0.06984848613,-1.305122649,,0,0,0,0,0
2024-10-15 00:00:00.000,-1.511727555,-1.093336774,-1.226806617,-1.155895801,-1.20022828,-2.349479647,-2.266937319,-1.262423267,-0.7995909801,-0.5145844655,-0.2229779885,-1.1753444,1.530167395,1.075266209,-0.04955244523,-1.337421273,-1.810509174,0,0,0,0,0
2024-10-16 00:00:00.000,-1.58784495,-1.244126328,-1.417662081,-1.36874577,-1.480840835,-2.503945623,-2.345200147,-1.260253509,-0.993419006,-0.7207117159,-0.404802341,-1.255751636,1.390852442,1.068153786,-0.06720509462,-1.429122676,-1.130786844,0,0,0,0,0
2024-10-17 00:00:00.000,-1.667766749,-1.356000139,-1.519523151,-1.470199506,-1.60165691,-2.70025007,-2.565628269,-1.480238338,-1.193045927,-0.925348592,-0.585904879,-1.56328593,1.58670628,1.23769733,0.1009261935,-1.497811323,-0.6076011733,0,0,0,0,0
2024-10-18 00:00:00.000,-1.506722563,-1.222643185,-1.380897993,-1.312647054,-1.430889417,-2.494456653,-2.320685766,-1.268768766,-1.011326654,-0.7314187086,-0.4162420078,-1.493809531,1.753958495,1.314780326,0.1227248498,-1.52215013,0.8067167059,0,0,0,0,0
2024-10-21 00:00:00.000,-1.307004338,-1.156846284,-1.27914545,-1.211658965,-1.314673173,-2.569267796,-2.278519128,-1.121800916,-0.9884710611,-0.7055152545,-0.3938584661,-1.458305767,2.084350228,1.423729583,0.09688723696,-1.514406319,,0,0,0,0,0
2024-10-22 00:00:00.000,-1.187335923,-1.005920342,-1.205041401,-1.1758613,-1.176285274,-2.567684458,-2.262083337,-1.102149178,-0.9836128105,-0.7006086229,-0.3899212959,-1.300723785,2.326582483,1.611388074,0.253771615,-1.512628517,1.088013012,0,0,0,0,0
2024-10-23 00:00:00.000,-1.254258892,-1.005536481,-1.125541161,-1.198554637,-1.135711196,-2.479586794,-2.14967467,-0.9961257178,-0.8750841198,-0.6121906053,-0.3315180893,-1.295621094,2.731742346,2.436133534,0.4732519998,-1.453344386,-0.4480465783,0,0,0,0,0
2024-10-24 00:00:00.000,-1.163694126,-0.9218629771,-1.249901756,-1.30894677,-1.244566423,-2.477618162,-2.134819856,-0.9466835131,-0.8398851945,-0.6075438244,-0.3275493128,-1.364249235,3.026891947,2.521056659,1.13962359,-0.2960100847,0.8263038943,0,0,0,0,0
2024-10-25 00:00:00.000,-1.112158397,-0.8727533724,-1.23387778,-1.293291301,-1.245485663,-2.556000599,-2.213048706,-0.9662594765,-0.9060144484,-0.6861416749,-0.4017798431,-1.417713074,3.401020643,2.457421621,1.144292052,-0.2698055817,0.6005142449,0,0,0,0,0
2024-10-28 00:00:00.000,-1.103862204,-0.8728316135,-1.22712037,-1.2765515,-1.242132102,-2.516080426,-2.183750505,-0.9570002591,-0.9015370951,-0.6810373149,-0.4058333996,-1.426507099,3.406646829,2.720535043,1.226583654,-0.2722233878,,0,0,0,0,0
2024-10-29 00:00:00.000,-1.087886335,-0.8729898876,-1.224447104,-1.26924027,-1.241824327,-2.483154378,-2.154424034,-0.9403773192,-0.8902447128,-0.6759526043,-0.4093232022,-1.429859372,3.672835112,2.892938139,1.366132685,-0.3383884311,-0.09420302937,0,0,0,0,0
2024-10-30 00:00:00.000,-1.375230788,-0.9339985231,-1.279489736,-1.271013616,-1.342672035,-2.453343444,-2.146387909,-0.9628827704,-0.898587863,-0.6914365441,-0.4320402783,-1.45698568,3.113296374,2.454364306,1.022986226,-0.4522755954,-3.026568656,0,0,1,1,3
2024-10-31 00:00:00.000,-1.362779946,-0.9324505003,-1.273635753,-1.235852992,-1.339734492,-2.411914876,-2.118706248,-0.9476169779,-0.8816988838,-0.6862135418,-0.4347731935,-1.467515243,2.967820532,2.404920465,1.095772947,-0.6119788266,-0.5826312051,0,0,0,0,0
2024-11-01 00:00:00.000,-1.35211262,-0.9177611854,-1.353486722,-1.309674432,-2.237824381,-1.93337433,-1.334094343,-1.136763385,-0.87653323,-0.6806138284,-2.126445547,-2.022845663,2.425633702,1.855278303,0.8697050147,-0.7139243997,-2.420190605,0,0,1,1,3
2024-11-04 00:00:00.000,-1.029206958,-1.26225729,-1.26230772,-1.222500575,-2.080407357,-1.712448144,-1.062566733,-0.9031318457,-0.6663178867,-0.4465264678,-1.80141467,-1.796537172,2.465046127,1.966561775,0.9349481699,-0.7118717699,,0,0,0,0,0
2024-11-05 00:00:00.000,-1.064239859,-1.350250116,-1.25673581,-1.254301185,-1.858061595,-1.438872788,-0.7466345371,-0.9983935987,-0.7783082459,-0.5673873492,-1.844056602,-1.8431476,2.378939761,2.038674484,0.9744082365,-0.7458422813,-0.3852994022,0,0,0,0,0
2024-11-06 00:00:00.000,-1.030938936,-1.308823977,-1.243885846,-1.270583388,-1.942731793,-1.52407003,-0.8489671178,-1.065487523,-0.8700950014,-0.6671247307,-1.65465355,-1.711417597,2.482803897,2.450763764,1.171723892,-0.7228263241,0.2013564719,0,0,0,0,0
2024-11-07 00:00:00.000,-1.038608142,-1.162788292,-1.101324397,-1.122859471,-1.935107092,-1.498050164,-0.8064129345,-1.024057641,-0.8467046354,-0.6417571351,-1.830468764,-1.874206443,2.44575444,2.137891755,1.006761508,-0.6890210686,0.05015221914,0,0,0,0,0
2024-11-08 00:00:00.000,-0.979533026,-1.060031493,-0.9904093681,-1.011467396,-1.816014128,-1.347539357,-0.6133401858,-0.8664013425,-0.6937507514,-0.4714159825,-1.918214392,-1.945266978,2.540719337,2.53104396,1.051583396,-0.5577720681,0.6373475472,0,0,0,0,0
2024-11-11 00:00:00.000,-0.9188106732,-0.9945038431,-0.9109615478,-0.9481998672,-1.823454856,-1.328836274,-0.5581187523,-0.8206744557,-0.6652186764,-0.4503228876,-1.990013971,-2.020021537,2.963562711,3.025119113,1.252291519,-0.5569943397,,0,0,0,0,0
2024-11-12 00:00:00.000,-1.033124782,-1.053953031,-0.9722434113,-1.000257993,-1.909292602,-1.419698412,-0.66796124,-0.8842561178,-0.7570177115,-0.5528553662,-2.064823674,-2.089344729,4.367430489,5.313866281,2.372317949,-1.610645486,-0.9889592011,0,0,0,0,0
2024-11-13 00:00:00.000,-1.054378434,-1.082523623,-1.022687357,-1.035330254,-1.830492095,-1.326058945,-0.5562901318,-0.7946238957,-0.6526255681,-0.4472617582,-2.045817686,-2.080010842,3.14682776,3.619083427,1.405654674,-1.983440832,-0.2802811143,0,0,0,0,0
2024-11-14 00:00:00.000,-1.220297368,-1.251192357,-1.267546817,-1.221098751,-2.147985026,-1.639448767,-0.8935318221,-1.066936202,-0.966055216,-0.7993905596,-2.312413184,-2.323580336,4.472358897,4.293670888,1.796598525,-2.50715348,-0.6266270341,0,0,0,0,0
2024-11-15 00:00:00.000,-1.344144928,-1.336470464,-1.317456791,-1.254141124,-2.412618191,-1.908696656,-1.212092271,-1.142302593,-1.052707892,-0.9006562206,-2.247657464,-2.291138291,4.173631673,4.728624178,2.095394243,-2.518691923,-1.085483203,0,0,0,0,0
2024-11-18 00:00:00.000,-1.294324563,-1.310842718,-1.284794883,-1.225286823,-2.392564692,-1.861866571,-1.145841432,-1.080941679,-1.006682889,-0.8560874789,-1.889584977,-2.018563047,3.292393458,3.880724452,1.631128766,-2.512481716,,0,0,0,0,0
2024-11-19 00:00:00.000,-1.193503123,-1.265418924,-1.166144845,-1.031307893,-2.366188773,-1.845738379,-1.150591507,-1.053983114,-0.9930493543,-0.8532898972,-1.97441388,-2.086632876,2.694442422,2.644454443,1.239883312,-2.480343063,0.2418492178,0,0,0,0,0
2024-11-20 00:00:00.000,-1.211223333,-1.191387263,-1.1624834,-1.085770608,-2.372209664,-1.835021794,-1.115514332,-1.045590005,-0.9821611909,-0.8511877376,-2.318196787,-2.390989188,2.548808357,2.257426997,1.123107077,-2.396615876,0.03715445986,0,0,0,0,0
2024-11-21 00:00:00.000,-1.231016875,-1.150694113,-1.137322618,-1.057609289,-2.374820824,-1.825387806,-1.066863174,-1.044023479,-0.9549980124,-0.849478757,-2.359410991,-2.47274672,2.821877469,2.930578905,1.206992233,-2.432087447,0.2779409454,0,0,0,0,0
2024-11-22 00:00:00.000,-1.298356592,-1.15320026,-1.14273489,-1.068478407,-2.422028113,-1.899612645,-1.163973921,-1.119397587,-1.028602707,-0.9508220104,-2.517753145,-2.613645984,2.249936254,2.562994295,0.9462306319,-2.815682213,-1.162701794,0,0,0,0,0
2024-11-25 00:00:00.000,-1.289417403,-1.023500278,-1.199832141,-1.317642273,-2.509836876,-1.976041511,-1.210432642,-1.185085361,-1.11681379,-1.050926208,-2.565586825,-2.695789629,2.821315742,3.738822437,1.947611523,-2.762501602,,0,0,0,0,0
2024-11-26 00:00:00.000,-1.403652899,-1.010571362,-1.19522573,-1.306567193,-2.523643906,-2.009782323,-1.256082097,-1.28194476,-1.240607067,-1.190475204,-2.70743017,-2.836073613,2.447597109,3.467497506,1.865210059,-3.041509116,-1.383932971,0,0,0,0,0
2024-11-27 00:00:00.000,-1.519625865,-1.110587603,-1.108589567,-1.238737541,-2.574677302,-2.072834891,-1.330439308,-1.352949486,-1.331498721,-1.292541749,-2.855646092,-2.939591978,2.315935862,3.322980174,1.799414036,-3.033566129,-1.17078871,0,0,0,0,0
2024-11-28 00:00:00.000,-1.456966659,-1.054364312,-1.043405785,-1.200528663,-2.479623082,-1.959257307,-1.208542092,-1.266333083,-1.245589485,-1.18751597,-2.818526935,-2.889071718,2.387275607,3.512784205,2.005931957,-2.991085103,0.2737175063,0,0,0,0,0
2024-11-29 00:00:00.000,-1.369934957,-1.102885403,-1.032131678,-0.9581660164,-2.454911509,-1.937270127,-1.160640428,-1.252078656,-1.248301933,-1.186553768,-2.694038269,-2.770659762,2.445205493,3.50975772,1.722736476,-2.817372328,0.7976293106,0,0,0,0,0
2024-12-02 00:00:00.000,-1.422111578,-1.193968899,-1.183601181,-2.124288047,-2.024794671,-1.228884957,-1.632665901,-1.207484501,-1.204036085,-3.538655888,-3.363799109,-2.539895016,2.688754193,3.136241915,1.972078744,-2.763499053,,0,0,0,0,0
2024-12-03 00:00:00.000,-1.385754817,-1.180422745,-1.189603226,-2.124383759,-2.004725991,-1.223506318,-1.609641803,-1.198460075,-1.194846913,-3.555808377,-3.38739259,-2.571985387,2.67953893,3.113666693,2.177640224,-3.09763346,0.1252591292,0,0,0,0,0
2024-12-04 00:00:00.000,-1.338138839,-1.163137504,-1.040382349,-2.097932282,-1.982760862,-1.227552403,-1.571307833,-1.177040382,-1.184668148,-3.432387162,-3.288938544,-2.503852454,2.30197975,2.84889044,2.070581273,-2.975468682,-0.2754722931,0,0,0,0,0
2024-12-05 00:00:00.000,-1.38893453,-1.203753254,-1.072198046,-2.008661141,-1.867900385,-1.140639977,-1.457677505,-1.083553551,-1.080232596,-3.201006517,-3.097896056,-2.355512535,2.230469753,2.63688413,1.992106679,-2.889333376,-0.7851328079,0,0,0,0,0
2024-12-06 00:00:00.000,-1.32725173,-1.198057958,-1.09703632,-1.988161278,-1.831308089,-1.119976106,-1.436172909,-1.076516243,-1.075626522,-2.944164452,-2.885644341,-2.18610525,2.007436208,2.434762771,1.847592801,-2.860479798,0.2214869614,0,0,0,0,0
2024-12-09 00:00:00.000,-1.296926905,-1.140006403,-1.11989115,-1.959357455,-1.802183207,-1.11296973,-1.412510455,-1.061941733,-1.070419342,-3.059788844,-2.977178524,-2.27867224,1.741645725,2.362619487,2.174052821,-2.805115767,,0,0,0,0,0
2024-12-10 00:00:00.000,-1.230199074,-1.116048087,-1.126821391,-1.967210255,-1.787707843,-1.090344611,-1.387562883,-1.042862765,-1.061506782,-2.917535691,-2.867160139,-2.19447444,1.902475511,2.381263871,2.224352325,-2.695720633,0.6619118487,0,0,0,0,0
2024-12-11 00:00:00.000,-1.209401148,-1.133082224,-1.134440813,-1.903192525,-1.72217106,-1.037093924,-1.314586628,-0.9926214734,-0.9883753044,-2.594706098,-2.591125424,-1.966875987,1.763671925,2.3837547,2.295587869,-2.665788119,-0.303842827,0,0,0,0,0
2024-12-12 00:00:00.000,-1.217106832,-1.123764645,-1.086040277,-1.759062358,-1.596937159,-0.9313906263,-1.183557449,-0.8808354622,-0.86066446,-2.475808871,-2.470898549,-1.880645704,1.516636721,2.268139612,2.22080361,-2.328765185,-1.070411352,0,0,0,0,0
2024-12-13 00:00:00.000,-1.214703318,-1.125261502,-1.119334989,-1.80185558,-1.633999153,-1.005989717,-1.216969086,-0.9233664622,-0.9294305596,-2.357920848,-2.357983236,-1.796996678,1.27109475,2.193478218,2.281287566,-2.451677867,-0.6853082153,0,0,0,0,0
2024-12-16 00:00:00.000,-1.550181901,-1.288337056,-1.209425127,-1.799785809,-1.615357367,-0.997237013,-1.182575562,-0.9147668783,-0.9306492886,-2.330555127,-2.324798991,-1.780919155,0.9108171903,2.112064077,2.442376357,-2.415353438,,0,0,0,0,0
2024-12-17 00:00:00.000,-1.553069036,-1.301823657,-1.212354959,-1.794300999,-1.613634615,-0.9706259267,-1.168611196,-0.9120485563,-0.9491682791,-2.452883991,-2.451328352,-1.89766325,1.259913859,2.262963205,2.59475462,-2.487656097,0.8381890154,1,1,1,3,3
2024-12-18 00:00:00.000,-1.612716442,-1.348968794,-1.225185014,-1.807479846,-1.608198755,-1.024945911,-1.211099711,-0.9473423441,-1.019715225,-2.477348766,-2.467202757,-1.924694899,0.6782634323,1.674054005,2.601288382,-2.596081748,-1.156354279,0,0,0,0,0
2024-12-19 00:00:00.000,-1.601607799,-1.240544346,-1.296136771,-1.744039699,-1.499707759,-0.9165754743,-1.135112878,-0.8793440266,-0.9468001449,-2.421966697,-2.444361436,-1.909232902,1.578013189,2.418904145,3.001467392,-2.526448129,1.107594396,0,0,0,0,0
2024-12-20 00:00:00.000,-1.811798023,-1.411571201,-1.212639653,-1.412121394,-1.358561613,-0.9897548972,-0.8639036489,-0.6378868644,-1.564804306,-2.242784363,-2.293438991,-1.78338591,1.696868354,2.477884754,2.772272415,-2.48424015,-1.806473919,0,0,0,0,0
2024-12-23 00:00:00.000,-1.709040664,-1.390768325,-1.190591918,-1.303821925,-1.197742198,-0.8015402164,-0.9851437527,-0.7664224711,-1.757471219,-2.281928095,-2.342889066,-1.831718833,2.216781738,2.670008649,2.677005075,-2.445212789,,0,0,0,0,0
2024-12-24 00:00:00.000,-1.692785622,-1.374386965,-1.174730582,-1.318692942,-1.212831689,-0.8147807157,-0.9890215645,-0.7903123345,-1.806204019,-2.252499287,-2.31413375,-1.811935161,2.253133447,2.738599755,2.984749029,-2.44664563,-0.01245824833,0,0,0,0,0
2024-12-27 00:00:00.000,-1.813551863,-1.507284825,-1.309917504,-1.314568928,-1.196309114,-0.7910383342,-0.9650382435,-0.769887415,-1.842159612,-2.294902446,-2.359451884,-1.856660315,2.628543709,2.772849052,3.100088852,-2.454593144,,0,0,0,0,0
2024-12-30 00:00:00.000,-1.550070306,-1.328836954,-1.209388207,-1.303495102,-1.175157062,-0.7792647684,-1.08581764,-0.8955599766,-1.497342646,-2.112775583,-2.259255054,-1.830767613,2.324376756,2.872897711,3.142057039,-2.501307065,,0,0,0,0,0
2024-12-31 00:00:00.000,-1.55497928,-1.351933126,-1.16081982,-1.292308521,-1.167819691,-0.7664879427,-1.067346585,-0.8817936801,-1.480165516,-2.085367676,-2.236974927,-1.813153201,2.584217525,2.815549265,3.239351998,-2.498848383,0.0848949947,0,0,0,0,0
2025-01-02 00:00:00.000,-1.474075285,-1.287217861,-1.28175547,-1.086225379,-0.8360648769,-1.526144247,-1.226111586,-0.6828577128,-3.166143798,-2.602126102,-2.40418538,-1.510557126,2.646558563,2.644300115,3.103241972,-2.458467399,,0,0,0,0,0
2025-01-03 00:00:00.000,-1.186768547,-1.110200459,-1.155303215,-0.9654861096,-0.6866697253,-1.357274315,-1.067372996,-0.5413534157,-2.923757274,-2.408530339,-2.236433024,-1.374139214,2.429018862,2.540511909,2.910252297,-2.417631346,2.213168997,0,0,0,0,0
2025-01-06 00:00:00.000,-1.200896708,-1.096299684,-1.083497408,-0.9263875379,-0.6889360795,-1.081301076,-0.8104715933,-0.3161567954,-2.497272565,-2.04358574,-1.912690128,-1.104178404,2.261616086,2.259840864,3.186956473,-2.372711267,,0,0,0,0,0
2025-01-07 00:00:00.000,-1.225461984,-0.9764418956,-0.9782714368,-0.8066290348,-0.5638891316,-0.9299046766,-0.6646622627,-0.1764797193,-2.230041802,-1.822086334,-1.726480034,-0.9379757836,2.118467164,2.546740529,3.71621304,-2.403558949,-0.1326265022,0,0,1,1,3
2025-01-08 00:00:00.000,-1.216593468,-0.9651223854,-0.935696898,-0.7495093551,-0.5102417444,-0.8515816243,-0.5993109596,-0.1326611453,-2.033886986,-1.658553994,-1.572395176,-0.8167845129,1.641576122,2.265790753,3.512555678,-2.707078251,-0.9167640737,0,0,0,0,0
2025-01-09 00:00:00.000,-1.18628766,-0.9654470049,-0.8961599068,-0.7729633059,-0.6603142432,-0.8915802019,-0.647920658,-0.1862262093,-1.92327969,-1.568630451,-1.493832589,-0.7384023692,2.059350306,2.27181392,3.42121291,-2.95683224,-0.02150877546,0,0,1,1,3
2025-01-10 00:00:00.000,-1.17099947,-0.9197015424,-0.7924045376,-0.6437460178,-0.4951357468,-0.7689604285,-0.5369250424,-0.06670893486,-1.736903188,-1.673853655,-1.1343966,-0.5979059511,2.099611418,2.305164221,3.394696057,-2.864849303,0.1244570701,0,0,0,0,0
2025-01-13 00:00:00.000,-1.148166895,-0.9100043783,-0.7693058588,-0.6219775724,-0.4614211489,-0.7699064927,-0.5395918002,-0.04792743361,-1.701159146,-1.665680593,-1.126101758,-0.5825752931,2.265576373,2.491463324,3.469996315,-2.797821265,,0,0,0,0,0
2025-01-14 00:00:00.000,-1.118312429,-0.8568251468,-0.7567211099,-0.6206007397,-0.4626901363,-0.7506213076,-0.5298812841,-0.05532138695,-1.638677929,-1.572016693,-1.05468338,-0.5273738263,2.239173104,2.397075582,3.40228626,-2.639956031,-0.3716441964,0,0,0,0,0
2025-01-15 00:00:00.000,-1.067038312,-0.8252839121,-0.7433591071,-0.6180838648,-0.4616611188,-0.7377307505,-0.522550957,-0.0552417783,-1.534552055,-1.483610078,-0.9840497272,-0.4639844518,2.313109877,2.353554019,3.108634929,-2.59916747,0.4186943651,0,0,0,0,0
2025-01-16 00:00:00.000,-1.084432328,-0.6956243532,-0.7374281095,-0.6141469356,-0.4615143379,-0.7232727663,-0.5135118009,-0.05750929313,-1.586856423,-1.543019683,-1.040168661,-0.5223688045,2.216849122,2.135532447,2.815004401,-2.537238352,-0.5409019149,0,0,0,0,0
2025-01-17 00:00:00.000,-1.05534346,-0.6502335602,-0.6440908619,-0.5128355854,-0.3436667957,-0.6007903897,-0.3888126832,0.07020358759,-1.464263784,-1.459141803,-0.9700225951,-0.4574469006,2.317520218,2.2693192,2.865761566,-2.454225101,0.4821314628,0,0,0,0,0
2025-01-20 00:00:00.000,-0.8672740596,-0.698340549,-0.7234523278,-0.5634232474,-0.3653851198,-0.660991701,-0.4549393758,0.006005072562,-1.533575065,-1.519695979,-1.026203172,-0.5112682128,2.331323758,2.272118279,2.848002399,-2.431383023,,0,0,0,0,0
2025-01-21 00:00:00.000,-0.8202021266,-0.6227643181,-0.7653330465,-0.6037758067,-0.5961679854,-0.7858460456,-0.5820165587,-0.1044078375,-1.443834832,-1.436106013,-0.9565034036,-0.4495661543,2.360541953,2.222190765,2.658567524,-2.095514138,0.9740171581,0,0,0,0,0
2025-01-22 00:00:00.000,-0.9410656047,-0.740268248,-0.8725796688,-0.7722976304,-0.6608776233,-1.055906853,-0.8675619901,-0.3917687893,-1.518664071,-1.491417795,-1.012164884,-0.5211063572,2.459354871,2.315253884,2.580112718,-2.033779468,-1.582171262,0,0,0,0,0
2025-01-23 00:00:00.000,-1.180058727,-0.836445046,-0.9114730826,-0.817207297,-0.7113863996,-0.7170518169,-0.6567617457,-1.165398755,-1.453680534,-1.417562216,-1.293118629,-0.9077266,2.869917699,2.7201295,2.541102982,-2.001906224,-2.275955716,0,0,0,0,0
2025-01-24 00:00:00.000,-1.12125046,-0.7823129721,-0.8551376441,-0.7580400625,-0.636556635,-0.6483205858,-0.5822428248,-1.093228567,-1.364411008,-1.334225278,-1.221422886,-0.8314198752,2.68762018,2.689089216,2.474006462,-1.950714037,0.6590196121,0,0,0,0,0
2025-01-27 00:00:00.000,-1.032543961,-0.777825062,-0.7920040329,-0.7658814311,-0.5848818078,-0.4206443787,-0.3397980983,-0.8312352772,-1.423711747,-1.394480897,-1.26832193,-0.8762964563,2.229309462,2.447613837,2.921499218,-2.067525993,,0,0,0,0,0
2025-01-28 00:00:00.000,-1.110718242,-0.773324448,-0.7359107469,-0.6795841852,-0.5399414543,-0.3501152853,-0.2671640481,-0.7596802359,-1.254319589,-1.241229346,-1.134838057,-0.8591820344,2.188870774,2.159052052,2.488718152,-2.144179206,-0.703584819,0,0,0,0,0
2025-01-29 00:00:00.000,-0.9967427085,-0.7688566445,-0.6918359073,-0.6228911659,-0.462090837,-0.2714469591,-0.1827087645,-0.7103600543,-1.235927039,-1.364660873,-1.02108603,-0.8424412375,2.299640971,2.317510927,2.340787891,-1.981433735,1.909838151,0,0,0,0,0
2025-01-30 00:00:00.000,-0.8587654944,-0.7540881606,-0.7360115156,-0.6667286187,-0.5310239043,-0.3356919789,-0.2488827044,-0.7679327396,-1.226530638,-1.351474011,-1.011839178,-0.8259600677,2.410371734,2.514965905,2.308916978,-1.954987016,1.319485328,0,0,0,0,0
2025-01-31 00:00:00.000,-0.7628625364,-0.6607230273,-0.7656512927,-0.6867097442,-0.5493549608,-0.2770997689,-0.1897768964,-0.7663571224,-0.9991135741,-1.161257933,-0.8473860244,-0.8430673619,2.525260441,2.644989865,2.502873897,-1.845382544,1.182133097,0,0,0,0,0
2025-02-03 00:00:00.000,-0.7583716574,-0.7614441577,-0.5263462308,-0.3427153725,0.03542503408,0.2143220852,-1.101418201,-1.100041489,-1.526969555,-1.092228128,-1.04013846,-1.038140743,2.780997279,2.40605319,2.657696041,-1.82651553,,0,0,0,0,0
2025-02-04 00:00:00.000,-0.61240174,-0.5012071806,-0.3799481139,-0.296781092,-0.04810869075,0.273865801,-0.8382058479,-1.076984971,-1.500341057,-1.069252127,-0.9948135784,-0.9813311418,2.559685801,2.19285336,2.648843077,-1.665922567,0.8036183417,0,0,0,0,0
2025-02-05 00:00:00.000,-0.7061643381,-0.5910416511,-0.5240024313,-0.5095142804,-0.2444773715,0.07762223814,-1.056416271,-1.09170572,-1.546815559,-1.066208324,-1.011703437,-0.9889419565,2.409332806,2.13708715,2.656432272,-1.592346973,-0.6361730369,0,0,0,0,0
2025-02-06 00:00:00.000,-0.6609703863,-0.6192508535,-0.5215283076,-0.4745741693,-0.2360991174,0.09082556892,-1.050369776,-1.223828849,-1.712440308,-1.161079842,-1.12744166,-1.082046176,2.463591715,2.315661946,3.280318232,-1.54075785,0.5433092134,0,0,0,0,0
2025-02-07 00:00:00.000,-0.7346958226,-0.58565303,-0.4907486881,-0.4419212021,-0.1845340266,0.1512547376,-1.01479864,-1.418754449,-1.888336837,-1.358401627,-1.186547836,-1.132688612,2.473231693,2.437568276,2.885095816,-1.378257017,-0.4722123536,0,0,0,0,0
2025-02-10 00:00:00.000,-0.7287568256,-0.6785218639,-0.5670071518,-0.5024176738,-0.1408863308,0.2033580776,-1.015890307,-1.342168914,-1.799317131,-1.275543488,-1.115300044,-1.061834174,2.491230021,2.493406005,2.871196206,-1.306561878,,0,0,0,0,0
2025-02-11 00:00:00.000,-0.723028366,-0.843163002,-0.73651097,-0.6966505833,-0.3983579875,-0.05674580172,-1.246410231,-1.410960192,-1.925375016,-1.335477945,-1.137497762,-1.085540207,2.39269217,2.451347211,2.765604111,-0.9522253516,-0.2924862669,0,0,0,0,0
2025-02-12 00:00:00.000,-0.7171871028,-0.7614223639,-0.6555649302,-0.6082345508,-0.2889950169,0.05667283925,-1.098680836,-1.282118818,-1.729783426,-1.212544954,-1.004799451,-0.9664394829,2.364455309,2.516383315,2.82763395,-0.8267968941,-0.4451713749,0,0,0,0,0
2025-02-13 00:00:00.000,-0.6823199722,-0.593283682,-0.4886117282,-0.4197390777,-0.1197265258,0.2153452259,-0.8534036201,-1.175504902,-1.552735977,-1.082348056,-0.8730680692,-0.836228674,1.986830451,2.198419699,2.33911624,-0.4397890384,-0.8179879794,1,1,1,3,3
2025-02-14 00:00:00.000,-0.7251909337,-0.5894476855,-0.4868027259,-0.4184260637,-0.1189771773,0.2163739782,-0.8284002658,-1.116164323,-1.486151177,-1.018884748,-0.804003768,-0.774794822,1.889916949,1.759941166,1.875276034,-0.4908481847,-0.693214597,0,0,0,0,0
2025-02-17 00:00:00.000,-0.8534772222,-0.651886269,-0.5547206595,-0.4953207675,-0.2945819245,0.03927319206,-0.9257314025,-1.256953462,-1.583639122,-1.132771919,-0.9093259977,-0.8485156728,1.688328456,1.599841689,1.71045687,-0.4800557613,,0,0,0,0,0
2025-02-18 00:00:00.000,-0.9028426761,-0.695179374,-0.5521950576,-0.4423674422,-0.2791470396,0.0599788122,-0.931515311,-1.107631529,-1.653719358,-1.378439828,-0.9660121321,-0.8993548194,1.729964436,1.693918013,1.809863102,-0.2774844003,-0.1467229105,0,0,0,0,0
2025-02-19 00:00:00.000,-1.026155632,-0.7345293901,-0.5557527808,-0.3975014362,-0.2014888215,0.1322011584,-0.8233676988,-0.9830931308,-1.659258716,-1.493192914,-0.9458151252,-0.87943,1.624967688,1.577929642,1.700282204,0.04757546871,-2.186598617,0,0,0,0,0
2025-02-20 00:00:00.000,-1.051830833,-0.7710760551,-0.552181424,-0.3389195615,-0.1961284341,0.1393820409,-0.8104210337,-0.9399445828,-1.609662069,-1.464418389,-0.8889533814,-0.8293671321,1.598463019,1.552090218,1.688752384,0.05054901135,-0.4765697412,0,0,0,0,0
2025-02-21 00:00:00.000,-1.04419657,-0.7111837932,-0.5413977086,-0.3842807452,-0.2261940639,0.1088576121,-0.8123687477,-1.062273096,-1.636773633,-1.575989128,-0.9696708211,-0.8924976253,1.520907026,1.439525567,1.518390975,0.128676569,-0.3709817298,0,0,0,0,0
2025-02-24 00:00:00.000,-1.058067816,-0.75702968,-0.5406198276,-0.3238876689,-0.2173866092,0.1194821744,-0.8105424177,-1.062514471,-1.575625703,-1.563664772,-0.959495829,-0.874120814,1.475835514,1.371326798,1.449718088,0.1278754706,,0,0,0,0,0
2025-02-25 00:00:00.000,-1.118497163,-0.7573134719,-0.5974436717,-0.4540107355,-0.3246031318,0.003704867662,-0.8366957654,-1.027633559,-1.487729526,-1.460155634,-0.890486685,-0.7943067233,1.102562423,0.9057706089,1.162254446,0.4089720344,-2.492994395,0,0,0,0,0
2025-02-26 00:00:00.000,-1.308183456,-0.8333724912,-0.6937409165,-0.5661515449,-0.4047870975,-0.0869625424,-0.8563223724,-0.9235923307,-1.339764123,-1.313486058,-0.9988810812,-0.8823891546,0.9144790934,0.7301285791,1.116436517,0.59908243,-4.034504904,0,0,0,0,0
2025-02-27 00:00:00.000,-1.326517424,-0.8282580709,-0.6879806401,-0.5545183772,-0.3738599139,-0.04283267746,-0.9053864947,-0.8714172504,-1.325795978,-1.328976058,-0.976951695,-0.8729770241,1.018284356,0.8958399587,1.192462241,1.149325424,1.746836672,0,0,0,0,0
2025-02-28 00:00:00.000,-1.361731604,-0.8376243568,-0.6574026917,-0.4616201131,-0.3241743585,-0.06660376308,-0.7785050781,-0.8662724517,-1.285473788,-1.300222765,-0.9631370395,-0.8470541877,1.027919501,0.784531448,1.089964951,1.140158167,-0.887467186,0,0,0,0,0
2025-03-03 00:00:00.000,-1.038802537,-0.7302439637,-0.5435307887,-0.4388232629,-0.288096402,-1.165688975,-0.8773805582,-1.643741871,-1.446469213,-1.32369788,-1.150668812,-0.5123193947,0.8493269709,0.7181826849,0.9042400456,1.127874312,,0,0,0,0,0
2025-03-04 00:00:00.000,-0.9754192856,-0.6979193881,-0.5161497996,-0.40781023,-0.2475391397,-1.079726639,-0.9472026098,-1.670339424,-1.475331893,-1.245702968,-1.059326375,-0.461570713,0.6742970971,0.5268033012,0.736858536,1.172736807,-0.298963642,0,0,0,0,0
2025-03-05 00:00:00.000,-0.968974934,-0.7382151941,-0.5736906793,-0.4840993077,-0.5096086371,-0.8319262433,-0.9011119237,-1.586062469,-1.382181946,-1.303254812,-1.092337371,-0.5104071935,0.5198147283,0.2977390472,0.5568271635,1.279048966,-1.18084748,0,0,0,0,0
2025-03-06 00:00:00.000,-0.9213354224,-0.7478173747,-0.5948159112,-0.6239854114,-0.4663441831,-0.5278595826,-1.034645495,-1.696551041,-1.45328368,-1.400553856,-1.177705212,-0.5886428671,0.3482657504,0.017358356,0.4301099019,1.566307568,-1.557626881,0,0,0,0,0
2025-03-07 00:00:00.000,-0.9770340296,-0.8158064232,-0.7401804296,-0.6846733918,-0.5354798576,-0.6147378004,-1.201727759,-1.924824358,-1.64556332,-1.516760158,-1.292296446,-0.6615798819,0.3377975322,-0.01050679068,0.3668369938,1.68192723,0.1501367643,0,0,0,0,0
2025-03-10 00:00:00.000,-0.9779557987,-0.8105337111,-0.7849459347,-0.6549342436,-0.4917868725,-0.5827613387,-1.316541547,-2.09537671,-1.775575616,-1.638253071,-1.417471106,-0.7360840271,0.3805166756,0.02212412659,0.3415284666,1.686967623,,0,0,0,0,0
2025-03-11 00:00:00.000,-1.053098025,-0.8998491179,-0.6692528955,-0.6609735972,-0.4790312021,-0.5873799413,-1.300172166,-2.097206372,-1.752584011,-1.623536633,-1.419476244,-0.7178038937,0.3622153275,0.04035994998,0.3131919775,1.799946015,-0.05982836942,0,0,0,0,0
2025-03-12 00:00:00.000,-1.039930445,-0.9343166081,-0.7294774146,-0.7271353953,-0.5595090188,-0.6673294698,-1.300598619,-2.048547749,-1.705381043,-1.609094821,-1.378741974,-0.7129629894,0.4043640085,0.104961814,0.4290697019,1.930954101,-0.5785017896,0,0,0,0,0
2025-03-13 00:00:00.000,-0.9843617726,-0.9459338655,-0.781462687,-0.7658637503,-0.6076177063,-0.7135140203,-1.300794039,-2.043095577,-1.682784374,-1.594628141,-1.355085729,-0.711528455,0.4645153519,0.1808800157,0.4026860229,1.945538507,-0.1652578661,0,0,0,0,0
2025-03-14 00:00:00.000,-0.9715648534,-0.9863479077,-0.8213409646,-0.8201163839,-0.6633727004,-0.7881881744,-1.497419092,-2.261167445,-1.872217063,-1.586989864,-1.363784198,-0.703336975,0.4821169969,0.1966753532,0.339583234,2.238674726,0.810676239,0,0,0,0,0
2025-03-17 00:00:00.000,-1.017798765,-0.959667856,-0.8021725392,-0.794974223,-0.6256959478,-0.7403771392,-1.46546234,-2.171644214,-1.850013626,-1.533210955,-1.3203057,-0.6651560287,0.4948145456,0.303552246,0.3888117637,2.288652875,,0,0,0,0,0
2025-03-18 00:00:00.000,-1.071351671,-0.9081627275,-0.853273747,-0.7964452939,-0.6219980142,-0.7269204094,-1.518409955,-2.221187001,-1.897711634,-1.620371627,-1.386049442,-0.7246329366,0.432774299,0.2864532639,0.2605917636,2.583005245,-1.444205644,0,0,0,0,0
2025-03-19 00:00:00.000,-1.181148026,-1.004395048,-0.959033992,-0.7979641553,-0.6067674439,-0.7335276809,-1.533401124,-2.288832656,-1.972106237,-1.573286726,-1.353208456,-0.6918512039,0.5046663547,0.3870041956,0.3349161784,2.739917056,-0.037468992,0,0,0,0,0
2025-03-20 00:00:00.000,-1.089767218,-1.006013836,-0.9651738103,-0.8762993145,-0.6967184885,-0.8147842421,-1.482196152,-2.227904026,-1.929650927,-1.493453423,-1.301158499,-0.6413970466,0.4387306349,0.2994781429,0.2486901746,2.694551901,0.7220450586,0,0,0,0,0
2025-03-21 00:00:00.000,-1.038489772,-0.9977543058,-0.9599820451,-0.9425718649,-0.7684900693,-0.8749539425,-1.365074482,-2.079503339,-1.849979954,-1.448016056,-1.258523074,-0.6160503783,0.4862696623,0.3150866761,0.2755697136,2.644563576,0.3906032995,0,0,0,0,0
2025-03-24 00:00:00.000,-1.067730633,-0.9983895519,-0.9598234077,-0.9461900673,-0.7627398939,-0.8700082851,-1.325360543,-2.033392706,-1.837492049,-1.469357959,-1.282034957,-0.6381463438,0.5273179953,0.3822447253,0.348496102,2.598133344,,0,0,0,0,0
2025-03-25 00:00:00.000,-0.9323494216,-0.9848687885,-0.964044705,-0.9499308253,-0.7609235761,-0.8512705401,-1.484282648,-2.191654292,-1.95422655,-1.589845342,-1.372059874,-0.7293417069,0.5657986052,0.3460440467,0.2695691665,2.564213375,1.04083637,0,0,0,0,0
2025-03-26 00:00:00.000,-1.005912282,-1.064858723,-1.078909485,-1.100234891,-0.9320118303,-1.02442181,-1.48949924,-2.16972761,-1.928912587,-1.576410943,-1.338720593,-0.7225035751,0.4821474572,0.3172957831,0.3104213672,2.573056419,-1.710663832,0,0,0,0,0
2025-03-27 00:00:00.000,-0.9986580277,-1.011971239,-1.022143449,-1.010659819,-0.8362085829,-0.9357523795,-1.472612834,-2.175482961,-1.910854184,-1.563293251,-1.31160896,-0.7204847822,0.5838434548,0.4237600662,0.3632492708,2.530671784,0.3517190522,0,0,0,0,0
2025-03-28 00:00:00.000,-0.9916127882,-1.013979306,-1.013162228,-1.010102178,-0.8331112174,-0.9317635135,-1.491005765,-2.178164247,-1.884537931,-1.550221351,-1.280072602,-0.7102030109,0.5323444815,0.3486153429,0.2986491502,2.512892059,-0.6022447605,0,0,0,0,0
2025-03-31 00:00:00.000,-1.017729205,-1.039325069,-0.9659377829,-1.011348528,-0.8261490391,-0.9156435909,-1.330671515,-2.004328514,-1.734100805,-1.537386494,-1.257265713,-0.6965380052,0.639569217,0.3265256025,0.278467206,2.471884612,,0,0,0,0,0
2025-04-01 00:00:00.000,-0.9869646397,-0.8646374873,-0.8835193634,-0.8281440604,-1.082961568,-1.533010015,-1.85443609,-1.964871473,-1.571408487,-1.558075881,-0.733051921,-0.1703805377,0.527358259,0.2756536217,0.1821074941,2.565451243,0.9424428023,0,0,0,0,0
2025-04-02 00:00:00.000,-0.9448533888,-0.8664304616,-0.8448537249,-0.7837067719,-1.018347255,-1.524141364,-1.850143542,-1.942130947,-1.496666902,-1.482377352,-0.6776988081,-0.1675370828,0.5939772,0.2506744584,0.1747693217,2.982310598,-0.4106516709,0,0,0,0,0
2025-04-03 00:00:00.000,-0.9289827308,-0.8292878355,-0.7997985661,-0.7235675096,-0.9335638747,-1.529403855,-1.824444055,-1.896652401,-1.544021263,-1.521766133,-0.7244143607,-0.1169100917,0.5114727292,0.1293876212,0.08485663543,4.34457132,-0.8588163541,0,0,0,0,0
2025-04-04 00:00:00.000,-0.8665318801,-0.889863237,-0.9438396206,-0.9153684433,-1.136717642,-1.666314767,-1.885676793,-1.923084407,-1.597520411,-1.561992141,-0.7803563578,-0.1734996045,0.4128110331,-0.00785214958,-0.04320997299,4.331430027,-1.674303278,0,0,0,0,0
2025-04-07 00:00:00.000,-0.9458302813,-1.041166587,-1.224072151,-1.267382998,-1.554831252,-2.20564954,-2.32742928,-2.328701867,-1.984380158,-1.946681848,-1.096684298,-0.3596283531,0.4613105755,0.07946645513,0.0822379531,4.162884356,,0,0,0,0,0
2025-04-08 00:00:00.000,-1.010001561,-1.216368833,-1.291277252,-1.337303356,-1.640609875,-2.361995911,-2.494867977,-2.438519906,-2.095584263,-2.061621687,-1.187831195,-0.4590177685,0.33169925,0.1235120111,0.1354859517,3.695863538,-1.211924898,0,0,0,0,0
2025-04-09 00:00:00.000,-1.151230047,-1.304731742,-1.379621244,-1.445840667,-1.753884472,-2.044753672,-2.220133809,-2.119545773,-1.819632491,-1.784477696,-0.971517929,-0.5103283434,0.3237816481,0.1488006461,0.2591150335,3.664631786,-5.100429909,0,0,0,0,0
2025-04-10 00:00:00.000,-1.144329542,-1.39585013,-1.422019922,-1.59631109,-1.662762333,-2.153884657,-2.32889821,-2.187665161,-1.761818211,-1.73085609,-0.9236557428,-0.3999722951,0.3409820793,0.1643455777,0.3106387077,3.556656366,-0.4792385527,0,0,0,0,0
2025-04-11 00:00:00.000,-1.007722192,-1.406114298,-1.358293869,-1.491274562,-1.544402625,-1.95856139,-2.226674469,-2.048780449,-1.639769573,-1.614684889,-0.8237263916,-0.5654670466,0.4256932583,0.3114595081,0.51278679,3.419684055,2.425250296,0,0,0,0,0
2025-04-14 00:00:00.000,-1.067961029,-1.395117872,-1.498566121,-1.639730225,-1.729046377,-1.924548972,-2.244113984,-2.032695391,-1.624835874,-1.610400059,-0.8001771514,-0.5670822821,0.422228295,0.2973409333,0.4571226325,3.330865087,,0,0,0,0,0
2025-04-15 00:00:00.000,-1.020690556,-1.233215148,-1.408340722,-1.503528191,-1.569772514,-1.959456651,-2.527791399,-1.992020808,-1.727567765,-1.520229166,-0.5651915408,-0.5483828557,0.3781264302,0.2371681593,0.3826615352,3.198531525,0.1169980705,0,0,0,0,0
2025-04-16 00:00:00.000,-0.9011617442,-1.186241417,-1.388571684,-1.463635686,-1.52581062,-1.838024593,-2.398210922,-1.82128362,-1.718236122,-1.519401406,-0.674512447,-0.5472243108,0.3905599918,0.2405812427,0.3648587059,3.159376508,3.119381055,0,0,0,0,0
2025-04-17 00:00:00.000,-0.7703378573,-1.027187222,-1.152331954,-1.169008072,-1.172311247,-1.530303078,-2.042300848,-1.675218683,-1.59840693,-1.404121772,-0.5883183795,-0.4802821953,0.3883371427,0.2391283067,0.3695147628,3.08434735,2.059217606,0,0,0,0,0
2025-04-22 00:00:00.000,-0.7222790233,-0.8636013195,-1.132981296,-1.131124964,-1.129252999,-1.525417402,-2.04160972,-1.647686258,-1.578120778,-1.370791076,-0.5924241009,-0.4769736017,0.3853392009,0.312449206,0.4390914444,3.008267779,,0,0,0,0,0
2025-04-23 00:00:00.000,-0.6464025564,-0.8658591707,-0.9737048629,-0.931574943,-0.890366571,-1.686650049,-2.175978415,-1.7660853,-1.642374508,-1.452269355,-0.6558265645,-0.5128185064,0.3701235121,0.2864656028,0.3927672506,2.945063375,1.230332013,0,0,0,0,0
2025-04-24 00:00:00.000,-0.4937845912,-0.6616370873,-0.8796468017,-0.812539922,-0.7472756694,-1.3250934,-1.796431801,-1.45019465,-1.548772978,-1.362523095,-0.5895944315,-0.5312536873,0.3678839757,0.2852512917,0.4034790582,2.880644288,2.447497913,0,0,0,0,0
2025-04-25 00:00:00.000,-0.5507154218,-0.6777111905,-0.9328907866,-0.8894242781,-0.8440157364,-1.426095488,-1.846440668,-1.49387559,-1.46491542,-1.274148099,-0.5318480352,-0.5263355077,0.2999033492,0.1808522195,0.2944642763,2.763206556,-2.255102473,0,0,0,0,0
2025-04-28 00:00:00.000,-0.5277857323,-0.684057954,-0.9158328901,-0.8673628318,-0.8172476409,-1.539416128,-1.983729099,-1.614353001,-1.586346549,-1.37434501,-0.6347931841,-0.6009158615,0.2747201525,0.1457226145,0.2570406453,2.711217119,,0,0,0,0,0
2025-04-29 00:00:00.000,-0.4971129967,-0.6761037823,-0.8479800914,-0.7786721192,-0.7093236843,-1.383282604,-1.836778954,-1.493513245,-1.473557857,-1.235056634,-0.5404232674,-0.6443402147,0.2300657761,0.0800969082,0.1836126855,2.647489067,0.4793612151,0,0,0,0,0
2025-04-30 00:00:00.000,-0.4938005393,-0.558499625,-0.442176724,-0.3036796564,-0.1294417873,-1.188459998,-1.658549262,-1.345576532,-1.397350301,-1.137847205,-0.4723385809,-0.4660144142,0.1274532895,0.0358303274,0.2058871244,2.603935795,0.2321778908,0,0,0,0,0
2025-05-01 00:00:00.000,-0.3873892393,-0.4394174342,-0.3553388665,-0.1954052691,-1.683410905,-1.835329995,-1.643801987,-1.648739307,-1.338066477,-0.6700042307,-0.4037826487,-0.3745326824,0.1600127655,-0.004748199042,0.1671465646,2.347068267,1.217318668,0,0,0,0,0
2025-05-02 00:00:00.000,-0.352393739,-0.3781372046,-0.2732489,-0.1018950689,-1.571287333,-1.764527162,-1.573487095,-1.584451875,-1.282195538,-0.6066168385,-0.4169307223,-0.3893035744,0.2025636698,0.04950222753,0.2103141575,2.345400027,1.457539626,0,0,0,0,0
2025-05-05 00:00:00.000,-0.3521318612,-0.376469846,-0.2662816511,-0.09325474698,-1.560905191,-1.729415686,-1.559867822,-1.571220233,-1.276971754,-0.5912911331,-0.410153163,-0.3875535388,0.2075436339,0.05880788099,0.229414313,2.296696012,,0,0,0,0,0
2025-05-06 00:00:00.000,-0.3593174223,-0.4240101466,-0.1582542498,0.03329105676,-1.620446996,-1.913269404,-1.701580338,-1.551999865,-1.266175189,-0.5529312738,-0.4076503101,-0.3849058709,0.2580578037,0.1250884329,0.2975630714,2.306056814,0.943785524,0,0,0,0,0
2025-05-07 00:00:00.000,-0.3921935384,-0.5413361224,-0.3529512615,-0.2525159023,-1.58100292,-1.878036188,-1.681681724,-1.538502213,-1.260644964,-0.54460824,-0.3136079522,-0.2870801073,0.2423802614,0.1063109294,0.2644005964,2.273863929,-0.9287659442,0,0,0,0,0
2025-05-08 00:00:00.000,-0.3084584724,-0.4594043563,-0.3542889245,-0.1908714121,-1.516317617,-1.873825076,-1.677042771,-1.531997529,-1.262688498,-0.5193071388,-0.2106630772,-0.1817785537,0.27878545,0.1509009982,0.2944687539,2.273195505,2.08887911,0,0,0,0,0
2025-05-09 00:00:00.000,-0.2962632601,-0.454906281,-0.3474953051,-0.1824827143,-1.498725528,-1.844088507,-1.655895839,-1.517381976,-1.256814687,-0.5102013532,-0.2362189381,-0.21237523,0.2594978225,0.1324736594,0.2876145923,2.241689442,-0.2681592888,0,0,0,0,0
2025-05-12 00:00:00.000,-0.273151428,-0.4047121252,-0.2768661979,-0.100359474,-1.413839926,-1.823143379,-1.60745313,-1.381765593,-1.123189826,-0.376833829,-0.1430477126,-0.1150468968,0.2778974051,0.1535453722,0.3010880612,2.299589859,,0,0,0,0,0
2025-05-13 00:00:00.000,-0.225139469,-0.3734171165,-0.2374026431,-0.05365686261,-1.226183601,-1.797216706,-1.714515769,-1.399537459,-1.150107782,-0.3843566873,-0.16921258,-0.1462936459,0.2361859008,0.1780691436,0.2894372604,2.435608569,0.8287613207,0,0,0,0,0
2025-05-14 00:00:00.000,-0.2615149912,-0.4226922239,-0.2949086295,-0.1192468195,-1.209474874,-1.769435565,-1.694316104,-1.387192228,-1.144918523,-0.3752693021,-0.2312790337,-0.2148918264,0.2289473337,0.169581103,0.2749244513,2.401050279,-0.9668168201,0,0,0,0,0
2025-05-15 00:00:00.000,-0.4431528749,-0.5245204988,-0.419102312,-0.2631864811,-1.278898525,-1.756551788,-1.629963851,-1.230965521,-0.9846943335,-0.2287176838,-0.3898211501,-0.3956017321,0.2469001558,0.1929844931,0.3088475665,2.348868348,-2.333305031,0,0,0,0,0
2025-05-16 00:00:00.000,-0.437747568,-0.555916429,-0.4457676763,-0.294061053,-0.9660989207,-1.994633588,-1.578778444,-1.222256769,-0.982379196,-0.2186266735,-0.383888469,-0.3971291639,0.2378870317,0.1824340468,0.2898651798,2.296633351,0.03464958399,0,0,0,0,0
2025-05-19 00:00:00.000,-0.3729119613,-0.5494750023,-0.4394534597,-0.2867717062,-0.9899449417,-1.989457001,-1.593696278,-1.238644751,-1.006267858,-0.235284577,-0.3125759383,-0.3227849086,0.2676326431,0.2214488529,0.3581903516,2.26351141,,0,0,0,0,0
2025-05-20 00:00:00.000,-0.406348472,-0.4870309251,-0.3656058704,-0.1999137099,-0.9925888022,-2.065786056,-1.653467629,-1.289033873,-1.067656479,-0.2651504787,-0.2863593715,-0.29789,0.2345997781,0.2529530048,0.3484709613,2.290782982,0.782610611,0,0,0,0,0
2025-05-21 00:00:00.000,-0.3839054231,-0.4887759511,-0.3587841769,-0.1913651027,-1.27447896,-1.741464391,-1.506292993,-1.170477234,-0.9193206093,-0.2993314621,-0.4856241971,-0.40500346,0.2491764636,0.2669021904,0.3585670584,2.259394184,-0.03933184455,0,0,0,0,0
2025-05-22 00:00:00.000,-0.3868815654,-0.4904029731,-0.3518999748,-0.1826361265,-1.237143963,-1.687705018,-1.45946199,-1.133005527,-0.862079814,-0.2673854026,-0.4801344438,-0.4053178618,0.2416701593,0.2588982413,0.3546650272,2.295389285,-0.2633049694,0,0,0,0,0
2025-05-23 00:00:00.000,-0.4065436194,-0.469877086,-0.3276054274,-0.1531331919,-1.208760845,-1.663453201,-1.449269503,-1.125518302,-0.8544443869,-0.2576751901,-0.4241400533,-0.3372656429,0.2520492379,0.2758976374,0.3729060086,2.236597621,-0.04800231859,0,0,0,0,0
2025-05-26 00:00:00.000,-0.4113024726,-0.4637122881,-0.3204398905,-0.1438460585,-1.184390233,-1.632174543,-1.436215266,-1.116637893,-0.8447352548,-0.2536161992,-0.4208961614,-0.3361973201,0.3075177312,0.3561850783,0.5133630897,2.039977566,,0,0,0,0,0
2025-05-27 00:00:00.000,-0.3860861911,-0.4867738654,-0.3488208181,-0.1777587582,-1.176915272,-1.615502234,-1.438175634,-1.094178644,-0.8185167094,-0.2386193101,-0.418359428,-0.3353916253,0.2753974465,0.2646884082,0.3586080313,2.02778776,0.308727399,0,0,0,0,0
2025-05-28 00:00:00.000,-0.3132869274,-0.4068033788,-0.2515834168,-0.0599462464,-1.202163645,-1.629586549,-1.455538503,-1.165304686,-0.8842248157,-0.3047925331,-0.4585185148,-0.3886859701,0.2842090372,0.2745084372,0.3721480638,2.003679631,0.7181209932,0,0,0,0,0
2025-05-29 00:00:00.000,-0.3079129306,-0.4003700438,-0.2439047463,-0.05386191008,-1.186502348,-1.585743228,-1.434661561,-1.15325312,-0.8661504918,-0.3094868416,-0.4519573925,-0.3878236655,0.2262382204,0.207259496,0.3090642572,2.019134684,-0.8631096926,0,0,0,0,0
2025-05-30 00:00:00.000,-0.5327203464,-0.3640025969,-0.1993242454,-0.003615543526,-1.220913781,-1.570686313,-1.445299344,-1.168718542,-0.8846819508,-0.3376922187,-0.5201724835,-0.4822900963,0.1548349854,0.1459903564,0.2754540436,1.99719899,-3.577894953,0,0,0,0,0
2025-06-02 00:00:00.000,-0.6123219294,-0.6893311707,-0.6864803952,-1.730099662,-2.113175057,-1.39592443,-1.238998337,-0.9618233441,-0.3522516843,-0.4720254573,-0.2176762984,-0.09766305617,0.2182812492,0.121479127,0.2511253605,1.897306866,,0,0,0,0,0
2025-06-03 00:00:00.000,-0.6302252077,-0.8005244183,-0.7154953179,-1.463661473,-1.987014897,-1.348202658,-1.216383511,-0.9435594404,-0.3284337863,-0.3399983382,-0.1003370626,0.05674941672,0.1697600914,0.1561326508,0.269566762,1.780479382,0.2365077117,0,0,0,0,0
2025-06-04 00:00:00.000,-0.6085211738,-0.7790100984,-0.6914267299,-1.463758547,-1.980218782,-1.336303602,-1.03366103,-0.9358205256,-0.4793524761,-0.3360186947,-0.09912500995,0.05724232438,0.1172974122,0.07814100402,0.193162393,1.759513793,-0.0924061273,0,0,0,0,0
2025-06-05 00:00:00.000,-0.6088173226,-0.7016444197,-0.6994352388,-1.342854546,-1.880039769,-1.273666128,-0.9645943813,-0.8780576385,-0.4077075653,-0.1467369776,0.07060415706,0.2817181551,0.1085553234,0.06377057813,0.1753226819,1.714074192,0.6216463998,0,0,0,0,0
2025-06-06 00:00:00.000,-0.6045719377,-0.6960181316,-0.6953167888,-1.451890615,-2.046024465,-1.218273861,-0.9306608211,-0.8578619831,-0.3804749765,-0.1923854389,0.02922718702,0.2267444218,0.1704302044,0.1422409093,0.2668995118,1.687433302,-0.05767057755,0,0,0,0,0
2025-06-09 00:00:00.000,-0.5899244678,-0.6747216205,-0.6697774076,-1.272079247,-1.877951374,-1.090957326,-0.8924899646,-0.8026510927,-0.2905269961,-0.1129571507,0.1354698717,0.4112767968,0.1491765595,0.1315799349,0.2668849074,1.654549203,,0,0,0,0,0
2025-06-10 00:00:00.000,-0.6002221235,-0.5989120815,-0.5581788667,-1.196221005,-1.782478519,-1.023983347,-0.8255785244,-0.7397545461,-0.2300113808,0.1275507966,0.3466178037,0.6830394663,0.02151727615,0.1113548568,0.2678271789,1.610515234,-0.642483008,0,0,0,0,0
2025-06-11 00:00:00.000,-0.7090740732,-0.6127667044,-0.6412545577,-1.167329535,-1.784756516,-1.02898089,-0.811256672,-0.7364236812,-0.2214507617,-0.05341650938,0.188089675,0.4764394068,0.0195351979,0.1113128536,0.2822834385,1.617704479,-0.4801023559,0,0,0,0,0
2025-06-12 00:00:00.000,-0.7885322994,-0.7507537908,-0.8745856866,-1.194016243,-1.789436077,-1.058618831,-0.8211974228,-0.7600112107,-0.2386232966,-0.07850522764,0.1671086256,0.450607178,0.03625107601,0.1192422252,0.295261554,1.60693038,-0.466147037,0,0,0,0,0
2025-06-13 00:00:00.000,-0.7363814462,-0.6775433979,-0.7901148172,-1.228166898,-1.831195346,-1.108399603,-0.8445344006,-0.7994778786,-0.2734429848,-0.05785860555,0.1884658293,0.4821940092,0.0765650505,0.1526433071,0.3107112016,1.536740916,1.416079983,0,0,0,0,0
2025-06-16 00:00:00.000,-0.534458843,-0.5991007584,-0.8532527018,-1.192122262,-1.797525728,-1.097979968,-0.812011807,-0.7801064957,-0.2481438206,0.07102730014,0.30453032,0.6337094452,-0.0005856633572,0.1404828397,0.3204026407,1.526844554,,0,0,0,0,0
2025-06-17 00:00:00.000,-0.5367226112,-0.5913494157,-0.8609930929,-1.153925264,-1.82868262,-1.094321189,-0.7937472314,-0.7773995719,-0.2350419716,0.1137412762,0.3464088291,0.6913704959,0.02073130375,0.157495857,0.313787534,1.542699259,0.8377499402,0,0,0,0,0
2025-06-18 00:00:00.000,-0.537577297,-0.5862578194,-0.856940905,-1.115177589,-1.806232793,-1.054246164,-0.7538943293,-0.7416487387,-0.2007784807,0.1741696652,0.3989450426,0.7543224953,-0.03936404586,0.1303618236,0.2654179984,1.511119332,-0.326089932,0,0,0,0,0
2025-06-19 00:00:00.000,-0.561939294,-0.6091336095,-0.9255264747,-0.9454260336,-1.800250484,-1.006437348,-0.6827749725,-0.6790629609,-0.1245909447,0.2955179905,0.5145915841,0.9015551067,0.09587155676,0.2582695704,0.3173949643,1.478259911,1.520319311,0,0,0,0,0
2025-06-20 00:00:00.000,-0.6788683521,-0.6011627404,-1.013979851,-0.9116365713,-1.7425145,-0.9761084211,-0.6541436385,-0.6422186068,-0.08948642999,0.1930414243,0.4203858361,0.7781925813,0.0007119167925,0.1943297914,0.2960872642,1.427940123,-1.391691723,0,0,0,0,0
2025-06-23 00:00:00.000,-0.673705227,-0.6175903103,-0.7766257441,-0.5822498359,-1.49978117,-0.7827776532,-0.4056800729,-0.3713607281,0.1577440302,0.3246615229,0.5375799448,0.925540425,-0.131622726,0.09842874616,0.2104687526,1.434796246,,0,0,0,0,0
2025-06-24 00:00:00.000,-0.8636799449,-0.7591137185,-0.8052323327,-0.7046556507,-1.418497591,-0.7618881429,-0.3997170534,-0.3516336368,0.1585260453,0.2808756444,0.4850983493,0.8436974821,-0.259395417,-0.03703290972,0.06975761904,1.621611682,-4.814724537,1,1,1,3,3
2025-06-25 00:00:00.000,-1.071600199,-0.8169846072,-0.7003679465,-0.7276982304,-1.412790528,-0.7710573897,-0.4103513793,-0.3602848751,0.1545557976,0.3051177037,0.5063084133,0.8715128467,-0.2712915773,-0.03417798212,0.05672734949,1.625446649,-2.009699974,0,0,0,0,0
2025-06-26 00:00:00.000,-1.488517912,-1.170356789,-0.9280300274,-1.052006232,-1.555887468,-0.9230411046,-0.6496442488,-0.5979849969,-0.06882980351,0.2080568912,0.4121681017,0.7504987525,-0.3367828302,-0.1147435091,-0.01069840368,1.711609097,-5.300230237,0,0,0,0,0
2025-06-27 00:00:00.000,-1.593549695,-1.639342871,-2.006287799,-2.076835258,-0.9334446649,-0.8419540277,-0.6565533964,-0.5904069039,-0.06710597537,0.1419558732,0.3500828664,0.6718190884,-0.3463286415,-0.1596005012,-0.05914881669,1.931444254,-1.621411311,0,0,0,0,0
2025-06-30 00:00:00.000,-1.559326895,-1.606965979,-1.694502775,-2.057817764,-0.9196059379,-0.824972666,-0.6538444983,-0.5832436524,-0.06405502614,0.0864670786,0.3004950624,0.6079964661,-0.3794716809,-0.2385904263,-0.1139243149,1.919851123,,0,0,0,0,0
2025-07-01 00:00:00.000,-1.351888685,-1.458320511,-2.44824696,-2.180528714,-1.104574286,-0.7639646234,-0.8037395681,-0.3917693147,0.08788463079,0.2745121624,0.4660204961,1.153588115,-0.2684360483,-0.2832386529,-0.1718911627,1.805891058,1.121914141,0,0,0,0,0
2025-07-02 00:00:00.000,-1.455764616,-1.456194133,-2.293661166,-2.022238986,-1.00931925,-0.6725209079,-0.70900319,-0.298865669,0.1613800819,0.3373039166,0.5211125283,1.229017686,-0.3013395015,-0.3089119083,-0.2054674478,1.728347862,-1.211105971,0,0,0,0,0
2025-07-03 00:00:00.000,-1.419020355,-1.601931888,-2.480794377,-1.789082442,-0.6088187198,-0.4997436023,-0.5131802594,-0.09297183901,0.2222719406,0.3887219217,0.5643330187,1.29035708,-0.2387432241,-0.2239866771,-0.1089772199,1.994144213,0.5392810693,0,0,0,0,0
2025-07-04 00:00:00.000,-1.354440826,-1.525857918,-2.28243043,-1.600468852,-0.4906791305,-0.4227546644,-0.3980034747,0.02799953062,0.3726652471,0.5087723001,0.6682116803,1.434786115,-0.279009802,-0.2134199803,-0.07377342035,1.853508187,0.3291570013,0,0,0,0,0
2025-07-07 00:00:00.000,-1.261949052,-1.487366567,-2.251028856,-1.927224513,-0.9078859199,-0.5404655532,-0.5120935179,-0.07448298734,0.1309474037,0.3085887164,0.4950821214,1.342166918,-0.2989470536,-0.2145929905,-0.08350890388,1.813225604,,0,0,0,0,0
2025-07-08 00:00:00.000,-1.368905322,-1.678398911,-2.247904014,-1.91447858,-0.8951776884,-0.5369869297,-0.5153375729,-0.06438643119,-0.06972372314,0.1453273948,0.3541085448,1.149107179,-0.3155400824,-0.2238242433,-0.0850772234,1.81588969,-0.2969009927,0,0,0,0,0
2025-07-09 00:00:00.000,-1.290111967,-1.678237063,-2.081425713,-1.745682239,-0.8001712996,-0.4763387585,-0.4424181635,0.01330115437,0.07887602357,0.2647897563,0.4665173889,1.289853658,-0.3067835246,-0.241600429,-0.1030022105,1.780179713,0.976888471,0,0,0,0,0
2025-07-10 00:00:00.000,-1.096706786,-1.503087801,-1.947270834,-1.618172242,-0.7284427109,-0.3927632133,-0.3422008309,0.1179680278,0.3772328093,0.5026199046,0.6872028145,1.151388746,-0.3300972547,-0.2803942913,-0.1510002028,1.751714519,2.011691487,0,0,0,0,0
2025-07-11 00:00:00.000,-1.062007815,-1.426467844,-1.961561605,-1.62245655,-0.7321829698,-0.4755799425,-0.4226593167,0.03666322646,0.3812232079,0.5096782377,0.6887635303,1.152824187,-0.27904017,-0.2609493956,-0.1369144561,1.687602224,0.7321159773,0,0,0,0,0
2025-07-14 00:00:00.000,-1.085636617,-1.248702035,-2.202486814,-1.588043567,-0.5597419423,-0.3921764514,-0.3249507024,0.1340140672,0.3116181494,0.4578873652,0.6353483955,1.084916754,-0.2463446234,-0.2519386181,-0.1363322749,1.64379758,,0,0,0,0,0
2025-07-15 00:00:00.000,-1.402127869,-1.660073884,-2.353208859,-1.722908142,-0.6470831797,-0.5297395288,-0.4643402067,-0.004550490417,0.1963867529,0.3665940292,0.555326584,0.9754367221,-0.2536098081,-0.1966307868,-0.05750409344,1.610167755,-3.045028413,0,0,0,0,0
2025-07-16 00:00:00.000,-1.366064544,-1.541064089,-2.338529537,-1.665030086,-0.7753185089,-0.58648129,-0.364432845,-0.1179614858,0.1394776517,0.3211068444,0.5267950125,0.9231688225,-0.2460617935,-0.2040320651,-0.04610941989,1.513148322,0.5298101075,0,0,0,0,0
2025-07-17 00:00:00.000,-1.330029721,-1.588785717,-2.332088043,-1.655237246,-0.7647829202,-0.5805466409,-0.3616889763,-0.1082448339,0.1143290973,0.3007046834,0.523675709,0.9006559055,-0.2583670021,-0.2153208342,-0.06948971023,1.445330341,0.1465048403,0,0,0,0,0
2025-07-18 00:00:00.000,-1.502822768,-1.638122183,-2.353336066,-1.844726662,-0.7397391692,-0.5335568425,-0.308722903,-0.05543903564,0.0627941265,0.2560206169,0.4882895713,0.8501139213,-0.2941574138,-0.2952422212,-0.1205477659,1.373120278,-2.175879757,0,0,0,0,0
2025-07-21 00:00:00.000,-1.496056308,-1.820142544,-2.286567876,-1.777105334,-0.6990605754,-0.5002960007,-0.2647158748,-0.01095519994,0.03965409631,0.2360545194,0.4670453598,0.8281258875,-0.2696204747,-0.3029890711,-0.1276859328,1.314608148,,0,0,0,0,0
2025-07-22 00:00:00.000,-1.399252167,-1.674006877,-2.27845647,-1.76363414,-0.6991197663,-0.4977844557,-0.258884057,-0.001230729252,0.04367255849,0.2418030417,0.4757172011,0.834631367,-0.3110202322,-0.3104511155,-0.1211417825,1.298375753,0.824876733,0,0,0,0,0
2025-07-23 00:00:00.000,-1.424369725,-1.841223339,-2.356010985,-1.82789403,-0.7470956604,-0.5551548251,-0.3100867109,-0.04441120823,0.1271703271,0.3078165943,0.5403438052,0.911236216,-0.2713463976,-0.2839878901,-0.09370148184,1.280024146,-0.5751274491,0,0,0,0,0
2025-07-24 00:00:00.000,-1.418901028,-1.851289515,-2.399750158,-1.845482531,-0.7794134331,-0.553993612,-0.2954157419,0.1543603256,0.1320000445,0.3101152664,0.5475721143,0.9136028467,-0.3085289516,-0.3498872557,-0.1621752845,1.747987186,-0.4007252756,0,0,0,0,0
2025-07-25 00:00:00.000,-1.291202047,-1.795774529,-2.27008444,-1.692336595,-0.7088325825,-0.4845483804,-0.2135195531,0.2327615402,0.05622432742,0.2510397404,0.4924962931,0.8449705563,-0.3096696497,-0.3459221027,-0.1499815267,1.701777847,1.173661305,0,0,0,0,0
2025-07-28 00:00:00.000,-1.241225132,-1.740812922,-2.397652256,-1.694749056,-0.6963461221,-0.5177244772,-0.2466386553,0.2110001583,0.008294112597,0.2150915438,0.4701823442,0.80505993,-0.3324599408,-0.2924368984,-0.1174331695,1.678086764,,0,0,0,0,0
2025-07-29 00:00:00.000,-1.283042496,-1.832071644,-2.496127395,-1.745817902,-0.7496405195,-0.5886932455,-0.3185796558,0.1477140431,0.00849834733,0.2188997167,0.4831474573,0.8110171485,-0.3532039258,-0.3523328099,-0.2221391499,1.633602585,0.6714851163,0,0,0,0,0
2025-07-30 00:00:00.000,-1.278096037,-1.825947673,-2.380316954,-1.642766595,-0.6893052221,-0.5263270718,-0.2521589261,0.2059590777,-0.4148045328,-0.1218926825,0.1451522079,0.4297651088,-0.3217272385,-0.3352919242,-0.2120615366,1.616711193,0.3467974995,0,0,0,0,0
2025-07-31 00:00:00.000,-1.273651207,-1.72447565,-2.357578076,-1.596828985,-0.6840215516,-0.5201958139,-0.240368237,0.2086996098,-0.01615170728,0.2033021111,0.4678243347,0.8051428942,-0.3333696087,-0.3655137377,-0.2662949449,1.598707207,0.3081889309,0,0,0,0,0
2025-08-01 00:00:00.000,-1.270043418,-2.194475963,-2.058677982,-1.356540113,-0.6570618518,-0.49828334,-0.2202057606,-0.2961040638,0.1795193544,0.3577070741,0.6615142584,0.7810141253,-0.3836396722,-0.5616961992,-0.4859173952,1.593223667,-0.8274813566,1,1,0,2,3
2025-08-04 00:00:00.000,-1.136899199,-2.093655548,-2.059296422,-1.417639594,-0.6568830757,-0.4923380372,-0.2129997052,-0.3833219926,0.104865596,0.2984346896,0.6085296926,0.7123860395,-0.3659408498,-0.5341725391,-0.4393205407,1.592997288,,0,0,0,0,0
2025-08-05 00:00:00.000,-1.133187409,-2.037624863,-2.091542505,-1.539607444,-0.6221859662,-0.4477014247,-0.1631940173,-0.4879633955,0.01267547073,0.2228788707,0.5319784193,0.6297456423,-0.3686556465,-0.545206077,-0.4620847168,1.581404569,0.2871026538,0,0,0,0,0
2025-08-06 00:00:00.000,-1.097332816,-1.891857965,-1.777957712,-1.1675477,-0.3005455434,-0.5059967861,-0.237758453,-0.4798172598,0.01555738757,0.2209087391,0.5394998798,0.6430856798,-0.398241537,-0.5642176865,-0.4373365808,1.588103416,-0.5922750302,0,0,0,0,0
2025-08-07 00:00:00.000,-0.9946651801,-1.877430557,-1.759274458,-1.167044396,-0.2998743301,-0.498994073,-0.2300408915,-0.2398182923,0.2277672158,0.390945971,0.7280884298,0.8579198415,-0.4060899912,-0.5615270094,-0.4222783426,1.58319673,0.7454232654,0,0,0,0,0
2025-08-08 00:00:00.000,-0.9246853263,-1.690690988,-1.911859883,-1.641058997,-0.6169395033,-0.5108730098,-0.2042179059,-0.3217995804,0.1498806327,0.3242348454,0.6605808889,0.7876583062,-0.4443937453,-0.584393821,-0.4322292632,1.59064059,-0.05851031686,0,0,0,0,0
2025-08-11 00:00:00.000,-0.8197073345,-1.581552378,-1.778713372,-1.53969876,-0.5391313252,-0.4270350513,-0.1122486644,-0.5012632324,-0.008295425496,0.2002597319,0.5352081293,0.6410930954,-0.4350871151,-0.5810511336,-0.4460023913,1.597542322,,0,0,0,0,0
2025-08-12 00:00:00.000,-0.7648459009,-1.629729475,-1.820977414,-1.550021396,-0.6095597675,-0.4992901448,-0.190765827,-0.4916831758,-0.004489938984,0.2027944267,0.5396854278,0.6453697049,-0.478382788,-0.6272539092,-0.4741861645,1.53415128,-0.1137989007,0,0,0,0,0
2025-08-13 00:00:00.000,-0.569154057,-1.674454669,-1.861912782,-1.595773287,-0.6452817568,-0.5334375838,-0.2269087,-0.4899831474,-0.0003306107064,0.2077388563,0.5468920549,0.6590712273,-0.4395511565,-0.6288187613,-0.4655218578,1.508538054,1.862017534,0,0,0,0,0
2025-08-14 00:00:00.000,-0.5644112162,-1.797986965,-1.988285888,-1.677394186,-0.7349518386,-0.6264995878,-0.3278500703,-0.8562358769,-0.3232369788,-0.05871321595,0.2780368274,0.3563278086,-0.4209111022,-0.5972860442,-0.425231712,1.481773072,-0.2723966428,0,0,0,0,0
2025-08-15 00:00:00.000,-0.5597680594,-1.85091363,-2.028610876,-1.696165449,-0.7635026644,-0.6588048531,-0.3642185013,-0.7497847188,-0.2383601181,0.006771734284,0.3519152057,0.4391187038,-0.499215815,-0.7156835753,-0.5649818342,1.478256682,-0.8746706614,1,1,1,3,3
2025-08-18 00:00:00.000,-0.3715485885,-1.743170008,-1.898538323,-1.582298313,-0.6854418277,-0.5726857134,-0.2683239242,-0.7392981076,-0.2340172429,0.009627586441,0.355228632,0.4486025881,-0.4536915064,-0.6700868926,-0.5022031546,1.464938697,,0,0,0,0,0
2025-08-19 00:00:00.000,-0.4395795004,-1.763696735,-1.911046288,-1.571830549,-0.6971673276,-0.5864129972,-0.2837466417,-0.7333329127,-0.2450841754,-0.0006509621193,0.3480069009,0.4400750058,-0.3945096236,-0.701795944,-0.5512197217,1.483286278,-0.4379733552,0,0,0,0,0
2025-08-20 00:00:00.000,-0.471980302,-1.676006785,-1.810570403,-1.468987473,-0.6391114997,-0.520509389,-0.2085740399,-0.6940696646,-0.2257546468,0.02041247861,0.3715335054,0.4681332421,-0.3675101614,-0.6580525317,-0.5016440299,1.507475526,0.7320382871,0,0,0,0,0
2025-08-21 00:00:00.000,-0.2526399042,-1.719966566,-1.853078253,-1.492430815,-0.6690408521,-0.5561253281,-0.247295648,-0.6697511822,-0.2085839726,0.04206298568,0.3938806561,0.4953911775,-0.3231021837,-0.4094603358,-0.3108116388,1.506573025,2.217746594,0,0,0,0,0
2025-08-22 00:00:00.000,-0.2040508442,-1.614621456,-1.7240519,-1.372511195,-0.5913837388,-0.4680702271,-0.1471499138,-0.6530933203,-0.1897462659,0.0611016673,0.4141353434,0.5219290372,-0.3833910564,-0.4842428898,-0.3677226991,1.500398787,0.5165015813,0,0,0,0,0
2025-08-25 00:00:00.000,-0.1942792809,-1.620146429,-1.707603182,-1.339455561,-0.5929257967,-0.4618648664,-0.1386647728,-0.6517222461,-0.1874678975,0.0655205392,0.4250787151,0.5318437384,-0.4644125518,-0.6170795249,-0.5928683663,1.504012143,,0,0,0,0,0
2025-08-26 00:00:00.000,-0.1215611363,-1.471279809,-1.552585296,-1.219451923,-0.6897482442,-0.5594256704,-0.2482252503,-0.5975169202,-0.1320825196,0.1126474616,0.4790053374,0.5963738792,-0.3811347045,-0.5031224617,-0.3843285522,1.920447858,0.4005671673,0,0,0,0,0
2025-08-27 00:00:00.000,0.318668395,-0.6668263904,-1.288394764,-1.439277618,-0.5108372626,-0.3639810995,-0.02507499813,-0.5590302714,-0.0955605583,0.1436081728,0.5096444799,0.6447345025,-0.4056991815,-0.5250622671,-0.4094745769,1.937112106,2.113285741,0,0,0,0,0
2025-08-28 00:00:00.000,1.089080882,-0.2675320679,-0.8675229495,-0.8863370192,-0.5488572073,-0.3989326297,-0.06868225118,-0.4104250194,0.04666767241,0.2681961344,0.635628772,0.7955439009,-0.4154429541,-0.5939422685,-0.46962172,1.948272847,4.066455254,0,0,0,0,0
2025-08-29 00:00:00.000,0.776332464,-0.3239711615,-0.8832122859,-0.8749329008,-0.623448919,-0.3702073293,-0.06779768426,-0.4071666913,0.05130082418,0.2765980567,0.6446188988,0.8010077622,-0.4320939224,-0.510874003,-0.187501918,1.954184037,-1.91851702,0,0,0,0,0
2025-09-01 00:00:00.000,-0.3435588582,-1.041083721,-1.235065388,-0.8533825157,-0.575007455,-0.3210508056,-1.067176866,-0.2684268982,0.3093528832,0.6432876253,0.7249081699,0.8944208168,-0.5252278268,-0.5910712893,-0.3045361687,1.917817837,,0,0,0,0,0
2025-09-02 00:00:00.000,-0.3406910374,-1.028540509,-1.216741967,-0.9223906044,-0.6521163441,-0.392814892,-1.056882535,-0.266582497,0.3115916456,0.6568818832,0.7266949167,0.8990140963,-0.5465009285,-0.6075226915,-0.3293706026,1.934935866,-0.1201210454,0,0,0,0,0
2025-09-03 00:00:00.000,-0.1350350336,-1.221062019,-1.254480638,-0.8903088577,-0.638610992,-0.1623064049,-0.9387809703,-0.2641088623,0.236834206,0.7983049017,0.8482532537,1.042057607,-0.6216271716,-0.6162582949,-0.3203711924,1.885792066,1.248285367,0,0,0,0,0
2025-09-04 00:00:00.000,0.06757317738,-0.9979102883,-1.025701409,-0.7096674986,-0.4724862411,0.01612097007,-0.6953837271,-0.08200081325,0.4245529135,0.8327503247,0.8781005476,1.078992408,-0.6342189902,-0.6226068982,-0.3395459403,1.855956659,1.349699248,0,0,0,0,0
2025-09-05 00:00:00.000,0.268243961,-0.9089363849,-1.120673216,-0.653842113,-0.4253444746,0.0640659444,-0.7321329225,-0.1145975405,0.3929907167,0.9066598755,0.9436036104,0.8103133831,-0.6699503781,-0.7379946044,-0.4526550358,1.824184866,0.692391363,0,0,0,0,0
2025-09-08 00:00:00.000,0.3433042631,-0.8684938267,-0.5359014592,-0.4815181911,-0.2553511337,0.2468801907,-0.7338492621,-0.1110157326,0.4027150108,0.9100821949,0.945057184,0.8082284941,-0.6113599389,-0.6541946818,-0.3552534915,1.784804514,,0,0,0,0,0
2025-09-09 00:00:00.000,0.1443394672,-0.5308580619,-0.7670344525,-0.5107616827,-0.2942354398,0.2096816526,-0.8253504435,-0.1810683425,0.33174242,0.8454075471,0.8852850145,0.7394057127,-0.6527868994,-0.7036076468,-0.4541863605,1.717790536,-0.9669933372,0,0,0,0,0
2025-09-10 00:00:00.000,0.1595531822,-0.5189937918,-0.7524729466,-0.5065247337,-0.2912495102,0.2156459892,-0.8682445247,-0.2154584489,0.3003525118,0.8142967286,0.8554873861,0.709062165,-0.6757880512,-0.7193169046,-0.4653783712,1.668172606,0.1746169426,0,0,0,0,0
2025-09-11 00:00:00.000,0.7005330764,-0.4591593486,-0.6862047784,-0.4313226692,-0.2088603141,0.2962822034,-0.6518925511,-0.05628810422,0.4554957833,0.7069476366,0.7574072852,0.6026554714,-0.7492120967,-0.7855067333,-0.5293078552,1.541575271,2.073028645,0,0,0,0,0
2025-09-12 00:00:00.000,0.8938794382,-0.2803702191,-0.51545482,-0.3929417782,-0.1714952043,0.3351528274,-0.781214437,-0.155066616,0.3626861242,0.8633131103,0.8983318862,0.7881401374,-0.7526233745,-0.7770135322,-0.5420860243,1.516284435,1.046812054,0,0,0,0,0
2025-09-15 00:00:00.000,1.161504092,0.001388419387,-0.4918007879,-0.2445501314,-0.009053653391,0.4919402926,-0.7705402866,-0.1512603856,0.3655895601,0.8617519506,0.8967415999,0.7939543135,-0.6976204421,-0.8409299935,-0.6015889465,1.481522289,,0,0,0,0,0
2025-09-16 00:00:00.000,1.518214818,0.3030213811,-0.09274600752,0.01904415758,0.2896876278,0.789324668,-0.5499988966,0.01807764547,0.5420057364,1.008579502,1.029158435,0.954147205,-0.6865544553,-0.7472557284,-0.5682327406,1.158863263,1.736677839,0,0,0,0,0
2025-09-17 00:00:00.000,1.976366478,0.9919998768,0.7312974251,0.3030954941,0.6150666136,1.102608125,-0.5223277983,0.03978323962,0.5656902858,1.02451907,1.043509672,0.9738237617,-0.6286563214,-0.723489487,-0.5315805408,1.141643225,2.203636742,0,0,0,0,0
2025-09-18 00:00:00.000,1.734698919,0.3821226591,0.7620946885,0.1071198718,0.3941218031,0.8807792626,-0.5448301094,0.0234275566,0.5509566922,1.008919523,1.029445904,0.9581500711,-0.5671488254,-0.656978615,-0.4701879003,1.068038263,-0.8659344656,0,0,0,0,0
2025-09-19 00:00:00.000,1.589598456,0.2623919684,0.6385629638,0.01361676774,0.2888828875,0.7666654287,-0.5590277822,0.007048081459,0.5418918115,0.9913570941,1.013430244,0.9479095039,-0.6095686494,-0.6894732438,-0.4992179318,1.046223577,-0.909128767,0,0,0,0,0
2025-09-22 00:00:00.000,1.470755545,0.1955820044,0.3543883444,0.05841348306,0.3445087315,0.8095228603,-0.5269243936,0.02785963442,0.5723539214,1.00649019,1.0270798,0.9729720468,-0.6248245921,-0.7066171124,-0.5137015641,1.029873184,,0,0,0,0,0
2025-09-23 00:00:00.000,1.42537972,0.08046048404,0.3536787976,-0.02918256739,0.2413537716,0.6202957861,-0.7177687123,-0.1192895716,0.4187244863,1.039971999,1.056757428,1.012748473,-0.6069182395,-0.7079034097,-0.4870960498,1.082723944,0.07623175383,0,0,0,0,0
2025-09-24 00:00:00.000,1.189524946,0.07432975739,0.1359828899,0.1340336312,0.4377139635,0.6691531643,-0.7593455745,-0.1548286118,0.3823115721,0.9421002983,0.9684282721,0.9076521807,-0.6081524775,-0.6187069791,-0.5290725272,1.174248493,-1.202143638,0,0,0,0,0
2025-09-25 00:00:00.000,1.202804489,0.07182914606,0.1321041976,0.137736576,0.4447977697,0.6720351256,-0.9023088734,-0.2649925638,0.2687851357,0.8458506497,0.8810241452,0.8001946971,-0.4920984885,-0.5068074063,-0.3017919786,1.198386779,0.4674858736,0,0,0,0,0
2025-09-26 00:00:00.000,0.7016418477,0.1503762105,0.2866707477,0.06200344101,0.3520291212,0.5819689169,-1.089829961,-0.4118153706,0.1148007711,0.6201571436,0.6765678769,0.5308373557,-0.4508318071,-0.4431922622,-0.2094565385,1.176228481,-2.211925701,0,0,0,0,0
2025-09-29 00:00:00.000,0.989048752,0.03120243802,0.09119153749,0.06359706055,0.3526264377,0.5798834114,-0.8124636626,-0.2007098522,0.3514228239,0.5496791748,0.6052674357,0.4391988186,-0.4922454556,-0.4887113905,-0.2362848433,1.176738853,,0,0,0,0,0
2025-09-30 00:00:00.000,0.7884068764,0.03013368157,0.1613023463,-0.05482404233,0.2141143422,0.4441924368,-0.9294112513,-0.2160533026,0.4270902702,0.5433266379,0.5951508952,0.4245666408,-0.5074950768,-0.4020753398,-0.0854410179,1.17389503,-1.38291738,0,0,0,0,0
2025-10-01 00:00:00.000,-0.4015767262,-0.3305119618,-0.6509729723,-0.3777941234,-0.1719081837,-1.289957402,-0.5118526464,0.1068871399,0.640976821,0.5120783802,0.2803538721,-0.2194165141,-0.3807349362,-0.499836746,-0.2605677039,0.6657175029,-0.8588448801,0,0,0,0,0
2025-10-02 00:00:00.000,-0.0943739418,0.01093233917,-0.6950265288,-0.415834371,-0.2184793603,-1.455242536,-0.6991686315,-0.04099504858,0.4748747636,0.3803090027,0.1662709104,-0.2975524894,-0.4158827749,-0.5239010958,-0.3024089765,0.6557050571,1.300008441,0,0,0,0,0
2025-10-03 00:00:00.000,0.05821528345,0.302841619,-0.2349102278,-0.0621650809,0.2105298212,-1.192297044,-0.4315348973,0.1732976646,0.7262560246,0.5731162035,0.3321966553,-0.1506725119,-0.4196258807,-0.5252736221,-0.286835458,0.6664969871,0.8817867252,0,0,0,0,0
2025-10-06 00:00:00.000,-0.1097917887,0.1370837203,-0.5521375123,-0.3089319075,-0.0852194179,-1.304425385,-0.5470679098,0.09448897797,0.6218673075,0.49610135,0.2547587554,-0.2298963805,-0.3291202294,-0.4282719717,-0.2062837027,0.6596391918,,0,0,0,0,0
2025-10-07 00:00:00.000,0.06590323703,0.2000850772,-0.5275350612,-0.2830849084,-0.055276264,-1.238215174,-0.4948192851,0.1392478279,0.6727844986,0.5340300397,0.2866125778,-0.2116055491,-0.374313943,-0.4569542238,-0.2353599634,0.6528661248,0.9685463061,0,0,0,0,0
2025-10-08 00:00:00.000,0.07029587075,0.03189605423,-0.6333934981,-0.3594534834,-0.1529316776,-1.217728154,-0.4905759012,0.1389988139,0.6748879438,0.541197537,0.2921590982,-0.2529663219,-0.3848111652,-0.4352062291,-0.2123086137,0.6668846561,-0.3507296513,0,0,0,0,0
2025-10-09 00:00:00.000,-0.1258325825,0.03768443361,-0.4836441989,-0.3181136969,-0.6873112112,-1.202645748,-0.4861531874,0.1398550376,0.6767029271,0.5499042673,0.3010699489,-0.2014576641,-0.4093028599,-0.4619039171,-0.2715529006,0.6646341343,-1.015725903,0,0,0,0,0
2025-10-10 00:00:00.000,-0.2464113158,-0.2227703685,-0.3477166069,-0.2159261246,-0.5483419412,-1.173374961,-0.4817969812,0.1405923107,0.6777050435,0.5552634804,0.307526759,-0.2420452079,-0.5011479188,-0.511685123,-0.2993523751,0.6472528727,-0.7493054803,0,0,0,0,0
2025-10-13 00:00:00.000,-0.2670266281,-0.2505619025,-0.4034229501,-0.3960950778,-0.4388340494,-1.260667166,-0.5972895564,0.04605118066,0.5671863344,0.476913073,0.2423081021,-0.4574310796,-0.5721686275,-0.556430743,-0.3922665856,0.6398742008,,0,0,0,0,0
2025-10-14 00:00:00.000,-0.3128381273,-0.2461178077,-0.4803625809,-0.4548112497,-0.5141655285,-1.285115885,-0.6411079556,0.01203629822,0.6659845773,0.5564319385,0.3091345642,-0.4103033903,-0.5728766195,-0.5266476301,-0.3235084509,0.6382315437,0.09257210748,0,0,0,0,0
2025-10-15 00:00:00.000,-0.3074196095,-0.4811488541,-0.7033436798,-0.5557928529,-0.5535258662,-1.264349607,-0.6362355628,0.01762103137,0.6763055778,0.562113625,0.3148561097,-0.5385663637,-0.5332634653,-0.4738925837,-0.1209680608,0.6263394035,0.1594076404,0,0,0,0,0
2025-10-16 00:00:00.000,-0.357753327,-0.6988402744,-0.90914388,-0.7224882609,-0.7549946995,-1.336329077,-0.7257491685,-0.05867547501,0.587884458,0.4960564403,0.2574345772,-0.6847725569,-0.5185847314,-0.4650414154,-0.1123296244,0.6258607804,0.1454756825,0,0,0,0,0
2025-10-17 00:00:00.000,-0.5281172085,-0.7732259733,-1.112165161,-0.8853511046,-0.9518317008,-1.326910338,-0.7214425908,-0.05721533977,0.594658892,0.4979888904,0.2650896517,-0.6853935155,-0.576903453,-0.5346340696,-0.218771081,0.6181764173,-1.034452288,0,0,0,0,0
2025-10-20 00:00:00.000,-1.064647587,-1.290319455,-1.320395942,-1.047490675,-1.148072653,-1.33623377,-0.7635705554,-0.09679365874,0.5596689417,0.4681075659,0.2406516792,-0.6841526548,-0.5456445486,-0.5223707257,-0.1853721707,0.6125959729,,0,0,0,0,0
2025-10-21 00:00:00.000,-1.105284137,-1.081559051,-0.9497726807,-0.7631624398,-0.8087633343,-1.172752976,-0.5904813363,0.06578236332,0.7319454949,0.6098048655,0.3637298925,-0.6729765432,-0.6246221885,-0.5409957033,0.09950877235,0.5845856393,0.3232581884,0,0,0,0,0
2025-10-22 00:00:00.000,-0.8822609551,-1.057358575,-0.776651404,-0.6315250692,-0.6471178322,-0.9956281457,-0.3947236003,0.2479875308,0.9168997576,0.7634768212,0.5204000092,-0.4884908511,-0.6660100716,-0.5308673943,0.1168675324,0.5722073692,0.6994213249,0,0,0,0,0
2025-10-23 00:00:00.000,-0.7478849466,-0.6031041092,-0.6303970599,-0.5254746117,-0.515655859,-0.8822437704,-0.2714645155,0.3694458842,1.034657283,0.857717608,0.6204186969,-0.2958292666,-0.5533605505,-0.3170693664,0.4180364701,0.572908064,1.047348942,0,0,0,0,0
2025-10-24 00:00:00.000,-0.867855625,-0.8715554792,-0.7933435351,-0.6517747143,-0.6629629475,-0.9349371605,-0.3637624732,0.2854699483,0.9441836693,0.7821755938,0.5630526255,-0.2990632521,-0.6005503103,-0.3752230467,0.3434190742,0.5547769567,-0.786267529,0,0,0,0,0
2025-10-27 00:00:00.000,-0.8187083024,-0.7136310981,-0.6659624953,-0.4807474249,-0.3647921397,-0.7944602195,-0.1927135578,0.442659028,1.104160877,0.9089726653,0.7126014943,-0.3988542947,-0.590214845,-0.3626261839,0.3681256626,0.546094026,,0,0,0,0,0
2025-10-28 00:00:00.000,-0.8123451849,-0.6464399038,-0.7255187429,-0.522547829,-0.3957209046,-0.8059795907,-0.2136388945,0.4279186866,1.081165595,0.8903145148,0.6992997368,-0.4895138104,-0.6797786953,-0.375047529,0.3315618518,0.5373249927,0.2470683121,0,0,0,0,0
2025-10-29 00:00:00.000,-0.7041723004,-0.5916869651,-0.7658092042,-0.3461895903,-0.678885681,-0.8359967363,-0.2560314925,0.3904221194,1.035452707,0.8543441662,0.6411839687,-0.3964509475,-0.6871974976,-0.3511514848,0.3204346832,0.5051195109,0.7841884256,0,0,0,0,0
2025-10-30 00:00:00.000,-1.096541711,-0.9989779342,-0.9249741025,-0.51533552,-0.8958252223,-0.8542914028,-0.2979796686,0.3473904973,0.9934851956,0.8183453414,0.6054281125,-0.4932862105,-0.7244678851,-0.3256036053,0.4189824296,0.5042128132,-2.328846383,0,0,0,0,0
2025-10-31 00:00:00.000,-1.695530364,-1.186245692,-1.041862071,-0.6386756267,-1.042245582,-0.9777072323,-0.4860283286,0.1684505499,0.8146718968,0.670808684,0.4637463547,-0.6815480313,-0.7619963468,-0.3755484323,0.330704605,0.5233935406,-3.005076449,0,0,1,1,3
2025-11-03 00:00:00.000,-1.116300249,-1.492332954,-0.8311051806,-0.9405746112,-1.704615747,-0.6334600114,-0.01732350884,0.579635842,0.823474182,0.320644405,-0.6157422344,-1.15442225,-0.9345465985,-0.4777876977,0.1543549259,0.5610539854,,0,0,0,0,0
2025-11-04 00:00:00.000,-1.346817277,-1.57640268,-0.9191311512,-1.01051056,-1.694676072,-0.6245875688,-0.003296417257,0.5863664599,0.8322293675,0.3212843125,-0.6090176136,-1.150428641,-0.9892391563,-0.4812538083,0.02471537899,0.5790445835,-0.3489974585,0,0,0,0,0
2025-11-05 00:00:00.000,-1.535247849,-1.695514981,-1.012048247,-1.239674569,-1.773774513,-0.6851828671,-0.09911409748,0.4989395855,0.7421398913,0.2566194573,-0.6554471275,-1.198273491,-0.9501445666,-0.4299665306,0.1694319392,0.5798887211,-1.194668681,0,0,0,0,0
2025-11-06 00:00:00.000,-1.783411303,-1.65616877,-1.004957338,-1.229988221,-1.75371186,-0.6756377695,-0.09211555609,0.5050548365,0.7411563688,0.2639192433,-0.5685426746,-1.106231276,-1.013138659,-0.5062800658,0.07710627594,0.5606071063,-1.01884372,0,0,0,0,0
2025-11-07 00:00:00.000,-1.988454824,-1.705108395,-1.056509713,-1.272933373,-1.755950632,-0.686074033,-0.1140968403,0.4863728245,0.7165720631,0.2519040669,-0.5908784315,-1.125487154,-1.086058096,-0.573815828,-0.006665383978,0.5241812141,-1.110135637,0,0,0,0,0
2025-11-10 00:00:00.000,-2.637671114,-2.111664167,-1.414041969,-1.593607651,-1.961209199,-0.8301695859,-0.3386708136,0.2824104348,0.5128122059,0.09135509598,-0.7156751977,-1.257126602,-0.96613153,-0.5134460952,0.08988807081,0.5276612179,,0,0,0,0,0
2025-11-11 00:00:00.000,-2.765549691,-2.452164025,-1.676352424,-1.849960902,-1.941887249,-0.8256443211,-0.3304650684,0.2873191391,0.5247896821,0.09705548316,-0.6687832821,-1.219900679,-0.9785283553,-0.4933231301,0.1263115636,0.5315578101,-0.4602490598,0,0,0,0,0
2025-11-12 00:00:00.000,-2.342749207,-2.121973568,-1.380270097,-1.577402847,-1.772697644,-0.7189873304,-0.1718154155,0.4309167889,0.6712426808,0.2172919547,-0.6361842299,-1.182643834,-1.153270659,-0.5640843194,0.04055796656,0.3497245365,1.33290808,0,0,0,0,0
2025-11-13 00:00:00.000,-2.24978557,-2.138725434,-1.427628439,-1.220815532,-1.681878216,-0.6621348293,-0.0898354493,0.5046392158,0.7401620653,0.2785816179,-0.5669601634,-1.108649105,-1.280547408,-0.5902898387,0.02130848029,0.256842491,0.1402617658,0,0,0,0,0
2025-11-14 00:00:00.000,-1.941056791,-1.965698836,-1.25322793,-1.074881048,-1.748307594,-0.7122347461,-0.1570014564,0.4390442247,0.6722562866,0.2224037148,-0.4749156952,-1.015207589,-1.461522215,-0.6157037667,0.005053792375,0.1790183098,2.090755365,0,0,0,0,0
2025-11-17 00:00:00.000,-1.966188724,-1.767889501,-1.432629666,-1.56921949,-1.738003182,-0.6993664821,-0.1471564625,0.4440713672,0.6752408406,0.224273629,-0.473051895,-1.014652582,-1.434381638,-0.6730480292,-0.001494224148,0.1750560552,,0,0,0,0,0
2025-11-18 00:00:00.000,-2.142017765,-1.885445748,-1.565591628,-1.66709923,-1.870541984,-0.7874712412,-0.3017295865,0.3057780414,0.539036004,0.1163779235,-0.560753471,-1.10746828,-1.469463264,-0.7052580407,-0.0315421387,0.1900321143,-0.6734808448,0,0,0,0,0
2025-11-19 00:00:00.000,-2.244168202,-2.052025127,-1.734134327,-1.821651125,-1.897031168,-0.811828127,-0.3565652504,0.2600066371,0.4944836652,0.08616595497,-0.6480768247,-1.180937446,-1.818078248,-0.8390524756,-0.09074958168,0.1806624601,-1.010565133,0,0,0,0,0
2025-11-20 00:00:00.000,-2.376363898,-2.103033026,-1.812847684,-1.890482553,-1.905384336,-0.8216819055,-0.378752573,0.2389586924,0.4743504737,0.07153689645,-0.6881675193,-1.216697345,-2.03294117,-0.9644065044,-0.1182926978,0.1488488056,-0.3146931983,0,0,0,0,0
2025-11-21 00:00:00.000,-2.66931099,-2.407549881,-1.955166246,-1.890786891,-2.046499879,-0.9374124136,-0.5770134032,0.07081849835,0.3146420073,-0.05187300654,-0.841693321,-1.36300712,-1.736873209,-0.9687173829,-0.1903386655,0.1594048127,-1.672174706,0,0,1,1,3
2025-11-24 00:00:00.000,-2.682950638,-2.363709522,-1.932085987,-1.862749124,-2.026428733,-0.9351049648,-0.5746887355,0.0724502827,0.320333371,-0.04754002715,-0.8432990079,-1.360303401,-1.759206073,-0.978082084,-0.2334626075,0.1548133485,,0,0,0,0,0
2025-11-25 00:00:00.000,-2.555878785,-2.309588205,-1.859348334,-1.77526719,-1.958043571,-0.8913494771,-0.5184006014,0.121850594,0.3706340381,-0.003300652986,-0.8465384912,-1.357614919,-1.722574487,-1.000466455,-0.2615803696,0.1503887902,0.09626985293,0,0,0,0,0
2025-11-26 00:00:00.000,-2.822995678,-2.433654833,-2.08412091,-1.637039521,-2.009959097,-0.9341248469,-0.5977164939,0.05214902668,0.3049430357,-0.05586057394,-0.9460090182,-1.45613266,-1.700007708,-0.9878848751,-0.2401745585,0.1430382264,-1.458179482,0,0,0,0,0
2025-11-27 00:00:00.000,-2.742418419,-2.626772427,-2.262600823,-1.84008052,-1.963942637,-0.9121406238,-0.5658886876,0.07925488488,0.3334436612,-0.04161069403,-0.9446651858,-1.455029743,-1.731633701,-1.005350251,-0.2609642643,0.1229397661,-0.02662984916,0,0,0,0,0
2025-11-28 00:00:00.000,-3.494352345,-2.844695949,-2.424058278,-2.042979041,-1.961102831,-0.9171685378,-0.5940108857,0.05691184085,0.3144856085,-0.0645038418,-1.037234195,-1.544879961,-1.847144608,-0.9920226317,-0.2457165631,0.1082617664,-4.001486515,0,0,0,0,0
2025-12-01 00:00:00.000,-3.47775035,-2.980856637,-2.692436539,-1.867325954,-1.544062365,-0.6321472556,-0.3542272605,-0.1816116179,-0.3534413716,-1.369871849,-1.528883646,-2.056743925,-1.658134799,-1.117694586,-0.3275670732,0.1021398575,,0,0,0,0,0
2025-12-02 00:00:00.000,-3.368733311,-2.783570473,-2.779161972,-1.756465008,-1.418565187,-0.5529347177,0.06855684998,0.1838361407,0.02115059103,-1.155455543,-1.336032845,-1.856224686,-1.606853042,-1.123948839,-0.3175706348,0.09392914795,-0.03022747813,0,0,0,0,0
2025-12-03 00:00:00.000,-3.282786443,-2.754546872,-2.723120069,-1.786315063,-1.453050678,-0.5841009236,0.01787512344,0.1402534319,-0.02505657195,-1.231607218,-1.407324053,-1.93587849,-1.482754313,-1.100033173,-0.3218862842,-0.02603254557,0.2949531277,0,0,0,0,0
2025-12-04 00:00:00.000,-3.185927019,-2.801321775,-2.750029678,-1.921924888,-1.621169838,-0.718646576,-0.2069115819,-0.05361679436,-0.2084554701,-1.244157162,-1.408522882,-1.926415642,-1.505193998,-1.131166524,-0.3564738621,0.01485906125,-1.405872516,0,0,0,0,0
2025-12-05 00:00:00.000,-3.225158073,-2.791518886,-2.854990788,-1.838371738,-1.517910515,-0.6462374727,-0.09004124668,0.04752136457,-0.104217216,-1.056533273,-1.242207003,-1.753832036,-1.561404922,-1.150882447,-0.3460088272,-0.005995858883,-0.3625665531,0,0,0,0,0
2025-12-08 00:00:00.000,-3.00602743,-2.66821387,-2.815496479,-1.778897485,-1.438795135,-0.5937822151,-0.003106865996,0.1229001796,-0.02005309595,-1.082527709,-1.260351519,-1.76955305,-1.569297006,-1.224146784,-0.427635366,-0.01249097985,,0,0,0,0,0
2025-12-09 00:00:00.000,-2.680439916,-2.335137308,-2.564617408,-1.765991432,-1.426921235,-0.590838755,0.004258040873,0.1296661214,-0.01736367151,-1.017682857,-1.207615614,-1.721576503,-1.533648015,-1.184982343,-0.4078406894,0.02114983143,2.458847229,0,0,0,0,0
2025-12-10 00:00:00.000,-2.482429756,-2.236560768,-2.35676447,-1.701539931,-1.371514075,-0.5641914615,0.06211295361,0.179994154,0.04466228125,-0.9861040148,-1.17231862,-1.67945621,-1.241443504,-1.201038901,-0.4257845997,-0.2233589607,-0.1463018101,1,1,1,3,3
2025-12-11 00:00:00.000,-2.569860824,-2.357222838,-2.439855332,-1.773192636,-1.448651684,-0.6259920967,-0.04615450889,0.08687859873,-0.04967219548,-1.102036428,-1.277983249,-1.796772589,-1.045411927,-1.184305345,-0.4248113696,-0.3857839183,-0.3492400798,0,0,0,0,0
2025-12-12 00:00:00.000,-2.441969028,-2.222948537,-2.343619251,-1.6881355,-1.327785378,-0.5394342053,0.1040051383,0.2167091149,0.07590319766,-1.133477978,-1.313551306,-1.845176864,-0.9978739914,-1.112289796,-0.361252484,-0.3959548827,1.587557307,0,0,0,0,0
2025-12-15 00:00:00.000,-2.339646926,-2.254135405,-2.601632417,-1.677114123,-1.307398486,-0.5332743599,-0.02185565863,0.1084906469,-0.02862814635,-1.117116249,-1.296397431,-1.825967648,-0.9317303823,-1.134698562,-0.3703086571,-0.4035069757,,0,0,0,0,0
2025-12-16 00:00:00.000,-2.112372689,-2.280953886,-2.447390446,-1.655802022,-1.297815015,-0.5312556168,-0.0198888369,0.110402946,-0.01725864997,-1.164183006,-1.332177869,-1.859277897,-0.9031433035,-1.138837786,-0.388724438,-0.4195743571,0.5784841007,0,0,0,0,0
2025-12-17 00:00:00.000,-2.136916309,-2.379894146,-2.541601452,-1.762778902,-1.417319368,-0.6243701944,-0.1838021428,-0.03005534915,-0.1685521676,-1.176817566,-1.349625163,-1.878331795,-0.8505971801,-1.06565261,-0.3668897647,-0.4056881216,0.5070904316,0,0,0,0,0
2025-12-18 00:00:00.000,-2.247371493,-2.489101495,-2.629412998,-1.774336361,-1.426457167,-0.6398771577,-0.2055157599,-0.0480700247,-0.194138258,-1.211716428,-1.384993416,-1.909873108,-0.8160414638,-1.105201887,-0.3969923856,-0.4248687315,-0.2334299845,0,0,0,0,0
2025-12-19 00:00:00.000,-2.210778672,-2.486623429,-2.604756891,-1.724807834,-1.349595764,-0.5848596779,-0.1098690647,0.03491779589,-0.1214492873,-1.204315619,-1.385019964,-1.908605048,-0.7860798847,-1.099590968,-0.4022994303,-0.40321279,0.8977518865,0,0,0,0,0
2025-12-22 00:00:00.000,-2.067678162,-2.49995053,-2.538248062,-1.785702974,-1.423815294,-0.6667469749,-0.2218490465,-0.06087301626,-0.2178317313,-1.205167568,-1.385433546,-1.90762165,-0.7598173958,-1.084114549,-0.3819183384,-0.4113986644,,0,0,0,0,0
2025-12-23 00:00:00.000,-2.333997931,-2.758201252,-2.842284971,-1.857123755,-1.496605475,-0.7394084425,-0.3332032222,-0.1563856674,-0.3181370911,-1.197600901,-1.385453983,-1.914282841,-0.7623152537,-0.9927006443,-0.2838183461,-0.4527928748,-1.422871812,0,0,0,0,0
2025-12-24 00:00:00.000,-2.45125519,-2.863192219,-3.037828699,-1.952254605,-1.56786787,-0.8106831143,-0.4439426843,-0.2513179787,-0.4167183476,-1.26782839,-1.455772285,-1.997683155,-0.7840418889,-0.9898812843,-0.2744902218,-0.3429066633,-0.3871021354,0,0,0,0,0
2025-12-29 00:00:00.000,-2.445145516,-2.867666495,-3.048958634,-1.972373448,-1.553067793,-0.7905453192,-0.4376115961,-0.243974779,-0.429197002,-1.264543303,-1.456357732,-2.000632242,-0.6202023484,-0.969111616,-0.2346541368,-0.3530959889,,0,0,0,0,0
2025-12-30 00:00:00.000,-2.239836522,-2.866048223,-3.196797472,-1.937144089,-1.539014285,-0.7810400222,-0.4359006026,-0.240547277,-0.4287498928,-1.293396819,-1.474107793,-2.005510156,-0.6512201406,-1.017176779,-0.2883266746,-0.3286278586,-0.08073467796,0,0,0,0,0
2025-12-31 00:00:00.000,-2.228149281,-2.839383372,-3.072807811,-1.832321646,-1.44081905,-0.6987997738,-0.3086507315,-0.1274251753,-0.3338046393,-1.28071485,-1.473108752,-1.96435507,-0.6498069508,-0.9043299999,-0.3532947618,-0.2958366747,0.9974935468,0,0,0,0,0
2026-01-02 00:00:00.000,-2.631445959,-3.204180561,-1.820697546,-1.532596262,-1.140026784,-0.42447043,-0.2534801371,-0.5394309357,-1.627864741,-1.724825053,-1.892218563,-1.405339033,-0.4805811802,-1.004569954,-0.170406529,-0.3085399942,,0,0,0,0,0
2026-01-05 00:00:00.000,-2.272424579,-2.820198431,-1.843856514,-1.594616632,-1.202122786,-0.4827961697,-0.3429018593,-0.6028713338,-1.564043968,-1.613946744,-1.81400439,-1.341776379,-0.4557958715,-1.033721974,-0.2734212802,-0.334556782,,0,0,0,0,0
2026-01-06 00:00:00.000,-2.276251289,-2.632790565,-1.933185964,-1.607961741,-1.056337259,-0.4774189609,-0.3342950691,-0.6013835434,-1.621431266,-1.617420221,-1.862730273,-1.383816363,-0.3530154415,-0.9422473516,-0.3015435511,-0.3481863388,0.7599920889,0,0,0,0,0
2026-01-07 00:00:00.000,-2.387906684,-2.719304165,-1.868106901,-1.552772217,-0.9785342713,-0.5206381671,-0.4036042983,-0.6671047292,-1.597098452,-1.594834694,-1.844430795,-1.381283257,-0.2744017029,-0.9310458491,-0.3671075582,-0.3653256637,-0.01390569107,0,0,0,0,0
2026-01-08 00:00:00.000,-2.476366966,-2.707455104,-2.118111809,-1.568484275,-0.7050012115,-0.5405526831,-0.4310133136,-0.6867653826,-1.375528481,-1.415001476,-1.649318557,-1.218047771,-0.2821353413,-0.8746696018,-0.3590095712,-0.3501185654,-1.764337294,0,0,0,0,0
2026-01-09 00:00:00.000,-2.683866284,-2.842934376,-2.191678936,-1.680347506,-0.7772976634,-0.6383439092,-0.5805119885,-0.829865146,-1.35450433,-1.402988779,-1.617770217,-1.207184544,-0.3173779279,-0.9644615352,-0.5813521542,-0.3373861747,-0.5001576303,0,0,0,0,0
2026-01-12 00:00:00.000,-2.635813997,-2.879387267,-2.450977366,-1.697561054,-0.4667370301,-0.6508707398,-0.571796399,-0.8361235259,-1.699341423,-1.670154053,-1.859299532,-1.485384019,-0.07920435989,-0.7878882877,-0.3304263222,-0.3486803383,,0,0,0,0,0
2026-01-13 00:00:00.000,-2.796342084,-3.396964622,-2.70345468,-1.772790434,-0.3163090085,-0.7289102904,-0.696125819,-0.9538237516,-1.942346941,-1.854360214,-2.038114971,-1.672479838,0.1239262152,-0.7811832082,-0.3643234048,-0.3185399794,0.1791126175,0,0,0,0,0
2026-01-14 00:00:00.000,-3.065690451,-3.71730043,-2.91034721,-2.181048026,-0.7986145491,-1.000521635,-1.168236978,-1.364660457,-2.158160957,-2.012884253,-2.181726234,-1.823614972,0.3745193116,-0.6821948721,-0.4206505402,-0.5793202467,-0.9347327043,0,0,0,0,0
2026-01-15 00:00:00.000,-3.718726557,-4.260493359,-3.14421119,-2.57600063,-1.260849243,-1.284230631,-1.677091099,-1.764167697,-2.647239987,-2.38720909,-2.504966764,-2.195856543,0.6702753751,-0.5262040278,-0.3198304822,-0.6365230761,-2.377731749,0,0,0,0,0
2026-01-16 00:00:00.000,-3.969335194,-3.891353715,-3.277394136,-2.678181508,-1.292266392,-1.422394882,-1.892890038,-1.916122312,-3.664383062,-3.189616149,-3.240499952,-2.98896042,0.9432794092,-0.2943260661,-0.2430218819,-0.2435461466,2.523985841,1,1,1,3,3
2026-01-19 00:00:00.000,-3.521341313,-3.607482778,-2.99699309,-2.430226818,-1.100302268,-1.219990104,-1.547288209,-1.582665784,-2.979602884,-2.651085703,-2.794138285,-2.34250239,0.8046967361,-0.2453946745,-0.1734471126,-0.2590912141,,0,0,0,0,0
2026-01-20 00:00:00.000,-3.269250133,-3.411447146,-2.765080544,-2.19373909,-0.8946125439,-1.025401562,-1.205486798,-1.279012332,-2.690719436,-2.411199605,-2.566443118,-2.09121353,0.8679730685,-0.2467329245,-0.1657898666,-0.2758520648,0.8610017295,0,0,0,0,0
2026-01-21 00:00:00.000,-3.11348086,-3.478991598,-2.787815547,-2.164599669,-0.8160693396,-1.015500386,-1.19066846,-1.288979382,-2.551248534,-2.316573035,-2.496685065,-1.986776309,1.001050663,-0.1924353281,-0.2057101034,0.02628811377,4.72445218,0,0,0,0,0
2026-01-22 00:00:00.000,-2.820044036,-3.175924854,-2.739253945,-2.175442089,-0.8755010652,-1.065674294,-1.270101741,-1.342745554,-2.521338601,-2.297690192,-2.433145523,-1.970519641,1.028376599,-0.09909862804,-0.1079534049,0.06122303922,-0.1281621645,0,0,0,0,0
2026-01-23 00:00:00.000,-2.691837208,-3.133610831,-2.761992991,-2.205793122,-0.913902115,-1.129792826,-1.383681882,-1.40187212,-2.445615892,-2.237566133,-2.408530903,-1.924793658,1.065840453,-0.1791343728,-0.2364513898,0.07088522196,1.657753061,0,0,0,0,0
2026-01-26 00:00:00.000,-2.426162507,-2.918157772,-2.558017517,-2.003428678,-0.7741646961,-0.9452111937,-1.077576617,-1.129958511,-2.363978467,-2.217888704,-2.346846365,-1.865326985,1.36745666,-0.1417211002,-0.1321349672,0.06185018649,,0,0,0,0,0
2026-01-27 00:00:00.000,-2.174151134,-2.400256556,-2.472788397,-1.92437821,-0.7433848088,-0.9095339404,-1.015060434,-1.052289354,-2.260417746,-2.122535574,-2.235528983,-1.753055564,1.367048995,-0.1467437417,-0.1156441393,0.03814256877,1.003650528,0,0,0,0,0
2026-01-28 00:00:00.000,-1.433827088,-1.937795902,-2.289988252,-1.728413476,-0.5267573366,-0.6953197972,-0.6374330626,-0.7760573317,-1.679228309,-1.691995453,-1.806907674,-1.344540818,1.334674779,-0.06318448434,0.02500688101,0.02745813013,3.744354717,0,0,0,0,0
2026-01-29 00:00:00.000,-0.9946821731,-1.490430628,-2.196042024,-1.580541093,-0.3382306294,-0.5314225235,-0.3491394265,-0.6063435262,-1.629732415,-1.684031207,-1.793243896,-1.348912227,1.651156667,0.132670312,0.1362869582,0.0345751702,3.106017035,0,0,0,0,0
2026-01-30 00:00:00.000,-1.343119014,-1.548878819,-2.237615285,-1.626681695,-0.3662028117,-0.5895964879,-0.4529112825,-0.6895219945,-1.504829591,-1.589833025,-1.69827527,-1.266802736,2.117346717,0.4716109263,0.8349548071,0.02790850282,-1.334876138,0,0,0,0,0
2026-02-02 00:00:00.000,-2.114846997,-1.700181572,-1.167243209,-0.792982147,-0.7644845787,-0.6514330847,-1.305499511,-1.928328895,-1.687880498,-1.690088428,-1.357531887,-1.4198389,0.8740366006,0.1295652874,0.5976039212,0.01185667686,,0,0,0,0,0
2026-02-03 00:00:00.000,-2.514001431,-1.867260106,-0.8560809629,-1.184526934,-0.8482085358,-0.7614162292,-1.491052037,-1.893861738,-1.673022747,-1.672164928,-1.35093893,-1.402745094,0.7261850449,0.1090472892,0.5684819684,-0.03137176026,-3.116592829,0,0,0,0,0
2026-02-04 00:00:00.000,-2.601112014,-1.881599729,-1.035380102,-0.8472124776,-0.8327341508,-0.7556577509,-1.490260169,-1.91517184,-1.688166992,-1.695317983,-1.372024065,-1.4128347,1.008067427,0.2615852321,0.6938727307,-0.1255791894,0.1238954348,0,0,0,0,0
2026-02-05 00:00:00.000,-2.354791678,-1.980224062,-1.166496598,-1.004198074,-0.9976178661,-0.9869973672,-1.877998635,-2.006262594,-1.744478995,-1.747266328,-1.417180049,-1.46357675,1.095314064,0.1621601461,0.5512267179,-0.1376426968,1.535510605,0,0,0,0,0
2026-02-06 00:00:00.000,-2.399782025,-1.973426004,-1.159331971,-0.9862536818,-1.003633594,-1.004350271,-1.908470044,-1.971474164,-1.718934958,-1.746513888,-1.404941766,-1.453936335,1.219403278,0.2892934368,0.6605359919,-0.1161104444,1.202549197,0,0,0,0,0
2026-02-09 00:00:00.000,-2.569398421,-1.936091171,-1.288155874,-1.252042766,-1.160097754,-1.221208727,-2.236098863,-1.942909389,-1.69655718,-1.748365173,-1.395197448,-1.430746526,1.243932615,0.2749840515,0.7576092613,-0.08285327124,,0,0,0,0,0
2026-02-10 00:00:00.000,-2.461232659,-1.804329524,-1.196449759,-1.150364133,-1.065833783,-1.10592342,-2.007200135,-1.95668142,-1.673078643,-1.713639777,-1.384521174,-1.422600235,1.107243134,0.1480504691,0.6865089027,-0.05556218065,-1.120267918,0,0,0,0,0
2026-02-11 00:00:00.000,-2.219130223,-1.765748133,-1.167645316,-1.124337415,-1.066308816,-1.106789689,-1.998540494,-1.920016632,-1.648576725,-1.690012583,-1.366367565,-1.401068428,0.8775127994,0.2226833459,0.8335582835,-0.4041935812,1.739917477,0,0,0,0,0
2026-02-12 00:00:00.000,-2.272071398,-1.861800284,-1.284380202,-1.2686082,-1.264915198,-1.358910293,-2.374419539,-1.676034813,-1.504872887,-1.590745386,-1.254096173,-1.273971958,0.8290266883,0.1074769003,0.8062155216,-0.429165618,-0.05745606209,0,0,0,0,0
2026-02-13 00:00:00.000,-2.135739665,-1.787809729,-1.32420992,-1.08859349,-1.129517877,-1.169338098,-2.053839927,-1.664214403,-1.472464688,-1.595814733,-1.242200876,-1.247245651,0.631487262,0.2547254792,0.7047464309,-0.4629399453,0.4632471891,0,0,0,0,0
2026-02-16 00:00:00.000,-2.323533959,-1.799908879,-1.348040877,-1.131061007,-1.190349299,-1.254626651,-2.139530215,-1.749529331,-1.518144486,-1.643669017,-1.276107927,-1.262696105,0.3739367535,-0.5419615694,0.05593361916,-0.4879495922,,0,0,0,0,0
2026-02-17 00:00:00.000,-2.222907134,-1.681769762,-1.243391578,-1.031602281,-0.9837650348,-0.9833138426,-1.67532297,-1.691459293,-1.475526555,-1.600694466,-0.9873493545,-0.9777646151,0.4151469546,-0.4132830239,0.1353043788,-0.4705388777,-0.7012568326,0,0,0,0,0
2026-02-18 00:00:00.000,-2.101783114,-1.575675492,-1.113252234,-0.8519942173,-0.8067432032,-0.762128488,-1.362516213,-1.632980206,-1.466041333,-1.61303373,-0.9752468261,-0.9678408856,0.6103600014,-0.03979752143,0.2926324538,-0.4638182324,2.271224184,0,0,0,0,0
2026-02-19 00:00:00.000,-1.697328732,-1.244390452,-0.9244291371,-0.8649702986,-0.748509164,-0.6964556601,-1.298901608,-1.349463957,-1.279117692,-1.482703022,-0.8443451068,-0.835334322,0.902864195,0.2742121032,0.354227459,-0.4285918602,4.440006084,0,0,0,0,0
2026-02-20 00:00:00.000,-1.483347187,-1.203932022,-1.084105833,-0.6554471103,-0.5486784746,-0.4195592595,-0.8720913015,-1.363935983,-1.260153172,-1.463626326,-0.8376267438,-0.8359868293,0.8410258029,0.2468410875,0.3294812254,-0.3789937541,-0.158819919,0,0,0,0,0
2026-02-23 00:00:00.000,-1.702635186,-1.231515591,-1.1178889,-0.7006871603,-0.6359221144,-0.5265719722,-1.00011988,-1.326680712,-1.232923977,-1.446798161,-0.8374678289,-0.8283501016,0.6806499014,0.1565778846,0.1750115034,-0.3946405025,,0,0,0,0,0
2026-02-24 00:00:00.000,-1.618238849,-1.1532729,-0.7876809871,-0.9555672482,-0.5612681368,-0.4091568561,-0.8184519262,-1.20480446,-1.142305385,-1.351572014,-0.7759958911,-0.7482851482,0.6306334444,0.1016675766,0.1428659514,-0.3720975689,-0.6150227788,0,0,0,0,0
2026-02-25 00:00:00.000,-1.364532185,-0.992107943,-0.6004750387,-0.7291716148,-0.2720578468,-0.01284353038,-0.3375760231,-1.069774564,-1.05396978,-1.274086319,-0.7126405772,-0.6794335903,0.7251936431,0.2519718031,0.2243747043,-0.3890062669,1.856100623,0,0,0,0,0
2026-02-26 00:00:00.000,-1.15764903,-0.771668136,-0.4417563026,-0.5269654607,-0.1756005177,0.1165154321,-0.1997343853,-0.9227152956,-0.9721689578,-1.197143997,-0.6478527304,-0.6163668457,0.8820320137,0.5189986761,0.3079482565,-0.3925481843,2.192212984,0,0,0,0,0
2026-02-27 00:00:00.000,-1.025944983,-0.4183335336,-0.4363675199,-0.8499136735,-0.1016727566,0.2112724441,-0.08438586333,-0.7983227934,-0.879909568,-1.114227538,-0.5863585112,-0.5562000789,0.7474985523,0.375927606,0.2388164199,-0.4015606387,0.3911801066,0,0,0,0,0
2026-03-02 00:00:00.000,0.1365700937,0.1335582481,0.01903182518,0.03349363621,0.1565202943,-0.1708679966,-1.888385343,-1.697706579,-1.592525454,-1.3652614,-1.13508622,-1.06654857,-2.534059406,0.5448891308,-0.9096534994,-0.3903249066,,0,0,0,0,0
2026-03-03 00:00:00.000,1.099007005,1.085494732,1.133715226,0.7704776158,1.206887423,1.093295939,-4.784493076,-3.650224008,-3.060634877,-2.583405022,-2.210601765,-2.053580055,-6.257358153,0.9067248745,-1.103857055,-0.1171413092,6.963950085,1,1,1,3,3
2026-03-04 00:00:00.000,1.008268085,1.028434278,1.083636434,0.5177419733,0.8460085317,0.7231578777,-5.642594018,-3.958863569,-3.177864663,-2.621459705,-2.246493829,-2.11631984,-6.67231803,0.1628086138,-0.6740932539,-1.08337194,-1.09691094,0,1,0,1,0
2026-03-05 00:00:00.000,0.9694177404,1.005042684,1.064305305,0.1874496297,0.373407775,0.03156611704,-5.657706919,-4.154389395,-3.350448137,-2.712299342,-2.351824154,-2.238611723,-6.139850668,0.6654978736,-0.7591387283,-1.097109379,0.175210807,0,0,0,0,0
2026-03-06 00:00:00.000,1.077167216,0.7365445112,0.326351663,-0.3245493488,-0.3369316138,-1.025408785,-5.754498928,-4.375457735,-3.549661702,-3.181278719,-2.810454884,-2.628728614,-4.972402977,0.8590127093,-0.8416370764,-1.177559193,0.6568791897,1,1,1,3,3
2026-03-09 00:00:00.000,1.173607272,0.8509864314,0.05763921163,-0.3128165157,-0.3065612276,-1.057562838,-5.602316669,-4.538507088,-3.671730544,-3.746697791,-3.364304882,-3.125860441,-5.044570049,1.21105683,-1.700020617,-1.187496925,,0,0,0,0,0
2026-03-10 00:00:00.000,0.9288438504,0.7450866852,0.1648507133,-0.4695933599,-0.5091359598,-1.174466052,-4.164302224,-3.580149566,-2.902267134,-2.397519297,-2.17724459,-2.003146232,-3.841076072,0.6351750827,-1.912094734,-0.8885402656,-2.289344843,1,1,1,3,3
2026-03-11 00:00:00.000,0.7958055427,0.7158385449,0.2412971682,-0.3406929961,-0.3396253349,-0.9908886526,-4.240167994,-3.820899573,-3.074034185,-2.500247086,-2.261658704,-2.05636998,-2.328623049,0.7409663508,-2.029687488,-1.49557729,-0.2415387634,0,0,0,0,0
2026-03-12 00:00:00.000,0.9774663912,0.8881804312,0.4414326328,-0.4010104395,-0.416275046,-1.126263948,-3.619845773,-3.471317712,-2.870990266,-2.262325504,-2.07213016,-1.911157462,-2.181136727,0.9571231168,-1.784200696,-1.497645626,1.010356217,0,0,0,0,0
2026-03-13 00:00:00.000,1.089775999,1.040419046,1.113171626,0.02420184324,0.1568268439,-0.3548288967,-2.420462885,-2.547751097,-2.264913321,-1.847051745,-1.696746042,-1.574681801,-2.184564091,1.017948175,-1.720283428,-1.501987698,0.4091427552,0,0,0,0,0
2026-03-16 00:00:00.000,1.299862599,1.252465133,1.38098046,0.3787855467,0.6297231779,0.2492500815,-1.660017133,-1.974415954,-1.873554682,-1.525084179,-1.39199191,-1.26735991,-3.784837325,0.3171384579,-1.548354837,-1.502498017,,0,0,0,0,0
2026-03-17 00:00:00.000,1.272025019,1.232805324,1.349186609,0.3583553874,0.5948417147,0.1911462354,-1.79400823,-2.080861049,-1.951091324,-1.564578896,-1.444919942,-1.305344417,-3.376619065,-0.05531359306,-1.441727921,-1.502302093,-0.08371985668,0,0,0,0,0
2026-03-18 00:00:00.000,1.070077501,1.035247129,1.097408377,0.05115846133,0.1952621939,-0.3970637795,-2.518457872,-2.672496926,-2.387780746,-1.882029021,-1.782347319,-1.580745292,-2.476077162,-0.3388204808,-1.273019207,-1.627788308,-0.4193432933,0,0,0,0,0
2026-03-19 00:00:00.000,1.032060902,0.9693543145,0.998661145,-0.008990815789,0.1229497841,-0.6561334101,-3.339228946,-3.415655054,-3.006948493,-2.311036638,-2.183785935,-1.939731345,-2.213765893,-1.072129651,-1.12436634,-1.558974772,0.6083789682,1,1,1,3,3
2026-03-20 00:00:00.000,1.115601403,1.064118543,1.132800535,0.1734654871,0.3600286748,-0.3058727948,-2.684804546,-2.858819326,-2.598908464,-2.001604089,-1.900491541,-1.684305129,-1.908229496,-0.6962251939,-0.9188528765,-1.530170239,0.03595422729,0,0,0,0,0
2026-03-23 00:00:00.000,0.7911889732,0.9010559298,1.130485796,-0.1127503512,-0.003664242906,-0.7817510187,-1.67905555,-2.069126721,-2.035619713,-1.544761228,-1.471902509,-1.292673032,-1.383010631,-0.428629166,-0.7425695485,-1.529882751,,0,0,0,0,0
2026-03-24 00:00:00.000,0.5791283284,0.6863487757,0.8610144888,-0.5147949663,-0.5321135399,-1.362373629,-1.750514877,-2.048532222,-1.952036473,-1.529730688,-1.456113676,-1.287406405,-1.398835705,-0.6862872572,-1.168098603,-1.491155909,-1.438099317,0,0,0,0,0
2026-03-25 00:00:00.000,0.2608369884,0.3681532198,0.456495159,0.07096048917,0.2435656294,-0.357199631,-1.744660104,-2.028364926,-1.920652409,-1.508674741,-1.428684081,-1.286366843,-1.347761289,-0.2305388413,-0.3623008688,-1.497252124,-1.523886193,0,0,0,0,0
2026-03-26 00:00:00.000,0.3667786327,0.4738605803,0.587502578,0.2873487003,0.5339549159,-0.06674089252,-1.40729969,-1.816833121,-1.799153674,-1.389561913,-1.299141807,-1.175380984,-1.593803017,-0.1611998308,0.3388951997,-1.486210844,0.985708497,0,0,0,0,0
2026-03-27 00:00:00.000,0.07909856942,0.4211014254,0.8243817393,0.1878984946,0.4143222632,-0.2143863145,-1.244593219,-1.668250348,-1.660136466,-1.299401636,-1.206771752,-1.097723382,-1.735824523,-0.5517154568,0.2651552915,-1.478813954,-1.400821444,0,0,0,0,0
2026-03-30 00:00:00.000,-0.3355986155,0.1636340544,0.4712558298,0.4011890275,0.6939846394,0.1172952775,-1.486936378,-1.843207751,-1.759029341,-1.271398216,-1.192401702,-1.085483726,-1.791226664,-0.7068348763,0.2211289994,-1.474827171,,0,0,0,0,0
2026-03-31 00:00:00.000,0.09686756185,0.4745991794,0.9414793731,0.6952671953,1.082468375,0.6826605164,-1.323640324,-1.639124106,-1.54968735,-1.137810323,-1.057705425,-0.9748845848,-1.876413229,-0.9801079031,-0.1056727164,-1.418261824,0.8965280012,0,0,0,0,0
2026-04-01 00:00:00.000,0.2629164004,0.4220025631,-0.000968055351,-0.02698199297,0.1175103592,-2.254505939,-2.352228768,-2.369497767,-1.374027039,-1.129047031,-1.028565456,-0.3356853661,-1.850271751,-0.5302849171,-0.7147379858,-1.384409488,-1.047550466,0,0,0,0,0
2026-04-02 00:00:00.000,0.2627886249,0.5799489058,0.0400569498,0.03716891663,0.2015059264,-2.165463215,-2.329791025,-2.367811661,-1.36984922,-1.124591263,-1.025828287,-0.4062205254,-1.722719348,-0.594638111,-0.6123436334,-1.378909958,0.4859895204,0,0,0,0,0
2026-04-07 00:00:00.000,0.5793119701,0.6325275374,0.06733406281,0.07991476355,0.2572552737,-2.251284519,-2.434732219,-2.466302325,-1.429671252,-1.174093927,-1.061154591,-0.502147281,-1.704687236,-0.6840768035,-0.881314331,-1.371208468,,0,0,0,0,0
2026-04-08 00:00:00.000,0.631958013,0.7383176768,0.1733990549,0.2441539671,0.4763394747,-2.681455669,-2.624600134,-2.507925812,-1.774555612,-1.473177748,-1.333792506,-0.5501071749,-1.528117561,-0.8814733279,-0.7690307788,-1.244100589,-0.989595685,0,0,0,0,0
2026-04-09 00:00:00.000,0.8448411173,0.8907575926,0.7685471042,1.161821599,-0.6443123578,-2.192398238,-2.25357932,-2.220145026,-1.575056712,-1.303209894,-1.188969989,-0.5495465736,-1.746091607,-1.184545164,-1.065274822,-1.241748275,1.025894061,0,0,0,0,0
2026-04-10 00:00:00.000,1.051358358,0.9901368484,0.7833563082,1.379904545,0.004040295859,-2.253412685,-2.229985842,-2.169068711,-1.549848939,-1.285852103,-1.168670423,-0.5001263901,-2.110936212,-1.773514983,-1.408999846,-1.21839751,0.7738517507,0,0,0,0,0
2026-04-13 00:00:00.000,1.151758427,1.146505823,0.7544962047,1.344763615,-0.1056492805,-2.226872478,-2.20707106,-2.169948166,-1.534760695,-1.267088296,-1.141040984,-0.4983572425,12,12,12,-1.20023027,,0,0,0,0,0
2026-04-14 00:00:00.000,1.09676323,1.035485213,0.7229194517,1.327102905,0.1156498686,-2.38784172,-2.249057202,-2.146773225,-1.487444411,-1.231842999,-1.091422143,-0.5198181725,11.339180195,12,12,-1.234026139,-0.8125439055,0,0,0,0,0
2026-04-15 00:00:00.000,1.131906629,1.032311728,0.8020247369,1.053341603,-0.02638116961,-2.574537134,-2.344721024,-2.190245424,-1.534624149,-1.270228319,-1.109007435,-0.4692998734,8.838097969,10.283561267,10.859160767,-1.21946307,-0.004939583809,0,0,0,0,0
2026-04-16 00:00:00.000,1.065939814,1.086463104,0.7063169053,0.8919080511,-0.282370428,-2.493653515,-2.314173494,-2.182768203,-1.519106119,-1.254874118,-1.096258019,-0.4685513005,7.950630784,8.944807825,9.171103544,-1.21101406,-0.06606507091,0,0,0,0,0
2026-04-17 00:00:00.000,1.049063553,1.030894801,0.6446977152,0.6601202963,-0.6929426801,-2.383310309,-2.169999646,-2.026402707,-1.445308324,-1.191910618,-1.049760078,-0.3680022521,6.419000544,7.11771816,7.616076745,-1.255855735,-0.7248021511,0,0,0,0,0
2026-04-20 00:00:00.000,1.086828203,0.9398279096,0.6535057024,0.674916901,-0.7062295761,-2.019679034,-1.919977692,-1.844661255,-1.313794356,-1.082439336,-0.9341343477,-0.4153453516,6.187931566,6.590504702,6.915619139,-1.257616191,,0,0,0,0,0
2026-04-21 00:00:00.000,1.224973157,1.076850603,0.7903078344,0.854656421,-0.5546270835,-1.858012058,-1.843438914,-1.8115864,-1.324420672,-1.096223117,-0.9326154925,-0.4128133798,6.165689603,6.4264615,6.494697346,-1.240857949,1.286352208,0,0,0,0,0
2026-04-22 00:00:00.000,1.332115408,1.235774526,0.9987367085,0.6711471229,-0.1139872032,-1.497210314,-1.601711263,-1.644217956,-1.189005121,-0.9905630411,-0.8309259557,-0.3606302316,5.871701255,6.14635936,6.137171354,-1.35137504,0.8313662579,0,0,0,0,0
2026-04-23 00:00:00.000,1.325559372,1.290375711,1.272547981,0.8716828043,0.5402751258,-1.470027122,-1.590534369,-1.637077707,-1.191290824,-0.9787515906,-0.8203717686,-0.3590724696,5.561659562,5.778606126,5.688104904,-1.34290438,0.1669999254,0,0,0,0,0
2026-04-24 00:00:00.000,1.276986198,1.292489675,1.223918564,0.7692674976,0.3827765146,-1.280552791,-1.467318074,-1.555351766,-1.121751879,-0.9173507314,-0.7771226361,-0.2595704233,5.308518006,5.563789419,5.57258564,-1.333772013,-0.08038665695,0,0,0,0,0
2026-04-27 00:00:00.000,1.336342944,1.400603213,1.270447692,1.125372307,1.320206371,-0.2216304651,-0.6824312075,-0.9588021865,-0.934234815,-0.7675233494,-0.6466789272,-0.2089042151,4.935931302,5.120073664,5.106002637,-1.33250634,,0,0,0,0,0
2026-04-28 00:00:00.000,1.230082962,1.39198654,1.211101608,1.053754141,1.214659925,-0.2499767425,-0.6796846302,-0.940720877,-0.9204294728,-0.7595104046,-0.6465393611,-0.2067093345,4.56541518,4.712843346,4.782727519,-1.323806481,-0.7486379023,0,0,0,0,0
2026-04-29 00:00:00.000,1.241146306,1.40444054,0.8982957934,1.049165486,1.170175981,-0.4741003187,-0.8972169456,-1.139121001,-1.01961727,-0.8445173646,-0.7329872575,-0.2045825206,4.768625176,4.865198495,4.690225737,-1.293486725,0.4747242396,0,0,0,0,0
2026-04-30 00:00:00.000,1.366191053,1.534928188,0.7821667693,1.326567601,1.44286913,-0.4957288261,-0.8924678058,-1.113607603,-1.009381651,-0.8352842941,-0.723720069,-0.2024659482,4.421337009,4.52000198,4.384203901,-1.284909147,0.5482130774,0,0,0,0,0
2026-05-01 00:00:00.000,1.239531826,0.7055497885,0.7859123926,1.151704572,-0.8610957135,-1.648138729,-1.706566977,-1.62035046,-1.001989193,-0.8256102926,-0.1589348552,-0.2003595437,4.177928482,4.15320226,4.097067179,-1.266675074,-0.1672461075,0,0,0,0,0
2026-05-04 00:00:00.000,1.237446018,0.7055264618,0.7857231382,1.153617615,-0.8431155783,-1.637715432,-1.691332843,-1.588346037,-0.9919531711,-0.8159503273,-0.1576498787,-0.1978650752,4.037535191,4.015121199,3.963641496,-1.260040537,,0,0,0,0,0
2026-05-05 00:00:00.000,1.369534544,1.227165274,0.8523249075,0.9641960627,-0.6632565885,-1.476563108,-1.589498445,-1.488509505,-0.9288722013,-0.7609593374,-0.1558749381,-0.1949398373,4.055661062,4.001144718,3.858040704,-1.257979645,0.89454841,0,0,0,0,0
2026-05-06 00:00:00.000,1.185793829,1.051308277,0.6882462359,0.7290412342,-0.8605724607,-1.619595833,-1.632246387,-1.541023278,-0.9731850408,-0.7977083623,-0.196410311,-0.2406239087,3.592763217,3.576925681,3.638335183,-1.236702002,-1.348200723,0,0,0,0,0
2026-05-07 00:00:00.000,1.328952857,1.141086338,0.7375082408,0.7190787598,-0.9295517715,-1.698984476,-1.682644482,-1.402106202,-0.8874999198,-0.7181403635,-0.1940872705,-0.2387593978,3.475874474,3.464066349,3.531904033,-1.238043851,0.7815594431,0,0,0,0,0
2026-05-08 00:00:00.000,1.375396346,1.251694724,0.9675498392,0.732289027,-0.6250382046,-1.358634579,-1.435723587,-1.215633738,-0.7668315428,-0.6071726504,-0.183381084,-0.2271166235,3.408958835,3.391350355,3.430485209,-1.203463023,0.3005233444,0,0,0,0,0
2026-05-11 00:00:00.000,1.449884069,1.381138073,1.089046523,0.8905848793,-0.5788841888,-1.35215321,-1.459607109,-1.202410668,-0.7599776884,-0.6046207429,-0.1983630117,-0.2448443725,3.51099055,3.466259803,3.39921149,-1.198192959,,0,0,0,0,0
