TRADE_DATE,MARKET,SLOPE_PROMPT_RAW,SLOPE_MID_RAW,SLOPE_FAR_RAW,RAW_CURVE_VARIANCE,F08_PROMPT_SLOPE_Z,F09_MID_SLOPE_Z,F10_FAR_SLOPE_Z,F11_PCA_RECONSTRUCTION_ERROR_RAW,F11_PCA_RECONSTRUCTION_ERROR_Z,F12_CURVE_VARIANCE_Z,F13_WINTER_SUMMER_SPREAD_RAW,F13_WINTER_SUMMER_SPREAD_Z,F14_FRONT_BACK_CARRY_RAW,F14_FRONT_BACK_CARRY_Z,F15_SEASONAL_COSINE_DISTANCE,CROSS_TENOR_DISPERSION,MAX_TENOR_ABS_Z
2021-01-04 00:00:00.000,JKM,-0.309377862,0.03640884981,-0.006418241601,0.04266208917,,,,,,,2.022813333,,8.52538,,,,
2021-01-05 00:00:00.000,JKM,-0.3602092827,0.03783840209,-0.005155768438,0.04831863615,,,,,,,2.028013333,,10.59456,,,,
2021-01-06 00:00:00.000,JKM,-0.3982965859,0.03954594765,-0.004460273655,0.05327518024,,,,,,,1.997913333,,12.33292,,,,
2021-01-07 00:00:00.000,JKM,-0.3938574105,0.0344815862,-0.004433718462,0.05626048929,,,,,,,2.084346667,,12.85838,,,,
2021-01-08 00:00:00.000,JKM,-0.4022238477,0.03462341131,-0.004740480744,0.06121693386,,,,,,,2.123676667,,13.47169,,,,
2021-01-11 00:00:00.000,JKM,-0.4736670574,0.0316049275,-0.006052151411,0.08481533962,,,,,,,2.27832,,20.01139,,,,
2021-01-12 00:00:00.000,JKM,-0.4728657456,0.03109777861,-0.006501138051,0.0855468864,,,,,,,2.388613333,,19.78677,,,,
2021-01-13 00:00:00.000,JKM,-0.521946007,0.03490676427,-0.006317815033,0.08983489897,,,,,,,2.218083333,,24.33501,,,,
2021-01-14 00:00:00.000,JKM,-0.5235733328,0.03552146709,-0.00616437002,0.08826555216,,,,,,,2.13781,,24.43966,,,,
2021-01-15 00:00:00.000,JKM,-0.4679339522,0.03657618216,-0.005231557272,0.07125003603,,,,,,,2.084146667,,19.08232,,,,
2021-01-18 00:00:00.000,JKM,-0.4785837557,0.04289789992,-0.005369530426,0.07117464706,,,,,,,2.028203333,,19.146,,,,
2021-01-19 00:00:00.000,JKM,-0.4540309057,0.03795669976,-0.006327700844,0.06957671387,,,,,,,2.155856667,,18.90278,,,,
2021-01-20 00:00:00.000,JKM,-0.4559490298,0.03649821008,-0.006678643286,0.07118234906,,,,,,,2.150596667,,18.85826,,,,
2021-01-21 00:00:00.000,JKM,-0.4500574891,0.0342764261,-0.007243732893,0.07121593608,,,,,,,2.222746667,,18.79016,,,,
2021-01-22 00:00:00.000,JKM,-0.4454143784,0.03410876374,-0.007278299903,0.07271859407,,,,,,,2.224626667,,18.85204,,,,
2021-01-25 00:00:00.000,JKM,-0.450213153,0.03229812699,-0.007085625841,0.07287678384,,,,,,,2.16157,,18.94487,,,,
2021-01-26 00:00:00.000,JKM,-0.4551303678,0.03405664426,-0.00663511878,0.07253921679,,,,,,,2.197153333,,18.94487,,,,
2021-01-27 00:00:00.000,JKM,-0.4553146304,0.03415105485,-0.006889021257,0.07303557606,,,,,,,2.212133333,,18.94076,,,,
2021-01-28 00:00:00.000,JKM,-0.4403876111,0.03134120392,-0.006495929861,0.07296911002,,,,,,,2.22521,,18.8174,,,,
2021-01-29 00:00:00.000,JKM,-0.450141513,0.03575449142,-0.006488362888,0.07299104308,,,,,,,2.251036667,,18.8174,,,,
2021-02-01 00:00:00.000,JKM,-0.1022995173,0.03997615682,-0.00262485242,0.01523830501,6.778753159,1.630719325,3.579301369,,,-4.360370485,2.04704,,0.48855,,,,12
2021-02-02 00:00:00.000,JKM,-0.1011975997,0.04052949142,-0.002337892183,0.0153256295,3.656748345,1.68263614,3.119038229,,,-3.04363003,2.123636667,,0.38993,,,,5.135025643
2021-02-03 00:00:00.000,JKM,-0.09898751537,0.04115056828,-0.001660086408,0.01457054898,2.814367291,1.745392972,3.019093012,,,-2.589907972,2.118346667,,0.21493,,,,4.06275509
2021-02-04 00:00:00.000,JKM,-0.0920865234,0.04097226277,-0.001782269481,0.01421362648,2.416475818,1.546055182,2.407435614,,,-2.226424412,2.124146667,,0.12803,,,,3.195371933
2021-02-05 00:00:00.000,JKM,-0.07888722467,0.03912115469,-0.002157820674,0.0137307191,2.209251049,0.88360678,1.890972053,,,-1.953956407,2.134256667,,-0.07675,,,,2.946353037
2021-02-08 00:00:00.000,JKM,-0.0690093835,0.03837314019,-0.002631909247,0.01406797277,2.040924476,0.6260033678,1.46889354,,,-1.711459239,2.252956667,,-0.25534,,,,2.427931012
2021-02-09 00:00:00.000,JKM,-0.07389662707,0.03926458415,-0.002455002869,0.0141274927,1.823178214,0.8597660033,1.423475501,,,-1.524141314,2.245126667,,-0.21247,,,0.2618014483,1.729384009
2021-02-10 00:00:00.000,JKM,-0.0721585287,0.0402509587,-0.002675944589,0.01405695699,1.696329526,1.062537731,1.162893008,,,-1.369687414,2.22952,,-0.24343,,,0.2349299147,1.531688836
2021-02-11 00:00:00.000,JKM,-0.0779671337,0.04350993734,-0.002498138113,0.01371219528,1.466740547,1.852136678,1.087881844,,,-1.249867856,2.145863333,,-0.25056,,,0.3361151029,3.730143656
2021-02-12 00:00:00.000,JKM,-0.08050146767,0.04363287821,-0.002664087703,0.01400775249,1.246770338,1.702812591,0.8906682875,,,-1.129753593,2.15468,,-0.20056,,,0.2627642773,1.849240114
2021-02-15 00:00:00.000,JKM,-0.08368832489,0.04158010196,-0.001328812024,0.01391484747,1.101563508,1.062486635,1.31279056,,,-1.036288342,2.156403333,,0.01612,,,,0.8185002538
2021-02-16 00:00:00.000,JKM,-0.07971094972,0.04254647463,-0.001328812024,0.01382061271,1.013859337,1.210466263,1.182005338,,,-0.9452575116,2.156403333,,0.01612,,,0.1531073879,1.178294214
2021-02-17 00:00:00.000,JKM,-0.08361662805,0.04129931872,-0.0009915399393,0.01335438766,0.9198489163,0.8697517608,1.238611893,,,-0.8746813674,2.095123333,,0.05607,,,0.4026512247,12
2021-02-18 00:00:00.000,JKM,-0.075305424,0.03813786589,-0.001732456601,0.01287612725,0.8871623683,0.1372243296,0.950157407,,,-0.8097953946,2.056353333,,0.02729,,,0.6661239094,5.247117829
2021-02-19 00:00:00.000,JKM,-0.0832129139,0.03949398936,-0.001099260239,0.01270092159,0.7883107997,0.4362964457,1.115988888,,,-0.7383844679,1.99401,,0.14925,,,0.416932114,2.2695431
2021-02-22 00:00:00.000,JKM,-0.09300923236,0.04199081394,-0.001213763472,0.01268507061,0.7080695688,0.998423671,1.015459588,,,-0.6646061659,1.91782,,0.25129,,,,1.602655455
2021-02-23 00:00:00.000,JKM,-0.09130694693,0.04224529075,-0.001425572156,0.01264914886,0.6933169373,0.9657106806,0.8956206198,,,-0.593943247,1.909443333,-2.452951571,0.18975,-1.02695096,,0.3714493704,1.831821886
2021-02-24 00:00:00.000,JKM,-0.09437274851,0.04327274251,-0.001153451183,0.01274775278,0.6662074383,1.140114775,0.9104312688,,,-0.5185416734,1.9081,-2.253630043,0.17164,-1.000755751,,0.3727123885,1.7016068
2021-02-25 00:00:00.000,JKM,-0.101338063,0.04400251986,-0.001263784775,0.01352103722,0.6377618696,1.25207941,0.8247420462,,,-0.4097162828,1.86796,-2.46227465,0.24561,-0.9668919962,,0.6262795488,9.159248646
2021-02-26 00:00:00.000,JKM,-0.1026093446,0.041765985,-0.000679839649,0.01312823035,0.605628731,0.7582955516,0.9801696047,,,-0.3514188845,1.830943333,-2.58438923,0.33498,-0.9337042643,,0.5444491724,1.990927884
2021-03-01 00:00:00.000,JKM,0.01258426404,0.03217060353,0.00031122067,0.01160094364,1.012882346,-1.224172485,1.204832426,,,-0.3815780941,1.875746667,-1.988579451,-1.44202,-1.101415011,,,12
2021-03-02 00:00:00.000,JKM,0.0137208198,0.03284040308,0.0002951456341,0.0109993758,1.017822438,-1.022529707,1.124245287,,,-2.921922715,1.75791,-2.81447348,-1.46464,-1.07449869,,1.434371194,12
2021-03-03 00:00:00.000,JKM,0.01093727868,0.0345241306,0.0005939785448,0.01118743092,1.01204995,-0.6786647205,1.208963212,,,-2.25995335,1.774606667,-2.422869062,-1.44988,-1.045727559,,0.2017107437,4.075630636
2021-03-04 00:00:00.000,JKM,0.01006325536,0.03232059498,0.00045835985,0.01077348785,1.012782721,-1.104102567,1.145155619,,,-2.446285419,1.800386667,-2.062744624,-1.37975,-1.013144991,,0.6072195175,3.677157239
2021-03-05 00:00:00.000,JKM,0.02659461786,0.03265977952,0.0001910600296,0.011495304,1.087897888,-0.9985322178,1.067010275,,,-1.425426668,1.924346667,-1.106944388,-1.70322,-1.024380056,,1.028992003,5.630282179
2021-03-08 00:00:00.000,JKM,0.02469653006,0.03401867254,0.0005203251579,0.0109958069,1.059788045,-0.7001186277,1.163362389,,,-1.742049706,1.8932,-1.287426138,-1.70322,-0.9503688571,,,3.695153108
2021-03-09 00:00:00.000,JKM,0.02581002428,0.02991067371,-1.207944498e-05,0.01100524727,1.020231139,-1.502725228,1.008551168,,,-1.533423102,1.992233333,-0.5952982781,-1.6411,-0.9023124994,,0.7250446697,4.819682564
2021-03-10 00:00:00.000,JKM,0.0338836037,0.02943442956,-0.0009143624364,0.01149398875,0.9861811534,-1.608725289,0.7310404008,,,-0.9669162252,2.040066667,-0.2660347768,-1.78156,-0.876215226,,0.6474862948,2.970918447
2021-03-11 00:00:00.000,JKM,0.02827244819,0.02776829704,-0.001151513306,0.01155710287,0.906328345,-1.959944414,0.6420949199,,,-0.8260326372,2.11213,0.205230514,-1.52386,-0.8321325348,,0.6876181753,4.647466908
2021-03-12 00:00:00.000,JKM,0.03613122322,0.02503786914,-0.001151513306,0.011855509,0.8831201639,-2.315517136,0.6440600481,,,-0.4807786929,2.14753,0.4353484777,-1.52386,-0.8162948524,,0.4348373347,4.044911496
2021-03-15 00:00:00.000,JKM,0.03017915122,0.02794429232,-0.001389571627,0.01190433429,0.7774526574,-1.552762692,0.5652598063,,,-0.3699833879,2.11837,0.3547342989,-1.52386,-0.7356273966,,,1.780251071
2021-03-16 00:00:00.000,JKM,0.02069812328,0.02979862502,-0.001004431292,0.01153009643,0.7081921055,-1.177523807,0.6858989411,,,-0.6680213796,2.080923333,0.09668150402,-1.44113,-0.6944201491,,0.3495272816,2.209685825
2021-03-17 00:00:00.000,JKM,0.02113322125,0.02896386195,-0.000688333651,0.01146332611,0.708808529,-1.290117233,0.774099745,,,-0.6684558952,2.083176667,0.1129776913,-1.41356,-0.6547348181,,0.2750640831,1.849281601
2021-03-18 00:00:00.000,JKM,0.01830891311,0.03244070521,-0.001100249552,0.01150944522,0.6931504614,-0.6543751637,0.6241031306,,,-0.5460208185,2.073736667,0.0448826073,-1.46871,-0.6505844563,,0.3397425479,1.497517939
2021-03-19 00:00:00.000,JKM,0.01203507585,0.0312447766,0.0002444637533,0.01078080462,0.6627725733,-0.8557952627,1.066495807,,,-1.383273997,2.045096667,-0.1606416992,-1.27568,-0.6169041772,,0.9112810006,3.971341633
2021-03-22 00:00:00.000,JKM,0.02189236633,0.02978288204,-0.001209967358,0.01177067014,0.6862786702,-1.111034591,0.5767361098,,,-0.02373895985,2.118166667,0.3833638223,-1.4687,-0.5560656463,,,1.417326417
2021-03-23 00:00:00.000,JKM,0.02901052348,0.02512629751,-0.0007980860857,0.01186732659,0.7061569515,-1.89132916,0.727514968,,,0.1572061143,2.149333333,0.6296397808,-1.4136,-0.5132960907,,0.4970544471,2.586623367
2021-03-24 00:00:00.000,JKM,0.02933612163,0.02649946873,-0.001343165739,0.01198369153,0.7036256146,-1.543571915,0.5277668613,,,0.3716840883,2.142533333,0.6009948633,-1.4963,-0.4912462411,,0.3046357907,1.463518228
2021-03-25 00:00:00.000,JKM,0.02607429989,0.02489292849,-0.0006238699116,0.0118385779,0.6921888221,-1.74413495,0.7880396577,,,0.228309444,2.128966667,0.4925423641,-1.3584,-0.4626797433,,0.5996331298,3.340022684
2021-03-26 00:00:00.000,JKM,0.03263793885,0.02566636307,-0.001380132851,0.01214991077,0.714615577,-1.587636432,0.5063752528,,,0.7673717653,2.175866667,0.8311766421,-1.5239,-0.4825068883,,0.6766678397,2.920252561
2021-03-29 00:00:00.000,JKM,0.02649945121,0.0264625718,-0.001004498347,0.01190475674,0.6896266528,-1.446919704,0.6320169508,,,0.6321277983,2.147033333,0.6668465642,-1.4411,-0.3868168999,,,1.346691901
2021-03-30 00:00:00.000,JKM,0.03481078802,0.02963191183,-0.001769789873,0.01264163037,0.7103319647,-0.8827629878,0.3631727349,,,2.774241957,2.245933333,1.429624271,-1.7373,-0.4712531525,,0.6769089357,4.220935118
2021-03-31 00:00:00.000,JKM,0.03731175037,0.02775709045,-0.001769789873,0.01290776406,0.7178311654,-1.13373714,0.3681784714,,,2.826311164,2.275233333,1.651889571,-1.7373,-1.199494697,,0.2438529672,2.595859526
2021-04-01 00:00:00.000,JKM,0.01728426063,0.008644678462,-0.002528488114,0.01383722888,0.6434130704,-3.925775408,0.08024231802,,,4.028959308,2.357166667,2.18417882,0.096,1.063291926,,0.7927732871,12
2021-04-06 00:00:00.000,JKM,0.01876861277,-0.0002956272698,-0.001851291854,0.01599967059,0.650421793,-4.891279593,0.3427238868,,,5.931707451,2.711566667,4.381630911,0.3539,1.550784402,,,5.590229455
2021-04-07 00:00:00.000,JKM,0.0191025029,0.0002965938613,-0.001694514699,0.01539341118,0.6533490067,-4.401302459,0.4000471389,,,2.973104596,2.646333333,3.163033573,0.3296,1.479992713,,0.4424466152,6.142919461
2021-04-08 00:00:00.000,JKM,0.02151087405,-1.666810858e-05,-0.001609996708,0.01542325311,0.6675939524,-3.870222632,0.4286171125,,,2.394053443,2.622,2.672446897,0.2852,1.369064324,,0.4427189409,6.466748543
2021-04-09 00:00:00.000,JKM,0.02382190199,-0.001114909729,-0.0009160494082,0.01509483683,0.6821240116,-3.58332556,0.7045149015,,,1.803946545,2.5993,2.330569227,0.2778,1.31411443,,0.3685018682,2.814447561
2021-04-12 00:00:00.000,JKM,0.03323916477,-0.00427740597,-0.001392139867,0.01620591749,0.7159485039,-3.564748042,0.5013392074,,,2.310155634,2.6926,2.565384975,0.1852,1.185200217,,,4.592194201
2021-04-13 00:00:00.000,JKM,0.03356541523,-0.002977922445,-0.001583595348,0.0161247277,0.7137786903,-3.132286695,0.4326718378,,,1.914355665,2.6738,2.245947801,0.162,1.131051321,,0.210947526,2.819477702
2021-04-14 00:00:00.000,JKM,0.03807941618,-0.004906984835,-0.00155722775,0.01645785031,0.7265503671,-3.072836924,0.443049755,,,1.85728359,2.6996,2.165533045,0.1389,1.0826412,,0.2713803296,1.89874913
2021-04-15 00:00:00.000,JKM,0.04469001102,-0.005239418203,-0.001862079055,0.0167568022,0.7520393448,-2.890834618,0.3148056757,,,1.783496546,2.7551,2.227224389,-0.0232,0.8665874376,,1.030387284,3.771398725
2021-04-16 00:00:00.000,JKM,0.05397095278,-0.00754835489,-0.001807556821,0.01773701755,0.7913334722,-2.891007096,0.3354808572,,,2.04823807,2.804466667,2.251644568,-0.1177,0.7389054878,,0.6745347879,10.394873072
2021-04-19 00:00:00.000,JKM,0.06403944116,-0.008838911817,-0.002367338341,0.0198278761,0.8352069134,-2.811430377,0.09523577462,,,2.729538334,2.920133333,2.391654071,-0.2477,0.6379176647,,,0.8444141053
2021-04-20 00:00:00.000,JKM,0.06433056218,-0.006735824822,-0.002673384755,0.01922425753,0.8380582628,-2.507001513,-0.03663039202,,,2.009698679,2.815133333,1.859394285,-0.4219,0.4463212785,,1.547279116,12
2021-04-21 00:00:00.000,JKM,0.06227487949,-0.007346342705,-0.002315578828,0.0187720222,0.8306818541,-2.431853315,0.1188425109,,,1.588236788,2.797366667,1.681879829,-0.3749,0.525189684,,0.3147690999,1.744525543
2021-04-22 00:00:00.000,JKM,0.06285797152,-0.007450452622,-0.002548512197,0.01940956515,0.8355806765,-2.33279044,0.01633046055,,,1.683590645,2.878533333,1.837659734,-0.3893,0.499882485,,0.3766812079,1.740026087
2021-04-23 00:00:00.000,JKM,0.0472459277,-0.004488472886,-0.001913874412,0.01683484428,0.7675763516,-2.052077452,0.2952264587,,,0.5607584762,2.669033333,1.163599695,-0.2576,0.651729262,,0.7857568282,4.182031913
2021-04-26 00:00:00.000,JKM,0.04823832849,-0.004310676236,-0.002500292074,0.01723702129,0.7691182897,-1.974477571,0.03384057779,,,0.6456858344,2.6463,0.996944757,-0.313,0.678582438,,,1.799367909
2021-04-27 00:00:00.000,JKM,0.06665194927,-0.00836137496,-0.002903155846,0.02047599655,0.8506008025,-2.160921454,-0.1456921619,,,1.866744212,2.932633333,1.745922951,-0.373,0.6330902617,,0.8901188416,4.128378565
2021-04-28 00:00:00.000,JKM,0.0709835107,-0.008901826731,-0.003097544896,0.02093585762,0.8713931265,-2.118857575,-0.2318373878,,,1.866623878,2.964966667,1.735679749,-0.443,0.5816039986,,0.250166516,1.091446206
2021-04-29 00:00:00.000,JKM,0.0860294634,-0.00956029244,-0.004538131834,0.02287779468,0.9432480858,-2.080196018,-0.8794317324,,,2.447822924,3.0596,1.90760019,-0.7504,0.1689251944,,0.7069850736,5.889542933
2021-04-30 00:00:00.000,JKM,0.09449025961,-0.01345444337,-0.004206181297,0.02575457648,0.9873401885,-2.18154705,-0.7201891495,,,3.236191001,3.2072,2.190968748,-0.7289,0.1954419088,,1.004039752,6.568526735
2021-05-04 00:00:00.000,JKM,-0.001898740515,-0.03963649346,-0.006025421591,0.02830780357,0.5223763207,-3.447189167,-1.536985547,,,3.445820046,3.304366667,2.31529805,2.2835,4.083387332,,,11.107151071
2021-05-05 00:00:00.000,JKM,0.00407270923,-0.0403983249,-0.006966822399,0.02965121807,0.5509659639,-3.220792724,-1.897625369,,,3.073904284,3.428633333,2.458227146,2.0332,3.075962105,,0.4204954458,12
2021-05-06 00:00:00.000,JKM,0.00295326421,-0.04214939821,-0.007345220596,0.03158205431,0.544858416,-3.070598597,-1.988389856,,,2.931691113,3.575233333,2.617425161,2.2265,2.922175714,,0.9113822782,12
2021-05-07 00:00:00.000,JKM,0.002186980269,-0.04038518778,-0.007803126675,0.03095718104,0.5412681839,-2.826160923,-2.066912939,,,2.229365384,3.534233333,2.295727501,2.1441,2.543730607,,0.3476573819,2.984804331
2021-05-10 00:00:00.000,JKM,0.006575725708,-0.04289448166,-0.008497249711,0.03419790054,0.5639030326,-2.751497436,-2.273976119,,,2.520028856,3.741733333,2.565802951,2.3058,2.416902011,,,5.56328134
2021-05-11 00:00:00.000,JKM,0.009594913756,-0.04287990194,-0.009643787083,0.03568484484,0.5799751969,-2.542332126,-2.609855666,,,2.364334912,3.8313,2.511388997,2.0608,1.995446697,,0.5365080863,12
2021-05-12 00:00:00.000,JKM,0.0133166519,-0.04409624001,-0.007741154628,0.03556542313,0.5949231821,-2.407153006,-1.76870015,,,1.99747009,4.0587,2.729056762,1.972,1.781061786,,2.890407516,12
2021-05-13 00:00:00.000,JKM,0.01021996637,-0.04719803928,-0.007218772128,0.03712488933,0.5743742827,-2.391041886,-1.51049605,,,1.972232214,4.0396,2.434748851,2.1468,1.82965409,,1.117618629,5.265284666
2021-05-14 00:00:00.000,JKM,0.01652594822,-0.04465037493,-0.008062651739,0.03809169603,0.6031071353,-2.221427423,-1.753782686,,,1.863723714,4.1268,2.396724101,1.972,1.60234941,,0.3560847004,3.250724647
2021-05-17 00:00:00.000,JKM,0.00878111469,-0.04176776386,-0.007663668766,0.03635147973,0.5581035104,-2.092340405,-1.55070755,,,1.419636783,4.051966667,2.039194508,1.9938,1.483007894,,,3.061570822
2021-05-18 00:00:00.000,JKM,-0.002236035196,-0.04355057282,-0.006035640943,0.03441920218,0.4962779964,-2.074788161,-0.954149882,,,1.033265934,3.9038,1.657483177,2.3653,1.682182227,,0.8282089033,6.001040906
2021-05-19 00:00:00.000,JKM,-0.02502476364,-0.03486662322,-0.005509499153,0.03145545359,0.3727271037,-1.71216144,-0.7575172753,,,0.5490900822,3.608833333,1.090204577,2.6056,1.758001563,,0.9161173373,5.399116482
2021-05-20 00:00:00.000,JKM,-0.002236035196,-0.04354027258,-0.005413505677,0.03319927588,0.4913432579,-1.925551842,-0.7092735721,,,0.7206067496,3.860766667,1.467064559,2.4745,1.577105043,,0.7852396434,4.022444945
2021-05-21 00:00:00.000,JKM,-0.002485723216,-0.04940983583,-0.004737231314,0.03432886453,0.4868552968,-2.113403258,-0.4770898013,,,0.8035548747,3.928433333,1.519653715,2.5838,1.589205981,,0.494544838,3.141941311
2021-05-24 00:00:00.000,JKM,-0.003878848999,-0.04345699384,-0.004892531618,0.03359557746,0.4763221151,-1.904093068,-0.5187431006,,,0.6217139791,3.866466667,1.310883794,2.5619,1.455776403,,,1.445130167
2021-05-25 00:00:00.000,JKM,0.0147317008,-0.04723815486,-0.006229999844,0.03950124607,0.573233862,-1.946895335,-0.9427864052,,,1.437975572,4.225166667,1.842307997,2.3394,1.222840378,,0.7574030304,4.067044694
2021-05-26 00:00:00.000,JKM,0.01284155945,-0.04799322003,-0.006166562775,0.03976231675,0.5592283371,-1.928675504,-0.9149283372,,,1.400270335,4.2779,1.824650629,2.3833,1.200648405,,0.2144562807,2.523735811
2021-05-27 00:00:00.000,JKM,0.002469069968,-0.04760212817,-0.004665569037,0.03593234598,0.4995226905,-1.888212143,-0.4153036052,,,0.6781277709,4.126266667,1.48943343,2.642,1.351702293,,0.8032776433,3.036324109
2021-05-28 00:00:00.000,JKM,7.256318454e-06,-0.04702383118,-0.005036732276,0.0362660852,0.4830952024,-1.847250685,-0.5288087595,,,0.6806858693,4.114133333,1.413439551,2.642,1.306020724,,0.2018677771,2.438251788
2021-06-01 00:00:00.000,JKM,-0.002308127971,-0.07476195867,-0.007299251906,0.04197166261,0.4675822756,-2.665206868,-1.233426572,,,1.954268576,4.3951,1.794151319,3.5391,1.931299642,,,12
2021-06-02 00:00:00.000,JKM,-0.002046474364,-0.07550638613,-0.0070701415,0.04279633971,0.4662616236,-2.563834462,-1.124382811,,,2.11442562,4.4291,1.756933503,3.5441,1.823557166,,0.1869396246,8.422577967
2021-06-03 00:00:00.000,JKM,-0.001831666365,-0.0766471486,-0.007759134505,0.04359525516,0.4647261655,-2.467307883,-1.303190513,,,2.183337805,4.5099,1.800172386,3.5947,1.766327187,,0.3012021959,12
2021-06-04 00:00:00.000,JKM,-0.001343994144,-0.0764863192,-0.007372087443,0.0428380731,0.4647358971,-2.370724658,-1.151695615,,,1.764760399,4.473766667,1.654174328,3.5597,1.655629397,,0.3894318948,3.936656921
2021-06-07 00:00:00.000,JKM,0.004722639216,-0.07669307873,-0.008216398277,0.04495143091,0.4956262568,-2.26584878,-1.352469114,,,2.154905009,4.589233333,1.720603679,3.4992,1.487978194,,,3.660501396
2021-06-08 00:00:00.000,JKM,0.0001668770502,-0.08093109394,-0.008168310794,0.04985986851,0.467477378,-2.272533481,-1.286339214,,,3.083819851,5.035033333,2.306737511,4.1044,1.818671928,,1.205678273,8.673991981
2021-06-09 00:00:00.000,JKM,-0.003325783727,-0.08144877815,-0.008674582156,0.05162838851,0.4454027302,-2.171733812,-1.410973823,,,2.885464321,5.1048,2.237157466,4.3222,1.844021857,,0.2997932842,3.559204138
2021-06-10 00:00:00.000,JKM,-0.005713655567,-0.07981058545,-0.009097503465,0.05231540206,0.4296190269,-2.029336302,-1.503247479,,,2.45986507,5.005266667,1.943562776,4.3941,1.795431682,,0.3784314235,11.864603754
2021-06-11 00:00:00.000,JKM,-0.005239940603,-0.0801803755,-0.008373357989,0.05169196668,0.4299761257,-1.95807069,-1.279738873,,,1.957474429,4.9289,1.733771426,4.4026,1.713863943,,0.4797350605,5.179723476
2021-06-14 00:00:00.000,JKM,-0.0009929240654,-0.0799801044,-0.009180305496,0.05243806127,0.4516125495,-1.879347584,-1.475935677,,,1.821425164,5.039433333,1.766325532,4.2379,1.464567365,,,3.412979992
2021-06-15 00:00:00.000,JKM,-0.01330292507,-0.07882177182,-0.008590160818,0.05112757409,0.3796170405,-1.773889443,-1.296414944,,,1.413745108,4.8768,1.445197121,4.5276,1.564485722,,0.3418339748,2.818355755
2021-06-16 00:00:00.000,JKM,-0.01416687342,-0.08023399921,-0.008623391755,0.05256568828,0.3728035721,-1.730133174,-1.286359139,,,1.472623789,4.900833333,1.407978847,4.6032,1.527357178,,0.2279814265,3.274743051
2021-06-17 00:00:00.000,JKM,-0.01625249237,-0.08060160528,-0.008108781392,0.05132982089,0.3590718775,-1.68238231,-1.120868906,,,1.157067146,4.8579,1.29979077,4.6852,1.515737893,,0.252963554,2.227233499
2021-06-18 00:00:00.000,JKM,-0.01043153024,-0.08044812633,-0.0087511962,0.05301544214,0.3906021409,-1.627199024,-1.267028413,,,1.278798649,4.908666667,1.327059949,4.5827,1.397569515,,0.3156005362,2.142734466
2021-06-21 00:00:00.000,JKM,-0.004941447856,-0.08238767847,-0.008572765772,0.05411844507,0.4201795112,-1.615900241,-1.209346959,,,1.335483402,5.069566667,1.465140484,4.5182,1.273334873,,,1.106425411
2021-06-22 00:00:00.000,JKM,0.007052227763,-0.08484392429,-0.00958900036,0.05815740275,0.4871555355,-1.618063418,-1.440630491,,,1.808400515,5.302533333,1.730323665,4.3316,1.106734,,0.4470966374,2.755823084
2021-06-23 00:00:00.000,JKM,0.01420931887,-0.08542438574,-0.009481969655,0.05933841676,0.5259702755,-1.581440103,-1.381496853,,,1.807574034,5.580566667,2.066632425,4.1706,0.9601021837,,0.3552912417,4.832937583
2021-06-24 00:00:00.000,JKM,0.01566109999,-0.08548829098,-0.01033911652,0.0609794229,0.5315764784,-1.537397834,-1.560085625,,,1.906205568,5.6595,2.050325256,4.0875,0.8839348612,,0.4400228646,3.96117849
2021-06-25 00:00:00.000,JKM,0.01834739811,-0.08464731672,-0.01042151772,0.06104676485,0.54436609,-1.474325987,-1.538731902,,,1.697047338,5.6747,1.950120605,3.9727,0.7906754869,,0.2751382501,1.938210715
2021-06-28 00:00:00.000,JKM,0.01872421656,-0.08615841379,-0.0106833981,0.06172899371,0.5342514936,-1.475571803,-1.561484803,,,1.61732866,5.702233333,1.94995228,4.0281,0.7725988423,,,1.852541428
2021-06-29 00:00:00.000,JKM,0.03118269913,-0.08726972143,-0.011903787,0.06595238728,0.5952026026,-1.458763422,-1.824613598,,,2.114797167,5.894366667,2.134717496,3.8421,0.6046925706,,0.6263356137,4.385654084
2021-06-30 00:00:00.000,JKM,0.0399790589,-0.09058864174,-0.01236066136,0.07120751746,0.6354600784,-1.500934115,-1.882280557,,,2.723623509,6.255633333,2.526137556,3.7568,0.512122737,,0.5252802722,2.343662419
2021-07-01 00:00:00.000,JKM,0.05709011658,-0.1040920995,-0.0148177373,0.07527865239,0.7274083763,-1.72093262,-2.466144273,,,2.833201935,6.485,2.626139067,3.56,0.3007520366,,1.392880422,12
2021-07-02 00:00:00.000,JKM,0.05283891399,-0.1019314027,-0.01493769852,0.07441603903,0.6893448002,-1.660619191,-2.48104359,,,2.250070171,6.285733333,2.150304646,3.5794,0.3172075633,,1.094462096,12
2021-07-05 00:00:00.000,JKM,0.03325637183,-0.1050003985,-0.0149675819,0.08295586899,0.5555284335,-1.671662286,-2.454759756,0.0610204989,,2.918561105,6.624833333,2.441457599,4.811,1.577680188,,,4.354445827
2021-07-06 00:00:00.000,JKM,-0.01087614942,-0.09654422308,-0.01470435346,0.07198089337,0.2551504978,-1.491759576,-2.293931024,0.04569428392,,1.315796266,5.757866667,1.206040115,5.8678,2.613429493,,1.56929188,9.202703589
2021-07-07 00:00:00.000,JKM,0.005717076223,-0.09168215607,-0.01408224762,0.06360131565,0.350543662,-1.382976167,-2.092519082,0.04021316452,,0.3512418368,5.373533333,0.6869474954,4.7531,1.264300561,,0.7437347199,3.957025154
2021-07-08 00:00:00.000,JKM,0.04564376813,-0.09285248687,-0.01539359344,0.06726752137,0.6221793261,-1.370259948,-2.365475533,0.03940531222,,0.6759430848,5.6363,0.9960853008,3.2954,-0.2256503294,,0.7855462045,3.77227637
2021-07-09 00:00:00.000,JKM,0.03074726521,-0.1033739776,-0.01585052646,0.08123487657,0.5042964376,-1.50508835,-2.387251844,0.03901614839,,2.089752732,6.594033333,2.143833695,4.7102,1.202055456,,0.6814932751,3.170072488
2021-07-12 00:00:00.000,JKM,0.01290615491,-0.09682975138,-0.01532018578,0.0734700246,0.35589165,-1.365919897,-2.207487786,0.03060203561,,1.044734599,5.963166667,1.210750506,4.9601,1.379776582,,,2.432017957
2021-07-13 00:00:00.000,JKM,0.02151886804,-0.09950888723,-0.01570971678,0.07555225254,0.412094453,-1.375407879,-2.235888106,0.02823079361,,1.15902827,6.157233333,1.38479094,4.6681,1.010627339,,0.220604562,2.172263586
2021-07-14 00:00:00.000,JKM,0.01254391204,-0.09804039941,-0.0150997829,0.07202502608,0.3228413959,-1.321488462,-2.04847967,0.02477407476,,0.7004224508,5.937966667,1.054174639,4.8648,1.189391665,,0.4067259731,2.132581936
2021-07-15 00:00:00.000,JKM,0.01327440744,-0.0988719806,-0.01459920881,0.07105222725,0.3142944804,-1.30449579,-1.900200406,0.02246390962,,0.5250468726,5.937433333,1.027380111,4.8595,1.149915829,,0.2521608677,2.092648053
2021-07-16 00:00:00.000,JKM,0.02263744992,-0.1019672575,-0.01505354127,0.07634690866,0.3914278393,-1.321342357,-1.958077566,0.02182609866,,1.040249322,6.2538,1.378023594,4.7557,1.006095711,,0.2975169296,2.554790663
2021-07-19 00:00:00.000,JKM,0.02832194133,-0.1093036821,-0.0149063295,0.08132709069,0.4442273517,-1.397167238,-1.913450341,0.02507584882,,1.549360278,6.680533333,1.824418868,4.8579,1.058292389,,,1.736575185
2021-07-20 00:00:00.000,JKM,0.02633281968,-0.1077655904,-0.01455203605,0.07976528991,0.4216464229,-1.342664401,-1.837382523,0.02282193948,,1.248141548,6.5452,1.566735757,4.8684,1.03063501,,0.2465842733,1.677987483
2021-07-21 00:00:00.000,JKM,0.03128425659,-0.1082580842,-0.01488226845,0.08166416157,0.4959409391,-1.31806914,-1.86034855,0.02035892283,,1.417197047,6.697366667,1.688494415,4.7249,0.8101889028,,0.3218525838,1.144820612
2021-07-22 00:00:00.000,JKM,0.03067579212,-0.1092059339,-0.0143008277,0.08080758215,0.5101049018,-1.300776638,-1.655753182,0.01931904248,,1.193839539,6.7927,1.729871118,4.7906,0.8773028434,,0.5987734764,4.397384707
2021-07-23 00:00:00.000,JKM,0.02633911383,-0.1041573861,-0.014871879,0.07756643117,0.4234456503,-1.204962134,-1.76211783,0.0177448436,,0.6562660309,6.523033333,1.330567737,4.6818,0.721725778,,0.6785594683,11.833153512
2021-07-26 00:00:00.000,JKM,0.03610105385,-0.1075632208,-0.01508117832,0.08082649425,0.6466651246,-1.226515886,-1.801730038,0.02134276087,,1.069416205,6.8755,1.699765828,4.572,0.492465304,,,0.9574852803
2021-07-27 00:00:00.000,JKM,0.04085209418,-0.1076717186,-0.01522570855,0.08157668464,0.8115911309,-1.202743569,-1.751537794,0.02591154184,,1.121340461,7.024,1.814808878,4.4994,0.3362203539,,0.6539872414,7.67934107
2021-07-28 00:00:00.000,JKM,0.05850876927,-0.1104695087,-0.0162216575,0.08632798521,1.20548091,-1.214925623,-1.903244779,0.03722394942,,1.902675665,7.478866667,2.319659372,4.25,-0.1670401312,,0.921978942,5.154309733
2021-07-29 00:00:00.000,JKM,0.07072683407,-0.114542517,-0.01701065364,0.09163664527,1.510782448,-1.240615859,-2.02509895,0.04172170909,,2.654801529,7.920366667,2.69336524,4.1501,-0.3504554442,,0.6413753963,3.07296568
2021-07-30 00:00:00.000,JKM,0.06097678331,-0.1131409613,-0.0170555529,0.08891539002,1.259008524,-1.195693763,-2.021266417,0.03828223679,,1.774969618,7.794733333,2.315564025,4.1863,-0.2780434051,,0.3609029872,2.768428079
2021-08-02 00:00:00.000,JKM,0.01806601028,-0.1077198934,-0.01856441478,0.09564238556,0.1996214446,-1.099347041,-2.245665312,0.08560476865,,2.543160913,8.041233333,2.439924829,7.0063,5.174783366,,,12
2021-08-03 00:00:00.000,JKM,0.01920854716,-0.1036331472,-0.01867495599,0.09217334671,0.2125136488,-1.028397335,-2.156223549,0.07885733398,,1.6692803,7.726766667,1.917396246,6.6005,3.366403941,,0.3130519525,12
2021-08-04 00:00:00.000,JKM,0.02654420617,-0.1006425383,-0.01965133707,0.09563568652,0.3821072926,-0.9815279771,-2.221486057,0.08011105483,,1.939240209,7.7742,1.866931374,6.2779,2.492204017,,0.477023054,5.364047748
2021-08-05 00:00:00.000,JKM,0.03351960333,-0.09910596451,-0.02119037052,0.09839585771,0.5476007563,-0.9486836978,-2.44812459,0.08262103399,,2.012491208,7.876933333,1.88074334,5.8773,1.762269057,,0.6998385738,12
2021-08-06 00:00:00.000,JKM,0.009290307825,-0.09687553787,-0.02196388988,0.1005469197,-0.1033301683,-0.9116065887,-2.545840146,0.08146413237,,2.093070722,7.7529,1.661660116,7.0836,3.263596819,,0.4936716987,3.156771894
2021-08-09 00:00:00.000,JKM,0.01310296585,-0.0982832739,-0.02192178909,0.1026551911,-0.02388995894,-0.9140354371,-2.474256077,0.07398405109,,2.11762595,7.886566667,1.682422472,7.075,2.814261513,,,2.718374855
2021-08-10 00:00:00.000,JKM,0.02408322563,-0.09797371054,-0.02276132786,0.1047607039,0.2602408641,-0.8966633996,-2.517802491,0.0758808907,,2.040405603,8.116766667,1.825132035,6.759,2.173143612,,0.3863989491,8.763896616
2021-08-11 00:00:00.000,JKM,0.03843148649,-0.09769978193,-0.02327245181,0.1053349059,0.6567273523,-0.8833956074,-2.475422366,0.08305949859,,1.844179195,8.370666667,1.977841433,6.138,1.365300502,,1.093713729,12
2021-08-12 00:00:00.000,JKM,0.03411893109,-0.09524194282,-0.02249523649,0.1003671737,0.5195257613,-0.8449907859,-2.230092761,0.08091085234,,1.167592853,8.155133333,1.662078939,6.23,1.414837651,,1.273849165,3.470751618
2021-08-13 00:00:00.000,JKM,0.03365673105,-0.0936102201,-0.02312190312,0.09791617003,0.4950302943,-0.8168098491,-2.201205409,0.07702547602,,0.8373858984,7.960666667,1.409067953,6,1.13480955,,0.4786220993,3.255742115
2021-08-16 00:00:00.000,JKM,0.04872173709,-0.09526413399,-0.02477301978,0.1054757352,0.9745984704,-0.8306114415,-2.401011892,0.07923009083,,1.547869709,8.468966667,1.824055166,5.625,0.6772388646,,,4.341975573
2021-08-17 00:00:00.000,JKM,0.04134013601,-0.09495308531,-0.02428414935,0.1017464432,0.7354394712,-0.8214372664,-2.231829663,0.06742599111,,1.023831135,8.257366667,1.530516782,5.85,0.8722388457,,0.4377479103,3.297405174
2021-08-18 00:00:00.000,JKM,0.02919602983,-0.09498686586,-0.02307694258,0.09428088352,0.3015666134,-0.8039317533,-2.04833128,0.05675014742,,0.1502839151,7.9326,1.146864451,6.25,1.225029529,,0.8442767921,3.707332575
2021-08-19 00:00:00.000,JKM,-0.00159351204,-0.08699577176,-0.02070199374,0.08095535349,-0.9450122502,-0.7013140942,-1.672199294,0.04703508406,,-1.386047429,6.7301,-0.07869398566,6.85,1.769187615,,1.06015127,5.064700482
2021-08-20 00:00:00.000,JKM,-0.002877922633,-0.08743465392,-0.02167868509,0.08423327813,-1.114451464,-0.7044371192,-1.748265832,0.04087655086,,-1.015863926,6.7796,-0.0280356241,6.875,1.71259225,,1.040249259,2.767073464
2021-08-23 00:00:00.000,JKM,0.006970318131,-0.09153468842,-0.02206429403,0.08749834271,-0.6917832743,-0.7442686586,-1.748249835,0.04447752492,,-0.6918222926,7.2519,0.3651463396,6.575,1.291531338,,,3.004774812
2021-08-24 00:00:00.000,JKM,0.02692168805,-0.09737519889,-0.02247255386,0.0956038883,0.1875395811,-0.8031525688,-1.756628319,0.04121140006,,0.1775267285,8.026,1.184677993,6.4,1.070794373,,0.9895667669,12
2021-08-25 00:00:00.000,JKM,0.02701349903,-0.09914614366,-0.0223230415,0.09652568452,0.1873873098,-0.8137269091,-1.699464,0.03703868469,,0.2194124346,8.151466667,1.272733376,6.475,1.089223668,,0.3116643461,1.918686608
2021-08-26 00:00:00.000,JKM,0.02985248868,-0.1014082552,-0.02204123788,0.09818129945,0.3080613978,-0.831110762,-1.625341076,0.03363050493,,0.3726950755,8.3602,1.465170452,6.475,1.061887088,,0.3778535378,1.915581937
2021-08-27 00:00:00.000,JKM,0.04632403965,-0.1065553842,-0.02238499786,0.1052421815,1.041939008,-0.8765808244,-1.624880995,0.03638078007,,1.353219323,9.1027,2.223810442,6.225,0.8111217053,,0.3651639565,2.286321891
2021-08-31 00:00:00.000,JKM,0.05786052571,-0.1137263243,-0.02249696334,0.1125701412,1.541875522,-0.9438386345,-1.601015718,0.03773722265,,2.276903043,9.959133333,2.930456778,6.125,0.605910522,,,2.189188841
2021-09-01 00:00:00.000,JKM,0.01318082938,-0.08713889579,-0.02270361339,0.1097065358,-0.450843529,-0.638087659,-1.594761773,0.0878472679,,1.575171554,9.698333333,2.352833116,8.752,3.209228557,,0.4708019167,12
2021-09-02 00:00:00.000,JKM,0.02327978125,-0.08892537586,-0.02301241453,0.113271637,0.001119568788,-0.6511666046,-1.601899237,0.08604699063,,1.860506831,10.118166667,2.573768126,8.4455,2.556592192,,0.2919764148,5.467775504
2021-09-03 00:00:00.000,JKM,0.02133609964,-0.08762449708,-0.02356619383,0.1126884017,-0.08259760023,-0.6317937419,-1.63076944,0.08116673432,,1.565809741,10.004333333,2.264867831,8.4885,2.387807917,,0.2069076678,3.358026955
2021-09-06 00:00:00.000,JKM,0.02235634994,-0.08913832113,-0.02437992345,0.1179778909,-0.03230951596,-0.6473266945,-1.690693702,0.07601900852,,2.000807622,10.233433333,2.303723504,8.647,2.26422075,,,3.191277247
2021-09-07 00:00:00.000,JKM,0.03041962501,-0.09187819001,-0.02483808691,0.123266337,0.3260700144,-0.6715955157,-1.717260438,0.07088543226,,2.29213838,10.554433333,2.426052826,8.3865,1.936315843,,0.5001432791,6.16767505
2021-09-08 00:00:00.000,JKM,0.03826438206,-0.08931177806,-0.02611053034,0.1299078186,0.6681172893,-0.6367295981,-1.857869508,0.07023817551,,2.570353784,10.552433333,2.21522375,7.8815,1.420427097,,0.8786584996,12
2021-09-09 00:00:00.000,JKM,0.03238832532,-0.09039970871,-0.02611800731,0.1299990931,0.4021135136,-0.6476800758,-1.869137579,0.06722996981,,2.143273679,10.726433333,2.203027332,8.3962,1.760527033,,0.453860599,4.996932269
2021-09-10 00:00:00.000,JKM,0.03726844182,-0.09382360539,-0.02601163477,0.1322542282,0.6113592442,-0.6850065752,-1.848678949,0.06192055967,,2.018751062,11.1979,2.410036131,8.5225,1.773004371,,0.2567188478,2.167682595
2021-09-13 00:00:00.000,JKM,0.05423707972,-0.09897567515,-0.02619708484,0.1439881841,1.347620437,-0.7332823731,-1.85887248,0.06308842392,,2.55287947,12.285733333,3.023895245,8.27,1.440090938,,,2.682563401
2021-09-14 00:00:00.000,JKM,0.07088747089,-0.1034415357,-0.02643501994,0.1543638151,2.052176372,-0.7746141617,-1.857603823,0.06743794944,,2.732997047,13.4537,3.511595387,7.9417,1.13008756,,0.6745327922,7.199051689
2021-09-15 00:00:00.000,JKM,0.08120013614,-0.1079413581,-0.02661741966,0.1620459191,2.444742714,-0.8146021314,-1.846154573,0.06800866272,,2.628396229,14.436566667,3.641781733,7.8407,1.004329046,,0.3248359622,4.331339731
2021-09-16 00:00:00.000,JKM,0.04659391174,-0.09710661368,-0.02558059137,0.1383658044,0.9196226238,-0.6929800194,-1.697475367,0.05089124591,,1.106561975,11.980633333,1.806210845,8.3205,1.324962408,,0.8910982396,5.115083456
2021-09-17 00:00:00.000,JKM,0.06439574367,-0.1046772392,-0.02576369068,0.1507390642,1.651906189,-0.7649813389,-1.686731459,0.05319635543,,1.550907349,13.366433333,2.44736849,8.2447,1.22933066,,0.4292701268,2.21487208
2021-09-20 00:00:00.000,JKM,0.09377340483,-0.1174673088,-0.02635967771,0.1730182695,2.835505328,-0.8972068005,-1.716666256,0.06425451134,,2.337769444,15.8443,3.45370428,8.1437,1.058475877,,,3.621834326
2021-09-21 00:00:00.000,JKM,0.09044954124,-0.1168388326,-0.02641260459,0.1711866634,2.469516983,-0.8877834977,-1.686270595,0.05916257051,,1.966064308,15.591266667,2.869641162,8.169,1.029275525,,0.210404969,5.540489173
2021-09-22 00:00:00.000,JKM,0.08067824595,-0.1102674489,-0.02595666976,0.1602898013,1.956636706,-0.8119052267,-1.612159447,0.05022748547,,1.329765312,14.562233333,2.144007632,8.0175,0.8715635775,,0.8030061506,2.194496551
2021-09-23 00:00:00.000,JKM,0.07872970304,-0.1059337252,-0.02574807534,0.1523530195,1.827535747,-0.7592942883,-1.560340359,0.05090062919,,0.9027575274,14.1456,1.842805521,7.664,0.5886073112,,1.153841661,3.128000739
2021-09-24 00:00:00.000,JKM,0.08312451061,-0.1007796078,-0.0256399576,0.1468165544,1.942768651,-0.6934325807,-1.519296187,0.06340173319,,0.5899271658,13.982,1.688638127,7.058,0.121768647,,1.129900113,7.657622077
2021-09-27 00:00:00.000,JKM,0.1101246666,-0.09988999832,-0.02901194655,0.1596867678,2.869254744,-0.683854717,-1.80540253,0.07887188254,,1.090573606,15.0914,1.97237275,5.846,-1.061452506,,,5.888809111
2021-09-28 00:00:00.000,JKM,0.1179225773,-0.1043334609,-0.02962163298,0.1660952457,3.065608829,-0.7335640205,-1.836032657,0.07195846539,,1.307826981,15.914966667,2.138487368,5.8965,-1.130776703,,0.3306035091,4.521522894
2021-09-29 00:00:00.000,JKM,0.1403622507,-0.1054661164,-0.0309955078,0.1756157414,3.749513025,-0.7471104375,-1.92293076,0.07877508504,,1.660114642,16.954566667,2.344115545,5.0885,-2.080737049,,0.637716714,4.939909781
2021-09-30 00:00:00.000,JKM,0.1556312461,-0.1073649703,-0.03220600155,0.1867226078,3.845736901,-0.7698175966,-1.989192717,0.08332363847,,2.025088924,17.975733333,2.51757879,4.432,-2.589543025,,0.422607764,4.334613957
2021-10-01 00:00:00.000,JKM,0.01474951411,-0.05580335984,-0.03069136115,0.1868978469,-0.4865636807,-0.1725712227,-1.811129829,0.1531751005,4.509607784,1.822227522,17.633833333,2.21178486,14.1935,6.480371654,,0.3816201231,12
2021-10-04 00:00:00.000,JKM,0.01624147856,-0.05633036323,-0.03150180588,0.1940409149,-0.4373457939,-0.1746252789,-1.846696332,0.1544564781,3.942021307,1.980409056,18.506766667,2.259499696,14.9239,4.861566762,,,6.106656407
2021-10-05 00:00:00.000,JKM,0.00856845052,-0.06981053609,-0.0331331432,0.2475146021,-0.6580587526,-0.3315321409,-1.9506074,0.1622738714,3.792882041,4.260889933,25.3771,4.056110085,22.3638,7.577685516,,2.055186862,12
2021-10-06 00:00:00.000,JKM,0.0299523498,-0.08849595061,-0.0287515765,0.227949314,-0.01346133516,-0.5571501926,-1.537620562,0.1216497124,2.061420747,2.374585896,23.8795,2.991807898,20.6181,4.197373916,,3.48729057,12
2021-10-07 00:00:00.000,JKM,0.02575486361,-0.08774434833,-0.02665402245,0.2030525667,-0.1348702804,-0.5479713616,-1.340831143,0.1129170922,1.700987393,1.218890338,22.019233333,2.259601089,19.532,3.166766825,,0.8418914747,7.074827783
2021-10-08 00:00:00.000,JKM,0.006046486055,-0.07966386776,-0.02569111054,0.1754671508,-0.7251453698,-0.4469270591,-1.241032538,0.1012447996,1.28099072,0.1928866967,18.723166667,1.399525135,18.513,2.554717089,,0.4942823291,3.924363224
2021-10-11 00:00:00.000,JKM,-0.00763561444,-0.0771368857,-0.02620749367,0.1762808486,-1.129320892,-0.4126683841,-1.265213649,0.0942569121,1.034852737,0.155140421,18.1565,1.161268259,19.2725,2.432836631,,,3.087693222
2021-10-12 00:00:00.000,JKM,0.002145039606,-0.07519611257,-0.02746902179,0.1833215536,-0.8125579915,-0.3864985954,-1.345568532,0.08837744863,0.8330458252,0.3451869689,18.917833333,1.26600603,18.6953,2.089825741,,0.2370045191,2.706182129
2021-10-13 00:00:00.000,JKM,0.018795159,-0.08080552214,-0.02797694016,0.2017316377,-0.2905355074,-0.458907016,-1.362473026,0.08771113823,0.8019754161,0.9825876817,21.2554,1.695546177,19.0029,1.99851823,,0.4174932393,2.431919089
2021-10-14 00:00:00.000,JKM,0.03901255726,-0.07780534602,-0.03047734405,0.2128343199,0.3340184677,-0.4184060287,-1.531585537,0.08529529934,0.715831554,1.312845504,22.293666667,1.833563659,17.4637,1.575141155,,0.349656597,2.292190883
2021-10-15 00:00:00.000,JKM,0.003886543281,-0.06754832421,-0.02922814656,0.1809504821,-0.7375335899,-0.2774956814,-1.416769495,0.08636990719,0.7428548912,0.01743160512,18.213166667,0.9262554812,17.6637,1.552734771,,0.9439696606,2.501232824
2021-10-18 00:00:00.000,JKM,0.01021060959,-0.0680382108,-0.03140479821,0.1876546218,-0.5300967774,-0.2805244543,-1.555472567,0.08053055433,0.5476458772,0.2020160556,18.799333333,0.9549527769,17.327,1.35413232,,,0.7065066687
2021-10-19 00:00:00.000,JKM,0.01454118671,-0.06793827861,-0.03200411655,0.1928744794,-0.384090382,-0.2744107588,-1.568001322,0.07634036979,0.4077656646,0.3522574684,19.023066667,0.9584306908,17.2308,1.26603202,,0.3213517073,0.9245502498
2021-10-20 00:00:00.000,JKM,0.02092934336,-0.06990356238,-0.03233024455,0.1967430286,-0.1706331224,-0.2958932767,-1.564328809,0.07244006787,0.278138384,0.473203492,19.7245,1.064948825,17.2308,1.202859529,,0.1559934619,0.7009562998
2021-10-21 00:00:00.000,JKM,0.0005903039464,-0.06630407411,-0.03116985054,0.1826843667,-0.8041219763,-0.2397388002,-1.451017713,0.06822654033,0.138687332,-0.153984269,17.819366667,0.6357101069,17.7118,1.258126494,,0.3297994861,1.517601938
2021-10-22 00:00:00.000,JKM,-0.001222018582,-0.06516278883,-0.03090924898,0.1796984708,-0.8631633244,-0.2177532053,-1.412074482,0.06716903493,0.103052673,-0.3307291825,17.637433333,0.5867293186,17.6637,1.212037111,,0.2366784543,1.042443931
2021-10-25 00:00:00.000,JKM,0.003014376353,-0.06437927981,-0.03134968224,0.1822761502,-0.7255496484,-0.2003187057,-1.42059423,0.0671083781,0.1003945789,-0.2930105984,17.7445,0.5193724081,17.3751,1.054254674,,,1.024340695
2021-10-26 00:00:00.000,JKM,0.0007336790064,-0.0639054257,-0.031877757,0.1828807734,-0.7983893118,-0.1859559127,-1.43855562,0.06520205421,0.03634774231,-0.3773823044,17.542,0.4346695566,17.1827,0.9687445776,,0.2056405284,9.608060121
2021-10-27 00:00:00.000,JKM,-0.003136254841,-0.05986992043,-0.0320057328,0.1809107376,-0.9212778829,-0.120055304,-1.424680388,0.06319569566,-0.03104231486,-0.5627871028,17.0693,0.2833721107,17.1827,0.9225387785,,0.1847582504,3.803325618
2021-10-28 00:00:00.000,JKM,-0.03562843086,-0.05177215026,-0.03023179383,0.1642734852,-1.951858386,0.008418142861,-1.277842593,0.06645142006,0.07881675929,-1.536637661,15.116133333,-0.1989217707,17.6926,0.9962782922,,0.5341413065,3.673374947
2021-10-29 00:00:00.000,JKM,-0.08468613263,-0.0403363276,-0.02976744502,0.1426030671,-3.451677446,0.1878735843,-1.229518694,0.07808932048,0.4727718645,-2.599440838,12.1713,-0.9267240126,17.6926,0.9734626995,,0.4780115727,4.388595039
2021-11-01 00:00:00.000,JKM,-0.08972467891,-0.0161219787,-0.02505793338,0.1195052954,-3.420093829,0.5631088593,-0.8898773188,0.1025027746,1.300676959,-3.227467169,13.1372,-0.7634117543,13.8362,0.1968309169,,,12
2021-11-02 00:00:00.000,JKM,-0.05804830963,-0.0132175379,-0.02578168807,0.120770905,-2.33657627,0.614823526,-0.9316107642,0.101235087,1.237269498,-2.469466925,13.2839,-0.7610849416,12.1842,-0.1320528706,,0.7825767226,12
2021-11-03 00:00:00.000,JKM,-0.02315391824,-0.01155534512,-0.02772991531,0.1391848593,-1.291588025,0.6493449549,-1.063919182,0.1023447387,1.256731284,-1.453147051,14.268466667,-0.5367026298,10.9288,-0.3844700679,,0.4106574833,4.528891692
2021-11-04 00:00:00.000,JKM,-0.05870745345,-0.01249876693,-0.02662870677,0.132773633,-2.26482737,0.6462012398,-0.9754751448,0.09502982828,0.9917042721,-1.626043698,14.295566667,-0.5213956287,13.0318,0.01810917484,,0.3645955674,3.061506199
2021-11-05 00:00:00.000,JKM,-0.05554580614,-0.01132309201,-0.02621758786,0.1325464541,-2.122940659,0.6766791584,-0.9379167084,0.09237216459,0.8910005472,-1.516783176,14.820166667,-0.2478332854,13.3331,0.09461697348,,0.2007247374,3.692468115
2021-11-08 00:00:00.000,JKM,-0.0641864353,-0.01108765442,-0.02701316726,0.1469865715,-2.324215568,0.6856292193,-0.9840199183,0.09522536144,0.9783673491,-0.8383709568,16.6875,0.2675074255,15.8905,0.5581375066,,,2.499147502
2021-11-09 00:00:00.000,JKM,-0.07501582098,-0.01380567816,-0.02498289801,0.1331037829,-2.549799356,0.6519081782,-0.8398384823,0.08112558751,0.4917557465,-1.277313379,15.7642,0.11512306,15.5688,0.4689784174,,0.4561748561,2.859205946
2021-11-10 00:00:00.000,JKM,-0.04414386135,-0.0146725993,-0.02540499161,0.1284387207,-1.675968104,0.6480605076,-0.8586600445,0.07689897879,0.3451164715,-1.324529921,13.8055,-0.2600922852,12.0329,-0.2802969638,,0.387129171,4.260999503
2021-11-11 00:00:00.000,JKM,-0.03146605311,-0.01369472654,-0.02537235341,0.1333715999,-1.327318725,0.6711583544,-0.8489756522,0.07526560275,0.2873815674,-1.030456467,14.684066667,-0.09499790874,12.0831,-0.2668335247,,0.2020184736,3.383099455
2021-11-12 00:00:00.000,JKM,-0.03334655467,-0.0141887157,-0.02521878733,0.1321419876,-1.355670616,0.6709935201,-0.8303598585,0.07255587511,0.1929341542,-0.9825639057,14.582366667,-0.06193775963,12.1836,-0.2683570425,,0.0739598739,2.373661291
2021-11-15 00:00:00.000,JKM,-0.01064419062,-0.0136001067,-0.02540560926,0.1414175226,-0.7650632976,0.6901654367,-0.833501259,0.07528208779,0.2857163647,-0.5690034405,15.924,0.2624057741,11.8823,-0.4797633205,,,2.247792984
2021-11-16 00:00:00.000,JKM,0.03149538985,-0.01196890144,-0.02712492175,0.1651232979,0.2967639601,0.7205859937,-0.9407762592,0.08574603067,0.6460530671,0.384381398,18.2564,0.6406661668,11.0034,-0.6925157012,,0.5159177133,3.653074663
2021-11-17 00:00:00.000,JKM,0.02680283766,-0.01330553698,-0.02646213571,0.1608221448,0.1724978053,0.7048574194,-0.8923865707,0.08112971107,0.4811317711,0.2727760136,17.871466667,0.564543245,11.2043,-0.6701843416,,0.308314726,2.780827881
2021-11-18 00:00:00.000,JKM,0.02017929947,-0.01341525509,-0.02679094555,0.1573721121,2.273884606e-05,0.7119176476,-0.9043710277,0.0772567342,0.3431687658,0.2103484488,17.542033333,0.5065529237,10.9783,-0.706713764,,0.3353159411,2.258951956
2021-11-19 00:00:00.000,JKM,0.003542207773,-0.01344685743,-0.0259787015,0.1491558761,-0.4236199526,0.7165193234,-0.8424678512,0.06867263218,0.04080124627,-0.05779837388,16.494933333,0.363540608,11.4805,-0.6131362586,,0.3306794456,1.724453883
2021-11-22 00:00:00.000,JKM,0.001235596626,-0.01308520086,-0.02567424233,0.1486173823,-0.4831063162,0.7284814077,-0.8141480333,0.06609642586,-0.05002747482,-0.01013282898,16.472133333,0.4295002183,11.6312,-0.7146061299,,,0.9828638683
2021-11-23 00:00:00.000,JKM,0.01980537032,-0.01213187831,-0.02696373909,0.1572865253,-0.01574073878,0.7531155846,-0.8893777102,0.06775936805,0.009016101107,0.5125195669,17.378766667,0.571834412,11.129,-0.8671536353,,0.3069286168,2.06844598
2021-11-24 00:00:00.000,JKM,0.02940122901,-0.01318662068,-0.02718364256,0.1560687793,0.2230988828,0.7438453941,-0.8940972538,0.06609550984,-0.05015164233,0.5553341902,17.2575,0.5450109027,10.7272,-0.9894946474,,0.9165793178,3.035975603
2021-11-25 00:00:00.000,JKM,0.02878396035,-0.01303155622,-0.0274286222,0.1491964217,0.2015718806,0.7547106135,-0.8973620115,0.06434607187,-0.1123807203,0.2706597193,16.792266667,0.4736684991,10.5565,-1.010272794,,0.7360615305,2.159013347
2021-11-26 00:00:00.000,JKM,0.009741622398,-0.01243369208,-0.02650109223,0.1452890159,-0.286302882,0.7727513939,-0.8269889277,0.05964559103,-0.2805083752,0.1399968895,16.5078,0.4495172876,11.0788,-0.8947008504,,0.4169044915,1.698512342
2021-11-29 00:00:00.000,JKM,0.02865227447,-0.0121148538,-0.0267243133,0.1487302541,0.1888071627,0.785627295,-0.8321755022,0.06080826035,-0.2371528605,0.487024604,17.029333333,0.5835637884,10.8277,-1.211852835,,,2.181658991
2021-11-30 00:00:00.000,JKM,0.01575756487,-0.0108671754,-0.02666368537,0.1427119621,-0.1450996906,0.8148787923,-0.8211695917,0.05872409885,-0.3114382389,-0.003504243321,16.2781,0.5046368837,10.9281,-1.299928889,,0.1362762396,2.263339345
2021-12-01 00:00:00.000,JKM,-0.1909715826,0.01191086474,-0.02383208579,0.1336543975,-5.399279446,1.210821776,-0.6396214628,0.1304141066,2.297400979,-0.8657637466,6.417533333,-0.8035122727,17.6283,0.4671507457,,0.7064305459,12
2021-12-02 00:00:00.000,JKM,-0.1946126129,0.01580517244,-0.02387403716,0.130107061,-4.904024685,1.281738324,-0.6403751942,0.1303232067,2.228605235,-1.327403939,6.432666667,-0.7910741652,17.1706,0.3431968291,,0.2834639441,5.197785595
2021-12-03 00:00:00.000,JKM,-0.1771830328,0.01379877327,-0.02455573825,0.1277737011,-4.089299055,1.252028486,-0.6772923239,0.1226500438,1.899822397,-1.449999568,6.628533333,-0.7290470593,15.9891,0.08262137486,,0.3742777798,6.901435276
2021-12-06 00:00:00.000,JKM,-0.1575340568,0.01299912449,-0.02558770927,0.1323959888,-3.426545473,1.24307119,-0.7351252674,0.125852663,1.971201826,-0.9903448432,7.7104,-0.4599336298,13.9798,-0.1545688502,,,4.982970746
2021-12-07 00:00:00.000,JKM,-0.1375607184,0.01304139654,-0.02756658436,0.1458051117,-2.876676969,1.248349655,-0.8493291604,0.1391112388,2.381324445,0.1740759819,8.505966667,-0.3086394259,12.828,-0.3044866699,,0.5483081395,11.962402099
2021-12-08 00:00:00.000,JKM,-0.10344508,0.01152950928,-0.03157930016,0.1812815183,-2.145613552,1.225633352,-1.085517128,0.1664979813,3.228671251,3.260136425,12.458466667,0.2581101184,9.5256,-0.9029454317,,1.714295476,12
2021-12-09 00:00:00.000,JKM,-0.1218359845,0.01137263462,-0.03101586546,0.1837362467,-2.416425057,1.226967962,-1.041168693,0.1518019109,2.600742719,2.72173126,11.896966667,0.1776667849,11.1364,-0.5914891167,,1.028718268,3.601701527
2021-12-10 00:00:00.000,JKM,-0.09630890018,0.009684170179,-0.03282456723,0.2047700423,-1.896692856,1.201461163,-1.14142674,0.1638170772,2.891344863,3.620042452,13.5942,0.4308577401,9.3147,-0.8496076524,,0.4550742022,3.897531791
2021-12-13 00:00:00.000,JKM,-0.1177606292,0.00867873292,-0.03361668203,0.2261400523,-2.220033962,1.18833021,-1.176218232,0.163328228,2.762959591,3.831697826,14.389566667,0.6488085522,12.0857,-0.1781625592,,,3.421441185
2021-12-14 00:00:00.000,JKM,-0.1307921828,0.008694786572,-0.03419031781,0.241985652,-2.375488434,1.193344705,-1.1971216,0.1615698929,2.61131469,3.46756795,15.027433333,0.7851263894,12.2408,-0.1084180678,,0.8398758339,4.310753955
2021-12-15 00:00:00.000,JKM,-0.1625807599,0.01012078615,-0.03345792658,0.2350828913,-2.822424346,1.223776116,-1.155616846,0.1522943575,2.258738221,2.409774947,14.727466667,0.7530034958,15.7273,0.4584182969,,0.649040125,7.439680981
2021-12-16 00:00:00.000,JKM,-0.1420075237,0.01142174512,-0.03485372017,0.243267588,-2.382284643,1.251293314,-1.23383455,0.1547890495,2.271994889,2.272668474,15.8631,0.9115433587,13.3448,0.07309563489,,0.6128392348,6.581186595
2021-12-17 00:00:00.000,JKM,-0.1227830366,0.01083652144,-0.03599456657,0.247963356,-2.008222946,1.240315429,-1.295686779,0.1539670763,2.19120371,2.05750269,16.449866667,0.9998497453,12.1303,-0.09351130742,,0.3873697536,2.45876997
2021-12-20 00:00:00.000,JKM,-0.080585629,0.009447236727,-0.04007831417,0.2767123469,-1.310946193,1.213059587,-1.53854576,0.157098101,2.224869331,2.46231173,18.4676,1.407933531,8.0474,-0.5960347137,,,4.244061517
2021-12-21 00:00:00.000,JKM,0.01184557922,0.009912894832,-0.0490161045,0.427687725,0.1219180473,1.218684868,-2.083318015,0.2412307281,4.442137542,5.244198731,30.608266667,3.227121631,-3.3742,-2.237193592,,3.126918713,12
2021-12-22 00:00:00.000,JKM,0.0226598805,0.006317815918,-0.0505546498,0.4367255728,0.2897930077,1.153549141,-2.191724176,0.2299180266,3.815439649,3.419586486,31.161133333,3.11130821,-4.3044,-2.273588754,,0.480868982,3.864958728
2021-12-23 00:00:00.000,JKM,-0.04325766617,0.008442790958,-0.04005673472,0.3518160701,-0.7204558081,1.1884787,-1.561987342,0.1963840597,2.790850407,1.650433332,26.173433333,2.24549653,3.6545,-1.070032443,,2.360931121,8.732627826
2021-12-24 00:00:00.000,JKM,-0.1145781284,0.01917365365,-0.04317618543,0.2934777733,-1.798745938,1.370956399,-1.763357123,0.156291462,1.764655626,0.8421470926,25.439033333,2.07918373,8.0991,-0.4098310319,,1.06075141,10.933695089
2021-12-27 00:00:00.000,JKM,-0.1145781284,0.01917365365,-0.04317618543,0.2934777733,-1.758034843,1.364512897,-1.766093091,0.1442365955,1.458398033,0.7666096037,25.439033333,2.091363279,8.0991,-0.3110914786,,,4.036747038
2021-12-28 00:00:00.000,JKM,-0.1145781284,0.01917365365,-0.04317618543,0.2934777733,-1.719223046,1.357554161,-1.774379106,0.1334697466,1.19368471,0.6946584565,25.439033333,2.04095411,8.0991,-0.2785957272,,0.101942586,3.05012432
2021-12-29 00:00:00.000,JKM,-0.1117728754,0.009980456427,-0.03638684255,0.2647434934,-1.641844284,1.192910375,-1.329728079,0.1191803937,0.8554995089,0.3148228102,20.342433333,1.347779079,9.7529,-0.03699919868,,1.892403632,12
2021-12-30 00:00:00.000,JKM,-0.1532796609,0.0112485298,-0.03451912302,0.2077477629,-2.211874781,1.20998885,-1.206343534,0.09452759042,0.2853332796,-0.3759111844,15.472433333,0.7309484807,13.319,0.4562926501,,2.672584811,12
2021-12-31 00:00:00.000,JKM,-0.2467058535,0.01300678928,-0.03172017231,0.1663436827,-3.480799196,1.23466056,-1.023842474,0.08345092083,0.02964356188,-0.9066427571,10.839633333,0.1686284213,19.0763,1.260333832,,1.895120891,12
2022-01-03 00:00:00.000,JKM,-0.2467058535,0.01300678928,-0.03172017231,0.1663436827,-3.288726939,1.229379936,-1.022591881,0.08120305503,-0.02231908289,-0.9490744387,10.6168,0.1889300609,19.0763,1.258857057,0.4927889154,,3.943800748
2022-01-04 00:00:00.000,JKM,-0.04095355436,0.01341405846,-0.03149806673,0.1955733005,-0.4426564021,1.230874205,-1.002671137,0.1289912079,1.084322858,-0.6434973241,15.632733333,0.8187500672,0.7026,-1.144140829,0.2861873477,3.029771319,12
2022-01-05 00:00:00.000,JKM,-0.04820002855,0.01203780984,-0.03375984165,0.208452963,-0.5295705903,1.202061825,-1.142325414,0.132175941,1.149052697,-0.5460705554,16.6959,0.9468864242,1.3434,-1.035634392,0.2448186216,0.4865235921,10.544705792
2022-01-06 00:00:00.000,JKM,-0.04507072264,0.01184972557,-0.03414169676,0.2109379803,-0.4805603644,1.194578307,-1.164782766,0.1264838034,1.00743564,-0.574689088,16.9713,0.9704362775,0.8545,-1.086768874,0.266805259,0.1356518082,5.332255692
2022-01-07 00:00:00.000,JKM,-0.0652134281,0.01254818054,-0.03040033848,0.1856913317,-0.7346960361,1.202148479,-0.9193421406,0.1140090542,0.711509164,-0.9398987964,15.285066667,0.7643031947,2.5508,-0.8342212663,0.1854226087,0.3345185305,3.879284837
2022-01-10 00:00:00.000,JKM,-0.06928795048,0.01279436903,-0.03006640383,0.1791905541,-0.7764999214,1.200855657,-0.8929112085,0.1095293821,0.6037928421,-1.029302294,14.857233333,0.7587170997,3.0635,-0.6787838399,0.1646677078,,2.537393812
2022-01-11 00:00:00.000,JKM,-0.05003781442,0.0142345111,-0.02743471653,0.1443576627,-0.5148909725,1.219349297,-0.7219418308,0.1013630458,0.4112011228,-1.45803313,12.8087,0.5166624506,0.4348,-0.9807538564,0.3208636777,0.4956038976,2.865935835
2022-01-12 00:00:00.000,JKM,-0.09990398175,0.01796572999,-0.02431643844,0.1098423146,-1.153835274,1.275399785,-0.5208922601,0.1144087385,0.7131866449,-1.778249073,10.356133333,0.2177297366,3.4702,-0.5805294722,0.2121575019,0.5077198506,6.378902756
2022-01-13 00:00:00.000,JKM,-0.1258089158,0.01960627576,-0.02382011121,0.1030048239,-1.470014438,1.294267121,-0.4891398407,0.117442067,0.7800274799,-1.664001339,9.3678,0.0941433038,4.4159,-0.4573949982,0.44690936,0.3201918457,2.845856243
2022-01-14 00:00:00.000,JKM,-0.1236402781,0.02206567535,-0.02318261188,0.1092813024,-1.414496321,1.31520169,-0.4423782737,0.1070328938,0.5323440075,-1.425240002,10.593766667,0.2552423855,4.3191,-0.4529669554,0.2828074476,0.4691517857,4.041238771
2022-01-17 00:00:00.000,JKM,-0.1100332236,0.01987616049,-0.02251006326,0.1003244782,-1.214479742,1.260259049,-0.3954842023,0.114208741,0.6979577825,-1.388415453,10.179966667,0.2646470313,4.9436,-0.3149463545,0.158625597,,2.480315944
2022-01-18 00:00:00.000,JKM,-0.095860648,0.01336217164,-0.02347017016,0.113443432,-1.012205637,1.139288768,-0.45371845,0.09612024022,0.2698319736,-1.126832606,10.4302,0.316861734,4.5613,-0.3434431368,0.3250630409,0.4839551155,2.334647352
2022-01-19 00:00:00.000,JKM,-0.1188969895,0.01995677142,-0.02277087311,0.09622481621,-1.290867901,1.228885797,-0.4022451489,0.1059661178,0.5006046747,-1.196540337,9.224533333,0.1716266194,5.778,-0.1833726694,0.2263834165,0.2353821127,1.858517851
2022-01-20 00:00:00.000,JKM,-0.09919745004,0.0183921153,-0.02391567988,0.1083823069,-1.018540017,1.191496833,-0.4740070939,0.09996912621,0.3568483075,-1.010421606,10.5628,0.3437681305,4.3965,-0.3552645227,0.1569352945,0.2603022043,1.690650532
2022-01-21 00:00:00.000,JKM,-0.07796273086,0.01616388499,-0.02487036439,0.1252664043,-0.7335465547,1.145076908,-0.5353725461,0.08900084533,0.09573901945,-0.7887697637,11.953633333,0.5312081305,2.9513,-0.5235192047,0.18499153,0.294952784,1.46537266
2022-01-24 00:00:00.000,JKM,-0.01779261355,0.01250477612,-0.02865920237,0.1681553205,0.03992732485,1.083902811,-0.7773312872,0.0866699455,0.04002161977,-0.1015946566,15.2702,1.034053843,-0.766,-0.9304226805,0.3715640127,,3.315815896
2022-01-25 00:00:00.000,JKM,-0.007864196015,0.01186202711,-0.02828928264,0.1676293195,0.1685429921,1.072843651,-0.7489898527,0.08740567701,0.05742648568,-0.02309127546,15.525866667,1.082037083,-1.3052,-0.9706873085,0.2977946077,0.3554628867,2.967279584
2022-01-26 00:00:00.000,JKM,-0.001680411204,0.0104548464,-0.02870133038,0.168207074,0.24923513,1.043720079,-0.7768983604,0.09212454183,0.1701328777,0.09340352654,15.765933333,1.116964469,-2.0554,-1.045658796,0.4042483,0.3127626766,2.193732548
2022-01-27 00:00:00.000,JKM,0.001955953455,0.01009548626,-0.0291642026,0.1649580725,0.2983767201,1.030439048,-0.8070931648,0.09559314754,0.2528070197,0.1697593391,15.764333333,1.104632229,-2.3888,-1.0763385,0.4022955599,0.1361179662,2.08818398
2022-01-28 00:00:00.000,JKM,0.003792886515,0.00949038105,-0.03022896764,0.1543408989,0.3262132768,1.016219117,-0.8669153838,0.1129949215,0.6709830972,0.05069574684,15.033133333,1.004767729,-2.7614,-1.102849368,0.5515811641,0.4892298377,3.052037748
2022-01-31 00:00:00.000,JKM,-0.01973840679,0.01025511001,-0.02914913462,0.1310045242,0.03031842782,1.021571601,-0.7886939155,0.1220870595,0.8871007547,-0.5058617702,12.8791,0.7551673666,-0.6909,-0.7879058233,0.5905425785,,3.111327427
2022-02-01 00:00:00.000,JKM,-0.004191614082,0.01156745462,-0.02294461001,0.1092651519,0.2344695727,1.03410928,-0.371036531,0.1450666477,1.436684993,-1.045067017,11.053466667,0.5001093497,-1.4142,-0.8626823505,0.207438758,0.4555835138,12
2022-02-02 00:00:00.000,JKM,-0.0004121249624,0.010816844,-0.02221699944,0.1105247063,0.289275926,1.014319899,-0.3164681998,0.1468444829,1.46497672,-0.9212106561,11.397166667,0.5400078694,-1.7046,-0.8827130715,0.2861560815,0.3277423732,4.689048284
2022-02-03 00:00:00.000,JKM,-0.003573840232,0.009351456104,-0.02274685998,0.1277877242,0.2538869539,0.9767462899,-0.3514241764,0.1405489036,1.298998543,-0.3690835239,12.7378,0.7170258432,-1.1815,-0.8097272094,0.2860870935,0.3508783395,4.091064441
2022-02-04 00:00:00.000,JKM,-0.003224881273,0.009059047986,-0.022803337,0.1231918537,0.2623039057,0.9549208753,-0.3514883923,0.1496947445,1.506401302,-0.4279635583,12.868766667,0.7296712921,-1.1658,-0.8015721032,0.2576125372,0.4310982193,4.976284313
2022-02-07 00:00:00.000,JKM,-0.001297554294,0.0116159179,-0.02194930334,0.1142496777,0.2872726767,0.9756513984,-0.2872568296,0.1449722707,1.378027092,-0.6575782321,12.3017,0.6713025542,-1.6497,-0.8215616901,0.2789137334,,12
2022-02-08 00:00:00.000,JKM,-0.003080142558,0.009259690095,-0.0206598664,0.1034211693,0.2641705255,0.9220734399,-0.1961245025,0.1419821197,1.294187621,-0.9939566599,11.3332,0.5475489525,-1.1854,-0.7449715394,0.2156231968,0.2622857671,5.925606424
2022-02-09 00:00:00.000,JKM,-0.007624016909,0.01002209739,-0.02044443805,0.09971005325,0.2068995106,0.9189675387,-0.1778097468,0.1396073188,1.226857748,-1.076160741,11.068766667,0.5156559264,-1.0272,-0.7120685376,0.1967354458,0.1317124017,2.209164743
2022-02-10 00:00:00.000,JKM,-0.005154594668,0.01052431323,-0.01926210648,0.09085509969,0.242754505,0.9070146443,-0.09103713929,0.1468859793,1.389357107,-1.332604751,10.7341,0.4673321992,-1.2493,-0.7355643365,0.1866790432,0.634276598,3.171546516
2022-02-11 00:00:00.000,JKM,-0.001913818095,0.01036188227,-0.01946179657,0.09110141761,0.2884116425,0.8807152654,-0.1001465676,0.1507613316,1.467985849,-1.243273855,11.036966667,0.5129983945,-1.579,-0.7702153306,0.2561085181,0.4382441425,2.81853362
2022-02-14 00:00:00.000,JKM,-0.003897707869,0.01029319346,-0.0199576506,0.09331670363,0.2666844229,0.8577727595,-0.1304072635,0.1492550377,1.418098263,-1.11053792,11.3256,0.5985770895,-1.3399,-0.7001084215,0.2172618213,,0.9892007095
2022-02-15 00:00:00.000,JKM,-0.002592358255,0.01180388576,-0.01680140459,0.064068672,0.2899061314,0.8614681935,0.09513117778,0.1570209438,1.586843285,-2.135584453,8.6512,0.2412794072,-1.4289,-0.6957047561,0.2365736222,0.506611708,4.691794724
2022-02-16 00:00:00.000,JKM,0.002558628468,0.00981236976,-0.01803227215,0.07111122184,0.3648823287,0.8173721684,0.01320991403,0.1424990931,1.230868313,-1.659865649,8.867566667,0.283022279,-1.0705,-0.635144924,0.3318539376,0.5825545495,3.212387879
2022-02-17 00:00:00.000,JKM,-0.002684061667,0.01252691044,-0.01891625657,0.09152595316,0.2978946985,0.8356708866,-0.04380433004,0.1176717051,0.6430867146,-0.848506235,11.2034,0.6110427155,-1.6014,-0.7014712265,0.2432258824,0.8593144212,3.469381453
2022-02-18 00:00:00.000,JKM,-0.004514004702,0.0125742761,-0.01931293082,0.08815710128,0.2772351807,0.8146826158,-0.06679211908,0.1134974704,0.542905023,-0.9430423341,10.698233333,0.5424200342,-1.5374,-0.6863096536,0.2307622763,0.341715057,3.000390165
2022-02-21 00:00:00.000,JKM,-0.0002785373732,0.01253862465,-0.0199516884,0.08475694583,0.3357451465,0.7906099259,-0.1068206715,0.1109050245,0.4801451149,-1.000778279,10.0502,0.6031712777,-1.7823,-0.7174444431,0.2915965078,,2.122437444
2022-02-22 00:00:00.000,JKM,-0.0004719192101,0.01197840223,-0.02172419225,0.09216019138,0.3360882277,0.762548759,-0.2301308149,0.1225278941,0.7507993781,-0.6966359077,11.137066667,0.8430017942,-1.8968,-0.7231534393,0.2850607199,0.8328134594,4.125430504
2022-02-23 00:00:00.000,JKM,-0.00252518042,0.01086313658,-0.0217641487,0.09512571077,0.3131692313,0.7327149041,-0.2280189125,0.1394247064,1.143860867,-0.5289749946,12.48,1.138041038,-1.8611,-0.706817089,0.2932316297,0.7291487644,4.383327859
2022-02-24 00:00:00.000,JKM,-0.01797541847,0.007361561647,-0.02299077689,0.1456102815,0.1154300812,0.6730911605,-0.3148160184,0.1028456656,0.2782065688,1.327782915,17.8638,2.074357683,0.8782,-0.334476868,0.4304866982,1.208895477,5.195639168
2022-02-25 00:00:00.000,JKM,-0.01307841874,0.006766527388,-0.02007342754,0.1027810928,0.1857604395,0.655699189,-0.09584634346,0.09851400083,0.1754588201,-0.1593554013,12.746233333,1.1497547,-0.2169,-0.4780871707,0.3588411219,0.5541957387,12
2022-02-28 00:00:00.000,JKM,0.007620445436,0.003206790386,-0.02354575175,0.1276791693,0.4653207125,0.6067005285,-0.3455966569,0.07308545054,-0.4247598023,1.04583522,13.751966667,1.598000508,-1.085,-0.5655422463,0.6572506763,,12
2022-03-01 00:00:00.000,JKM,-0.001635361864,-0.01660760963,-0.0209985722,0.1911937967,0.3495708332,0.3574177153,-0.1555292775,0.1331019513,0.9955381429,4.357398487,20.5115,2.968296493,8.0096,0.6997401118,1.111503961,0.7849536288,12
2022-03-02 00:00:00.000,JKM,0.0004794268387,-0.02888496429,-0.02449403929,0.2998465979,0.3882703718,0.2006278193,-0.4239696306,0.1695429553,1.851284882,7.070258181,30.106233333,4.725449963,13.5037,1.494714123,1.415881181,1.017096697,12
2022-03-03 00:00:00.000,JKM,-0.02050994902,-0.04055583929,-0.0195513671,0.1711365247,0.1179216184,0.051550002,-0.03303037413,0.1206590263,0.6800542388,1.117173677,17.8579,2.139184383,15.4338,1.744753756,1.46881423,1.7286069,11.155981304
2022-03-04 00:00:00.000,JKM,-0.02779453951,-0.1110073079,-0.01871332004,0.2110389402,0.02744959708,-0.830832592,0.03891710337,0.1539890646,1.460907973,1.797634408,14.7326,1.54044807,35.1729,4.447232658,1.533377069,1.087972336,12
2022-03-07 00:00:00.000,JKM,-0.01490507673,-0.1306162097,-0.02525139983,0.1894187461,0.2137027076,-1.069018425,-0.4813996239,0.1750980037,1.942577135,1.215635447,12.701,1.224140118,37.6604,4.538115341,1.540622791,,8.665866254
2022-03-08 00:00:00.000,JKM,-0.03041208969,-0.1225803478,-0.02570525529,0.1784875548,0.01496474251,-0.9656556027,-0.524418648,0.1580443281,1.519799997,0.9311808927,11.623733333,1.045984494,36.0771,4.009621065,1.496166939,0.3786086579,4.593748842
2022-03-09 00:00:00.000,JKM,-0.01785489854,-0.06844656234,-0.02309159325,0.1261857255,0.2044669185,-0.2897081891,-0.3060898749,0.1336591525,0.9406122517,-0.02636069703,12.836166667,1.273104099,22.7662,2.223753879,1.391397408,0.766955676,6.510150578
2022-03-10 00:00:00.000,JKM,-0.04466680629,-0.06673020932,-0.02059887473,0.1110313284,-0.1599583584,-0.2700839581,-0.08939434445,0.1266954924,0.7742201765,-0.3034243456,11.723433333,1.049210059,24.028,2.326905627,1.204307067,0.4273535788,11.637222021
2022-03-11 00:00:00.000,JKM,-0.04789247318,-0.08689972588,-0.02116889191,0.1597884536,-0.1929863557,-0.5226445783,-0.1334844649,0.1202593472,0.6214088412,0.5209726401,11.956966667,1.089847909,25.5669,2.451546521,1.354488447,1.668800409,4.967627149
2022-03-14 00:00:00.000,JKM,0.01459325777,-0.07333973267,-0.02334333758,0.1171721335,0.7218175527,-0.3553978456,-0.3224350289,0.1065801671,0.3010523252,-0.2664416625,11.222633333,0.9868465345,17.0286,1.503055864,1.267857777,,1.337955167
2022-03-15 00:00:00.000,JKM,0.008405629465,-0.07143067094,-0.02318010251,0.1167691605,0.6548766272,-0.3339651705,-0.3074079677,0.1036945015,0.2328984694,-0.2981369932,11.216866667,0.9794682302,17.0286,1.530874673,1.286070276,0.06965081943,1.697161907
2022-03-16 00:00:00.000,JKM,0.006860380969,-0.07766170537,-0.0212223745,0.1201306376,0.6587543007,-0.4159688518,-0.123319028,0.09871500671,0.115878674,-0.2617908555,11.0994,0.9485064227,17.613,1.619543016,1.359019904,0.2974308824,1.82814079
2022-03-17 00:00:00.000,JKM,0.002740782884,-0.07014105151,-0.02245619361,0.115289183,0.6316738104,-0.3233141062,-0.235933481,0.09824811891,0.1046188422,-0.4100849513,11.2473,0.9610374027,17.4565,1.606707616,1.316179249,0.3013034315,2.170741943
2022-03-18 00:00:00.000,JKM,-0.008739423059,-0.01945046047,-0.01838798691,0.103223584,0.4924157117,0.3088630416,0.1601204999,0.07013608619,-0.5560912702,-0.6935077883,10.853966667,0.8873024624,5.4152,0.2149338792,1.532751671,0.8573889056,8.043865016
2022-03-21 00:00:00.000,JKM,-0.01016641685,-0.02046744189,-0.01726718286,0.08169853168,0.4738562448,0.2920630039,0.2756563954,0.08184973,-0.2784133323,-1.122609817,8.958033333,0.5463358902,5.0647,0.2130543325,1.526577647,,1.652780146
2022-03-22 00:00:00.000,JKM,0.004740621956,-0.02035528679,-0.01708821454,0.09071113142,0.7176836118,0.2891635805,0.301351217,0.06957901578,-0.5671493927,-0.9380503534,10.812466667,0.8917964595,4.4883,0.1623275342,1.434469225,0.2105316385,2.921860827
2022-03-23 00:00:00.000,JKM,0.03434954344,-0.02106649369,-0.01724296941,0.1041896096,1.19270424,0.2774502259,0.2942960611,0.07124521187,-0.5257513128,-0.6909692168,13.267766667,1.342911652,1.7117,-0.1547904401,1.220651163,0.2118352974,2.83295344
2022-03-24 00:00:00.000,JKM,-0.003031897679,-0.02354079364,-0.01530193347,0.07385264437,0.5928753286,0.2419332433,0.4935559877,0.09128597492,-0.04927574487,-1.294430111,9.648066667,0.6519206648,5.0654,0.266863212,1.490067001,0.4711026327,2.186477249
2022-03-25 00:00:00.000,JKM,-0.0117813711,-0.01937047283,-0.01509682597,0.0699195059,0.4577223545,0.2919987001,0.5222320332,0.08711642737,-0.1481694562,-1.321837205,9.263233333,0.5823020201,5.5145,0.3220705146,1.479255763,0.1894174901,1.868058144
2022-03-28 00:00:00.000,JKM,-0.003135718966,-0.0171602258,-0.01488871709,0.07704157658,0.600278948,0.3171736507,0.5514986225,0.07408562322,-0.4580533932,-1.075943948,10.3854,0.8542098638,4.6104,0.2360785732,1.438888898,,1.416546654
2022-03-29 00:00:00.000,JKM,-0.0099278198,-0.0116826104,-0.01406881749,0.07635738929,0.4899189547,0.3861568831,0.6417087325,0.07269836445,-0.4897014948,-1.045976408,10.703933333,0.9329033192,4.3728,0.2194398762,1.358138973,0.1897441303,1.753159034
2022-03-30 00:00:00.000,JKM,0.01246656107,-0.01448678527,-0.01764905324,0.09313376123,0.8535592442,0.3454999816,0.2898010055,0.05986391188,-0.7949815194,-0.6858233355,11.8716,1.169919343,2.5847,-0.001233462233,1.091744764,0.4076908061,12
2022-03-31 00:00:00.000,JKM,0.02465149629,-0.01451009204,-0.01362588717,0.1039711724,1.051946944,0.3418651085,0.7065508888,0.0692825235,-0.5661976721,-0.4238535513,14.789666667,1.721782729,1.1787,-0.1710280984,0.774460047,0.4720690609,4.346002862
2022-04-01 00:00:00.000,JKM,-0.0225908446,-0.04300217792,-0.01536880652,0.09504695054,0.2912523544,-0.04733125485,0.5379770465,0.07214163671,-0.4957176209,-0.5791895245,12.8281,1.314261181,12.4404,1.333723484,1.334367447,0.3341190024,12
2022-04-04 00:00:00.000,JKM,-0.01899291392,-0.04344804291,-0.0124250538,0.08385175544,0.3537373804,-0.05865072,0.8509211877,0.07484646711,-0.4291540899,-0.7958522101,12.653,1.301865575,11.1876,1.127653729,0.7127636931,,4.587255339
2022-04-05 00:00:00.000,JKM,-0.003273702525,-0.03648845008,-0.0142668301,0.07447091251,0.6141586213,0.03171394576,0.6702066333,0.07921815375,-0.3226149121,-1.049271946,11.683533333,1.111023928,9.3302,0.8616780867,0.5372476726,0.4295874384,12
2022-04-06 00:00:00.000,JKM,-0.01466040875,-0.03353738106,-0.01475554005,0.06897468061,0.4322026588,0.06706483631,0.6291933095,0.0871886255,-0.1293927961,-1.232931392,11.384,1.048674838,9.4439,0.8580793699,0.5728292628,0.2469333806,6.392598339
2022-04-07 00:00:00.000,JKM,-0.01912670332,-0.03053900603,-0.01418238422,0.06516895435,0.3655617072,0.1029652751,0.6995258314,0.08729086391,-0.1265870549,-1.434851663,11.1179,0.9798972142,9.6521,0.8733308164,0.5883592746,0.08048451578,2.911600669
2022-04-08 00:00:00.000,JKM,-0.02192150989,-0.02453038453,-0.01498980811,0.06276255997,0.3230154435,0.1815408847,0.6241837798,0.09077483629,-0.04177709617,-1.404346209,11.1262,0.9798621557,9.0739,0.7940127109,0.5026447493,0.1793934957,2.914564102
2022-04-11 00:00:00.000,JKM,-0.005143185102,-0.02277741854,-0.01691104841,0.04859005541,0.6014056388,0.2017451638,0.4296028056,0.1119168362,0.4723188048,-1.856766906,8.504033333,0.4800520655,5.3165,0.2678240455,0.4820987057,,4.396319369
2022-04-12 00:00:00.000,JKM,-0.01351402169,-0.02035942469,-0.01776720298,0.0461863564,0.4656176552,0.2321476016,0.3470889148,0.1187815575,0.6380966491,-2.029232372,7.873966667,0.35583816,5.0281,0.2184893378,0.5454161371,0.2220376467,4.758201533
2022-04-13 00:00:00.000,JKM,-0.009839879124,-0.018559453,-0.01606940489,0.03731732238,0.52846061,0.2540580383,0.5399346562,0.1339654782,1.006285421,-2.21693276,7.347966667,0.2501030724,4.4722,0.1340785651,0.5757834543,0.618500535,7.122596752
2022-04-14 00:00:00.000,JKM,-0.002524418061,-0.01711517746,-0.01431605324,0.02361125178,0.6499060374,0.271392351,0.741264185,0.1569927978,1.563033774,-2.564869003,4.796633333,-0.2689264315,1.2269,-0.2985480772,0.6807141627,0.6373605634,3.529028952
2022-04-19 00:00:00.000,JKM,0.004203402372,-0.01541194923,-0.01498262144,0.0248047063,0.7546594214,0.2925507963,0.6784883013,0.148520234,1.343894941,-2.172156889,4.6854,-0.2771240402,0.6771,-0.4081346278,0.5975690187,,2.679604346
2022-04-20 00:00:00.000,JKM,-0.004814532218,-0.01277075343,-0.0131925219,0.01792523998,0.5943938476,0.3282839391,0.8847483572,0.161822804,1.657427263,-2.214262999,4.2509,-0.3627213011,0.6064,-0.4232143221,0.4846991827,0.581168125,12
2022-04-21 00:00:00.000,JKM,0.0210103131,-0.008682752174,-0.01320113334,0.01674795417,1.00770497,0.386960593,0.8823556524,0.165109387,1.7217785,-1.970177811,4.267766667,-0.3638751801,-1.4991,-0.7023260881,0.5473970651,0.5065422146,3.817925702
2022-04-22 00:00:00.000,JKM,-0.01221672832,-0.005219477572,-0.01190938671,0.01378126285,0.4493907847,0.4367712347,1.03163269,0.1620625816,1.632068452,-1.821521787,4.063733333,-0.4039565127,-0.3179,-0.5444981719,0.5219174307,0.3156317086,2.120716732
2022-04-25 00:00:00.000,JKM,-0.02612533451,-0.004342822415,-0.01178860894,0.01368491921,0.2202021445,0.4470688311,1.054248275,0.1533255487,1.408471663,-1.612096732,3.947066667,-0.4163471047,0.7091,-0.4322556399,0.5632581107,,0.8980800715
2022-04-26 00:00:00.000,JKM,-0.01927691383,-0.01103479742,-0.01118190429,0.02093154135,0.3278291985,0.339756123,1.126592738,0.111401932,0.3967372132,-1.218649664,6.421133333,0.1208285733,1.9899,-0.2653668823,0.5606778855,1.111469548,2.261827365
2022-04-27 00:00:00.000,JKM,-0.01638724474,-0.01431285842,-0.0151866078,0.02613157224,0.3700991051,0.2840079861,0.6873993791,0.1033912986,0.2038555368,-0.9318925312,5.909033333,0.01504567439,1.1914,-0.3778569459,0.5911628479,0.6913555046,5.528840268
2022-04-28 00:00:00.000,JKM,-0.04280788987,-0.01160319194,-0.01376304576,0.0226035922,-0.06853040445,0.3240647055,0.8453240512,0.107013609,0.2902746971,-0.9684730562,5.669066667,-0.04429539758,2.0251,-0.2676594425,0.5710638929,0.274895327,2.403227444
2022-04-29 00:00:00.000,JKM,-0.05273372703,-0.01177024076,-0.0124660636,0.02012058478,-0.2356301761,0.3174216068,0.9895994118,0.1094475555,0.3480653987,-0.9625536876,5.633533333,-0.0517798664,2.226,-0.2405744768,0.5847864124,0.3060641259,3.007570686
2022-05-03 00:00:00.000,JKM,0.04462798246,-0.03376000665,-0.01053705671,0.01765050012,1.360220673,-0.04830593856,1.203824951,0.109064314,0.3379118996,-0.9564122783,5.651666667,0.04368944404,-0.4013,-0.5976390023,0.5019314309,,12
2022-05-04 00:00:00.000,JKM,0.03431504648,-0.02980494967,-0.01239675355,0.01960788555,1.17197599,0.01134957935,0.9984845495,0.1039648542,0.2138793535,-0.8091126414,5.793866667,0.09984917081,-0.4358,-0.615044813,0.4778704948,0.3083701611,12
2022-05-05 00:00:00.000,JKM,0.03516305362,-0.03367824065,-0.01242324703,0.02057989545,1.169937076,-0.05881432672,0.9947649581,0.09811925501,0.071870552,-0.7158474962,5.987533333,0.1479897849,-0.3405,-0.6031340042,0.4868932653,0.2509282764,4.659504923
2022-05-06 00:00:00.000,JKM,0.04774807642,-0.02570484163,-0.01192204472,0.0161797312,1.36044457,0.07029778742,1.049043459,0.1108557252,0.3806980359,-0.8534344105,5.033466667,-0.1384148849,-2.1547,-0.8747367331,0.5699967226,0.6156627526,12
2022-05-09 00:00:00.000,JKM,0.04782565259,-0.02693057945,-0.01187348791,0.01636952387,1.355859685,0.04384979237,1.053337679,0.1049487489,0.2360988528,-0.7920824021,4.707966667,-0.21446042,-2.3091,-1.110762972,0.5740988515,,3.740542555
2022-05-10 00:00:00.000,JKM,0.03598806375,-0.02766899407,-0.01366637978,0.01907623022,1.159290574,0.02485928568,0.85954467,0.09529446253,0.0003248843224,-0.5842611769,4.824833333,-0.1747511158,-1.6032,-1.012146869,0.5335845875,0.5536285805,4.019905397
2022-05-11 00:00:00.000,JKM,0.03457410882,-0.02628215179,-0.01542522919,0.02157624875,1.132102984,0.04222090266,0.6696872335,0.09605818711,0.01897331636,-0.3583464003,4.787666667,-0.1798919638,-1.8245,-1.146998796,0.5592847547,0.3811434417,4.961208263
2022-05-12 00:00:00.000,JKM,0.03104648396,-0.01979565513,-0.01704985601,0.02383601646,1.067795978,0.1490203368,0.4956319905,0.09832688512,0.07445628145,-0.09512073255,4.6446,-0.235215426,-2.681,-1.362088146,0.5792545968,0.3559353243,4.093879815
2022-05-13 00:00:00.000,JKM,-0.02163501795,-0.01949241427,-0.01620436098,0.02247899171,0.2258461382,0.1474213855,0.5958499262,0.086618542,-0.2129266452,-0.0762711427,4.4306,-0.3080997639,1.3657,-0.3324044513,0.5406694323,0.8069446585,2.795169659
2022-05-16 00:00:00.000,JKM,-0.0356099456,-0.01556521704,-0.01625288773,0.02210166046,0.009975564209,0.2105834834,0.609269082,0.09245031321,-0.06905602197,0.01852239933,4.5521,-0.2540001068,1.895,-0.1675207767,0.6374630239,,3.293243376
2022-05-17 00:00:00.000,JKM,0.03032223964,-0.0342382628,-0.0143475288,0.02657192212,1.071160505,-0.1332112218,0.8377408808,0.07228452431,-0.5657774492,1.125600068,7.5957,0.8437261233,-1.05,-1.176396007,0.4406695238,1.109497233,12
2022-05-18 00:00:00.000,JKM,0.05251334468,-0.04045742072,-0.01325556854,0.02923894113,1.424886238,-0.2536471866,0.966070447,0.0563838641,-0.9564952942,2.394658733,8.073066667,1.031796412,0.4258,-0.6605390119,0.3625824357,0.7643427809,3.406740882
2022-05-19 00:00:00.000,JKM,0.05591677646,-0.03565928224,-0.01441551824,0.02790908112,1.464464686,-0.1722863905,0.8381193997,0.06245356733,-0.8026006178,1.764492354,7.400733333,0.7687492039,-0.5895,-1.021548944,0.3772890884,0.3646945394,3.32162586
2022-05-20 00:00:00.000,JKM,0.05418856204,-0.03576455493,-0.01417271424,0.02720897419,1.426999104,-0.1815923616,0.8693798854,0.06132745353,-0.827491549,1.486256106,7.3771,0.7533487668,-0.4966,-0.9888299141,0.3856309067,0.1501752293,2.130453654
2022-05-23 00:00:00.000,JKM,0.05589010263,-0.03533179102,-0.01526293666,0.02918150321,1.440597848,-0.1811436006,0.7491859892,0.06207636923,-0.8059004137,1.768058592,7.412466667,0.8330186125,-0.6666,-1.07426189,0.3922173071,,1.845154348
2022-05-24 00:00:00.000,JKM,0.06249237214,-0.03675745673,-0.01575283703,0.03107400148,1.537900995,-0.2158269106,0.697999374,0.06105532924,-0.828237807,1.967102918,7.5491,0.892983132,-0.8989,-1.161168482,0.3815932829,0.150736726,1.836780123
2022-05-25 00:00:00.000,JKM,0.07794473858,-0.03714230176,-0.0135924382,0.02763435652,1.783520814,-0.231129669,0.9462439215,0.05789267958,-0.9034773209,1.056750935,7.592433333,0.9142487848,-1.3634,-1.319602966,0.3736124061,0.6266898631,2.595932543
2022-05-26 00:00:00.000,JKM,0.07128748812,-0.04203074205,-0.01297922189,0.02717146157,1.658604595,-0.3342014287,1.018543035,0.05420476659,-0.9912385366,0.8840143941,7.6911,0.9391407681,-0.9918,-1.190226735,0.3678457586,0.1774811653,1.252316181
2022-05-27 00:00:00.000,JKM,0.07714448585,-0.03838425215,-0.01452669439,0.03223047128,1.736776525,-0.2727176363,0.8458896044,0.05851582235,-0.880200616,1.934938552,8.647166667,1.317146044,-2.1065,-1.578768375,0.3665951481,0.6354909205,4.652992413
2022-05-30 00:00:00.000,JKM,0.09163154664,-0.03630746123,-0.01547771653,0.03487517523,1.95062095,-0.2423977429,0.7411927067,0.06131532072,-0.8074544232,2.277110654,8.513966667,1.346689199,-2.8936,-1.870717559,0.3822842711,,1.983075684
2022-05-31 00:00:00.000,JKM,0.09137250437,-0.03119671624,-0.01590572125,0.03218419774,1.90294978,-0.1510670609,0.6963488841,0.06496798476,-0.7140032865,1.4380979,7.717066667,1.076234687,-3.687,-2.14162046,0.4255598594,0.5187380171,1.893143188
2022-06-01 00:00:00.000,JKM,0.04791004164,-0.03938665353,-0.01730650231,0.03129002426,1.153639873,-0.3283071556,0.5411141337,0.07413967725,-0.4840051826,1.132834773,6.7017,0.6476222134,-0.9806,-1.193329661,0.4299486697,0.5612606876,12
2022-06-06 00:00:00.000,JKM,0.05310721851,-0.04101893892,-0.01772194345,0.03216094015,1.22009876,-0.3727995192,0.5021692481,0.07073354768,-0.567429122,1.195009914,6.823133333,0.8269781856,-1.0358,-1.268320807,0.435280264,,4.551449032
2022-06-07 00:00:00.000,JKM,0.0378953047,-0.0370753386,-0.01670026457,0.02770579715,0.9514320118,-0.3050607296,0.6217199915,0.07473461359,-0.4662006,0.2697506339,6.355866667,0.5905997435,-0.6733,-1.133409695,0.4547593986,0.8256300276,12
2022-06-08 00:00:00.000,JKM,0.03443961083,-0.03591433633,-0.01722067331,0.0278372746,0.8806075853,-0.2946655757,0.5712328968,0.07763430461,-0.3926712513,0.2381799598,6.428066667,0.6772100488,-0.7801,-1.177382967,0.5025405861,0.2668347816,4.544337166
2022-06-09 00:00:00.000,JKM,0.04018540079,-0.04190107328,-0.01771786316,0.0312261309,0.9699473677,-0.4385917336,0.5386184938,0.07111907029,-0.5545255877,0.8640498134,6.7604,0.8678613339,-0.547,-1.076952827,0.4324320382,0.5856486903,3.268392623
2022-06-10 00:00:00.000,JKM,0.01699114694,-0.04172164458,-0.01802331853,0.03073850359,0.5577738964,-0.4496985936,0.5174665521,0.07583861477,-0.4348967942,0.7036468703,6.667433333,0.7875849102,-0.2557,-0.9562761121,0.5061515428,0.4299980207,2.714117028
2022-06-13 00:00:00.000,JKM,0.04283581898,-0.04275107411,-0.01801280755,0.03372773388,0.9982877531,-0.4849040504,0.5281736154,0.06479081604,-0.7107666498,1.464867655,7.098866667,1.022534374,-0.2185,-0.9403341691,0.3618903113,,1.904571854
2022-06-14 00:00:00.000,JKM,0.016717277,-0.05371434656,-0.01837580614,0.04646036531,0.5230409514,-0.7517867878,0.4929107477,0.06251456233,-0.7656632303,5.045304885,9.085,2.204077222,4.0373,0.6808567629,0.1151493985,0.9343769438,3.873443606
2022-06-15 00:00:00.000,JKM,0.005156365452,-0.06592135179,-0.01970397521,0.06541583273,0.3191061492,-1.046298384,0.3354730368,0.08296437275,-0.2495276261,7.105690167,11.884766667,3.863140205,8.1457,2.241326153,0.05982803954,0.6097638768,4.106713295
2022-06-16 00:00:00.000,JKM,-0.01120399453,-0.05581383129,-0.01988044971,0.06555573389,0.03437716715,-0.8250038396,0.318684174,0.08057792279,-0.3090369483,3.739778432,11.044633333,3.154264168,9.4367,2.664784862,0.0966992238,0.4985037144,3.369328146
2022-06-17 00:00:00.000,JKM,2.554166675e-05,-0.06191591429,-0.02079866006,0.07402996525,0.2274128598,-0.9827575265,0.2077989751,0.07946971672,-0.3362826939,3.543769089,10.860466667,2.887533593,9.5754,2.617396791,0.09893470792,0.8726611557,4.298554183
2022-06-20 00:00:00.000,JKM,0.001924839909,-0.0618649572,-0.02087069928,0.07410259262,0.2473718232,-0.9796150732,0.2058031049,0.07860868907,-0.3572659418,2.679230931,10.924333333,2.77651754,9.4216,2.390669932,0.09728519176,,2.107017798
2022-06-21 00:00:00.000,JKM,0.01628082816,-0.06798743445,-0.02206725523,0.07951534535,0.4931886498,-1.120858725,0.06096243691,0.08486014668,-0.1982601172,2.533161362,11.755666667,3.131492447,8.4142,1.948795686,0.1082057325,0.3884637092,2.18422579
2022-06-22 00:00:00.000,JKM,0.01722361967,-0.05983666809,-0.02362097673,0.08152093403,0.497506112,-0.9310414516,-0.129702906,0.08849750138,-0.1056225452,2.218742863,11.8701,3.061530402,6.9425,1.390432406,0.07702669143,0.6387018096,5.390526031
2022-06-23 00:00:00.000,JKM,0.01805240801,-0.06320057084,-0.02522882769,0.08735759016,0.4999649314,-1.018981441,-0.3264454691,0.09281586146,0.004299624768,2.191182057,12.120233333,3.077157018,6.9425,1.366385782,0.09242344645,0.5281146041,3.570236303
2022-06-24 00:00:00.000,JKM,0.01650446084,-0.06664666844,-0.0264512671,0.0953143225,0.4583884148,-1.108416388,-0.4894029921,0.0969482417,0.109486002,2.243180612,12.510166667,3.150457346,7.6922,1.5945859,0.07584007086,0.6370985907,2.882540897
2022-06-27 00:00:00.000,JKM,-0.01304571178,-0.06681690429,-0.02751190099,0.10013749,-0.1665086128,-1.116969621,-0.6308193628,0.1015999083,0.2279148883,2.11593502,12.585466667,3.026211452,11.0861,2.647058115,0.083378154,,2.007131517
2022-06-28 00:00:00.000,JKM,-0.00731732133,-0.06614477281,-0.02724941967,0.09890292522,-0.09797932271,-1.10464136,-0.5852456861,0.09821498818,0.1409322083,1.782459498,12.589266667,2.885877072,10.9421,2.494786776,0.07899433904,0.1800973928,1.864642819
2022-06-29 00:00:00.000,JKM,-0.01397371745,-0.06804753489,-0.02771870257,0.1028054808,-0.2652599685,-1.152996177,-0.6404391357,0.1009388836,0.2103950552,1.724644098,13.333733333,3.113368266,12.3924,2.878884588,0.08158082355,0.641191189,12
2022-06-30 00:00:00.000,JKM,-0.006720378432,-0.08128584236,-0.02813583924,0.1144536314,-0.09802293589,-1.472857982,-0.7058322527,0.1131966404,0.5244330441,1.943987001,15.780633333,4.073551948,13.982,3.274232524,0.06314166295,0.5126089757,12
2022-07-01 00:00:00.000,JKM,0.01391134384,-0.08590164967,-0.03004414835,0.1193828603,0.3948873276,-1.581249529,-0.9571114215,0.1060982657,0.3372778841,1.865705337,15.821766667,3.82563335,14.0135,3.137198661,0.05125895701,0.2728624865,12
2022-07-04 00:00:00.000,JKM,0.03007652815,-0.09098562396,-0.03088551451,0.1224029191,0.7787484185,-1.693728076,-1.055308246,0.1104285645,0.4435157099,1.743251264,18.134466667,4.432574626,14.2847,3.023290154,0.07459973514,,6.98099841
2022-07-05 00:00:00.000,JKM,0.01026384366,-0.09236126052,-0.02828075532,0.1158722271,0.2752537369,-1.715637623,-0.6883681565,0.09695233965,0.08969036289,1.354023982,17.278466667,3.761959514,16.0806,3.38079798,0.05271922986,0.7420243479,12
2022-07-06 00:00:00.000,JKM,0.01040260284,-0.07149005678,-0.03359489466,0.1268869889,0.2678596746,-1.213921766,-1.374410036,0.1104056707,0.4330040318,1.570134608,14.6954,2.635559192,13.4037,2.492605212,0.05941550417,1.022265787,11.498647721
2022-07-07 00:00:00.000,JKM,0.005802801539,-0.06432349224,-0.03419629293,0.1238896544,0.1339631115,-1.044998468,-1.462235832,0.1064383043,0.3239599778,1.338531087,14.156133333,2.366167716,13.7588,2.50614529,0.0814481185,0.6956028959,9.480723244
2022-07-08 00:00:00.000,JKM,0.01497741718,-0.05245435587,-0.03480956494,0.1145351814,0.3565603579,-0.7667430232,-1.557022349,0.1031318992,0.2312826568,0.9384265775,10.789333333,1.168057636,9.2624,1.252807204,0.09674248541,0.448601635,4.166937549
2022-07-11 00:00:00.000,JKM,0.04303788535,-0.04928464604,-0.03557498732,0.1178651311,1.131629961,-0.6956277248,-1.648341489,0.1094593598,0.391376504,0.9799240324,10.401966667,0.9613557031,5.3704,0.1585291144,0.2050244204,,3.724752941
2022-07-12 00:00:00.000,JKM,0.02999563897,-0.05678201684,-0.03412550606,0.1215599537,0.7578898612,-0.8767874525,-1.418450588,0.09800256254,0.08150336015,1.060242348,12.421533333,1.603418146,8.7783,1.046841052,0.1175472473,0.5295258929,7.38122713
2022-07-13 00:00:00.000,JKM,0.01006865004,-0.05867488461,-0.03516205535,0.1294567156,0.1494033541,-0.9237243945,-1.527304921,0.09555503925,0.008784883738,1.358947681,12.965933333,1.748501563,11.0328,1.627816903,0.07679732603,0.4414690305,4.131282549
2022-07-14 00:00:00.000,JKM,0.01707712667,-0.05572317166,-0.03437212195,0.1259534669,0.350866474,-0.854245564,-1.431799549,0.09016422808,-0.1440146404,1.145774527,11.766933333,1.316166558,9.5577,1.20252653,0.0788709758,0.3697903333,2.371895175
2022-07-15 00:00:00.000,JKM,0.0218078125,-0.05105714636,-0.03251716843,0.1111136335,0.497174232,-0.7427344996,-1.181699232,0.08317442267,-0.3414132165,0.3325953288,10.030633333,0.7124437154,7.2894,0.5814103981,0.1076849303,0.5132804272,4.036181376
2022-07-18 00:00:00.000,JKM,0.04210493702,-0.05355755565,-0.03381625368,0.1122787563,1.20113046,-0.7909678166,-1.338378798,0.08652835757,-0.2590073385,0.3143979118,10.737533333,0.8465090629,6.1271,0.2091602677,0.1461066468,,1.615533111
2022-07-19 00:00:00.000,JKM,0.04919482044,-0.05001590822,-0.03570554237,0.1181785968,1.42986535,-0.6948279166,-1.556773349,0.09092509118,-0.1473919368,0.5873831629,10.099566667,0.6046120419,5.2017,-0.06830333771,0.1520362221,0.4604290781,3.174699987
2022-07-20 00:00:00.000,JKM,0.06753879357,-0.04925455308,-0.03817971973,0.1330421802,2.043520913,-0.6678619639,-1.867636863,0.1014777488,0.1365315823,1.517620517,10.489433333,0.7130205102,3.4125,-0.5814867011,0.2181241944,0.4365138258,2.256493442
2022-07-21 00:00:00.000,JKM,0.0665526507,-0.05428448767,-0.03940241844,0.1418149009,1.914126242,-0.7728592501,-2.02862976,0.1048948245,0.2243814119,2.076925001,11.2455,0.9441225051,2.8891,-0.7285603715,0.1933214201,0.3940267758,12
2022-07-22 00:00:00.000,JKM,0.03374033524,-0.05041940963,-0.04125563316,0.1454029384,0.7921961119,-0.674321577,-2.291672439,0.1094655935,0.346380725,2.227133566,10.651533333,0.7125020918,6.2325,0.1951190924,0.1180654944,0.4796722008,4.027277631
2022-07-25 00:00:00.000,JKM,0.04627490482,-0.05132779528,-0.03955707522,0.1424916208,1.187704024,-0.6849497784,-2.090245846,0.1008114565,0.09280641475,1.82554556,11.8294,0.9685063067,4.8244,-0.2805926362,0.1883180295,,2.544673843
2022-07-26 00:00:00.000,JKM,0.07967869817,-0.05493531873,-0.0421506185,0.1579664346,2.231637901,-0.7555382246,-2.420400369,0.1056212865,0.2241549986,2.871574591,13.706833333,1.499582573,1.8111,-1.196464378,0.2660491629,0.583103768,3.52946937
2022-07-27 00:00:00.000,JKM,0.05983087048,-0.06098295035,-0.04072954433,0.1531461727,1.502611658,-0.8780944208,-2.193100752,0.09578555034,-0.06573210282,2.05575358,14.747233333,1.783532932,4.5708,-0.408953173,0.241279081,0.4075413299,3.592361848
2022-07-28 00:00:00.000,JKM,0.04887854525,-0.0508333249,-0.04172702276,0.149080816,1.121271927,-0.6408515173,-2.287321052,0.09644185674,-0.05370236766,1.57008714,12.39,1.039990995,3.64,-0.6940822196,0.2525613084,0.3530974964,2.038093168
2022-07-29 00:00:00.000,JKM,0.04273458071,-0.04071723056,-0.04062458632,0.1314072509,0.9271321013,-0.4139255386,-2.118551874,0.08813867659,-0.2959773299,0.2084064584,9.8978,0.2635903972,2.3952,-1.068110841,0.2399547722,0.8775370839,3.069716193
2022-08-01 00:00:00.000,JKM,0.02427127895,-0.03872103405,-0.04051465585,0.1408429259,0.3486657453,-0.3655468277,-2.076676396,0.09254942913,-0.169095866,0.8303363518,10.483133333,0.3408709425,7.0867,0.32093909,0.1001734902,,12
2022-08-02 00:00:00.000,JKM,0.02254441562,-0.03235776737,-0.04175509281,0.1473340645,0.2890578286,-0.2237228834,-2.184692481,0.09391540645,-0.1309273426,1.218714997,8.8585,-0.1497925592,5.0216,-0.3788581305,0.1127844149,0.2574829055,7.91003514
2022-08-03 00:00:00.000,JKM,0.009477586017,-0.02063994246,-0.04263555989,0.1472408651,-0.1190044263,0.03122858043,-2.282554793,0.1025721335,0.1193345356,1.099654223,6.538866667,-0.8154803767,5.1016,-0.3575494029,0.1518017882,0.4158253828,12
2022-08-04 00:00:00.000,JKM,0.01930677013,-0.02704525064,-0.04495428461,0.1488607441,0.1786352803,-0.1054575451,-2.546567033,0.1061065101,0.219730963,1.113722386,7.614333333,-0.519106489,3.3693,-0.9217396437,0.2337385109,0.7333177849,12
2022-08-05 00:00:00.000,JKM,0.01063092583,-0.02108084048,-0.04516956458,0.1419103811,-0.09452120465,0.02425229226,-2.540870728,0.1085196857,0.286463372,0.5420187541,5.811433333,-1.027374211,3.8633,-0.7572364153,0.2188803119,0.3324906719,4.006718138
2022-08-08 00:00:00.000,JKM,0.008597814574,-0.01837369556,-0.04616167083,0.1430890613,-0.1611924327,0.08335628216,-2.621821671,0.1118485635,0.3798586513,0.5675094485,5.3,-1.1211258,3.3068,-0.9430027951,0.2235818129,,3.341639513
2022-08-09 00:00:00.000,JKM,0.02285114179,-0.01416462272,-0.04699457122,0.1391619212,0.278434939,0.174439244,-2.676244432,0.1185503264,0.5718136465,0.2140222342,4.096633333,-1.413788239,-0.1975,-1.881625976,0.3632366996,0.5879038952,12
2022-08-10 00:00:00.000,JKM,0.02501706537,-0.0155335729,-0.04560466406,0.1297625466,0.3395214486,0.1452636406,-2.450362711,0.1127682473,0.3989859035,-0.5625362766,4.9341,-1.214867231,-0.1275,-1.864956956,0.2975701176,0.9697259422,9.80492005
2022-08-11 00:00:00.000,JKM,0.03309873142,-0.008307540991,-0.0467164064,0.1302772428,0.5854385646,0.3008288736,-2.555065619,0.1213300513,0.6445780253,-0.5690270586,3.0624,-1.658318554,-4.3847,-2.941124166,0.6904277467,0.4369269639,4.935579949
2022-08-12 00:00:00.000,JKM,0.03374373447,-0.008935916233,-0.04398330879,0.1183980237,0.596241927,0.2867613111,-2.189151028,0.1110195367,0.3391771885,-1.498425265,3.331233333,-1.56972547,-3.7266,-2.604755164,0.6845797244,0.5133359401,4.57230155
2022-08-15 00:00:00.000,JKM,0.0524402646,-0.01221057849,-0.04369825183,0.1215011926,1.153376548,0.2159723123,-2.126170997,0.1026030052,0.08901810881,-1.187807075,4.452233333,-1.287241943,-6.22,-2.990843581,0.6376454875,,2.607558572
2022-08-16 00:00:00.000,JKM,0.06047565361,-0.01777193785,-0.04385999644,0.1230632167,1.346052864,0.09647196636,-2.11700078,0.09344214807,-0.1842113649,-1.183865157,6.042666667,-0.9410270027,-5.0143,-2.581901117,0.5415639848,0.3021882454,4.332399247
2022-08-17 00:00:00.000,JKM,0.06047565361,-0.01777193785,-0.04385999644,0.1230632167,1.26673673,0.0972963056,-2.089229519,0.08958596049,-0.3039190691,-1.322893315,6.042666667,-0.9406207134,-5.0143,-2.492734426,0.5396192595,0.1223594502,2.201063951
2022-08-18 00:00:00.000,JKM,0.0633390529,-0.01218002884,-0.03939039693,0.09851008988,1.294391706,0.2222982764,-1.551568207,0.1032360338,0.09242444169,-3.597034584,3.49,-1.493517357,-11.1712,-3.658280768,1.004072457,1.389391517,6.953941262
2022-08-19 00:00:00.000,JKM,0.06644141116,-0.002998443554,-0.04212636434,0.09752087091,1.347546831,0.4242288349,-1.848187318,0.1173096477,0.5046440814,-2.786821402,1.2613,-1.949024365,-12.2365,-3.643803362,1.189309821,0.6613453204,6.452988862
2022-08-22 00:00:00.000,JKM,0.09791279536,-0.006479167491,-0.03841565687,0.08943019871,2.187023097,0.3523232077,-1.408139704,0.1115754399,0.326951839,-2.754158566,2.230666667,-1.705950941,-19.0864,-4.533539522,1.191889416,,5.014851862
2022-08-23 00:00:00.000,JKM,0.06678247474,0.002848816738,-0.03548848598,0.0789382074,1.332303902,0.5618883325,-1.066264092,0.10704005,0.183709685,-2.799575683,-0.7842,-2.287998878,-13.9758,-3.334052808,1.415378469,0.7409863747,3.477342867
2022-08-24 00:00:00.000,JKM,0.1036347452,-0.002559423319,-0.03658814178,0.09099370639,2.292367182,0.4499313375,-1.181917499,0.1023266729,0.03318485667,-1.725753269,1.266233333,-1.827930813,-19.8887,-4.064943963,1.221518661,0.7368676331,3.649348358
2022-08-25 00:00:00.000,JKM,0.12345667,-0.002754121205,-0.03936627825,0.09619659542,2.716428038,0.4538978166,-1.471649208,0.1114003142,0.3032574521,-1.31850622,2.084666667,-1.644822257,-24.7366,-4.493265735,1.110879053,0.4799556383,4.251168141
2022-08-26 00:00:00.000,JKM,0.1523170166,-0.006277947213,-0.04094848456,0.1176361669,3.391195291,0.3817009114,-1.62350093,0.1028340902,0.03226027301,-0.2460143674,3.832266667,-1.289770299,-29.7734,-4.820208162,1.073698684,0.8437530493,4.646141396
2022-08-30 00:00:00.000,JKM,0.08768413426,-0.03018187465,-0.04310598,0.13723292,1.707600343,-0.1620089457,-1.825150865,0.05157336332,-1.551514735,0.7164173169,10.889366667,0.04540773068,-3.0076,-1.123560378,0.3660784113,,4.44554481
2022-08-31 00:00:00.000,JKM,0.04012650641,-0.03773774903,-0.03621167823,0.113150554,0.4343930757,-0.3401392359,-1.050200675,0.05237886906,-1.515910859,-0.4020923319,11.562866667,0.1746113347,6.7258,0.04877906669,0.09284997497,1.296254646,4.611371452
2022-09-01 00:00:00.000,JKM,0.04945085958,-0.03115553537,-0.03526471524,0.142889822,0.6856744568,-0.1847400345,-0.9294179924,0.08274500727,-0.5771140091,1.0341976,15.404433333,0.8987978368,7.545,0.142937673,0.1118968052,0.7094924672,12
2022-09-02 00:00:00.000,JKM,0.05506826538,-0.0125960103,-0.03232355827,0.1309694268,0.835339259,0.2791892226,-0.6113332416,0.09961662841,-0.06147066547,0.4960421325,7.8558,-0.5518040077,0.3326,-0.7234138156,0.24458107,0.7177994078,12
2022-09-05 00:00:00.000,JKM,0.04946095747,-0.01392820915,-0.03688468229,0.14450772,0.6720764385,0.2507452038,-1.077469677,0.09083383992,-0.3345734692,1.211378573,9.306666667,-0.2748133708,1.6164,-0.5597872552,0.2197719388,,4.886925038
2022-09-06 00:00:00.000,JKM,0.05372400353,0.0003353119298,-0.03599547218,0.1199416699,0.7813620986,0.6139767526,-0.9701893584,0.1030998749,0.03936073863,0.02488030017,5.030466667,-1.113715305,-3.3788,-1.150576017,0.6229610946,0.6951264153,4.957559518
2022-09-07 00:00:00.000,JKM,0.08443501082,0.009812708864,-0.03612121621,0.1071278519,1.608492955,0.8651059802,-0.9720062225,0.1195770784,0.542639337,-0.575555565,2.5055,-1.595455649,-9.7945,-1.889569072,1.076116335,0.6366149647,3.770572534
2022-09-08 00:00:00.000,JKM,0.08804597549,0.00597571797,-0.03327259165,0.1005901809,1.624481411,0.7673946434,-0.6634814943,0.1196993006,0.5406930205,-0.8529853065,2.896633333,-1.502220995,-10.0232,-1.876767832,1.065264932,0.4157009474,8.355976846
2022-09-09 00:00:00.000,JKM,0.08717566603,0.005516524241,-0.03309035805,0.09511158897,1.587614132,0.7557997845,-0.6425862097,0.1140591154,0.360427993,-1.070199715,2.373633333,-1.590027581,-9.4857,-1.788695594,1.100915738,0.2700912747,8.950710697
2022-09-12 00:00:00.000,JKM,0.09381851244,0.01008051863,-0.03022967775,0.08435884832,1.772776886,0.8730217861,-0.3557416234,0.1222448336,0.6093560823,-1.551466372,1.750066667,-1.699769125,-9.9779,-1.805010962,1.196400498,,3.133369701
2022-09-13 00:00:00.000,JKM,0.0848769269,-1.401724866e-05,-0.03203786266,0.1152916124,1.511881666,0.618164594,-0.5339682304,0.1137306086,0.3391151625,0.2235827468,3.7056,-1.316616003,-7.5602,-1.501076124,0.9135984098,0.8264068307,6.713321486
2022-09-14 00:00:00.000,JKM,0.07142995865,0.004339555663,-0.03664521705,0.1601283455,1.112987489,0.7466477525,-0.9891824281,0.1258164334,0.7103965549,2.577065495,1.8188,-1.653378246,-7.9148,-1.509144874,1.147489126,0.8552199803,4.715327201
2022-09-15 00:00:00.000,JKM,0.08372957357,0.01030033794,-0.03777205867,0.1522064243,1.425382465,0.906950884,-1.085894326,0.1288745131,0.7999811368,1.80768438,0.08676666667,-1.95129814,-11.4771,-1.871849676,1.367440986,0.2966043829,2.846446061
2022-09-16 00:00:00.000,JKM,0.07676589772,-0.0004901351636,-0.03723704034,0.1430370038,1.224793353,0.6248875697,-1.027182515,0.1101257782,0.2046209298,1.236367768,3.135333333,-1.369847516,-6.8923,-1.354041798,0.9119769651,0.5379440185,10.217378274
2022-09-19 00:00:00.000,JKM,0.03981450117,0.002856127264,-0.03631765121,0.1399447832,0.2127558953,0.7319675941,-0.9230545844,0.1160019738,0.3842531467,1.029591243,1.641,-1.630549729,-2.6116,-0.8857030394,1.05772426,,1.655702353
2022-09-20 00:00:00.000,JKM,0.06174499307,0.001613693848,-0.03879437908,0.1495671975,0.7939013303,0.7003285441,-1.155084286,0.09640220338,-0.243092554,1.330771157,2.134933333,-1.524837787,-5.8047,-1.220907125,1.048864566,0.4290457791,4.517574843
2022-09-21 00:00:00.000,JKM,0.08272922949,0.004244492889,-0.03588709956,0.1287292243,1.347079746,0.772507085,-0.8499509798,0.1056834482,0.04558879402,0.3693185792,1.5727,-1.598982317,-7.8497,-1.414078698,1.198285131,0.4710395794,2.733921641
2022-09-22 00:00:00.000,JKM,0.09007822724,-0.0001581425658,-0.03501633353,0.1244963943,1.521977951,0.6559191412,-0.7574190688,0.101568136,-0.09122510228,0.1300814962,2.434966667,-1.431871082,-7.9108,-1.399046686,1.089089546,0.3365667672,3.402522406
2022-09-23 00:00:00.000,JKM,0.1050802209,0.00202800461,-0.0336934663,0.1191241431,1.864412467,0.7251356692,-0.6301493087,0.1100636837,0.1778081121,-0.1995823725,1.689966667,-1.549882699,-9.8121,-1.588509341,1.206449722,0.220888885,2.06506118
2022-09-26 00:00:00.000,JKM,0.1050802209,0.00202800461,-0.0336934663,0.1191241431,1.848740714,0.7250247902,-0.6300494118,0.1087291051,0.1305074229,-0.2759764528,1.689966667,-1.53082455,-9.8121,-1.568634717,1.216553192,,1.752319756
2022-09-27 00:00:00.000,JKM,0.09481551798,-0.002585605176,-0.03588305179,0.118602148,1.535123611,0.6003436281,-0.8362114211,0.08532857831,-0.6250513019,-0.371384337,3.389,-1.230712365,-9.1776,-1.482607493,1.01503128,0.3527529938,3.733435687
2022-09-28 00:00:00.000,JKM,0.09527064809,-0.002947475627,-0.03508842942,0.1173460306,1.486082,0.5967328791,-0.7586486373,0.09458276936,-0.3280027381,-0.4375290949,2.613,-1.342224295,-8.1007,-1.349139417,1.116044384,0.3561248429,3.680848805
2022-09-29 00:00:00.000,JKM,0.1057362318,-0.000307082589,-0.0325337875,0.09960177329,1.681641351,0.6749559235,-0.5116727188,0.09606103688,-0.2742951872,-1.291924894,1.397666667,-1.525172561,-10.2341,-1.541307398,1.240604019,0.419741953,2.970859969
2022-09-30 00:00:00.000,JKM,0.07162832413,0.006276076624,-0.03195641629,0.09199167399,0.7993524642,0.8567191006,-0.4575688217,0.09792106882,-0.2078089943,-1.595080372,-0.3191,-1.791183884,-8.0374,-1.312416701,1.376520299,0.2511432666,3.645336445
2022-10-03 00:00:00.000,JKM,0.09784539992,0.01304774311,-0.0248891217,0.09041348659,1.458704788,1.041185586,0.1998575426,0.1243509182,0.6628308298,-1.501124037,-0.4469333333,-1.774333212,-7.4411,-1.234652518,1.294600204,,12
2022-10-04 00:00:00.000,JKM,0.09488617576,0.01559722763,-0.02634363175,0.08191458701,1.402762603,1.111992875,0.06304158527,0.1324699713,0.9276202378,-1.733127545,-1.593966667,-1.921593353,-8.5179,-1.324579633,1.453551883,0.8474087259,12
2022-10-05 00:00:00.000,JKM,0.08347584738,0.01316840965,-0.02931592038,0.09316532984,1.099726582,1.046484399,-0.2137407801,0.1183070604,0.4616103027,-1.050750894,-1.2768,-1.837445627,-7.4759,-1.20207284,1.416995962,0.3208008046,9.435953449
2022-10-06 00:00:00.000,JKM,0.1005008542,0.01635891455,-0.02913633199,0.08355183017,1.525880417,1.133416466,-0.1956853522,0.1288979447,0.8045920357,-1.382255671,-3.6568,-2.166887546,-11.6029,-1.572937421,1.612149311,0.3023285797,3.846202163
2022-10-07 00:00:00.000,JKM,0.1114025716,0.02203972241,-0.02575401848,0.06783395009,1.725488122,1.288694343,0.1202356501,0.1474232797,1.402734597,-1.926480028,-5.2212,-2.359189676,-14.2345,-1.806562947,1.707367338,0.4586952089,12
2022-10-10 00:00:00.000,JKM,0.1199213066,0.02254361908,-0.02804742051,0.06872304647,1.870817408,1.301867482,-0.09388269662,0.1389285915,1.114651624,-1.691939939,-5.6627,-2.39417284,-15.5071,-1.896071844,1.722952661,,2.822588594
2022-10-11 00:00:00.000,JKM,0.09728554688,0.02708426935,-0.02746557808,0.06185294273,1.260490343,1.424579999,-0.03969496748,0.1411548427,1.178150476,-1.803146984,-4.729566667,-2.21125592,-13.6275,-1.697553764,1.712805263,0.2294028173,5.344942739
2022-10-12 00:00:00.000,JKM,0.08673923635,0.02170842584,-0.02727991686,0.06007884012,0.9565931964,1.277258584,-0.02352388058,0.133066114,0.9070724931,-1.734083078,-2.226766667,-1.806166317,-10.8438,-1.418301294,1.570093499,0.299252964,2.277448996
2022-10-13 00:00:00.000,JKM,0.09726699649,0.0153695622,-0.02645084161,0.05518475047,1.160818913,1.105376404,0.05292879457,0.1303641659,0.8129578603,-1.696143885,-0.1362666667,-1.477138365,-9.8047,-1.302731367,1.328035513,0.2902739616,2.081424509
2022-10-14 00:00:00.000,JKM,0.1332510247,0.02053847749,-0.0265886136,0.05584876173,1.9212204,1.247257616,0.0382747843,0.1406851563,1.140062282,-1.531386604,-1.006466667,-1.589909108,-13.5153,-1.62733882,1.410011378,0.2442099094,1.963475721
2022-10-17 00:00:00.000,JKM,0.1446495047,0.01388395489,-0.02591442222,0.05039303309,2.101463328,1.066133962,0.09902977676,0.1274234544,0.7027044641,-1.584898309,-1.3425,-1.639347478,-12.698,-1.561953714,1.383319323,,1.411037993
2022-10-18 00:00:00.000,JKM,0.1387303383,0.01358616503,-0.0243423409,0.05353210868,1.909742766,1.058349139,0.2429930139,0.1252080534,0.6249604815,-1.338843847,-1.629466667,-1.667974758,-11.1654,-1.425780618,1.41302058,0.4474336672,4.60252994
2022-10-19 00:00:00.000,JKM,0.222018843,0.01833804977,-0.02494025516,0.0590611163,3.63102457,1.189168279,0.1842720358,0.1536806926,1.541622946,-1.044012363,-3.4046,-1.899290022,-18.4257,-2.05619883,1.52944939,0.5384667648,2.651287613
2022-10-20 00:00:00.000,JKM,0.2330632057,0.02426733572,-0.02712914793,0.06634996256,3.933011719,1.353079746,-0.02100568243,0.160299353,1.742351861,-0.716470014,-4.593333333,-2.024097282,-22.1892,-2.329249471,1.584855128,0.3172153125,2.539440298
2022-10-21 00:00:00.000,JKM,0.2090879879,0.02644378927,-0.02761076645,0.06774896568,3.348152097,1.412521173,-0.06695429616,0.1536427295,1.510866396,-0.5893622101,-3.797266667,-1.88508155,-20.3365,-2.124998504,1.570056659,0.689072477,6.937852496
2022-10-24 00:00:00.000,JKM,0.3006682017,0.02390577079,-0.02638213827,0.07141977463,5.278584986,1.338089974,0.04480865829,0.1879490939,2.604161375,-0.3634670206,-3.122366667,-1.753532937,-22.7941,-2.389600797,1.494387293,,3.265442641
2022-10-25 00:00:00.000,JKM,0.3009293297,0.02331163818,-0.02835107886,0.0728061306,4.721764294,1.318167158,-0.1386770901,0.1886944028,2.588069959,-0.2258623878,-3.9062,-1.827334673,-23.344,-2.447052926,1.54022111,0.4921260717,3.733634108
2022-10-26 00:00:00.000,JKM,0.2497622727,0.02153323097,-0.0287841682,0.0707998446,3.380606984,1.269375056,-0.1790889092,0.1667007457,1.852102883,-0.239871433,-4.350766667,-1.851393726,-21.3615,-2.297548851,1.574160595,0.4758701732,4.109763141
2022-10-27 00:00:00.000,JKM,0.2267396971,0.02616401192,-0.02835478126,0.06700224769,2.806752694,1.398812276,-0.139848338,0.1674970526,1.856962195,-0.3631223634,-5.4332,-1.943206864,-21.4352,-2.238593991,1.643711549,0.1774957022,2.165904341
2022-10-28 00:00:00.000,JKM,0.233964356,0.02417145067,-0.02881390384,0.06786715204,2.815294868,1.346295882,-0.1811766923,0.1657972297,1.783317175,-0.2150375684,-5.8019,-1.94913697,-22.4246,-2.280725469,1.65640723,0.1867672347,2.266847543
2022-10-31 00:00:00.000,JKM,0.2265212692,0.02547108291,-0.02725358397,0.05905900755,2.582664046,1.384499187,-0.03628439155,0.1478764872,1.207560341,-0.8227183228,-6.644966667,-2.003300007,-19.3594,-1.982531977,1.681124032,,2.649320135
2022-11-01 00:00:00.000,JKM,0.02770272094,0.01660094324,-0.0202209703,0.03986153674,-0.6357802139,1.139684136,0.6115968686,0.09440896431,-0.4581758075,-2.403796564,-5.896966667,-1.872951991,-6.3244,-0.8706683098,1.814767323,0.5233443438,12
2022-11-02 00:00:00.000,JKM,0.05100402245,0.01466898163,-0.02346785653,0.05069254235,-0.2687563758,1.086422291,0.3094603947,0.07955571456,-0.9183167246,-1.232392358,-6.663466667,-1.914750223,-8.7787,-1.05748407,1.743618092,0.5472608901,12
2022-11-03 00:00:00.000,JKM,0.01169997775,0.01694789791,-0.0229674326,0.0508478836,-0.9036905427,1.150358708,0.3541709566,0.06865350127,-1.253124992,-1.114924335,-5.0081,-1.693824618,-4.653,-0.7095790804,1.746720624,0.5280363556,4.151857932
2022-11-04 00:00:00.000,JKM,0.01759324637,0.02718302884,-0.02230392501,0.04381706221,-0.8231863748,1.437544853,0.4136673383,0.06557739866,-1.341379294,-1.814847534,-2.998666667,-1.457613562,-4.6138,-0.7103546587,1.463384755,0.4107654765,5.468585406
2022-11-07 00:00:00.000,JKM,0.07359679368,0.02310672025,-0.02141954647,0.03977171194,0.07356785127,1.325679658,0.4939586012,0.05724011752,-1.593458341,-2.1497302,-4.9988,-1.651715348,-9.4519,-1.120945543,1.632223444,,4.065530442
2022-11-08 00:00:00.000,JKM,0.06154950978,0.01508453735,-0.01994430951,0.03644751563,-0.1215945708,1.101478918,0.6268265535,0.06787976309,-1.259436842,-2.177020727,-3.0884,-1.426133284,-6.8579,-0.9143229261,1.548855299,0.4570012775,12
2022-11-09 00:00:00.000,JKM,0.04819800022,0.01947324825,-0.01902726144,0.03498630492,-0.3355898185,1.225327812,0.7068843207,0.05870169108,-1.538759415,-2.009962166,-2.667033333,-1.359499999,-5.9236,-0.8427238803,1.515502769,0.3838344357,4.537535257
2022-11-10 00:00:00.000,JKM,0.05286859959,0.01659243447,-0.01766934916,0.02997425715,-0.2601406605,1.145015145,0.8245235791,0.05988669446,-1.497368553,-2.162797578,-3.028233333,-1.377148892,-5.6868,-0.8127089769,1.548441662,0.304590834,2.57808497
2022-11-11 00:00:00.000,JKM,0.05665160457,0.01525887718,-0.01677849538,0.02912350464,-0.1993170545,1.107970632,0.899688598,0.04948465331,-1.809573819,-1.919797071,-2.8957,-1.356041905,-5.4766,-0.7927818042,1.530311255,0.6092936658,4.109088282
2022-11-14 00:00:00.000,JKM,0.07133801153,0.01513068189,-0.02208333997,0.0384636446,0.03592838542,1.10514057,0.4114372158,0.04880377371,-1.815953926,-1.031239001,-5.378866667,-1.604892244,-9.6493,-1.170540055,1.71191428,,2.059460108
2022-11-15 00:00:00.000,JKM,0.04682281583,0.01519229298,-0.02139398682,0.03703076371,-0.3545660765,1.107728935,0.4707410629,0.05126980664,-1.728257011,-1.048700318,-4.689933333,-1.514499428,-7.1408,-0.9724982233,1.754723473,0.470790339,3.173675783
2022-11-16 00:00:00.000,JKM,-0.04779025166,0.01687198574,-0.01599323115,0.02409478833,-1.860812195,1.156708829,0.9503852672,0.07692326652,-0.946228979,-1.841581079,-2.038366667,-1.213498711,0.53,-0.3537632052,1.588829281,0.9683205258,4.200722952
2022-11-17 00:00:00.000,JKM,0.03380680707,0.01239039299,-0.01827573609,0.02967152541,-0.5345959284,1.021366343,0.7388764466,0.05444536817,-1.625160926,-1.278492164,-3.753966667,-1.373129011,-5.3051,-0.8209763459,1.737138876,0.6253691244,2.395450538
2022-11-18 00:00:00.000,JKM,-0.02733197985,0.01683559186,-0.01769952606,0.02991269856,-1.48801373,1.113570305,0.7819644078,0.06366458421,-1.343404954,-1.143589074,-1.936633333,-1.176913857,-0.6825,-0.4435349444,1.573156887,0.3622651299,2.006055772
2022-11-21 00:00:00.000,JKM,0.003205437961,0.01855285508,-0.01798409438,0.03097009325,-0.9839049957,1.12786413,0.7496995789,0.05260672253,-1.674209867,-0.9761417287,-2.7241,-1.249986291,-3.5971,-0.7161597448,1.668912561,,1.166220782
2022-11-22 00:00:00.000,JKM,0.02846337746,0.01392446011,-0.02075822453,0.04351672539,-0.5821698736,1.012217661,0.4985355557,0.04587391415,-1.870394913,-0.1191141243,-4.496833333,-1.421333186,-6.2343,-0.9393595229,1.742534191,0.644576216,3.189902244
2022-11-23 00:00:00.000,JKM,0.04613286781,0.01232525672,-0.02369164757,0.05288668987,-0.3041447133,0.9776663778,0.2406500163,0.04339886266,-1.935577942,0.577098878,-4.4084,-1.390982426,-7.6104,-1.057848251,1.67682938,0.4465907502,1.339254423
2022-11-24 00:00:00.000,JKM,0.03124091057,0.01176535576,-0.02203260776,0.04748568658,-0.5364451817,0.9659813479,0.3837667753,0.04345827409,-1.925591548,0.3106404228,-3.762066667,-1.30356768,-6.1551,-0.9276417012,1.649917885,0.1870096205,1.485545431
2022-11-25 00:00:00.000,JKM,0.04067171722,0.01222770209,-0.021893368,0.0507214692,-0.3895876635,0.9757052718,0.3933188318,0.04581229564,-1.847157143,0.6981567545,-4.357,-1.359433031,-6.9471,-0.9851222974,1.647981808,0.2103685599,3.014867502
2022-11-28 00:00:00.000,JKM,0.03558870786,0.0127753902,-0.02552651632,0.06620575325,-0.4685308075,0.9684577581,0.07608140887,0.03364931976,-2.20086245,2.223013491,-3.6442,-1.279154963,-6.7392,-0.9967448119,1.607918202,,1.804906593
2022-11-29 00:00:00.000,JKM,-0.01055521998,0.01249535484,-0.0266109484,0.06829585046,-1.18869931,0.9505537712,-0.01726640971,0.04516266946,-1.832956296,2.458895999,-2.6146,-1.163672727,-2.9704,-0.6951195339,1.635335198,0.2993371878,2.804586026
2022-11-30 00:00:00.000,JKM,0.02755204707,0.01179035414,-0.02869734391,0.07523941529,-0.5864696194,0.8967186514,-0.1974451321,0.05238152447,-1.60208938,2.81995672,-3.853433333,-1.277631607,-6.138,-0.9622536174,1.629043764,0.3258239792,6.126452983
2022-12-01 00:00:00.000,JKM,-0.04864790662,0.01297696502,-0.02278235496,0.0685281379,-1.767346619,0.9195726019,0.3180699566,0.09240508993,-0.4246791007,1.8033402,14.009233333,0.5599216787,-0.4154,-0.4853939732,1.421520504,0.3852853069,12
2022-12-02 00:00:00.000,JKM,0.007042538352,0.01231038763,-0.02471903767,0.07268169606,-0.8904412784,0.8762810035,0.1484298943,0.08233233568,-0.7134072417,1.906489867,14.3713,0.5930869275,-6.495,-0.9770157681,1.685652131,0.4947350817,8.280075952
2022-12-05 00:00:00.000,JKM,0.005284478512,0.01181909449,-0.02471903767,0.07152031652,-0.9219564977,0.8458981687,0.1472341655,0.08091557914,-0.7485644772,1.628664765,14.2557,0.5963914749,-6.1482,-0.9480776479,1.654689196,,4.535636504
2022-12-06 00:00:00.000,JKM,-0.004858842398,0.01209907771,-0.02482668669,0.07446866506,-1.079187091,0.8435419692,0.135063592,0.08763232272,-0.5462294082,1.630503361,14.957766667,0.6791159626,-5.1742,-0.8647559291,1.675792475,0.1711358992,4.867390573
2022-12-07 00:00:00.000,JKM,0.01877737398,0.01091617285,-0.02690045343,0.08989504732,-0.7142687801,0.7953996544,-0.04614878433,0.0932859328,-0.3747936385,2.305597524,17.033766667,0.9093911764,-8.1694,-1.122411346,1.639263941,0.3845790472,4.30749753
2022-12-08 00:00:00.000,JKM,0.003134004609,0.01220671499,-0.02639245356,0.07559509116,-0.9551148317,0.8042234416,-0.004392548938,0.0794048217,-0.7774200412,1.242078357,15.7038,0.7685884215,-5.8974,-0.9149270741,1.779300416,0.2835250974,12
2022-12-09 00:00:00.000,JKM,-0.008833927073,0.01580029202,-0.02647151739,0.07724907105,-1.135449747,0.8758704813,-0.01359708882,0.09530177596,-0.300809744,1.206393925,14.9707,0.6849636872,-4.8928,-0.8224500718,1.590443374,0.5222220202,12
2022-12-12 00:00:00.000,JKM,-0.0009866202286,0.01609434816,-0.02613637322,0.07378420142,-1.008388626,0.865025132,0.01247167977,0.08834641917,-0.501495383,0.9267478641,14.662433333,0.6598769917,-6.4396,-0.9775961345,1.667102047,,3.099242622
2022-12-13 00:00:00.000,JKM,-0.02290532523,0.01374715995,-0.02656666485,0.07737753765,-1.33871764,0.7826572456,-0.02686859551,0.09572655021,-0.2753708541,1.024253658,14.718,0.6736136849,-3.6962,-0.7301223633,1.40019201,0.1951842456,3.323906573
2022-12-14 00:00:00.000,JKM,-0.04531267465,0.01437942816,-0.02575954125,0.07288214302,-1.676773623,0.7890162218,0.03963031522,0.09575108002,-0.2687963496,0.7044689649,13.6237,0.5587167282,-1.0284,-0.4936043765,1.157398645,0.2560202609,3.295843065
2022-12-15 00:00:00.000,JKM,-0.02676322848,0.01327364183,-0.02653487514,0.0789286127,-1.380027228,0.7538468373,-0.03107536808,0.09432417291,-0.3059394847,0.9441908384,14.205866667,0.6293969564,-1.3011,-0.5093856739,1.057553748,0.1739604267,12
2022-12-16 00:00:00.000,JKM,-0.06427953434,0.01530685747,-0.02766834087,0.07735190515,-1.942222332,0.7940908182,-0.1357917072,0.08571507261,-0.5603264892,0.7907325214,11.630833333,0.333776399,2.3451,-0.1751266994,0.6812278733,0.8741711872,5.972497949
2022-12-19 00:00:00.000,JKM,0.04241427505,0.009831828541,-0.02429202757,0.06181886071,-0.3198964454,0.6416483247,0.1541500527,0.05823579229,-1.421763686,-0.225173381,10.609033333,0.2242748119,-7.2397,-1.083184885,1.259133576,,3.624432977
2022-12-20 00:00:00.000,JKM,0.0447046602,0.01484637812,-0.02500207039,0.06494814345,-0.2897786018,0.7680278638,0.08285128079,0.06065026134,-1.362624507,-0.1456580097,11.0338,0.2777912509,-8.5208,-1.22621634,1.254719938,0.1260530225,3.417419686
2022-12-21 00:00:00.000,JKM,0.01071690913,0.01624207452,-0.02494603855,0.05680178591,-0.8009955654,0.7872697533,0.08378197101,0.05320020375,-1.608840869,-1.019930174,8.8233,0.01780737672,-5.7073,-0.9688734435,1.155523511,0.5308499372,4.899173674
2022-12-22 00:00:00.000,JKM,0.0541700329,0.01402641409,-0.02321075078,0.04603795497,-0.1500793223,0.7266282241,0.2357056227,0.05353474759,-1.586301428,-2.218222551,8.207266667,-0.04922561711,-8.3923,-1.221135338,1.325848982,0.4697309341,2.463951313
2022-12-23 00:00:00.000,JKM,0.04590019268,0.01341898435,-0.01878794167,0.03209939878,-0.280184496,0.7065050881,0.6371955304,0.05330756145,-1.580166404,-3.320226892,6.143666667,-0.2981448346,-6.9105,-1.065322983,1.359936292,0.7556631827,2.923400624
2022-12-28 00:00:00.000,JKM,0.09106721852,0.01377555801,-0.01759671827,0.0302775825,0.3944499796,0.7127684553,0.7653932532,0.05778002163,-1.419604923,-2.931598238,6.0617,-0.332543172,-9.7374,-1.554043583,1.402329805,,2.071612673
2022-12-29 00:00:00.000,JKM,0.09751334639,0.01267463883,-0.01834877633,0.03154545381,0.4828705436,0.6825146458,0.6871217261,0.05876014348,-1.375158794,-2.389640441,6.1579,-0.3160050871,-9.9876,-1.563452624,1.416331901,0.1399664941,2.434426765
2022-12-30 00:00:00.000,JKM,0.1156385786,0.01211864771,-0.01692693956,0.02872477351,0.7492296643,0.6625983489,0.8165924669,0.05711471703,-1.418833041,-2.187866871,5.693866667,-0.3775647256,-10.2113,-1.57245306,1.530172944,0.4148937029,2.160470448
2023-01-03 00:00:00.000,JKM,-0.02866110673,0.01517538441,-0.01359182373,0.02130536864,-1.436901692,0.7409955016,1.127239239,0.06739434952,-1.078931655,-2.273657499,4.226166667,-0.6127745198,-1.0351,-0.5719825993,0.2878778291,,10.0332162
2023-01-04 00:00:00.000,JKM,-0.04447218981,0.0186981118,-0.01054523909,0.01428936696,-1.661026419,0.8281205523,1.403222973,0.0737898731,-0.8694277087,-2.274959873,3.1112,-0.7535694243,0.3354,-0.4141093354,0.2912581387,0.4780614734,12
2023-01-05 00:00:00.000,JKM,-0.008394979813,0.01572269923,-0.01174676356,0.01907956843,-1.102507924,0.7476731255,1.259995954,0.06113945682,-1.270255477,-1.724346027,4.547566667,-0.5621636507,-1.8545,-0.65114695,0.2501732285,0.5248915054,12
2023-01-06 00:00:00.000,JKM,-0.01248985432,0.01558213607,-0.01323261855,0.02267877633,-1.155764692,0.7385976127,1.126141998,0.05462294089,-1.469587426,-1.377536096,4.884366667,-0.5210610927,-1.9783,-0.6593581343,0.2028655509,0.6611101163,6.851049183
2023-01-09 00:00:00.000,JKM,-0.006308322397,0.01424169124,-0.01281271729,0.02198554725,-1.052209149,0.7007752515,1.169841609,0.05953385749,-1.298610274,-1.269682858,5.3434,-0.479556142,-2.654,-0.7428794559,0.3351004246,,4.517477004
2023-01-10 00:00:00.000,JKM,-0.004281032279,0.01680174096,-0.01136606668,0.01839263916,-1.011109147,0.763485445,1.310141937,0.05393363084,-1.467171194,-1.290881186,4.969366667,-0.5323492331,-3.1515,-0.7941391776,0.3516911444,0.172057311,2.605531106
2023-01-11 00:00:00.000,JKM,-0.02341087215,0.01962967391,-0.01089992886,0.01562883189,-1.277387143,0.8320910904,1.329248587,0.0596558229,-1.271770322,-1.299750125,4.0208,-0.6575912399,-1.7892,-0.6479815813,0.2313515214,0.1760522409,3.127755121
2023-01-12 00:00:00.000,JKM,-0.03321597273,0.0178268342,-0.01037288278,0.01666309804,-1.400116189,0.7813717727,1.368526605,0.05941145431,-1.270224828,-1.138382692,4.199566667,-0.6261120716,-0.768,-0.5343722304,0.2735918505,0.2711719349,2.549158388
2023-01-13 00:00:00.000,JKM,-0.04202327301,0.02216844896,-0.009442173477,0.01708949545,-1.508575281,0.8889613483,1.456249935,0.05819344419,-1.29845061,-1.022627665,4.657866667,-0.565934151,-0.9263,-0.555150636,0.2786912923,0.6320732596,4.516603304
2023-01-16 00:00:00.000,JKM,-0.05930526085,0.02258618213,-0.008287709114,0.01854332818,-1.730785256,0.897700397,1.561687053,0.06935781329,-0.9346737283,-0.8723230599,4.656266667,-0.5869802863,0.7077,-0.4040632333,0.321985437,,3.923940456
2023-01-17 00:00:00.000,JKM,-0.04073072754,0.02238077466,-0.01055554837,0.02177605502,-1.431992807,0.8870551486,1.345700343,0.05972159757,-1.232577331,-0.6540023569,4.972433333,-0.5459035288,-0.2219,-0.4997243326,0.2997953902,0.4377409008,3.943634903
2023-01-18 00:00:00.000,JKM,-0.02629162404,0.02251348902,-0.01312078994,0.02353272453,-1.206434871,0.8860332391,1.085643363,0.05240941403,-1.452849063,-0.4993365038,5.098533333,-0.5254482927,-1.3205,-0.6075473547,0.2496646754,0.5909530028,12
2023-01-19 00:00:00.000,JKM,-0.01488289336,0.02348360988,-0.01339338228,0.02257397268,-1.032112227,0.9013015153,1.035254419,0.05069390058,-1.495158861,-0.4781231112,5.0386,-0.5262738795,-2.4376,-0.7168673842,0.2247153861,0.2272211097,2.078062794
2023-01-20 00:00:00.000,JKM,0.01141547104,0.02297951452,-0.01676027118,0.02865555549,-0.6573620869,0.8807978611,0.7199340513,0.04723837362,-1.589762069,-0.01246502124,5.449533333,-0.468085543,-4.5347,-0.9357350723,0.5101531202,0.513769453,2.561046197
2023-01-23 00:00:00.000,JKM,-0.002330384913,0.02452747914,-0.01626220986,0.02693069092,-0.8453031072,0.9159138343,0.7636040096,0.05135602961,-1.447470418,-0.02517567853,5.061833333,-0.5436359341,-3.3695,-0.8172029853,0.3411835018,,1.955723144
2023-01-24 00:00:00.000,JKM,-0.01380738849,0.02471471384,-0.01411449653,0.02294101647,-0.9991217432,0.9198854159,0.95407727,0.05429193893,-1.346257069,-0.2454184927,4.721866667,-0.5959837887,-2.4596,-0.7193471372,0.2393987918,0.3439741462,1.845601792
2023-01-25 00:00:00.000,JKM,-0.01714444679,0.02618137987,-0.01305268719,0.02183725506,-1.04012896,0.954036787,1.040088461,0.05509444891,-1.31304402,-0.2742175181,4.706466667,-0.6001338821,-2.4014,-0.7106748202,0.2498117338,0.2363172589,1.747912517
2023-01-26 00:00:00.000,JKM,-0.01478292855,0.02940783697,-0.01194226039,0.01821062694,-1.000133187,1.033942798,1.132580492,0.05501590913,-1.307300903,-0.8500338243,4.563333333,-0.6135971793,-2.917,-0.7580111994,0.2542650651,0.3026106482,1.707738017
2023-01-27 00:00:00.000,JKM,-0.01469280307,0.03129203201,-0.01172821502,0.01622001581,-0.9935950858,1.069669055,1.145527297,0.05342083586,-1.347305963,-1.188100339,4.516866667,-0.621221945,-3.5559,-0.8255806484,0.2575771294,0.3070165164,2.085687042
2023-01-30 00:00:00.000,JKM,-0.01198477367,0.03192202753,-0.01235013972,0.01623365359,-0.9517601795,1.080005377,1.083748519,0.05205038832,-1.379206338,-1.099800506,4.338166667,-0.6730713651,-3.6511,-0.8370456501,0.264326998,,0.8753378091
2023-01-31 00:00:00.000,JKM,-0.0006834827644,0.02905743987,-0.01278042394,0.01642559118,-0.7912390698,1.000591602,1.038878316,0.04827916455,-1.482043458,-1.011083977,4.197433333,-0.6869484191,-3.7783,-0.8475731821,0.3166555032,0.2380018556,1.330133679
2023-02-01 00:00:00.000,JKM,0.005517628516,0.02416200323,-0.01100773973,0.01675569391,-0.702623294,0.8708289267,1.201262572,0.05021996963,-1.409623478,-0.862422979,4.135366667,-0.6889850708,-2.9712,-0.7569983687,0.4040471838,0.1580838519,12
2023-02-02 00:00:00.000,JKM,0.00825048686,0.02532639097,-0.01220885628,0.01671276471,-0.6612885881,0.9002081595,1.088334206,0.0531280252,-1.310536731,-0.8055585367,3.869833333,-0.727079066,-3.5599,-0.8129768656,0.4271955282,0.7207343734,12
2023-02-03 00:00:00.000,JKM,0.01200677337,0.02403540036,-0.0126726138,0.0173391959,-0.60657932,0.8687494846,1.013464298,0.05203684383,-1.334121512,-0.6987783075,3.8952,-0.7247038827,-3.7092,-0.8308285113,0.4596139374,0.1161213937,5.348783845
2023-02-06 00:00:00.000,JKM,0.01535200443,0.0261219183,-0.01201096534,0.0161386043,-0.5558419566,0.928273154,1.043498234,0.05278192527,-1.301035716,-0.9879707237,3.854066667,-0.7121869726,-3.8752,-0.868734998,0.4661477994,,3.261025744
2023-02-07 00:00:00.000,JKM,0.01202080813,0.02877182237,-0.01120545502,0.01503102121,-0.595066189,1.003712018,1.111763147,0.05573090443,-1.20225437,-1.190995872,3.7067,-0.7220088312,-3.7994,-0.8621078887,0.4375699658,0.19728844,5.342958792
2023-02-08 00:00:00.000,JKM,0.03034100244,0.02979382758,-0.01031109684,0.01473029298,-0.341569955,1.037234551,1.17843801,0.0541968098,-1.240350832,-1.15868202,3.954966667,-0.6670434608,-4.8122,-0.9714877295,0.5109144928,0.2904047256,7.903410836
2023-02-09 00:00:00.000,JKM,0.01483698935,0.03059660878,-0.01050539707,0.01455689948,-0.5468058654,1.049769697,1.148577161,0.05309651709,-1.26468288,-1.123719725,3.906133333,-0.6673178809,-4.1432,-0.8870777925,0.4517249357,0.3096034663,2.051634107
2023-02-10 00:00:00.000,JKM,0.01649658994,0.02905533254,-0.01017350151,0.01406562035,-0.5180308372,0.9979589094,1.167371845,0.05238428144,-1.276770863,-1.217955566,3.8008,-0.6832635872,-4.0236,-0.8727024535,0.4615713866,0.1069445057,2.231490248
2023-02-13 00:00:00.000,JKM,0.01375479323,0.03203494811,-0.008942608244,0.01266618554,-0.5460017157,1.07058527,1.255961935,0.05523098609,-1.1806864,-1.491537291,3.7328,-0.6560452385,-4.1204,-0.8866439636,0.5088410297,,3.707124657
2023-02-14 00:00:00.000,JKM,0.020079746,0.03326122273,-0.00855493631,0.01274047646,-0.4543095835,1.105429241,1.267171643,0.05166166173,-1.282651129,-1.357214485,3.833333333,-0.6239975855,-4.3825,-0.9086018751,0.5099405975,0.2417589438,3.023985889
2023-02-15 00:00:00.000,JKM,0.02276516854,0.03131125782,-0.008911487913,0.01324226402,-0.4092267024,1.056279059,1.213123356,0.05077250668,-1.301524532,-1.13023288,3.826866667,-0.6099097856,-4.3882,-0.8982104524,0.5003654928,0.1954121382,2.51143863
2023-02-16 00:00:00.000,JKM,0.004230186033,0.03005990986,-0.009581891305,0.01497471923,-0.6497127048,1.025378484,1.152010412,0.05555763246,-1.146275869,-0.6511688833,3.948833333,-0.5827432815,-3.3304,-0.7684197325,0.4782447191,0.5860417865,4.270731265
2023-02-17 00:00:00.000,JKM,-0.01991729429,0.03368856447,-0.007315754451,0.01137439684,-0.9652912861,1.136763616,1.329657284,0.05855003343,-1.045316452,-1.385258958,3.453366667,-0.6598984308,-2.471,-0.667222482,0.5127545674,0.7383462253,4.145793404
2023-02-20 00:00:00.000,JKM,-0.01330179645,0.03237292115,-0.007853810824,0.0121140742,-0.8607237158,1.090414989,1.277008166,0.05919839004,-1.017011961,-1.090641365,3.5947,-0.6080389529,-2.5041,-0.6846179979,0.5865321368,,1.980336663
2023-02-21 00:00:00.000,JKM,-0.01719209585,0.03427307159,-0.007482027216,0.01295539837,-0.904719719,1.155375267,1.300393793,0.06171150862,-0.9314156659,-0.8745636335,3.924566667,-0.5452574087,-2.9981,-0.7506724314,0.5879423868,0.2763879147,12
2023-02-22 00:00:00.000,JKM,-0.01711123186,0.03426090612,-0.007946004494,0.01264750121,-0.8930765515,1.157588522,1.25344682,0.06000224158,-0.9772683988,-1.003650329,3.775966667,-0.5635537127,-2.9874,-0.7507556282,0.6125528729,0.2389783563,3.630877771
2023-02-23 00:00:00.000,JKM,-0.01192428577,0.03637793473,-0.00886857207,0.01196973639,-0.812406947,1.210028791,1.168723363,0.05882989811,-1.005779113,-1.271886993,3.6434,-0.5837963769,-3.3584,-0.7871694044,0.6316570169,0.5053999723,9.346368739
2023-02-24 00:00:00.000,JKM,0.002696086386,0.03294234144,-0.0102521395,0.014694861,-0.607502815,1.090923927,1.053144089,0.06038792285,-0.9500506097,0.03534179626,3.8566,-0.541033007,-3.91,-0.8489068017,0.5493817293,0.665253377,2.808189109
2023-02-27 00:00:00.000,JKM,-0.01224773635,0.03778447514,-0.008157922174,0.01082043048,-0.8007597292,1.228276945,1.216607187,0.05984120758,-0.9603118796,-1.988506385,3.330866667,-0.6315189333,-3.1598,-0.7602726529,0.6619976875,,2.040424008
2023-02-28 00:00:00.000,JKM,-0.01761715458,0.03759393794,-0.007231928247,0.0103183961,-0.8604047134,1.21035361,1.27685829,0.06033131462,-0.9387946954,-1.996226323,3.517766667,-0.5856025835,-3.0521,-0.7507200645,0.6769277509,0.2970111958,2.538080738
2023-03-01 00:00:00.000,JKM,0.01792474084,0.01639438082,-0.009988440478,0.0143029724,-0.3734162515,0.5414215711,1.040537306,0.06970858967,-0.6468915242,0.1869842173,3.776566667,-0.5229515716,-1.1202,-0.5194910545,0.6572075512,0.5478109847,12
2023-03-02 00:00:00.000,JKM,0.001941030725,0.01723639301,-0.0100599792,0.0139979108,-0.5791830916,0.5592874644,1.017957199,0.07116976606,-0.5956154253,0.09144562029,3.586033333,-0.5553535337,-0.4458,-0.4299406817,0.5840744988,0.3641197677,9.420807051
2023-03-03 00:00:00.000,JKM,-0.006241093689,0.01966677631,-0.01093180066,0.01499984214,-0.678377568,0.6277189748,0.9400530521,0.07905806043,-0.3434833641,0.7049277853,3.460333333,-0.5791099618,-0.3117,-0.4123680278,0.5447917014,0.4219721802,4.014900773
2023-03-06 00:00:00.000,JKM,-0.009451812036,0.02115022072,-0.008446589258,0.01253869605,-0.7106139048,0.6668128103,1.126114401,0.07503218598,-0.4650044134,-0.6051617909,3.3272,-0.6004643697,-0.222,-0.3899690121,0.4947427081,,3.448020991
2023-03-07 00:00:00.000,JKM,-0.003391202237,0.018593576,-0.009113835614,0.0135860969,-0.6198720463,0.5763252913,1.071831901,0.07442663179,-0.4778336401,0.13603706,3.369533333,-0.5874339947,-0.2902,-0.3930649604,0.529973245,0.2899838471,3.313981362
2023-03-08 00:00:00.000,JKM,-0.01120123623,0.01905336564,-0.008522397783,0.01310288274,-0.7139501045,0.582918074,1.111952048,0.07495014223,-0.4551797613,-0.106457938,3.2849,-0.6004740553,0.0702,-0.3451829961,0.4942937041,0.2361182995,4.572056632
2023-03-09 00:00:00.000,JKM,0.0100402542,0.01723662838,-0.008049135435,0.01219324259,-0.4209530415,0.5145707603,1.145782199,0.06182421707,-0.8732615417,-0.7138132197,3.4016,-0.5721884471,-0.7578,-0.440776697,0.596645044,1.024670308,5.937465037
2023-03-10 00:00:00.000,JKM,0.01258883843,0.01590186475,-0.01340518312,0.01965405059,-0.3834913166,0.4613505472,0.7314437242,0.0601938249,-0.9192571664,4.998871384,3.946666667,-0.4581032785,-0.9175,-0.45148563,0.6245241532,1.453462183,12
2023-03-13 00:00:00.000,JKM,0.01022897432,0.01406124736,-0.01237463679,0.0159715245,-0.4092767708,0.3898967416,0.8065688242,0.06414193352,-0.7837891526,1.386112581,3.051966667,-0.6371358341,-0.5434,-0.3989420839,0.6457514092,,5.894167643
2023-03-14 00:00:00.000,JKM,0.0179086882,0.0106403689,-0.01094231337,0.01509530841,-0.2994489837,0.2622793696,0.8996149256,0.0675211693,-0.6674732258,0.8517061209,2.9722,-0.6502450127,-0.6156,-0.4009007352,0.6814745901,0.3471464018,6.032016527
2023-03-15 00:00:00.000,JKM,0.0219438088,0.01168848225,-0.01101730309,0.01512472375,-0.2381900972,0.2882669049,0.8752780078,0.07425017796,-0.4436770817,0.798430519,2.8675,-0.6691204315,-0.8433,-0.4224483181,0.6632540268,0.249210525,2.470937081
2023-03-16 00:00:00.000,JKM,0.03369102439,0.01425523107,-0.0112271952,0.01503844999,-0.07285226072,0.3695802507,0.8541465382,0.0703778069,-0.5657910355,0.6932629978,2.884933333,-0.6616871668,-1.5501,-0.5062000012,0.6957374746,0.4534165232,2.76412995
2023-03-17 00:00:00.000,JKM,0.01588038095,0.01551324736,-0.01028045194,0.01379354012,-0.3036396998,0.4069164434,0.9217895068,0.06811341248,-0.6354864641,0.04985873949,2.816966667,-0.6776700684,-0.8159,-0.4012678197,0.6384642181,0.2176835343,1.92286423
2023-03-20 00:00:00.000,JKM,0.02801154107,0.01462946298,-0.008843364472,0.0128635968,-0.1326439161,0.3651049497,1.028509567,0.07000950794,-0.5696832433,-0.3716680107,2.744566667,-0.6908839695,-1.1051,-0.430615621,0.6433685159,,2.47356497
2023-03-21 00:00:00.000,JKM,0.01513089978,0.01597715872,-0.01025018343,0.0141150971,-0.298700434,0.4105894262,0.9151684116,0.06403414906,-0.7636720938,0.2041613966,2.857733333,-0.6644140855,-1.0417,-0.4137208171,0.6566178087,0.2102328857,4.515615087
2023-03-22 00:00:00.000,JKM,0.01620459828,0.01812612235,-0.009756279572,0.01320739334,-0.2749910078,0.4905295862,0.9423118749,0.06476766164,-0.7367575064,-0.2986364278,2.747766667,-0.6828394845,-1.2474,-0.4376015323,0.6302947562,0.2837083132,1.700076065
2023-03-23 00:00:00.000,JKM,0.01297229237,0.01630835492,-0.01086926922,0.01476490223,-0.3125808929,0.4061927769,0.8540939098,0.06022219284,-0.8832002834,0.4823104746,2.927233333,-0.639307735,-0.8715,-0.3748648085,0.6009154848,0.202985071,1.874993328
2023-03-24 00:00:00.000,JKM,0.01649692725,0.01774522131,-0.01032615154,0.01422410953,-0.2560865401,0.4586466418,0.8866763667,0.06260421829,-0.8037523977,0.1584784499,2.8144,-0.6681246698,-1.092,-0.39743377,0.6095571366,0.1301004199,1.287766784
2023-03-27 00:00:00.000,JKM,0.01007077446,0.01835458049,-0.009715398482,0.013036588,-0.3350810882,0.4764770301,0.9289048794,0.05732756351,-0.9697527521,-0.5122886372,2.786033333,-0.6735066671,-0.9533,-0.3798102318,0.6082636615,,1.150344946
2023-03-28 00:00:00.000,JKM,0.009322634152,0.01977751603,-0.009722363328,0.01306151847,-0.3374055903,0.5319554474,0.9269776568,0.05435755466,-1.060023761,-0.4569605421,2.8502,-0.65919185,-1.0735,-0.3937843443,0.6061050793,0.2601865784,1.508254796
2023-03-29 00:00:00.000,JKM,0.007422100859,0.01876474585,-0.009462608005,0.01319581142,-0.3539711321,0.4789444845,0.9423670024,0.0522379776,-1.123821284,-0.473010281,2.922833333,-0.6387910051,-0.9703,-0.3772806881,0.6001889393,0.1200021545,1.704183156
2023-03-30 00:00:00.000,JKM,0.01028789028,0.02081854041,-0.01008053873,0.01438166081,-0.3044003622,0.5674828274,0.8912834766,0.0533096858,-1.08441138,0.1233876992,3.051633333,-0.6053627457,-1.2917,-0.4209795838,0.594290715,0.2334866869,2.523998297
2023-03-31 00:00:00.000,JKM,0.007061263546,0.020242416,-0.01025639056,0.01383635951,-0.3380039,0.5331883977,0.8726338926,0.04719659306,-1.279117622,-0.2196492384,3.216386667,-0.5724161103,-1.22354,-0.3998667077,0.599180226,0.205201622,3.171481975
2023-04-03 00:00:00.000,JKM,0.06855110284,0.00133926914,-0.01513722371,0.02209481115,0.5206683979,-0.4018431416,0.5160015399,0.07998250894,-0.2222122785,4.940308241,3.467,-0.5115469048,-3.8775,-0.8262403533,0.4863602094,,12
2023-04-04 00:00:00.000,JKM,0.06104481219,0.003078995842,-0.01561769954,0.02321873609,0.4196574027,-0.3384660517,0.4817819548,0.08833106414,0.0443729063,3.694843847,3.276533333,-0.5536451663,-3.5744,-0.7815474847,0.4838167736,0.2400671725,10.567006086
2023-04-05 00:00:00.000,JKM,0.04917479143,0.001067977781,-0.01373877415,0.02026736654,0.2603947917,-0.4658185045,0.6225803946,0.08048215088,-0.2090462679,1.760377995,3.204633333,-0.567534002,-2.8474,-0.6711679099,0.4763212922,0.2714433201,12
2023-04-06 00:00:00.000,JKM,0.05307494722,0.004856267862,-0.01296125491,0.01956460069,0.3269391129,-0.2953300015,0.6784188858,0.0834207119,-0.1149711211,1.332684527,3.028266667,-0.605463299,-3.3012,-0.7393998092,0.4827313889,0.2669317769,6.916558638
2023-04-11 00:00:00.000,JKM,0.06407404246,0.007363374935,-0.01257571674,0.01973742456,0.4966872587,-0.183650498,0.7027126751,0.08172671141,-0.1688161368,1.256713001,3.0996,-0.599168529,-4.3087,-0.9241804395,0.5172570126,,3.292832691
2023-04-12 00:00:00.000,JKM,0.04963268279,0.01091771659,-0.01306212466,0.02085946326,0.3041264819,-0.006771066251,0.6626080115,0.0833071233,-0.1174167132,1.484345308,3.092733333,-0.5985845184,-4.2513,-0.9185193374,0.5480770094,0.1187931703,5.014621956
2023-04-13 00:00:00.000,JKM,0.04991717624,0.01034626426,-0.0131712823,0.02090714017,0.3396991813,-0.06245147967,0.6543127154,0.08266998615,-0.1368989538,1.447287262,3.057766667,-0.6033002007,-4.1992,-0.9064302066,0.544112217,0.1211919157,3.03885886
2023-04-14 00:00:00.000,JKM,0.04917233167,0.008796154647,-0.01260655558,0.02074532399,0.365619019,-0.1873787135,0.6944358734,0.08087639517,-0.1909338442,1.26703029,3.1167,-0.5936136582,-4.0955,-0.8862646154,0.5207396165,0.08310727195,7.036169007
2023-04-17 00:00:00.000,JKM,0.03315221038,0.01003566118,-0.01253764267,0.01979449857,0.1450519411,-0.1366863137,0.692771635,0.07632446606,-0.3329404588,0.8892112679,3.030533333,-0.626780635,-3.4291,-0.8172466202,0.5504204105,,1.849266187
2023-04-18 00:00:00.000,JKM,0.04443230194,0.008561995316,-0.01220325974,0.01961945544,0.3931748218,-0.260058848,0.7127697683,0.07198125048,-0.4673917619,0.768973069,3.1197,-0.608697465,-3.9086,-0.9003197021,0.5478353892,0.1616600189,1.536277963
2023-04-19 00:00:00.000,JKM,0.02100611011,0.009526114318,-0.01129591009,0.01868095868,0.02622368526,-0.2201373214,0.7716711331,0.07079640743,-0.4997937542,0.4507639812,2.9985,-0.6367948762,-3.0185,-0.7652734252,0.5580175463,0.1859662569,2
2023-04-20 00:00:00.000,JKM,0.02708915386,0.007651031789,-0.0110945107,0.01857224819,0.198611166,-0.3781005376,0.7820574157,0.06697327665,-0.6193961674,0.3643037984,3.083033333,-0.6125142704,-3.1867,-0.7892220929,0.5510100773,0.09225535975,1.829658239
2023-04-21 00:00:00.000,JKM,0.02677591356,0.005914684912,-0.01090224392,0.01877422155,0.2490432075,-0.5226875877,0.7917704859,0.06604544879,-0.6451845947,0.3581945174,3.106566667,-0.6140156047,-3.12,-0.7804019287,0.5443348134,0.09380814654,1.953731729
2023-04-24 00:00:00.000,JKM,0.01963509242,0.007060229355,-0.0105454381,0.01886352691,0.1389803488,-0.4632760298,0.8143938895,0.06611704774,-0.6382450833,0.3278309569,3.0614,-0.6395444312,-2.8956,-0.778305064,0.5685864498,,1.452576319
2023-04-25 00:00:00.000,JKM,0.08155515189,0.009106625722,-0.01042396818,0.02186059817,2.115541107,-0.327696412,0.8224381764,0.07286770662,-0.4027277886,1.177275106,3.039833333,-0.649650447,-5.4102,-1.175074028,0.5915274507,0.8833119292,4.891369962
2023-04-26 00:00:00.000,JKM,0.08393347322,0.01374431003,-0.01073772983,0.02433461153,2.137040081,0.01451128183,0.8006136362,0.07491237834,-0.3254170799,1.822201867,3.028866667,-0.6551015604,-5.9611,-1.258169056,0.6077938648,0.2845202098,4.054525229
2023-04-27 00:00:00.000,JKM,0.0819455128,0.01916888606,-0.01122180449,0.02725382358,2.041114453,0.4285515163,0.7670652325,0.07303253205,-0.3859771958,2.484970263,3.063433333,-0.643357012,-6.5818,-1.34269907,0.6391095066,0.4276693778,3.466495252
2023-04-28 00:00:00.000,JKM,0.06318588674,0.02251738988,-0.01120759637,0.02721442083,1.438870748,0.6863009697,0.7650378676,0.06978910295,-0.4943666149,2.147504909,2.9321,-0.6837769344,-6.417,-1.310861998,0.6687139905,0.2250028142,3.262119421
2023-05-02 00:00:00.000,JKM,0.0840297578,-0.005654022974,-0.01536664098,0.02978096222,1.932923422,-1.584215392,0.4748802706,0.09305138682,0.316664071,2.632438223,2.978466667,-0.749217585,-5.6281,-1.211559878,0.5791150827,,8.646520198
2023-05-03 00:00:00.000,JKM,0.07849150813,-0.003711178982,-0.01506323084,0.02988572405,1.770616078,-1.433307771,0.4984088572,0.09071244072,0.2381733823,2.316254754,2.811766667,-0.8073319033,-5.644,-1.209545484,0.5992592561,0.2053642691,12
2023-05-04 00:00:00.000,JKM,0.05670261433,-0.002230244889,-0.01393898918,0.02833721332,1.157993747,-1.326942239,0.5786600792,0.08661608172,0.09866210799,1.654739928,2.6762,-0.8479790444,-4.8063,-1.119911104,0.6077573519,0.3233768257,12
2023-05-05 00:00:00.000,JKM,0.06285519873,-0.002411108641,-0.01410906933,0.02802166034,1.321250622,-1.367596978,0.5689504797,0.07847755975,-0.181997737,1.469219067,2.719566667,-0.8306597503,-5.1268,-1.167738676,0.6075805895,0.2738747344,3.378281709
2023-05-09 00:00:00.000,JKM,0.06906491897,0.002094105884,-0.01405259847,0.02863706792,1.484051494,-1.018811262,0.5748834067,0.07226210786,-0.3957035822,1.482561733,2.923966667,-0.7920891735,-5.4481,-1.414901603,0.6325505392,,2.964575544
2023-05-10 00:00:00.000,JKM,0.0533183123,0.006211157569,-0.01449373421,0.02953291963,1.046967018,-0.6896076572,0.5465849296,0.07249938533,-0.3826851998,1.561624797,2.858533333,-0.8114676461,-5.1942,-1.399925449,0.662024675,0.2338224593,2.950662934
2023-05-11 00:00:00.000,JKM,0.06034096576,0.007233664704,-0.01464805151,0.030378974,1.249528806,-0.6106003738,0.5395335579,0.07067997402,-0.4419876657,1.587259178,2.816933333,-0.820210756,-5.4777,-1.498606906,0.6697800643,0.1633604112,2.355645038
2023-05-12 00:00:00.000,JKM,0.03910346641,0.01023091186,-0.01438934017,0.02920592776,0.6625461459,-0.3660732248,0.5580072445,0.06789175191,-0.5358347895,1.162096814,2.216766667,-0.9934422783,-4.9152,-1.379894365,0.7084075229,0.5253010926,5.73213792
2023-05-15 00:00:00.000,JKM,0.04656922024,0.009631086758,-0.01181194828,0.02521098272,0.8507897917,-0.4217840469,0.7390306587,0.05873679472,-0.8511777192,0.1878290805,1.997233333,-1.072527256,-4.4522,-1.327149229,0.7257290285,,1.971907314
2023-05-16 00:00:00.000,JKM,0.04399649464,0.00733773472,-0.0108454585,0.02341220788,0.7642436764,-0.6272571931,0.8010547795,0.05502556911,-0.9743013924,-0.2513118869,1.851866667,-1.119082458,-4.0854,-1.270163945,0.7273040335,0.3657791081,4.165573641
2023-05-17 00:00:00.000,JKM,0.044458289,0.007062396548,-0.01211260177,0.02601282804,0.7524100523,-0.6591786122,0.7084983897,0.05424511096,-0.9952925135,0.2998370338,1.966233333,-1.089302246,-4.5766,-1.391343563,0.7381333329,0.4323558613,2.828089274
2023-05-18 00:00:00.000,JKM,0.04004805986,0.008723822866,-0.01232515086,0.02557889662,0.6114718111,-0.5261275969,0.6914331144,0.06174358545,-0.7279123056,0.1495012457,1.7279,-1.150998268,-4.4671,-1.354341321,0.7709807435,0.7645405179,7.02809494
2023-05-19 00:00:00.000,JKM,0.02358686472,0.03436916857,-0.01275297372,0.02707716472,0.1808234777,1.767120387,0.6598000194,0.06917684662,-0.4679624646,0.4444124618,1.2362,-1.290956829,-4.6062,-1.381204599,0.8860125587,1.545128904,12
2023-05-22 00:00:00.000,JKM,0.04051492306,0.007510911751,-0.0152462041,0.02709036016,0.6343947024,-0.7607811687,0.4864622391,0.06483495332,-0.6211395272,0.3799569872,1.362066667,-1.279075661,-4.6165,-1.398180464,0.7594401362,,1.952677762
2023-05-23 00:00:00.000,JKM,0.04345924546,0.007243363375,-0.0152561437,0.02686976206,0.7090051166,-0.8560721529,0.4860007487,0.06123542783,-0.746681187,0.2451989097,1.3568,-1.289400453,-4.6686,-1.408627878,0.7675888825,0.2040936628,1.752720658
2023-05-24 00:00:00.000,JKM,0.03222649905,0.00788032878,-0.01477685697,0.02773671192,0.4078032115,-0.8197500235,0.5195944086,0.05815283888,-0.853775277,0.4164801167,1.2693,-1.313785973,-4.7067,-1.409448761,0.7816248341,0.4212673576,2.869923749
2023-05-25 00:00:00.000,JKM,0.02554359917,0.006548193524,-0.01346754479,0.02400744589,0.2347171126,-0.9974973543,0.6104154511,0.05845790426,-0.8422746351,-0.970711922,1.221233333,-1.319092197,-3.7108,-1.185017448,0.7581362357,0.8310613056,8.107466867
2023-05-26 00:00:00.000,JKM,0.01175818159,0.0111092218,-0.01245790659,0.02348996604,-0.1332376935,-0.5131735182,0.6799228195,0.05892168033,-0.8255717403,-1.53025421,0.9896333333,-1.38263372,-3.3117,-1.100726427,0.7802061009,0.2885105834,4.638440577
2023-05-30 00:00:00.000,JKM,0.0168441728,0.001641640637,-0.0104695615,0.02075403325,0.004102628112,-1.538124248,0.8143920259,0.05458591668,-0.9763826347,-2.954946013,1.1184,-1.370451059,-2.8493,-1.028189761,0.8132341866,,2.433989845
2023-05-31 00:00:00.000,JKM,0.0152066064,0.002003367711,-0.01054813947,0.02084014918,-0.05382917235,-1.491320907,0.804904579,0.05363194973,-1.009616323,-2.442965397,1.1425,-1.371507112,-2.7967,-1.01957436,0.9191396758,0.2173062442,1.995826884
2023-06-01 00:00:00.000,JKM,0.07485705891,-0.01270151444,-0.01304125326,0.02466395127,1.528076752,-3.065756222,0.6293748242,0.08800483032,0.1846852042,-0.6942374661,1.4498,-1.280921551,-4.6975,-1.417143809,0.8671139569,0.5553223272,12
2023-06-02 00:00:00.000,JKM,0.07541011568,-0.01361573231,-0.01265461196,0.02453507352,1.501285483,-3.074209745,0.6552367337,0.08514141558,0.08171174349,-0.6900199243,1.481,-1.268369563,-4.7762,-1.42801583,0.8696191211,0.2280332443,4.804788503
2023-06-05 00:00:00.000,JKM,0.147708868,-0.01953483066,-0.01434061092,0.02438509016,3.394526896,-3.619762851,0.5387572282,0.08888582895,0.209182357,-0.6721833781,1.624233333,-1.250610873,-5.4137,-1.603261513,0.8005675502,,6.600314571
2023-06-06 00:00:00.000,JKM,0.07375009079,-0.01665593861,-0.0102616506,0.0227345739,1.433158456,-3.20635084,0.8188012165,0.07886454312,-0.1413038275,-1.217216721,1.7485,-1.219263646,-4.5616,-1.419583406,0.8617368443,1.874808767,12
2023-06-07 00:00:00.000,JKM,0.06541129095,-0.01510227823,-0.01112512036,0.02262711743,1.171565242,-2.955211344,0.7576742797,0.0752225539,-0.269155249,-1.143377975,1.7254,-1.223724574,-4.4938,-1.395865268,0.8633639691,0.3917922329,3.351140144
2023-06-08 00:00:00.000,JKM,0.09964308477,-0.01559780589,-0.01110812617,0.02425686157,2.090727047,-2.943593235,0.7533065146,0.07516425501,-0.2712555791,-0.4421583769,1.8001,-1.195762586,-5.5799,-1.615415422,0.8688693281,1.06923546,4.900901509
2023-06-09 00:00:00.000,JKM,0.1178903741,-0.01696708472,-0.01421379597,0.02578781873,2.428247345,-3.004232836,0.5376864326,0.0722474548,-0.3723462492,0.2005601268,1.9868,-1.141927888,-6.3466,-1.768840335,0.8617383462,0.8904914314,5.08633227
2023-06-12 00:00:00.000,JKM,0.08613550031,-0.01676520398,-0.01448934597,0.02595055729,1.621361284,-2.915989084,0.5186921473,0.06690227951,-0.5584532766,0.3539165426,1.947,-1.159284924,-5.6476,-1.615066737,0.873141117,,1.548441642
2023-06-13 00:00:00.000,JKM,0.1044464967,-0.01807376837,-0.0173651039,0.02937627041,2.090778249,-2.963764416,0.3217842381,0.0657394193,-0.5973714704,2.089947149,2.1028,-1.113809259,-6.4128,-1.762809026,0.865882352,0.4812663223,2.878619257
2023-06-14 00:00:00.000,JKM,0.1279801724,-0.01627375706,-0.01903072396,0.03361109314,2.645464365,-2.740619205,0.2078604439,0.06562856366,-0.6014049803,4.016996834,2.161666667,-1.102322923,-7.65,-2.014260366,0.8966556126,0.4282578221,2.482772709
2023-06-15 00:00:00.000,JKM,0.091202351,-0.01961058799,-0.0192399344,0.03098910462,1.648653284,-2.974386966,0.1937505596,0.05596481029,-0.9381071206,1.974717175,2.3226,-1.054807233,-6.225,-1.690658879,0.8458800655,0.9081439262,7.240730199
2023-06-16 00:00:00.000,JKM,0.002758647314,-0.01572579843,-0.01911329313,0.02924180525,-0.6135253309,-2.573320751,0.2022733705,0.06456131119,-0.634290735,1.157977513,1.9468,-1.160328533,-2.656,-0.9224204735,0.8663998736,1.454511768,7.863765865
2023-06-19 00:00:00.000,JKM,0.01623809568,-0.01611446029,-0.01819386548,0.02734185211,-0.2639433729,-2.568106723,0.264854882,0.05582467876,-0.9346769571,0.4831159274,2.060766667,-1.15203219,-3.3179,-1.038332061,0.8663910716,,1.696061296
2023-06-20 00:00:00.000,JKM,0.02509651404,-0.0146490502,-0.0203769439,0.03098983382,-0.04146709086,-2.409485407,0.115062532,0.05214121779,-1.057402341,1.584642484,1.978733333,-1.171486239,-3.8065,-1.108012216,0.8741744008,0.5505469046,7.350691985
2023-06-21 00:00:00.000,JKM,0.03055743034,-0.01454609911,-0.02217880129,0.03525571344,0.1027902894,-2.366098293,-0.008123440559,0.05649932048,-0.9008692761,2.697415973,1.991533333,-1.172759762,-4.0011,-1.151297254,0.9145416171,0.4429659017,1.426664634
2023-06-22 00:00:00.000,JKM,0.0222569894,-0.01332789335,-0.02112727525,0.03366431318,-0.1041505731,-2.225267332,0.06371744132,0.05855380188,-0.82466698,1.82457321,1.868933333,-1.205794311,-3.4905,-1.044294773,0.9450311079,0.1965197255,2.189806831
2023-06-23 00:00:00.000,JKM,0.005639348533,-0.01246263926,-0.02199255229,0.03450353196,-0.5165041146,-2.114832193,0.003950284328,0.06011244,-0.7658264648,1.816052924,1.8117,-1.213551365,-3.1264,-0.9137437597,0.9366204314,0.4403494996,3.306563782
2023-06-26 00:00:00.000,JKM,0.001937563826,-0.01272000415,-0.02225992318,0.03462717801,-0.5997562137,-2.097106859,-0.01518599557,0.06182732953,-0.7016310689,1.645455951,1.654633333,-1.243723423,-2.8148,-0.744696665,0.9524118011,,1.02353942
2023-06-27 00:00:00.000,JKM,0.009310218083,-0.01130363164,-0.02189175031,0.03358276571,-0.3924131045,-1.950826818,0.008833509447,0.05444081885,-0.9507025746,1.246096538,1.6807,-1.236509129,-3.3275,-0.7658408567,0.9637583668,0.3629383889,1.364324564
2023-06-28 00:00:00.000,JKM,0.0003873251328,-0.01181571514,-0.02098093024,0.03173152904,-0.6427908274,-1.958294052,0.06975335192,0.05414702834,-0.9535342681,0.7490047408,1.648633333,-1.247666645,-2.7526,-0.6802702315,0.9502661277,0.1836450153,1.068749303
2023-06-29 00:00:00.000,JKM,0.003444422928,-0.01072046654,-0.02009592923,0.03000973384,-0.5782883835,-1.842348737,0.1290333387,0.04916717631,-1.117438881,0.3034839099,1.615933333,-1.250037563,-3.0497,-0.7232779665,0.9661371206,0.3790827667,1.260340678
2023-06-30 00:00:00.000,JKM,0.01935932337,-0.01272616318,-0.02110109829,0.03085662971,-0.1497341577,-1.965205629,0.05806392526,0.04306544915,-1.317831873,0.4241199443,1.6461,-1.236784356,-3.5828,-0.8055540988,0.9404501857,0.2493128112,3.911589412
2023-07-03 00:00:00.000,JKM,0.07561341405,-0.018646821,-0.02208929016,0.0327002914,1.377307026,-2.377587485,-0.01200758492,0.08273583391,0.05185602584,0.8056369334,1.601466667,-1.259977909,-2.765,-0.7000227015,0.9223625784,,12
2023-07-04 00:00:00.000,JKM,0.1068328408,-0.01853340707,-0.02287500352,0.03535405891,2.200197258,-2.318947489,-0.06872376155,0.0824180125,0.04420958324,1.377804805,1.649233333,-1.253360823,-4.2728,-0.94603938,0.9359137558,0.3547407668,12
2023-07-05 00:00:00.000,JKM,0.1036372435,-0.01760978697,-0.02176604771,0.03304861,2.053220083,-2.204340108,0.005995884125,0.07830845584,-0.09312702279,0.68830718,1.586933333,-1.271503145,-4.3016,-0.9536507857,0.9738826408,0.451877628,8.305854534
2023-07-06 00:00:00.000,JKM,0.1078428306,-0.01678795228,-0.004006433714,0.02151798099,2.116661013,-2.102868478,1.243154374,0.1243161053,1.491578937,-2.474790803,1.5396,-1.27726716,-4.7892,-1.025128953,0.9899728341,4.383204413,12
2023-07-07 00:00:00.000,JKM,0.1045819037,-0.0149691877,-0.02354569048,0.03664005593,1.984713016,-1.936235082,-0.1297092584,0.07663980783,-0.1495644042,1.545732527,1.417933333,-1.308825736,-5.0132,-1.05507969,1.01833816,1.992845418,12
2023-07-10 00:00:00.000,JKM,0.1142212108,-0.01568545695,-0.02260195834,0.03585974097,2.202532143,-1.955654893,-0.06667901693,0.08123500568,0.01216511341,1.217422161,1.364433333,-1.328813074,-4.9786,-1.037520546,1.027064001,,3.538934124
2023-07-11 00:00:00.000,JKM,0.1110503177,-0.01622729355,-0.02142037396,0.03320882993,2.088769,-1.960840038,0.01427257528,0.07841513226,-0.08183436598,0.3959423041,1.366466667,-1.323579397,-4.7583,-0.99403745,1.020160047,0.3068003247,1.733779493
2023-07-12 00:00:00.000,JKM,0.1219020942,-0.01728734945,-0.02029555843,0.03190647457,2.335030084,-2.001934189,0.09260808427,0.07764670166,-0.1042320364,-0.0565365176,1.4142,-1.313134946,-5.0114,-1.037267332,1.018489887,0.1995387404,1.978574384
2023-07-13 00:00:00.000,JKM,0.1217318135,-0.01614786912,-0.02056538778,0.03401116073,2.232682151,-1.891112501,0.06946492998,0.07733459091,-0.1122831125,0.5302987694,1.351366667,-1.322240846,-5.1385,-1.04657632,1.050517164,0.2844388535,6.592079123
2023-07-14 00:00:00.000,JKM,0.09967195232,-0.01559710152,-0.01944507338,0.03025235527,1.638535504,-1.823898964,0.1496529099,0.07022561137,-0.3551607995,-0.5871913127,1.3255,-1.313843806,-4.4027,-0.9132953203,1.043638435,0.3269468644,3.174263277
2023-07-17 00:00:00.000,JKM,0.09679465519,-0.01561667774,-0.0195728354,0.03030696695,1.518195738,-1.797457878,0.1378375495,0.06812609478,-0.4248688928,-0.5578292307,1.339733333,-1.300836998,-4.3732,-0.8929044567,1.048375772,,0.9670214134
2023-07-18 00:00:00.000,JKM,0.09309692359,-0.01623484442,-0.01903990542,0.02965417668,1.385917288,-1.811659815,0.1753778225,0.0651507972,-0.5252982299,-0.7733811628,1.4332,-1.27345877,-4.4839,-0.9030295881,1.049365011,0.1763286445,2.545475723
2023-07-19 00:00:00.000,JKM,0.09620977907,-0.01370460088,-0.01998612853,0.03274047869,1.424541454,-1.616629654,0.1000452558,0.06507519104,-0.5247409042,0.1159932724,1.278566667,-1.313027926,-5.0918,-0.9943220038,1.088489472,0.2663349628,3.246166331
2023-07-20 00:00:00.000,JKM,0.08800091183,-0.01285087941,-0.0208584878,0.03307042488,1.16205218,-1.538255456,0.02808312456,0.06242134594,-0.6125390963,0.1932126987,1.2615,-1.306160116,-4.9338,-0.9628773915,1.093513458,0.2378146362,3.847392417
2023-07-21 00:00:00.000,JKM,0.08705860922,-0.012650317,-0.01986864574,0.03185776849,1.090630291,-1.505286046,0.1013738195,0.0620766709,-0.6192878877,-0.1544752581,1.215933333,-1.30306381,-4.8567,-0.9426837378,1.097307244,0.2996140989,3.011575732
2023-07-24 00:00:00.000,JKM,0.07248989993,-0.01316454674,-0.01985178857,0.02995512011,0.7187234804,-1.519757113,0.09784057787,0.05917123235,-0.7141256306,-0.7333620669,1.2695,-1.278411229,-4.2545,-0.8510879672,1.077846414,,2.235059312
2023-07-25 00:00:00.000,JKM,0.07207884499,-0.01304969246,-0.02070637259,0.03121250566,0.677921019,-1.492940547,0.02270311411,0.05514997828,-0.846918318,-0.2646678794,1.2917,-1.264918518,-4.383,-0.8601266019,1.08215735,0.2366339178,2.210512692
2023-07-26 00:00:00.000,JKM,0.09202149898,-0.01309688142,-0.02018404332,0.03183655516,1.109711878,-1.476950555,0.05961938755,0.05615782904,-0.8055648585,-0.01405411781,1.2511,-1.274097689,-5.0298,-0.9534316183,1.099639259,0.5249702679,3.003037417
2023-07-27 00:00:00.000,JKM,0.09261276948,-0.01248318943,-0.01971540816,0.03145999331,1.108769904,-1.41925418,0.09222142716,0.05505830445,-0.8370510889,-0.1100988219,1.200833333,-1.274164664,-5.2301,-0.9756244905,1.112764506,0.1581385913,1.186299484
2023-07-28 00:00:00.000,JKM,0.1081521193,-0.01235167182,-0.01882346299,0.03148763804,1.410090023,-1.393272949,0.1605600525,0.05663155112,-0.7765523845,-0.09680538772,1.115266667,-1.280490953,-5.4669,-0.9901729954,1.119035293,0.4380176598,6.557085586
2023-07-31 00:00:00.000,JKM,0.1040382814,-0.01352969139,-0.01962398538,0.03106570719,1.290901569,-1.452193726,0.08666869474,0.05351732975,-0.8781819468,-0.2599268763,1.212266667,-1.24174893,-5.1541,-0.9309082418,1.094218331,,1.06852093
2023-08-01 00:00:00.000,JKM,0.1498028856,-0.01231786997,-0.02116860907,0.03561450393,2.224497541,-1.3564693,-0.05167398588,0.1088014152,1.032633014,1.237601116,1.023533333,-1.264816131,-5.3861,-0.9548669007,1.061372952,0.9049867665,12
2023-08-02 00:00:00.000,JKM,0.1321181897,-0.01158719071,-0.02074369585,0.02944496228,1.777027725,-1.293839714,-0.02185310445,0.0904241238,0.3965217036,-0.8158123808,0.9311666667,-1.281090717,-4.8011,-0.873121271,1.067702732,0.7962379684,4.641342189
2023-08-03 00:00:00.000,JKM,0.1132622123,-0.01198055335,-0.02110950462,0.02923168921,1.326126781,-1.297984126,-0.06160760401,0.08575497464,0.2364345507,-0.8072306719,0.9339666667,-1.272583504,-4.3368,-0.8019993029,1.070813792,0.2179220784,3.398594631
2023-08-04 00:00:00.000,JKM,0.1283180254,-0.01223526144,-0.02065583834,0.02922906898,1.581085295,-1.293612353,-0.02965461712,0.08575529061,0.2390320668,-0.7418880479,0.9617,-1.247218323,-4.7178,-0.8417316256,1.064473134,0.2065156765,2.834550224
2023-08-07 00:00:00.000,JKM,0.1233025866,-0.0123059512,-0.02164418871,0.03042662583,1.423733077,-1.253350957,-0.1283548354,0.08292128977,0.1444251037,-0.6753662971,1.034033333,-1.149519128,-4.5731,-0.8039493455,1.048776775,,2.54306235
2023-08-08 00:00:00.000,JKM,0.1238155857,-0.01259120413,-0.02119655198,0.02960027063,1.41421206,-1.215787555,-0.0968271464,0.08232940459,0.127771403,-1.045094564,1.063433333,-1.109952519,-4.3961,-0.7657825286,1.040279377,0.2694831225,2.315855186
2023-08-09 00:00:00.000,JKM,0.08519250733,-0.01189289173,-0.02246037254,0.03073870957,0.6484711447,-1.148212367,-0.2237242783,0.07417112859,-0.1506619505,-0.3367618051,1.142066667,-1.090276789,-3.0691,-0.599223419,0.9236163792,0.8868627024,3.932983612
2023-08-10 00:00:00.000,JKM,0.1514967001,-0.01288523898,-0.02294436119,0.03426826139,1.890282046,-1.177425532,-0.2791310522,0.08152374678,0.1107641235,1.859601448,1.2709,-1.057730837,-5.5664,-0.9103636515,0.9860691708,0.5313825832,5.636408217
2023-08-11 00:00:00.000,JKM,0.153552019,-0.01268883727,-0.02254927693,0.03363613162,1.883124566,-1.113008696,-0.2539654423,0.07809173465,-0.004369296131,1.308907312,1.270433333,-1.030303717,-5.5774,-0.8865933652,0.9950672541,0.1359010525,2.386812753
2023-08-14 00:00:00.000,JKM,0.1533371353,-0.01294756196,-0.02277629357,0.03424008701,1.790192377,-1.066371669,-0.2881414655,0.07578782324,-0.07914663054,1.683863446,1.214966667,-1.00377294,-5.6443,-0.8732747021,1.010879738,,1.675543492
2023-08-15 00:00:00.000,JKM,0.1530293544,-0.01253495783,-0.02468346295,0.03852872675,1.73044859,-1.014984121,-0.4856831028,0.07202081351,-0.2068641,3.815548939,1.3256,-0.9676213679,-5.9569,-0.8936278233,0.9795473711,1.014962518,4.420007923
2023-08-16 00:00:00.000,JKM,0.1485694558,-0.01169234217,-0.02494037282,0.03869483461,1.576856956,-0.9300439864,-0.5184513674,0.07033958392,-0.2620716304,2.866216666,1.1512,-0.9944937908,-5.9438,-0.8844620604,1.012541269,0.2158422647,1.581057078
2023-08-17 00:00:00.000,JKM,0.1576111965,-0.01480975776,-0.02458437372,0.03804363028,1.701828843,-1.01679476,-0.4928972365,0.06837563148,-0.3281366593,2.088933913,1.5994,-0.9089884292,-6.0667,-0.8870019686,0.9494405284,0.4937230954,12
2023-08-18 00:00:00.000,JKM,0.1594563341,-0.015395107,-0.02399503901,0.03699437254,1.666040239,-0.9847955159,-0.4438556204,0.06577711244,-0.4167492361,1.469661148,1.677733333,-0.8829586393,-6.1051,-0.872938691,0.9505215264,0.2681796153,4.31349125
2023-08-21 00:00:00.000,JKM,0.1508088687,-0.01521786707,-0.02538111489,0.0400153531,1.496875524,-0.9498501701,-0.588683044,0.06154107832,-0.5614508654,2.293107296,1.709533333,-0.8488230865,-5.8074,-0.787958245,0.9393642082,,3.24966682
2023-08-22 00:00:00.000,JKM,0.1308154918,-0.01464726499,-0.02610358908,0.0411943739,1.11079555,-0.9061209782,-0.6738597343,0.05655429803,-0.7319769349,2.280053463,1.5833,-0.8558496,-5.354,-0.7145940468,0.9485675136,0.3159078586,2.734697212
2023-08-23 00:00:00.000,JKM,0.1437870289,-0.0145647426,-0.02463051018,0.03782801697,1.319372146,-0.8854850882,-0.535367579,0.05965407634,-0.6157275548,1.076412716,1.4281,-0.8789713593,-5.7377,-0.7520469226,0.9738070556,0.3242334134,2.419020814
2023-08-24 00:00:00.000,JKM,0.1427947493,-0.01450588495,-0.0225931202,0.03333938319,1.292263757,-0.8564371245,-0.3402999796,0.06105761474,-0.5601508746,-0.1631353202,1.2892,-0.8917406404,-5.4299,-0.7090494473,0.9915649138,0.4675551704,3.570424318
2023-08-25 00:00:00.000,JKM,0.1256428329,-0.01407627659,-0.02326686366,0.03346891508,0.9810025269,-0.8119640814,-0.4186918046,0.05856719611,-0.6434302192,-0.1494161191,1.291233333,-0.8760075019,-5.0967,-0.6474317463,0.9741321388,0.2639030502,1.576087853
2023-08-29 00:00:00.000,JKM,0.1276455811,-0.01382907689,-0.02312112269,0.03368129225,1.001659169,-0.7827035464,-0.410932026,0.05709173668,-0.6899721705,-0.1207961526,1.201666667,-0.8471281854,-5.3557,-0.6041497725,1.021318624,,0.7488027898
2023-08-30 00:00:00.000,JKM,0.1356685125,-0.01350938903,-0.02300814509,0.03383899027,1.115686333,-0.7546327741,-0.4133158793,0.05736587898,-0.6742995982,-0.1082903009,1.2186,-0.8422332926,-5.8704,-0.6511018989,1.029489123,0.3809138833,2.36278836
2023-08-31 00:00:00.000,JKM,0.1293228707,-0.01292002788,-0.02234326141,0.03238458597,0.9735081219,-0.7240546204,-0.3565374522,0.05664746356,-0.7011841171,-0.5341992453,1.135866667,-0.8448577683,-5.429,-0.5977262908,1.054344344,0.1782716525,1.871933063
2023-09-01 00:00:00.000,JKM,0.1090019515,-0.005637818218,-0.02323179394,0.03144684807,0.6205550233,-0.4365623266,-0.4617351949,0.08954075433,0.4720326992,-0.7410563965,1.013966667,-0.8426106694,-3.9988,-0.4404788884,0.9168535962,0.2096503976,12
2023-09-04 00:00:00.000,JKM,0.09574952468,-0.002790166474,-0.02323179394,0.03067039534,0.3995262705,-0.3222454402,-0.4729528576,0.08631197599,0.3556958473,-1.00078244,0.6344666667,-0.8662466471,-3.7678,-0.412927105,0.9987808637,,4.842607922
2023-09-05 00:00:00.000,JKM,0.1051837401,-0.006978893143,-0.02246836882,0.02994304816,0.5544007771,-0.4840166289,-0.3981494597,0.08249911872,0.2217721633,-1.248760705,1.114233333,-0.7846370685,-3.6129,-0.3935092727,0.8803809806,0.2605364472,8.708522072
2023-09-06 00:00:00.000,JKM,0.1130073146,-0.007027676731,-0.02160000443,0.02812189289,0.6828841405,-0.481718762,-0.3103779265,0.08352568814,0.2597411689,-1.79376069,1.094566667,-0.7861562954,-3.7838,-0.4080805172,0.8865099731,0.1743090945,7.875081674
2023-09-07 00:00:00.000,JKM,0.1074528571,-0.006939824034,-0.02190961954,0.0287645672,0.5795277946,-0.4714743817,-0.3510315116,0.0784485099,0.08119914887,-1.509586596,1.132933333,-0.7721744684,-3.5873,-0.3812558709,0.8763368944,0.2214922088,2.771638402
2023-09-08 00:00:00.000,JKM,0.1034526408,-0.007017950048,-0.02172014997,0.0281871273,0.5079557689,-0.4695259131,-0.3383820886,0.07695479509,0.03372887696,-1.630185545,1.119633333,-0.7582672374,-3.5349,-0.3679694005,0.8587179947,0.1293880246,3.28608522
2023-09-11 00:00:00.000,JKM,0.1025911805,-0.00766102229,-0.02157382935,0.02817877956,0.492437445,-0.4928825555,-0.3281798766,0.07386760161,-0.07158257093,-1.534613401,1.1511,-0.7399925376,-3.6441,-0.3825129382,0.844637195,,2.183486725
2023-09-12 00:00:00.000,JKM,0.1059634916,-0.00835151429,-0.01800576449,0.02062978115,0.564618916,-0.5180265814,0.05978425049,0.06885158143,-0.248107614,-3.222589054,1.3352,-0.7048283358,-3.4321,-0.3584238579,0.8003123811,1.701693554,12
2023-09-13 00:00:00.000,JKM,0.0963234211,-0.007734306338,-0.01736093308,0.01926353187,0.3914860991,-0.4923331059,0.1257458983,0.07004042859,-0.1983860379,-2.784136964,1.239466667,-0.717549844,-3.2248,-0.3369890727,0.805272447,0.5012862585,4.285259269
2023-09-14 00:00:00.000,JKM,0.1086236697,-0.008340495002,-0.01880523263,0.02146671705,0.6117130337,-0.5152048819,-0.04079744787,0.06188083735,-0.4917373745,-1.88640347,1.272066667,-0.7052326276,-3.5381,-0.359848115,0.8189062328,1.132417989,7.716413547
2023-09-15 00:00:00.000,JKM,0.1041378902,-0.007659839215,-0.01902084787,0.01975392879,0.5230209968,-0.4867194617,-0.07381123125,0.05220932379,-0.8421678334,-1.940002744,1.153933333,-0.70719956,-3.4445,-0.3427780003,0.8260985914,0.7987019716,12
2023-09-18 00:00:00.000,JKM,0.1110858535,-0.009309993886,-0.01902375345,0.0198896129,0.6648102969,-0.5497442366,-0.0835320763,0.05277514006,-0.8154018483,-1.687926667,1.329366667,-0.6695617274,-3.3632,-0.3407793223,0.8301276212,,1.684459927
2023-09-19 00:00:00.000,JKM,0.09755070142,-0.00869203489,-0.01954909888,0.02047295265,0.3766636254,-0.5232325273,-0.1550131248,0.04826679672,-0.9763790316,-1.421278766,1.369466667,-0.6580903172,-2.9603,-0.3033831822,0.7840075625,0.3279513352,1.497234745
2023-09-20 00:00:00.000,JKM,0.0965853607,-0.009015997987,-0.01875981011,0.01911215692,0.3458672995,-0.5338093912,-0.07187058425,0.04819076587,-0.9720264458,-1.484673777,1.338633333,-0.6616010663,-2.8155,-0.2910335619,0.7867788741,0.1497791278,1.246716554
2023-09-21 00:00:00.000,JKM,0.08335495896,-0.003887977719,-0.01925171649,0.01942250742,0.07025820208,-0.3222667927,-0.1420346113,0.04654973115,-1.02559623,-1.319008478,1.063833333,-0.6906741379,-2.2839,-0.2340268085,0.7642577831,0.4685047294,7.614727399
2023-09-22 00:00:00.000,JKM,0.08138332415,-0.008111192885,-0.01920793802,0.02024966764,0.01808612058,-0.493067721,-0.1466426442,0.04323190304,-1.141363883,-1.113723191,1.2904,-0.6495965725,-2.4072,-0.2415009746,0.7278006267,0.3832174617,4.13272481
2023-09-25 00:00:00.000,JKM,0.06490658986,-0.007999196105,-0.01956919882,0.02052464737,-0.3426383219,-0.4869286881,-0.200540446,0.0412358367,-1.206691547,-0.9880853756,1.1815,-0.6492637072,-1.8833,-0.1963986882,0.712347974,,2.236451624
2023-09-26 00:00:00.000,JKM,0.05801066995,-0.006081587459,-0.01905380099,0.01930302301,-0.5023943974,-0.4036453343,-0.1460081662,0.04367201865,-1.106574546,-1.112443639,1.055366667,-0.656135817,-1.5748,-0.1659315069,0.7226561577,0.2847741285,2
2023-09-27 00:00:00.000,JKM,0.0569349751,-0.006908451763,-0.0190325884,0.01919636916,-0.5234315639,-0.4336519507,-0.1500206916,0.04252368507,-1.141043035,-1.036821362,1.1018,-0.6483699174,-1.5029,-0.1617853628,0.6804519147,0.1269753383,1.940708003
2023-09-28 00:00:00.000,JKM,0.04948394899,-0.00630360892,-0.01835268211,0.01784431812,-0.6813773382,-0.4061766142,-0.07344991605,0.04485541579,-1.045316098,-1.204910739,1.048166667,-0.6470869127,-1.2357,-0.1328833797,0.635894017,0.1681883548,2.257937462
2023-09-29 00:00:00.000,JKM,0.05866059791,-0.005711291928,-0.01833772974,0.0184118757,-0.4860086612,-0.3782537498,-0.08075848836,0.04751889952,-0.9378522828,-1.012355931,0.9116666667,-0.6533389761,-1.7433,-0.1753789488,0.7546982598,0.5800061437,12
2023-10-02 00:00:00.000,JKM,0.05008291152,0.01256950235,-0.01845944595,0.02173602994,-0.6696681063,0.407214518,-0.1037293352,0.09590808964,0.8718872399,-0.2429697202,0.9218,-0.6508138146,-2.1334,-0.2215157222,0.7740745576,,12
2023-10-03 00:00:00.000,JKM,0.0418810323,0.01104281529,-0.01959397828,0.0237367869,-0.841457134,0.3453016767,-0.2571229144,0.09527732146,0.8489210979,0.2981583828,0.8497333333,-0.6622602107,-1.7818,-0.1881672895,0.7523501058,0.5160690954,10.530154209
2023-10-04 00:00:00.000,JKM,0.03783040756,0.008821774126,-0.01722889565,0.0169478594,-0.9241340582,0.2536762713,0.04413824186,0.07900874536,0.2485945526,-1.304460466,0.7498333333,-0.6718308227,-1.4577,-0.1612097961,0.7401771439,1.595145293,12
2023-10-05 00:00:00.000,JKM,0.0403148009,0.01026129979,-0.01674760673,0.01517614219,-0.8657626238,0.3210943159,0.1020814797,0.0796347792,0.2828597173,-1.718234284,0.5644,-0.6890168443,-2.0019,-0.2064432727,0.8462965859,0.5566914251,4.319671374
2023-10-06 00:00:00.000,JKM,0.03145631727,0.01043299489,-0.01734149348,0.01635656945,-1.049187835,0.3329629156,0.01877677521,0.07569654723,0.1403876669,-1.257703406,0.6758,-0.6746613304,-1.6066,-0.1635957342,0.7911361969,0.4573935518,2.839855941
2023-10-09 00:00:00.000,JKM,0.02950697156,0.007231968281,-0.0182122872,0.01895518446,-1.089545286,0.1975432744,-0.1022410765,0.06955726763,-0.08623367701,-0.4102521064,0.9840333333,-0.6601037398,-1.408,-0.1516164774,0.655915596,,2.565545791
2023-10-10 00:00:00.000,JKM,0.03632362753,0.003719797601,-0.01941521088,0.02280801564,-0.939477566,0.04783766797,-0.2670174938,0.06376863278,-0.302088508,1.108528331,1.0867,-0.6526103525,-1.7792,-0.1871023546,0.6275266492,0.9163423935,5.407523772
2023-10-11 00:00:00.000,JKM,0.06682234221,0.006127623613,-0.01900962563,0.01997992908,-0.3025190033,0.1606012865,-0.2178047549,0.05627490947,-0.5917634435,0.196499332,0.7822,-0.6930083743,-3.338,-0.3344703124,0.8476564326,1.166783192,12
2023-10-12 00:00:00.000,JKM,0.04298365846,0.006319678336,-0.0216998651,0.02833715148,-0.8209073995,0.1756218278,-0.5871209791,0.05853217213,-0.4962265705,4.382250853,0.9211333333,-0.6710132204,-2.1592,-0.223740812,0.7197909554,1.094502305,8.285406081
2023-10-13 00:00:00.000,JKM,0.05300231168,0.002346322797,-0.02209422057,0.03226241465,-0.611217225,0.001714785069,-0.6457397229,0.06019825487,-0.4223636736,4.431371776,0.9233666667,-0.6707285341,-2.0198,-0.2049873645,0.7249369283,0.6054226123,8.148334208
2023-10-16 00:00:00.000,JKM,0.07361246974,0.001710406516,-0.02057513136,0.02762612428,-0.1791446269,-0.02051070536,-0.4446797476,0.06017851661,-0.4166579132,1.851010746,1.1728,-0.6676304812,-2.4792,-0.2696080086,0.7319497334,,3.469721338
2023-10-17 00:00:00.000,JKM,0.05197701151,0.001766766552,-0.02038926811,0.02798393622,-0.6436508611,-0.01055517701,-0.4251371305,0.05753234346,-0.5213047471,1.714886334,1.3125,-0.655181453,-1.3627,-0.1753684151,0.5926447007,0.2604182895,2.507592305
2023-10-18 00:00:00.000,JKM,0.03864073074,0.002214316479,-0.02331375299,0.03394837941,-0.9204112198,0.0181930649,-0.8316395712,0.06291365428,-0.2871852958,2.872514493,1.186966667,-0.673446643,-0.9776,-0.1497656504,0.5938057058,1.000452067,9.901459569
2023-10-19 00:00:00.000,JKM,0.02042099012,0.002950649387,-0.02352876021,0.03393928335,-1.290982804,0.06029674277,-0.8619951275,0.06186723895,-0.3246532825,2.312454799,0.8360666667,-0.7144983651,-0.212,-0.08238355481,0.6324405872,0.1782920815,4.126927247
2023-10-20 00:00:00.000,JKM,0.03151215989,0.003410486508,-0.02410826585,0.035965813,-1.03112638,0.08841739972,-0.9434030177,0.05880265913,-0.4523297662,2.310297812,0.7207,-0.7278299481,-0.9224,-0.1409735844,0.6412122573,1.152570165,12
2023-10-23 00:00:00.000,JKM,0.02964612729,0.001848425362,-0.02355827751,0.03463607747,-1.027714938,0.0197982064,-0.8715830646,0.05239946749,-0.7406157804,1.751349457,0.9218666667,-0.7264470198,-0.7704,-0.1370455408,0.5719566548,,1.319674746
2023-10-24 00:00:00.000,JKM,0.01711633746,0.002717188253,-0.02154407914,0.02836209572,-1.25414297,0.06845666056,-0.5975570564,0.0483952302,-0.9318999737,0.627780341,1.0253,-0.7190949836,0.0382,-0.06937875591,0.5476262583,0.5497750616,2.675297286
2023-10-25 00:00:00.000,JKM,0.01261853248,0.003949807162,-0.02274936416,0.0299940322,-1.296787804,0.1365873017,-0.76596751,0.05002034068,-0.8858498758,0.811100498,0.8126666667,-0.7469095474,-0.06,-0.09380219889,0.5596428163,0.412055721,2.111513654
2023-10-26 00:00:00.000,JKM,0.009270058586,0.004347228026,-0.02243935661,0.0294205375,-1.344540764,0.164688373,-0.7229767631,0.04980468095,-0.9392389895,0.6530713566,0.8793666667,-0.7346370038,0.0224,-0.09865482456,0.5399313671,0.1683388558,2
2023-10-27 00:00:00.000,JKM,0.01135638241,0.002803907734,-0.02242501635,0.02971144714,-1.285060432,0.0958798956,-0.7207699929,0.04785188565,-1.08260011,0.6306036869,0.9915666667,-0.7165085954,0.0243,-0.09570261864,0.4438162126,0.1675387479,3.943543774
2023-10-30 00:00:00.000,JKM,0.02953159896,0.003497681322,-0.0219050761,0.02772559692,-0.9256872281,0.1401256267,-0.6550318599,0.04355344751,-1.395806027,0.2598871119,0.7532333333,-0.7574998579,-1.0396,-0.2058718737,0.6268658443,,1.907458058
2023-10-31 00:00:00.000,JKM,0.0002011850594,0.002437859392,-0.02011512297,0.02364639868,-1.453735369,0.09432222195,-0.4156091542,0.04814113468,-1.170309958,-0.4421699383,1.5236,-0.6695775649,0.4525,-0.05974783241,0.5515599848,0.6067662269,8.005606069
2023-11-01 00:00:00.000,JKM,-0.02170446715,0.01212616627,-0.01941997609,0.02490911969,-1.856180546,0.6131263507,-0.3257104981,0.0643106474,-0.07308268404,-0.2602209283,1.533833333,-0.6648026623,0.263,-0.08109814204,0.7982074175,0.2362416074,12
2023-11-02 00:00:00.000,JKM,-0.02022331779,0.01169660875,-0.01893186344,0.02364343701,-1.784360315,0.6056893479,-0.2586440175,0.05877232019,-0.4598041005,-0.4715497275,1.4248,-0.6701457386,0.1852,-0.08507661125,0.8233137548,0.2543095452,4.939302464
2023-11-03 00:00:00.000,JKM,-0.01654575936,0.01279985839,-0.01888383523,0.02285590795,-1.718629687,0.6773179025,-0.25503677,0.05591413769,-0.658677175,-0.6865472291,1.2045,-0.6896576772,-0.1571,-0.1140189881,0.8962500944,0.1300529146,3.643490662
2023-11-06 00:00:00.000,JKM,-0.005836594953,0.01387077457,-0.01805803189,0.01953167914,-1.48343069,0.7452399037,-0.1422254413,0.05423902048,-0.7740551688,-1.443363751,0.954,-0.7249184587,-0.8794,-0.1998532931,0.8720233397,,2.699015966
2023-11-07 00:00:00.000,JKM,-0.02194974446,0.01265908809,-0.01823773439,0.02060421022,-1.748815272,0.6909269822,-0.1700297538,0.05348624996,-0.8235559874,-1.343390907,1.349033333,-0.682031088,0.0397,-0.1190436248,0.8662644847,0.1604625061,2.300368012
2023-11-08 00:00:00.000,JKM,-0.0195081463,0.01259031368,-0.01817724571,0.02022828745,-1.698364862,0.6992451888,-0.1633656142,0.05186819731,-0.937066048,-1.469172531,1.1645,-0.703667427,-0.1326,-0.145017565,0.9179240211,0.1218716846,2.18412299
2023-11-09 00:00:00.000,JKM,-0.01795760038,0.01007327596,-0.01829642894,0.02157397729,-1.629147758,0.5694970517,-0.1811327226,0.04788755108,-1.21387965,-1.138349174,1.2648,-0.6867640407,-0.0127,-0.1400000433,0.8082753694,0.2950161289,5.481428352
2023-11-10 00:00:00.000,JKM,-0.01961370641,0.01210051718,-0.01792199086,0.01958117166,-1.614628623,0.6973347887,-0.1294229929,0.04813185675,-1.19045443,-1.575129196,1.1316,-0.6965236712,-0.2481,-0.1574144702,0.9189487082,0.2887812737,12
2023-11-13 00:00:00.000,JKM,-0.02555376796,0.01555244893,-0.01961917725,0.02397392008,-1.690590605,0.9026640884,-0.3659136861,0.0553958994,-0.6705284792,-0.5823519083,1.190833333,-0.7009787584,-0.3009,-0.1867348708,0.8876520595,,3.630966363
2023-11-14 00:00:00.000,JKM,-0.01773983014,0.01409540648,-0.02003191904,0.02480205221,-1.534243518,0.8328175722,-0.4212725503,0.05203154611,-0.9113930573,-0.3579553826,1.1334,-0.706300426,-0.5621,-0.2232809125,0.8741324037,0.1930654416,3.058022761
2023-11-15 00:00:00.000,JKM,-0.01607854242,0.01497393445,-0.02030853141,0.02361481861,-1.49306544,0.8973297805,-0.4659353575,0.04956379114,-1.088050534,-0.5596635141,1.023533333,-0.7191230227,-0.8663,-0.2659445721,0.835419062,0.3387032152,2.665855396
2023-11-16 00:00:00.000,JKM,-0.0188691485,0.01584997943,-0.02001620365,0.02301141927,-1.524723048,0.9577778999,-0.425779126,0.04922168095,-1.111267252,-0.6325077425,1.272033333,-0.6843183103,-0.668,-0.2534169989,0.8382998571,0.1807198658,2.565553462
2023-11-17 00:00:00.000,JKM,-0.02399703051,0.0173221235,-0.01963831894,0.02212035302,-1.597051405,1.042425431,-0.3690643376,0.04884372695,-1.129140099,-0.7401504362,1.2127,-0.6849295739,-0.6823,-0.2511434967,0.8211645069,0.1948506952,2.35989758
2023-11-20 00:00:00.000,JKM,-0.02738992417,0.01691422124,-0.01800728161,0.0222561883,-1.627618863,1.018992017,-0.1391366964,0.05082856066,-0.985657295,-0.6392301947,1.245566667,-0.6904863151,-0.5903,-0.2637941317,0.8148812896,,2.477442904
2023-11-21 00:00:00.000,JKM,-0.03202373939,0.01979299104,-0.01774618616,0.01815450246,-1.675449723,1.185057914,-0.1023205778,0.04965735762,-1.062785301,-1.609816136,1.019333333,-0.7161785705,-0.7035,-0.2815999714,0.9400559155,0.848075741,3.402085987
2023-11-22 00:00:00.000,JKM,-0.02575724674,0.01818195623,-0.01806853879,0.01846959405,-1.577641589,1.093091198,-0.1476806821,0.04820694267,-1.163332965,-1.518794197,1.0335,-0.7135242612,-0.8233,-0.3019219577,0.8880995606,0.1765660023,1.668254698
2023-11-23 00:00:00.000,JKM,-0.01934922921,0.01563685647,-0.01842244366,0.01956251282,-1.405604939,0.9473589072,-0.1992523268,0.04501856005,-1.389816061,-1.066656116,1.1611,-0.6927869081,-0.6372,-0.2922187623,0.782862033,0.2385004592,2.348403168
2023-11-24 00:00:00.000,JKM,-0.0214038089,0.01679002266,-0.01721682325,0.01843919212,-1.403663885,1.016275811,-0.03287893498,0.04376498956,-1.479659772,-1.343805404,1.2483,-0.6768210144,-0.5652,-0.2803558251,0.7596789266,0.8977057344,12
2023-11-27 00:00:00.000,JKM,-0.02315975477,0.01924278511,-0.01593652318,0.01564239762,-1.370162924,1.15766754,0.1458410644,0.04764478449,-1.206074803,-2.200122272,0.9589333333,-0.7235475944,-0.8863,-0.325502868,0.8380989887,,5.125867547
2023-11-28 00:00:00.000,JKM,-0.02671007297,0.01989595572,-0.016068625,0.0155875492,-1.382416154,1.192271158,0.1242892138,0.04688321114,-1.261171216,-2.114880051,1.0705,-0.7103220117,-0.8388,-0.3257621641,0.8284391347,0.1440737993,3.40368605
2023-11-29 00:00:00.000,JKM,-0.02949051151,0.02111057636,-0.01465152212,0.01348813059,-1.389404824,1.259533396,0.3233099181,0.04966110204,-1.075624362,-2.709972812,1.1551,-0.7009663888,-0.828,-0.3330333462,0.8093831304,0.4795487878,3.409260956
2023-11-30 00:00:00.000,JKM,-0.03206497792,0.0195758498,-0.01487942703,0.01400982347,-1.377171069,1.161947462,0.2835138067,0.04726634971,-1.24911102,-2.066869372,1.3413,-0.6744345272,-0.6207,-0.3214377922,0.7830594068,0.1494563561,3.305585766
2023-12-01 00:00:00.000,JKM,-0.04401799605,0.02404723555,-0.01476790581,0.01580283161,-1.548969566,1.414055661,0.294707796,0.05339995882,-0.809672521,-1.280999124,3.584266667,-0.4055193779,-0.4818,-0.3009730895,0.9861761058,0.3303308193,12
2023-12-04 00:00:00.000,JKM,-0.05036289065,0.02840640623,-0.01319038381,0.01284366524,-1.563831671,1.659121091,0.5238316083,0.05652511187,-0.5802317233,-2.049479738,3.291633333,-0.4531327347,-0.6837,-0.3173224066,0.9684717115,,5.111834267
2023-12-05 00:00:00.000,JKM,-0.06166832858,0.03127050165,-0.01164987977,0.01139981431,-1.71586652,1.807441651,0.7575260948,0.05914409385,-0.3864855155,-2.187818206,3.128566667,-0.4737729871,-0.2608,-0.2716785718,1.005414625,0.4894787057,7.239068082
2023-12-06 00:00:00.000,JKM,-0.05584983506,0.02940620307,-0.01277598185,0.012738919,-1.60433566,1.683429411,0.5825730804,0.0543635529,-0.7250387328,-1.538523718,3.305566667,-0.4562508739,-0.4294,-0.2872301536,0.9804399004,0.2909993581,6.302323674
2023-12-07 00:00:00.000,JKM,-0.06341181932,0.02901956477,-0.01302087298,0.01349693948,-1.66460414,1.647232752,0.5391986177,0.05196565728,-0.8920530285,-1.194316904,3.3047,-0.4553449105,0.0102,-0.244977989,1.026642048,0.4495539748,10.97457262
2023-12-08 00:00:00.000,JKM,-0.06629371541,0.02834639364,-0.01198145744,0.0127882142,-1.68809563,1.602852827,0.6821197676,0.05207850628,-0.8784131188,-1.253591628,3.271466667,-0.4524248577,0.1383,-0.2235750255,1.041061468,0.8611748252,12
2023-12-11 00:00:00.000,JKM,-0.08110512061,0.03137070086,-0.01055346235,0.01140343827,-1.816550379,1.758257579,0.8899895667,0.05600306474,-0.5854744445,-1.455088976,3.0665,-0.4985729318,0.5838,-0.1803060635,1.067666833,,3.111369934
2023-12-12 00:00:00.000,JKM,-0.08570970115,0.03417116081,-0.01130894089,0.01241375742,-1.832336369,1.897629321,0.7726407865,0.06017239766,-0.2730747243,-1.085101295,3.104333333,-0.4956454486,0.6663,-0.1683336879,1.103322094,0.465291746,8.557950044
2023-12-13 00:00:00.000,JKM,-0.08641117665,0.03404211274,-0.01126060474,0.01221748167,-1.828014687,1.880237222,0.7760277278,0.0560286048,-0.5733137097,-1.041316821,3.1326,-0.4929459663,0.5238,-0.1809747599,1.053037725,0.1917457764,2.996412799
2023-12-14 00:00:00.000,JKM,-0.08649600391,0.0353912657,-0.01166568686,0.01231629494,-1.771438133,1.951073031,0.7043254865,0.05542313462,-0.6129831461,-0.9477334995,3.110866667,-0.491624994,0.4217,-0.1919251913,1.068974121,0.2213378201,2
2023-12-15 00:00:00.000,JKM,-0.0900590342,0.03809514631,-0.01119375844,0.01140091249,-1.799884814,2.07907707,0.7671548538,0.05534329457,-0.6136722761,-1.123358202,2.78,-0.5275506609,0.52,-0.1726838905,1.076458428,0.5038568434,5.25848242
2023-12-18 00:00:00.000,JKM,-0.08674493234,0.03569135372,-0.01216630794,0.01216758942,-1.708437883,1.928408006,0.6098537823,0.04729312087,-1.223487743,-0.8391000928,2.9156,-0.5219256546,0.759,-0.1457729543,1.028691256,,1.566685698
2023-12-19 00:00:00.000,JKM,-0.105168943,0.03788358363,-0.01185422056,0.01259328581,-1.856639133,2.042009643,0.655140973,0.05020857137,-0.9919131931,-0.6442906906,2.8027,-0.5401889837,1.2912,-0.08885423377,1.039984781,0.4259752643,2.176856981
2023-12-20 00:00:00.000,JKM,-0.09110622566,0.0351095458,-0.0117706706,0.01203338658,-1.631734642,1.870113136,0.663200522,0.04660198893,-1.263828247,-0.8108478508,2.886833333,-0.5342696397,0.8312,-0.1439442782,1.042217852,0.3836530318,2.500960569
2023-12-21 00:00:00.000,JKM,-0.09006731613,0.03346197625,-0.01181707799,0.01195250675,-1.532936221,1.725711392,0.65856384,0.04362339862,-1.482919215,-0.7691506369,2.8421,-0.5391694106,1.0034,-0.1289555025,1.029940002,0.2052530383,1.732833283
2023-12-22 00:00:00.000,JKM,-0.09169162926,0.03456641235,-0.01088755466,0.01072768465,-1.468775328,1.749728252,0.7974573204,0.04563983079,-1.321891998,-1.246102297,2.644966667,-0.5590397626,0.9654,-0.1244830394,1.038148954,0.5121123239,1.181167315
2023-12-27 00:00:00.000,JKM,-0.09302894015,0.02922213096,-0.01176481827,0.01134165244,-1.466425831,1.449679444,0.6526869702,0.04126248485,-1.648372363,-0.9517563365,2.7415,-0.5819542412,1.2623,-0.1076833564,0.9706134293,,1.021554262
2023-12-28 00:00:00.000,JKM,-0.09195485265,0.03117685147,-0.01123772291,0.01067255514,-1.436545561,1.525913937,0.7305808436,0.04228675331,-1.560300718,-1.453009492,2.576833333,-0.6068335472,0.9831,-0.1492344852,0.9910322369,0.3037372224,2.321080987
2023-12-29 00:00:00.000,JKM,-0.09359703639,0.0314471206,-0.01110943787,0.01057703592,-1.45007862,1.516383656,0.7323632435,0.04109774442,-1.638055408,-1.442984404,2.551666667,-0.6041250182,0.9718,-0.1407482312,1.007150959,0.1556172598,3.063542679
2024-01-02 00:00:00.000,JKM,-0.0143881072,0.04309097773,-0.007867376643,0.008717138047,-0.5983688636,2.071939635,1.206613882,0.06657588253,0.2815937757,-2.904174361,2.360366667,-0.6676004388,-3.4244,-0.7344621573,0.1844360263,,8.251075825
2024-01-03 00:00:00.000,JKM,-0.0225751397,0.04181428232,-0.008930048181,0.009528295762,-0.6786419589,1.971639361,1.034278533,0.05688220886,-0.4465034396,-1.782417424,2.5282,-0.6518713995,-2.9261,-0.6597464483,0.1709552789,0.535047017,12
2024-01-04 00:00:00.000,JKM,-0.01667530476,0.03849381086,-0.009098646919,0.009177128031,-0.6037313209,1.778210058,1.004131542,0.05437613221,-0.6308016234,-1.838667956,2.385333333,-0.6710552695,-2.8697,-0.6485716285,0.173724075,0.3066765097,6.774457895
2024-01-05 00:00:00.000,JKM,-0.009522651041,0.0360932782,-0.009188193681,0.008986213048,-0.5221025918,1.637356515,0.9905166661,0.05207589784,-0.7975830905,-2.015817032,2.4372,-0.6565513489,-3.0231,-0.6620018255,0.1716959341,0.4375581819,7.420816191
2024-01-08 00:00:00.000,JKM,-0.02019505125,0.0411322895,-0.008374256864,0.008528169371,-0.6372788909,1.848658902,1.106489896,0.05380281722,-0.6647975437,-2.100092497,2.2261,-0.7089946299,-2.8225,-0.6337744711,0.1654343586,,2.698044021
2024-01-09 00:00:00.000,JKM,-0.02590337608,0.04255217548,-0.007638028983,0.008049999529,-0.6959537784,1.873025259,1.210320832,0.05343626143,-0.6918526081,-2.139257587,2.118233333,-0.728826978,-2.7815,-0.6283008216,0.1682967622,0.2782768237,2.40085084
2024-01-10 00:00:00.000,JKM,-0.02097278241,0.0374919498,-0.007228610649,0.007225580878,-0.6230846705,1.614483203,1.267742648,0.0505459472,-0.9053436378,-2.3688368,1.8425,-0.7749262655,-2.4408,-0.5882738217,0.163970181,0.6452044789,12
2024-01-11 00:00:00.000,JKM,-0.02047551801,0.03851665444,-0.007592348909,0.007551994183,-0.610485218,1.634963832,1.212263958,0.04795776202,-1.096792467,-1.866690436,1.889166667,-0.767034376,-2.471,-0.5888080226,0.1657924706,0.2090266103,2.230344325
2024-01-12 00:00:00.000,JKM,-0.02157726686,0.03564369906,-0.007200728832,0.007209204811,-0.6140089644,1.473670903,1.272266236,0.04389677596,-1.393220176,-1.853420023,1.9106,-0.7562682545,-2.2278,-0.5540843878,0.1652780608,0.4155859921,4.170290607
2024-01-15 00:00:00.000,JKM,-0.02478316766,0.03710988921,-0.006976528809,0.007231694647,-0.6491123849,1.514959624,1.307486032,0.04522490428,-1.284940197,-1.61461567,1.723633333,-0.8088107231,-2.1687,-0.5638663353,0.1753764414,,3.016772338
2024-01-16 00:00:00.000,JKM,-0.0292329725,0.03774553334,-0.006366694674,0.006970917789,-0.6927363229,1.533843013,1.400320047,0.04340279378,-1.411961174,-1.58614911,1.7116,-0.8136832512,-1.9529,-0.5366819377,0.1854279685,0.2253572289,2.567319512
2024-01-17 00:00:00.000,JKM,-0.03478885626,0.04096354216,-0.005850194832,0.007541604402,-0.7347525356,1.66407864,1.479143475,0.04558023472,-1.239064203,-1.134546529,1.653833333,-0.8293153677,-1.9616,-0.5377063896,0.1879519698,0.2461705957,2.317661902
2024-01-18 00:00:00.000,JKM,-0.03160439712,0.03907457265,-0.005787688489,0.007300957447,-0.6998352329,1.537523972,1.489627853,0.04309531029,-1.413883367,-1.162034352,1.718833333,-0.8174532183,-2.0283,-0.5401488406,0.187709913,0.1626576078,2.467872828
2024-01-19 00:00:00.000,JKM,-0.02874674664,0.03968522453,-0.006152030168,0.007510731662,-0.6674010164,1.530384531,1.424995123,0.04103401904,-1.558104635,-0.9467297612,1.787366667,-0.7989294576,-2.1385,-0.5471747783,0.1842991947,0.2614597721,3.304940148
2024-01-22 00:00:00.000,JKM,-0.02670159337,0.04070242,-0.006285262345,0.007856315296,-0.645454187,1.546846444,1.398252174,0.04051623107,-1.587859345,-0.6792300729,1.829366667,-0.8139534056,-2.2823,-0.5674533831,0.1937030575,,1.280141127
2024-01-23 00:00:00.000,JKM,-0.02578732078,0.04113184744,-0.006151954206,0.008103125938,-0.6313909174,1.53251277,1.412663456,0.0403137558,-1.596514369,-0.4654352231,1.790366667,-0.8263995186,-2.3814,-0.5800447603,0.195901755,0.1880599044,1.704046259
2024-01-24 00:00:00.000,JKM,-0.02429531376,0.03938866555,-0.006413308211,0.007706337066,-0.6119293032,1.427064038,1.359938736,0.03685560502,-1.838186645,-0.6488859314,1.7942,-0.8326693408,-2.3452,-0.5763290602,0.2010750336,0.1797746717,1.886236598
2024-01-25 00:00:00.000,JKM,-0.02829125936,0.04118208878,-0.006131550594,0.008120455363,-0.665616794,1.475924854,1.39149631,0.03753728883,-1.772984831,-0.280510537,1.735733333,-0.8440772611,-2.3638,-0.5770145665,0.2006536624,0.1399317194,1.984675652
2024-01-26 00:00:00.000,JKM,-0.02742841281,0.04049470251,-0.006077758086,0.008002860961,-0.6601588573,1.421827345,1.393791567,0.03580223667,-1.882326942,-0.2972364868,1.748333333,-0.8341648994,-2.3565,-0.5703086681,0.1992266601,0.1161100748,2.14012158
2024-01-29 00:00:00.000,JKM,-0.02779891206,0.03960414042,-0.006237590908,0.007847851793,-0.6647900351,1.362211887,1.362377262,0.03341124173,-2.035064818,-0.3491276938,1.7351,-0.8590139617,-2.2805,-0.5647076739,0.2096312715,,1.703016651
2024-01-30 00:00:00.000,JKM,-0.02137781654,0.03706476985,-0.006738139401,0.00768991268,-0.5696058314,1.240471269,1.282620142,0.03107512749,-2.179578099,-0.4374110633,1.8083,-0.8540525069,-2.3268,-0.5682714433,0.2048715236,0.2703381296,1.538720355
2024-01-31 00:00:00.000,JKM,-0.01758585695,0.03747192994,-0.006793486264,0.007570772216,-0.5066533514,1.234702672,1.267058276,0.02992969684,-2.235815963,-0.5383668161,1.681766667,-0.8699018683,-2.4266,-0.5795106357,0.2173614465,0.3909419285,2.397032805
2024-02-01 00:00:00.000,JKM,0.0218222698,0.03667161421,-0.005155971722,0.007985002749,0.05313389548,1.184785648,1.489141631,0.05034149721,-0.7928362024,0.1388532959,1.584233333,-0.8783100747,-3.1687,-0.6698002426,0.1918927248,0.3473865965,12
2024-02-02 00:00:00.000,JKM,0.02133875096,0.03539578029,-0.005045307117,0.007749679521,0.06260232781,1.120200257,1.49437967,0.04903413516,-0.8838377986,-0.1199365756,1.570166667,-0.8753720016,-3.0619,-0.6486084515,0.1944605449,0.1971732055,4.581673412
2024-02-05 00:00:00.000,JKM,0.01874951528,0.03700692391,-0.004192706515,0.007629147436,0.04228519935,1.179721572,1.590401621,0.04986142777,-0.8244642143,-0.255192582,1.549866667,-0.8753002359,-2.955,-0.6426878365,0.2077714044,,4.494671772
2024-02-06 00:00:00.000,JKM,0.005633333724,0.03437076204,-0.003751223003,0.006588195701,-0.1316291804,1.064920384,1.639408063,0.04807190686,-0.9478205461,-2.907563413,1.6091,-0.8597245183,-2.3641,-0.5723378568,0.2181053819,0.469483763,7.133359315
2024-02-07 00:00:00.000,JKM,0.009727044846,0.03473386356,-0.003678595603,0.006640517802,-0.05560564533,1.063984357,1.645042347,0.04761485857,-0.9772778049,-2.395847463,1.582033333,-0.8572299425,-2.4875,-0.5901342387,0.2205789599,0.1471142822,3.626257914
2024-02-08 00:00:00.000,JKM,0.006420428287,0.03358536061,-0.003273544766,0.006290233954,-0.0880045205,1.004734777,1.691070633,0.04939637047,-0.8500736659,-2.848646328,1.565666667,-0.848514342,-2.2853,-0.5626131721,0.2159801488,0.3658339884,3.620158275
2024-02-09 00:00:00.000,JKM,0.003437562476,0.03179849863,-0.00271743262,0.00598422746,-0.1162207083,0.9232055894,1.76283986,0.05151191499,-0.7015188069,-2.948151437,1.524,-0.8492013461,-2.0533,-0.5286056991,0.2159501861,0.3271210185,2.368175295
2024-02-12 00:00:00.000,JKM,-0.001615771904,0.03665058294,-0.002812872367,0.006434281543,-0.1787252773,1.084054816,1.731337322,0.04721761541,-0.9981127215,-1.611818055,1.501866667,-0.8434292518,-2.0775,-0.5307368327,0.2323282732,,2.220516032
2024-02-13 00:00:00.000,JKM,-0.009598467888,0.03700171012,-0.001990928234,0.00616667016,-0.2913766913,1.076828466,1.838048384,0.04322270198,-1.271716772,-1.884033,1.4059,-0.8491879514,-1.8147,-0.4906824767,0.2330387001,0.4119183116,9.907861862
2024-02-14 00:00:00.000,JKM,-0.01392255952,0.03674933631,-0.001047261639,0.005907184179,-0.3468247739,1.047042769,1.969144338,0.04013243751,-1.477890788,-2.045447936,1.342533333,-0.850340034,-1.7054,-0.4717033209,0.2268069681,0.6533895674,12
2024-02-15 00:00:00.000,JKM,-0.0154392651,0.03713517756,-0.0009285292514,0.005926483219,-0.3575441936,1.032381942,1.993207237,0.03813354453,-1.607057593,-1.781493922,1.400866667,-0.8296656711,-1.6881,-0.4629836117,0.2246774312,0.1656342879,3.586813627
2024-02-16 00:00:00.000,JKM,-0.01780127802,0.03712151784,-0.0006847015093,0.00613986256,-0.3835636561,1.008007857,2.022644768,0.03599969284,-1.743168989,-1.306802016,1.379333333,-0.8268485683,-1.7162,-0.4594731579,0.2254868996,0.2323483884,2.484861625
2024-02-19 00:00:00.000,JKM,-0.02544571803,0.03959792907,-7.917333816e-05,0.006763584858,-0.501259255,1.063824599,2.114029677,0.03543301591,-1.766572153,-0.4452741965,1.377166667,-0.8148896586,-1.6241,-0.4462527639,0.2231038681,,2.081830612
2024-02-20 00:00:00.000,JKM,-0.02770796798,0.04023228985,-0.000747931441,0.007276113364,-0.5282500062,1.06090333,2.027606666,0.03396842962,-1.848697696,0.2107968673,1.235233333,-0.846193171,-1.6571,-0.4515966901,0.22883915,0.6527384383,12
2024-02-21 00:00:00.000,JKM,-0.0277713705,0.04200663276,-0.0006663819302,0.007844235591,-0.5168205676,1.09706923,2.045310099,0.03358658408,-1.855278858,0.9434322479,1.1938,-0.864422899,-1.7116,-0.464676053,0.2273179256,0.2620303702,4.558785333
2024-02-22 00:00:00.000,JKM,-0.02688351558,0.04314521354,-0.0002323081163,0.008104476811,-0.4877351013,1.112247106,2.114473001,0.03445287587,-1.777495018,1.299659406,1.1501,-0.8756177623,-1.6223,-0.4545007619,0.2398058031,0.2079344385,2.190666706
2024-02-23 00:00:00.000,JKM,-0.02608325072,0.0404989312,-8.377375554e-05,0.007260135901,-0.4600844452,1.002973607,2.124936593,0.03374815126,-1.806477244,0.2196748891,1.1988,-0.870925677,-1.5699,-0.4418341476,0.2386063211,0.4924829532,2.059791999
2024-02-26 00:00:00.000,JKM,-0.02598642609,0.03891076254,-0.001013204178,0.007016569421,-0.4450636655,0.9291679871,1.972165888,0.03079179734,-1.98318203,-0.02732358003,1.203866667,-0.8783018312,-1.5322,-0.4227407872,0.2586568133,,1.901729793
2024-02-27 00:00:00.000,JKM,-0.02006337676,0.03769005573,-0.001211424424,0.006679051774,-0.3184926429,0.8714312832,1.923885166,0.02993430954,-2.016269331,-0.4113748905,1.1299,-0.9019495019,-1.6869,-0.4417574371,0.2853332715,0.460823615,5.766069152
2024-02-28 00:00:00.000,JKM,-0.01918220111,0.03764445563,-0.0009048499048,0.007279181682,-0.2867502894,0.8531669589,1.958116867,0.03419338835,-1.716283423,0.4673422492,1.1541,-0.8977218919,-1.8062,-0.4596809177,0.2799836058,0.6384693721,7.534878832
2024-02-29 00:00:00.000,JKM,-0.01811024611,0.03843780176,-0.000726882756,0.007938785582,-0.2506388286,0.8575489845,1.974988051,0.03386952332,-1.720535287,1.421479438,1.089033333,-0.9054936908,-1.9113,-0.4748644496,0.2799370951,0.2831531224,2.962631751
2024-03-01 00:00:00.000,JKM,0.02520317631,0.03494053108,-0.0009485588528,0.009237055997,0.64098468,0.7336221405,1.918487913,0.05111841973,-0.5960696,3.110983034,1.109533333,-0.8947625814,-2.7354,-0.5810614908,0.3247652774,0.7789207106,12
2024-03-04 00:00:00.000,JKM,0.0289930096,0.02821190619,-0.001617793257,0.007085874431,0.7464334903,0.5201829249,1.801467447,0.05194700609,-0.5379475068,0.1067696246,1.092433333,-0.8955196878,-2.4642,-0.5347896728,0.3306987563,,4.986905932
2024-03-05 00:00:00.000,JKM,0.034181965,0.02700645399,-0.001499823502,0.007080481405,0.8801835506,0.4753305567,1.799050589,0.05033451251,-0.6359931999,0.1396829808,1.121166667,-0.8895716209,-2.6555,-0.5552816173,0.3239232117,0.3208677841,3.510869016
2024-03-06 00:00:00.000,JKM,0.02938470941,0.02901432527,-0.001219213057,0.007467515685,0.8104051973,0.5244870605,1.834401459,0.04837041502,-0.7567876897,0.6346316717,1.067033333,-0.9020235246,-2.6143,-0.5463440542,0.3326306902,0.2399382185,2.820151401
2024-03-07 00:00:00.000,JKM,0.02757886987,0.02968122179,-0.0007661406923,0.007346110743,0.8027395348,0.5384733269,1.883259615,0.04812035638,-0.766667446,0.4379465609,1.066566667,-0.9000977144,-2.6021,-0.5409213026,0.3311184875,0.1170034349,2.565342884
2024-03-08 00:00:00.000,JKM,0.02934914949,0.02863153664,-0.001141706268,0.00677728198,0.8807023594,0.5007770125,1.816758259,0.04363612401,-1.049410106,-0.2773493425,1.297566667,-0.8448839331,-2.5816,-0.5313872715,0.3255155657,1.004834411,12
2024-03-11 00:00:00.000,JKM,0.02788611819,0.03008096986,-0.001069433428,0.007402741366,0.8795693389,0.536957917,1.812866347,0.04368160297,-1.039590106,0.4453062865,1.234066667,-0.8610977166,-2.5398,-0.5164546337,0.32803326,,1.798439744
2024-03-12 00:00:00.000,JKM,0.01984343274,0.02915719039,-0.00115032538,0.006780141552,0.7235260521,0.5076609051,1.77808461,0.04365827843,-1.034660688,-0.4042415296,1.244566667,-0.8561774927,-2.2087,-0.4639008373,0.3118499803,0.5399885859,2
2024-03-13 00:00:00.000,JKM,0.02013406887,0.02892955962,-0.001243954799,0.006858540445,0.7571418352,0.4994466661,1.736505896,0.04189998092,-1.140070432,-0.3309452731,1.235966667,-0.855816759,-2.204,-0.4594586003,0.318315523,0.2724869141,2
2024-03-14 00:00:00.000,JKM,0.02203992748,0.02729556293,-0.001854449729,0.006386767273,0.8308851381,0.4523341438,1.634278558,0.04177242952,-1.13937541,-1.010535902,1.257033333,-0.8457227721,-2.2254,-0.4572848695,0.3236618743,0.4309584878,2.350616974
2024-03-15 00:00:00.000,JKM,0.0300384084,0.02524056629,-0.002392026722,0.006467721786,1.048519125,0.3903818083,1.54884773,0.04298102398,-1.053024113,-0.9761725217,1.296766667,-0.8303628297,-2.4485,-0.4809953802,0.320095697,0.4120930185,2.829647055
2024-03-18 00:00:00.000,JKM,0.03096204305,0.0241312629,-0.002874335214,0.006223246287,1.086141555,0.3511328667,1.47201139,0.04371969493,-0.9976801329,-1.424652962,1.396433333,-0.8090832304,-2.4107,-0.4668406019,0.3146276504,,0.7780460834
2024-03-19 00:00:00.000,JKM,0.02121765748,0.02377975853,-0.003175314631,0.006110099517,0.8542483074,0.3354574822,1.419353839,0.04180928907,-1.111900747,-1.610186072,1.399,-0.8051919574,-2.1321,-0.4177221928,0.2938241922,0.4135528583,2.436885556
2024-03-20 00:00:00.000,JKM,0.02419475253,0.02495240388,-0.002937504332,0.006411756052,0.9421794214,0.3663661974,1.440638189,0.04137535239,-1.130721504,-1.064930604,1.319666667,-0.8230619701,-2.2452,-0.4300527657,0.3045652534,0.3853246643,3.966252314
2024-03-21 00:00:00.000,JKM,0.0302545587,0.0265900487,-0.002587264771,0.007076899051,1.114902387,0.4116775624,1.472837017,0.04053271933,-1.175864225,-0.07427393724,1.266433333,-0.8297525862,-2.5282,-0.4699406338,0.3083524006,0.3943380762,3.052463266
2024-03-22 00:00:00.000,JKM,0.02992470898,0.02571278821,-0.002916902979,0.00698706945,1.117251359,0.3783549734,1.408664455,0.0399040843,-1.206679628,-0.1507931154,1.2956,-0.8162323245,-2.4844,-0.4536145188,0.2907209305,0.1666056232,2.015099737
2024-03-25 00:00:00.000,JKM,0.03449076207,0.02555262538,-0.003535470383,0.007161642337,1.241874159,0.3674513842,1.294859855,0.0394688706,-1.225612414,0.1776377574,1.343266667,-0.8081026105,-2.6991,-0.4844158533,0.3096120111,,0.9444805895
2024-03-26 00:00:00.000,JKM,0.03096076146,0.02639024028,-0.003126188403,0.007230859194,1.152191534,0.3884833893,1.316696092,0.03784288587,-1.318699726,0.2875124831,1.2763,-0.8238704158,-2.62,-0.469222293,0.299371005,0.1716716685,2
2024-03-27 00:00:00.000,JKM,0.03027168226,0.02506682547,-0.003276716467,0.007456028123,1.139303646,0.3379537063,1.27792017,0.03844315835,-1.271680759,0.6049707064,1.4155,-0.7932273253,-2.4316,-0.4375976009,0.2890248257,0.2498030108,12
2024-03-28 00:00:00.000,JKM,0.02857145042,0.02528442275,-0.003131356268,0.006858131047,1.095669417,0.3419772593,1.278906242,0.03748950789,-1.32350027,-0.3342124106,1.359133333,-0.8049412865,-2.3373,-0.4214126261,0.3001217749,0.5014518697,12
2024-04-02 00:00:00.000,JKM,0.01727917257,0.0112097172,-0.004298538309,0.006428220309,0.8022833772,-0.118995942,1.124834088,0.05648359313,-0.1313751295,-0.940208583,1.316466667,-0.8162576282,-1.1014,-0.2043291669,0.2789260784,,9.304046147
2024-04-03 00:00:00.000,JKM,0.01404461546,0.01146938136,-0.00429433624,0.006369689877,0.7254317694,-0.1161070381,1.11401098,0.05515741003,-0.2148890885,-0.9449692994,1.291033333,-0.8208352138,-1.0382,-0.1993196669,0.2842569977,0.141216657,4.942054559
2024-04-04 00:00:00.000,JKM,0.01153249782,0.01051010695,-0.004207712356,0.006197025536,0.6826071163,-0.1537625789,1.10929174,0.05264179893,-0.3740834804,-1.545173769,1.3066,-0.813736649,-0.9624,-0.1904973968,0.2865058345,0.1923476823,3.470647973
2024-04-05 00:00:00.000,JKM,0.01267909796,0.0128771934,-0.004802771617,0.006553233465,0.7256960499,-0.08138192455,1.02297191,0.04835111413,-0.6372310902,-0.5831543485,1.2335,-0.8265600122,-1.1549,-0.2196807758,0.2886193758,0.2613250922,3.336269235
2024-04-08 00:00:00.000,JKM,0.01554865903,0.01259896731,-0.005499571044,0.00677823514,0.8210818074,-0.09672997723,0.9342668323,0.04602218822,-0.7779704122,-0.02223972582,1.2601,-0.8270594101,-1.3195,-0.2515439209,0.3000879449,,3.15787292
2024-04-09 00:00:00.000,JKM,0.02097394199,0.01359398862,-0.00564152243,0.00719263797,1.002861729,-0.06878872886,0.9037596244,0.04379335959,-0.9122734468,1.049233941,1.2153,-0.8385155016,-1.5369,-0.2907754091,0.3093997562,0.2542935278,2.681066592
2024-04-10 00:00:00.000,JKM,0.01746546737,0.01421935078,-0.006031729378,0.007545499931,0.9224481998,-0.05284006017,0.8481979823,0.04449251584,-0.8611251221,1.95865907,1.177866667,-0.8494013087,-1.4909,-0.288595044,0.2933965905,0.2509532193,1.662742597
2024-04-11 00:00:00.000,JKM,0.01485454026,0.01418316187,-0.007603973058,0.008473767731,0.8595534815,-0.06048663676,0.6739004856,0.04517216994,-0.8111381093,3.814148563,1.2362,-0.8306997057,-1.4712,-0.2898850871,0.2917771728,0.4596646121,4.717333686
2024-04-12 00:00:00.000,JKM,0.01218207935,0.01428583335,-0.008332423861,0.008640567366,0.7865735188,-0.06307216412,0.5935393236,0.0464396272,-0.7237506595,3.206019967,1.148733333,-0.8472429671,-1.3781,-0.2705531309,0.2978330852,0.353651837,5.091406045
2024-04-15 00:00:00.000,JKM,0.00714500263,0.01123880359,-0.007984886318,0.008251770382,0.6522687124,-0.1794871437,0.6286870686,0.04855135709,-0.5820858332,1.933474293,1.327233333,-0.8117918328,-1.0111,-0.2155683109,0.3089247265,,3.425541956
2024-04-16 00:00:00.000,JKM,0.006620581549,0.009513396952,-0.008720479435,0.009004455918,0.6461019597,-0.2509519353,0.5463285029,0.05306235515,-0.2857433723,2.703917167,1.522633333,-0.7620361828,-0.7979,-0.1894965826,0.3370056771,0.4449492142,12
2024-04-17 00:00:00.000,JKM,0.009764713641,0.01028662908,-0.008010015765,0.008697059072,0.7396296114,-0.2311025495,0.6191146651,0.05488407868,-0.1630205129,1.860380866,1.548433333,-0.7576320123,-0.8883,-0.2149385884,0.3430396383,0.4984756881,9.590831019
2024-04-18 00:00:00.000,JKM,0.01683940033,0.01009949235,-0.008520776224,0.009605121121,0.9427251699,-0.2472504595,0.561438401,0.056123683,-0.0787812142,2.63996536,1.708933333,-0.7137120805,-1.0999,-0.2542492163,0.3560352679,0.3596393584,3.485062562
2024-04-19 00:00:00.000,JKM,0.007970890202,0.01058703995,-0.007840193753,0.009122960793,0.6866405196,-0.2370702892,0.6315055422,0.05773520951,0.02920374038,1.721394764,1.724733333,-0.7041154927,-0.7931,-0.2016373824,0.3636183526,0.3315612802,7.761712135
2024-04-22 00:00:00.000,JKM,-0.0009970477778,0.01169055997,-0.007415859224,0.008445623475,0.4320060126,-0.2040645588,0.6737875197,0.05794274743,0.04504898149,0.8886225671,1.566666667,-0.7561825363,-0.578,-0.1835748054,0.4288099436,,1.576458535
2024-04-23 00:00:00.000,JKM,-0.004144936953,0.01169720042,-0.007120394603,0.008135679115,0.3517064159,-0.2144193907,0.7020736574,0.05632261537,-0.05787853042,0.5026027919,1.508566667,-0.7726623979,-0.5489,-0.1862193918,0.4301651689,0.1877411059,2.301149833
2024-04-24 00:00:00.000,JKM,-0.0006844384974,0.01089789511,-0.007336508244,0.008290508346,0.4523042857,-0.2633059289,0.6680084316,0.05728606457,0.007111342862,0.6061831571,1.505233333,-0.7773044346,-0.6683,-0.2155962964,0.4500108087,0.1976596787,3.409619499
2024-04-25 00:00:00.000,JKM,0.006533157498,0.01155801682,-0.007455406511,0.008490869484,0.6541108041,-0.2468439096,0.6543524781,0.05299537358,-0.2678035517,0.7450286192,1.537933333,-0.7724947696,-0.8611,-0.2506521059,0.4243470168,0.2711454845,2.305730802
2024-04-26 00:00:00.000,JKM,0.0006816050363,0.01291886618,-0.007532643949,0.008672338896,0.4789237301,-0.1924899701,0.6449539264,0.05329192085,-0.2434891963,0.8582452771,1.4182,-0.7986372376,-0.7641,-0.2325629334,0.4277900265,0.2406412345,1.78028605
2024-04-29 00:00:00.000,JKM,-0.004716087911,0.01274096103,-0.007486158454,0.008745404142,0.3198360534,-0.2074992823,0.6482698758,0.05804024061,0.07125213363,0.8555522084,1.383366667,-0.8188653114,-0.6014,-0.2274847569,0.4619523126,,2.067968016
2024-04-30 00:00:00.000,JKM,0.003933166193,0.01250590235,-0.009169544388,0.01032636317,0.5671273486,-0.2254788687,0.4714502838,0.06052004046,0.23659168,2.307311513,1.3646,-0.8341876569,-0.9884,-0.2935718015,0.4345473577,0.4986631443,2.921959287
2024-05-01 00:00:00.000,JKM,0.007376744537,-0.002971456529,-0.0105347751,0.01123062601,0.6587320784,-0.9095525037,0.3277313925,0.07782937212,1.39263468,2.770998985,1.3292,-0.8935425419,-0.7149,-0.254143998,0.3457705539,0.1708529575,12
2024-05-02 00:00:00.000,JKM,0.01085741966,-0.003319912989,-0.01223064179,0.01318841024,0.7505274243,-0.923962711,0.1487541621,0.07793054007,1.411456843,3.871221409,1.343133333,-0.8991047508,-0.8776,-0.276666342,0.3428790693,0.3503544665,6.919670495
2024-05-03 00:00:00.000,JKM,0.009261346665,-0.00320429009,-0.01273441541,0.01411777007,0.6965062552,-0.9181788929,0.09541857268,0.08339905117,1.784703267,3.486171405,1.315533333,-0.9058683334,-0.8082,-0.2585747836,0.3416327974,0.3204054707,3.786483562
2024-05-07 00:00:00.000,JKM,0.006746874689,-0.002698630918,-0.01303756682,0.01473952034,0.6168554177,-0.897679344,0.06313148135,0.08289919769,1.746299112,3.050807769,1.3157,-0.896969067,-0.6778,-0.2569331464,0.3692621528,,2.994495771
2024-05-08 00:00:00.000,JKM,0.007636242528,-0.002567932141,-0.01301232245,0.01473993298,0.633728283,-0.8953701615,0.06530495921,0.08361618149,1.784293259,2.462444445,1.316133333,-0.9023636011,-0.6808,-0.260546703,0.365006124,0.1290612795,3.513811694
2024-05-09 00:00:00.000,JKM,0.01589604143,-0.002407761356,-0.01291631912,0.0144498338,0.8607759282,-0.8955186506,0.07463678542,0.07688045925,1.328507881,1.968175124,1.3169,-0.9007296834,-1.0532,-0.3323998024,0.3348378949,0.2743885371,2.618290274
2024-05-10 00:00:00.000,JKM,0.01994837742,-0.001985268413,-0.01216772677,0.01343407202,0.9651007559,-0.8801648,0.1517640837,0.07276836044,1.052980679,1.32145608,1.2842,-0.9036058688,-1.2383,-0.3638294267,0.3285321547,0.2906039812,3.281820214
2024-05-13 00:00:00.000,JKM,0.01331845666,-0.002367849401,-0.01198272622,0.01317244965,0.7657471947,-0.8981661076,0.1698945786,0.07065022675,0.9108273145,1.093237258,1.289833333,-0.9105877443,-1.0234,-0.3269000995,0.3465781424,,2.342822354
2024-05-14 00:00:00.000,JKM,0.01175201698,-0.00175804269,-0.01193768889,0.01287867497,0.7114246652,-0.8707135934,0.1746472631,0.06496394261,0.5318818578,0.8782955171,1.270166667,-0.9174426115,-1.0561,-0.3353190129,0.3514165449,0.2645558632,2
2024-05-15 00:00:00.000,JKM,0.01280280985,-0.002478953551,-0.01119111585,0.01200190629,0.7307168073,-0.9010216816,0.2528761231,0.06066975614,0.2464411599,0.4543493588,1.341233333,-0.9031124033,-0.9657,-0.3213999504,0.3588544525,0.3196365207,4.084170961
2024-05-16 00:00:00.000,JKM,0.01141581,-0.002833840309,-0.01123992249,0.01185439675,0.680643229,-0.9179914311,0.2472789006,0.05298717714,-0.260746391,0.3342062976,1.3395,-0.903035228,-0.9226,-0.3102945422,0.3625420943,0.1974125123,1.954854918
2024-05-17 00:00:00.000,JKM,0.01142632617,-0.00259795228,-0.01119622907,0.01184737998,0.6713452857,-0.9103660882,0.251354606,0.04978541641,-0.4691591611,0.2811306136,1.352333333,-0.8924646861,-0.9295,-0.3047309576,0.3615366544,0.2044580379,4.952190488
2024-05-20 00:00:00.000,JKM,0.009122089595,-0.003830032285,-0.01184533354,0.01287870151,0.5986707666,-0.9665956397,0.1832293189,0.04665212071,-0.6708574423,0.6579050809,1.459866667,-0.8746736875,-0.7646,-0.2764524614,0.3648599834,,1.244058873
2024-05-21 00:00:00.000,JKM,0.008437952775,-0.004872655412,-0.01287612894,0.01441538224,0.571765072,-1.012079372,0.07466138015,0.04209642946,-0.9658191782,1.241840566,1.512566667,-0.8625988792,-0.6845,-0.260608198,0.3544789929,0.2695109839,3.888487172
2024-05-22 00:00:00.000,JKM,0.01354180797,-0.00602190571,-0.01355106347,0.01572029186,0.7061414601,-1.061236421,0.003511072307,0.0372447782,-1.278102741,1.671094258,1.6583,-0.8299489152,-0.6774,-0.2684163341,0.3481690125,0.2968854401,6.465783138
2024-05-23 00:00:00.000,JKM,0.01704912147,-0.006593444736,-0.01346068058,0.01547778381,0.7934972209,-1.086161266,0.01240187216,0.03228902972,-1.593255654,1.408160986,1.658166667,-0.8292763945,-0.7531,-0.2861117115,0.3378847723,0.227675315,5.536066489
2024-05-24 00:00:00.000,JKM,0.01481264631,-0.007028755006,-0.0130515192,0.01467169965,0.7193511366,-1.105074439,0.05493681086,0.02880887916,-1.80544854,0.9576855326,1.6102,-0.8350706105,-0.5735,-0.240329737,0.3402526854,0.1562007146,3.140696304
2024-05-28 00:00:00.000,JKM,0.01347269494,-0.006668760721,-0.0119878494,0.01307067987,0.6707945147,-1.089498416,0.1657643379,0.02559919343,-1.994154274,0.1603200135,1.597133333,-0.8495780046,-0.6446,-0.2639528473,0.3500814546,,2.402662976
2024-05-29 00:00:00.000,JKM,0.01435028364,-0.006543861887,-0.01199029485,0.01311946356,0.6830935968,-1.084185594,0.1661364747,0.02337290745,-2.114348068,0.09303093603,1.649466667,-0.8391069824,-0.6694,-0.2739501863,0.3556724357,0.1226202896,2.233444315
2024-05-30 00:00:00.000,JKM,0.02336063692,-0.006960625174,-0.0124391084,0.0137976751,0.9219302849,-1.102461319,0.1200712994,0.02229134587,-2.15720685,0.3770664531,1.7023,-0.827273446,-0.8527,-0.3170252033,0.3411353678,0.1865040255,2.432189224
2024-05-31 00:00:00.000,JKM,0.0161996189,-0.007477601533,-0.01170817326,0.01286238478,0.706103678,-1.12513277,0.1958133172,0.02159742506,-2.182786746,-0.3737540546,1.6924,-0.8235564719,-0.5727,-0.2452420334,0.3444454915,0.2975587927,1.735397383
2024-06-03 00:00:00.000,JKM,0.02134272814,-0.02143374837,-0.01418356299,0.01636328659,0.838111852,-1.728213212,-0.06192684298,0.05141227084,-0.2681991737,2.329467005,1.7997,-0.8013199374,-0.2524,-0.1848747621,0.3587304709,,12
2024-06-04 00:00:00.000,JKM,0.0126207454,-0.02111888906,-0.01321085263,0.01461607406,0.5762856033,-1.710868533,0.03913455269,0.05523658925,-0.01605446391,0.6853391898,1.711,-0.8267344619,0.026,-0.1241876376,0.3724024485,0.2459834025,11.945962909
2024-06-05 00:00:00.000,JKM,0.00858741299,-0.02192069334,-0.01274057045,0.01398517592,0.4476071247,-1.741892255,0.08924334572,0.05761112075,0.1427182054,0.1300502231,1.746933333,-0.8217955402,0.2225,-0.08569347429,0.3877121148,0.1791387443,3.973681131
2024-06-06 00:00:00.000,JKM,0.0100888944,-0.02098404727,-0.01277291355,0.01375394515,0.4781829507,-1.702075185,0.08654730822,0.05553265195,0.01350084813,-0.04756176164,1.679566667,-0.8393033972,0.1447,-0.1008941575,0.3824039381,0.1107215477,3.362885746
2024-06-07 00:00:00.000,JKM,0.008274450942,-0.02055857475,-0.01253568178,0.01322665789,0.4108423805,-1.688103384,0.111897521,0.05473561493,-0.03303647975,-0.4332814269,1.636366667,-0.8432611889,0.1886,-0.0812134448,0.3793704215,0.1278232882,8.806866232
2024-06-10 00:00:00.000,JKM,0.01273856633,-0.02162458056,-0.01313464739,0.01469215798,0.5340455215,-1.738837961,0.04893476416,0.05092054535,-0.2763266727,0.8091591154,1.744166667,-0.819697935,0.1068,-0.1027493208,0.3895848304,,2.388577404
2024-06-11 00:00:00.000,JKM,0.009217437893,-0.02253360615,-0.01209005603,0.01289737288,0.4112241552,-1.776403752,0.1569750528,0.05137175194,-0.2431567215,-0.652300787,1.761933333,-0.8134578709,0.2783,-0.06275611672,0.3870334025,0.4238362328,7.234240773
2024-06-12 00:00:00.000,JKM,0.01290815461,-0.02316701836,-0.01273179577,0.01437192797,0.5176312947,-1.794240688,0.08808143072,0.04698355857,-0.5251169211,0.5517340791,1.857833333,-0.7893898857,0.2071,-0.08122101255,0.3728038112,0.3030168071,3.286747159
2024-06-13 00:00:00.000,JKM,0.01202184445,-0.02318072246,-0.01284350621,0.01466650153,0.4765025892,-1.78846428,0.07361799119,0.04706528915,-0.5151955,0.7396185913,1.860633333,-0.7897142087,0.2033,-0.08897119723,0.3983310861,0.230982588,3.269030352
2024-06-14 00:00:00.000,JKM,0.01309523792,-0.02332254184,-0.01257326014,0.01432290788,0.5056191415,-1.796102777,0.0987182699,0.04619520131,-0.569227116,0.3982033833,1.881866667,-0.7792877183,0.1676,-0.09205949645,0.4001710438,0.1224419512,3.534900159
2024-06-17 00:00:00.000,JKM,0.01167955798,-0.02184704071,-0.01208984312,0.01287172123,0.4438124603,-1.738016443,0.1459868869,0.04470930445,-0.6612333936,-0.8953209179,1.714966667,-0.8374568277,0.154,-0.08332705048,0.387943838,,1.443641487
2024-06-18 00:00:00.000,JKM,0.01520094383,-0.02099379684,-0.01251714556,0.01330222351,0.5607268929,-1.706375593,0.09906055296,0.040429277,-0.9359972572,-0.6094899437,1.675866667,-0.8490119089,0.0065,-0.1078326583,0.4015000214,0.1185176255,1.848895795
2024-06-19 00:00:00.000,JKM,0.0214221281,-0.02114182077,-0.01293625193,0.01396780802,0.7894244596,-1.718706875,0.05259314211,0.03575099421,-1.234988134,-0.08236752377,1.7172,-0.837495708,-0.2213,-0.1523863801,0.3954482752,0.1864410089,1.56242383
2024-06-20 00:00:00.000,JKM,0.01809984385,-0.02011363227,-0.01241114224,0.01277867132,0.619930186,-1.673086639,0.1034456403,0.03505152978,-1.271226894,-1.349240456,1.611933333,-0.8672013184,-0.2037,-0.1568505776,0.3840927248,0.3217676876,2.330158113
2024-06-21 00:00:00.000,JKM,0.01744438904,-0.02001395338,-0.01240025441,0.01287078401,0.5749412043,-1.652635027,0.1015001524,0.03697982896,-1.136945727,-1.131992382,1.574033333,-0.8724755792,-0.1095,-0.1333666803,0.400975452,0.3515270947,2.51259165
2024-06-24 00:00:00.000,JKM,0.0216904648,-0.02083647602,-0.01255410089,0.0133077988,0.7185186315,-1.675016869,0.08202514609,0.03600711168,-1.191020075,-0.5989546856,1.657433333,-0.8424215768,-0.1584,-0.1021009567,0.4074423737,,1.139895422
2024-06-25 00:00:00.000,JKM,0.02191386522,-0.02139471429,-0.01286382663,0.01402464777,0.7210166251,-1.703628394,0.04607185791,0.03492027834,-1.251411038,0.2623271527,1.7149,-0.8242457885,-0.1364,-0.08267398076,0.407276402,0.1830050782,2
2024-06-26 00:00:00.000,JKM,0.01889439129,-0.01995068279,-0.01301553123,0.0138925452,0.5807498176,-1.555039026,0.02627904766,0.03566686642,-1.19480145,0.1542790916,1.582366667,-0.8633277791,-0.1137,-0.06474138668,0.4075522565,0.3237523211,2.254292001
2024-06-27 00:00:00.000,JKM,0.01897481491,-0.01946592771,-0.01308375978,0.01386847753,0.5762261581,-1.433930511,0.01564948306,0.03353798969,-1.322615451,0.08432233459,1.556666667,-0.8700578894,-0.17,-0.08117304636,0.4027176928,0.1448301906,1.629790206
2024-06-28 00:00:00.000,JKM,0.01636919624,-0.01910410709,-0.01258541451,0.01314183359,0.4584090553,-1.38030097,0.06520903424,0.03149052475,-1.444614909,-0.8012938982,1.623933333,-0.8474824702,-0.1765,-0.08137355938,0.3822105249,0.4280751664,7.225546019
2024-07-01 00:00:00.000,JKM,0.02360186746,-0.02205141061,-0.01383961671,0.01441275826,0.7510368724,-1.453073419,-0.07052206161,0.06362599787,0.6006214768,0.7031040204,1.518333333,-0.882536471,-0.2058,-0.0867396499,0.3788159403,,12
2024-07-02 00:00:00.000,JKM,0.02098574713,-0.02102649377,-0.01428424082,0.01482298982,0.6242974031,-1.395642173,-0.1207341778,0.05954382875,0.3486104731,1.111364628,1.4651,-0.8945559303,-0.1645,-0.09032028262,0.371959791,0.24022922,4.935636485
2024-07-03 00:00:00.000,JKM,0.02148345336,-0.01930177229,-0.01382673404,0.01359607983,0.6308444067,-1.316750792,-0.07677229961,0.05649259294,0.1607882703,-0.3003360656,1.324133333,-0.9370961415,-0.3517,-0.1296789334,0.4465457197,0.4694145628,10.328243906
2024-07-04 00:00:00.000,JKM,0.02657941671,-0.02029431732,-0.01393357053,0.01399414471,0.8347638168,-1.336215308,-0.09157311852,0.05437982487,0.03087481717,0.3721492794,1.4141,-0.9124123673,-0.5287,-0.1666081752,0.4191306788,0.3066441333,4.263857044
2024-07-05 00:00:00.000,JKM,0.02319596938,-0.02015080427,-0.01337763555,0.01318301779,0.6768278005,-1.327043827,-0.02843821981,0.05523182249,0.1082949679,-0.8707407201,1.391666667,-0.9093435058,-0.3916,-0.140496018,0.4133817634,0.2272521995,2.72603902
2024-07-08 00:00:00.000,JKM,0.01555637285,-0.020134817,-0.01359775319,0.0134630842,0.3373648723,-1.323708469,-0.05633678616,0.05868242158,0.3480453989,-0.3931873372,1.371,-0.9173952054,-0.0867,-0.08741490698,0.4083181333,,2.427531024
2024-07-09 00:00:00.000,JKM,0.01881511314,-0.01987152308,-0.01285666763,0.01215832261,0.4614261962,-1.313757623,0.01935020116,0.06091847207,0.5088591975,-2.397945798,1.321,-0.9284583652,-0.2264,-0.1103092675,0.4260902864,0.2432890799,5.696789867
2024-07-10 00:00:00.000,JKM,0.01765438025,-0.01978538403,-0.01240503078,0.01145439208,0.3952172998,-1.303076541,0.06480155655,0.06025712232,0.4710168433,-3.067666743,1.306033333,-0.9329663773,-0.1966,-0.1076923638,0.4238117381,0.1563476922,5.837237446
2024-07-11 00:00:00.000,JKM,0.01984231762,-0.01956769713,-0.01273326819,0.0119309142,0.4745642545,-1.285703296,0.02605573598,0.05718187302,0.2664802562,-1.932454262,1.3088,-0.9318575642,-0.3015,-0.1331551947,0.4179901691,0.2239710464,2
2024-07-12 00:00:00.000,JKM,0.02233155378,-0.01985502103,-0.01312687115,0.01248622019,0.5650906616,-1.283562174,-0.02074679702,0.05242634359,-0.05567292418,-1.068029499,1.359866667,-0.9110307647,-0.3799,-0.1419178557,0.4127532583,0.1940280409,2
2024-07-15 00:00:00.000,JKM,0.02267303604,-0.02066031979,-0.01308420908,0.01249267893,0.5629571913,-1.300426661,-0.01876841336,0.05485297676,0.1174809221,-0.9704693096,1.3971,-0.9011187359,-0.366,-0.1304892235,0.404566591,,0.8989398867
2024-07-16 00:00:00.000,JKM,0.02218615093,-0.02056170481,-0.0137699966,0.01365869311,0.5249882416,-1.27779735,-0.0969621905,0.05206392557,-0.0725763061,0.4962621396,1.415133333,-0.8880521114,-0.3238,-0.1208994391,0.3796851843,0.3838847327,3.993502786
2024-07-17 00:00:00.000,JKM,0.01982157855,-0.02000888123,-0.01342071719,0.01288070609,0.4060228995,-1.229752739,-0.06083986858,0.05361846574,0.03920428279,-0.4680145244,1.357366667,-0.9033985352,-0.3025,-0.1190353308,0.3924030898,0.2156669822,2
2024-07-18 00:00:00.000,JKM,0.02009938122,-0.01984132577,-0.01333463953,0.01281244283,0.4019202844,-1.194565456,-0.05458741445,0.05019957338,-0.1960106649,-0.5223013155,1.3639,-0.9009317218,-0.3111,-0.1261357173,0.3887577295,0.226499271,2
2024-07-19 00:00:00.000,JKM,0.01885981285,-0.01996681243,-0.01304417267,0.01227203298,0.3318314449,-1.185240812,-0.02585820544,0.05170771123,-0.08751655024,-1.107572782,1.347066667,-0.8960578675,-0.2888,-0.1193329746,0.3896207319,0.1962968188,1.495600681
2024-07-22 00:00:00.000,JKM,0.01665916029,-0.0198160839,-0.01314314455,0.01236153022,0.2199141069,-1.153768085,-0.04005759323,0.05221013591,-0.04961635428,-0.9497526603,1.332633333,-0.8916105074,-0.2178,-0.1073666227,0.3908896316,,1.09103924
2024-07-23 00:00:00.000,JKM,0.01571154491,-0.01906467503,-0.01314855013,0.01222448206,0.1654263124,-1.108985982,-0.04369842642,0.05327756032,0.02688570916,-1.061147497,1.2655,-0.9039195966,-0.2101,-0.1063478135,0.3971479152,0.3090866639,1.431296189
2024-07-24 00:00:00.000,JKM,0.02123790932,-0.01891097669,-0.01395187738,0.01345582626,0.399951309,-1.083934271,-0.1373721458,0.04759993296,-0.3693594114,0.3949011306,1.286533333,-0.8972161336,-0.4553,-0.1453831207,0.4255389869,0.3093616304,3.351903238
2024-07-25 00:00:00.000,JKM,0.01902225551,-0.01788703839,-0.01362535664,0.01275137492,0.3029662451,-1.046079728,-0.1047927978,0.04872272183,-0.2884756204,-0.3686771769,1.198866667,-0.9162293228,-0.4652,-0.1514262903,0.4571593966,0.1267185071,2.063990922
2024-07-26 00:00:00.000,JKM,0.02048472401,-0.01692966335,-0.01395314505,0.01337085429,0.376036571,-1.001692753,-0.1473616228,0.04673119653,-0.4258186708,0.4087147032,1.156066667,-0.9164415812,-0.55,-0.163370735,0.4431043995,0.2990014814,3.733995176
2024-07-29 00:00:00.000,JKM,0.0255326189,-0.01688208201,-0.01454310246,0.01426602616,0.6075613996,-0.990335249,-0.2197546411,0.04255451403,-0.7147131621,1.510945403,1.165333333,-0.9044735089,-0.658,-0.1699467442,0.4241528758,,5.262939331
2024-07-30 00:00:00.000,JKM,0.02408281177,-0.01650113839,-0.01507791899,0.01515043748,0.5348047817,-0.9652170546,-0.2861444326,0.04261167343,-0.7069700447,2.374381018,1.1448,-0.9022776732,-0.6898,-0.1741077633,0.430271451,0.3098923938,3.920704813
2024-07-31 00:00:00.000,JKM,0.02736031605,-0.01608006286,-0.01543540656,0.01566715802,0.6810369393,-0.9327156232,-0.3319774802,0.03915596084,-0.9586320587,2.708176237,1.136233333,-0.8962124613,-0.8899,-0.204217263,0.448785314,0.1843156579,5.013906108
2024-08-01 00:00:00.000,JKM,0.04558296611,-0.01491297521,-0.01699505341,0.0185501918,1.512992684,-0.8744026425,-0.5186821528,0.06320736809,0.7968609444,5.196851825,1.306933333,-0.8568779025,-0.7369,-0.1867063887,0.4093862961,0.6047817809,12
2024-08-02 00:00:00.000,JKM,0.04797002539,-0.01506775463,-0.01715959567,0.01905728602,1.607779165,-0.8604889927,-0.543194341,0.06169793722,0.7008225606,3.60855194,1.336133333,-0.8441403521,-0.8266,-0.1974096656,0.4128796635,0.1444715764,4.739928708
2024-08-05 00:00:00.000,JKM,0.04457133278,-0.01532232771,-0.01649605068,0.01770889005,1.435376684,-0.8494334202,-0.4684960135,0.06358499543,0.856600148,2.044918265,1.3324,-0.8123364818,-0.6741,-0.175738442,0.407298475,,4.016211065
2024-08-06 00:00:00.000,JKM,0.0434150369,-0.01579924362,-0.01627056032,0.01747552019,1.364485243,-0.8449215268,-0.4448356203,0.06074803296,0.6568523121,1.666301343,1.377566667,-0.7841133168,-0.6183,-0.1681220802,0.3957186627,0.2847571381,3.291348583
2024-08-07 00:00:00.000,JKM,0.03988999109,-0.01569017241,-0.01728312085,0.01954219992,1.187582969,-0.8212583325,-0.5731902618,0.05549514185,0.2707569145,2.371773492,1.4305,-0.7586173028,-0.4528,-0.1441128482,0.3853498269,0.3962469529,6.994444006
2024-08-08 00:00:00.000,JKM,0.0370143954,-0.01598971292,-0.01780170288,0.02085475889,1.04270508,-0.8132553299,-0.642756706,0.05329832486,0.1101566904,2.514082806,1.438366667,-0.7546223908,-0.4019,-0.1454603063,0.3821198338,0.2245598378,3.752331443
2024-08-09 00:00:00.000,JKM,0.04901661945,-0.01615076005,-0.01808663478,0.02134206637,1.593652203,-0.8009872953,-0.6810499828,0.05232129889,0.04455139354,2.288905617,1.474733333,-0.740078209,-0.8648,-0.2092864441,0.4031305119,0.2830081936,2.063473876
2024-08-12 00:00:00.000,JKM,0.05807302865,-0.0171246109,-0.01891705936,0.02358107767,1.992516162,-0.8117160573,-0.7816339457,0.05932717237,0.5980251105,2.678646745,1.549066667,-0.6985097309,-1.1902,-0.2450293737,0.4420538469,,2.875469863
2024-08-13 00:00:00.000,JKM,0.05882349073,-0.01548066336,-0.01963965126,0.02488782084,1.99420036,-0.7476178726,-0.8686409371,0.06158538601,0.7838041968,2.580250266,1.409533333,-0.7162960481,-1.362,-0.2681355933,0.4645887704,0.4197296508,4.987893338
2024-08-14 00:00:00.000,JKM,0.0650443908,-0.01556106734,-0.0201028937,0.02584641203,2.254215979,-0.7252680186,-0.9237146785,0.05849631517,0.5472739772,2.39171464,1.465833333,-0.6981915693,-1.593,-0.2943581834,0.4854552705,0.2084738863,6.343019944
2024-08-15 00:00:00.000,JKM,0.06377823997,-0.0150844952,-0.02038473251,0.02624030777,2.165860062,-0.6938328992,-0.9592505264,0.05658698224,0.4023817882,2.105586011,1.418466667,-0.7046265085,-1.5999,-0.2954518966,0.493155526,0.178571931,6.761707563
2024-08-16 00:00:00.000,JKM,0.06164734394,-0.01465749562,-0.02058467739,0.0265518692,2.059107289,-0.6709916274,-0.9843222308,0.05507822675,0.2879412772,1.888974414,1.386833333,-0.7023322055,-1.5495,-0.2811283646,0.4899796321,0.1429361349,2
2024-08-19 00:00:00.000,JKM,0.05807249414,-0.01504366393,-0.02074405948,0.02753766903,1.854164004,-0.6736423416,-1.002684784,0.05699583084,0.44418783,1.861212933,1.403333333,-0.6834014262,-1.41,-0.2461028658,0.4709490551,,1.286434475
2024-08-20 00:00:00.000,JKM,0.06050193328,-0.01379419186,-0.01907175058,0.02339198785,1.946042853,-0.6407733313,-0.8032937686,0.05652803162,0.408862059,0.8520546204,1.253333333,-0.697996471,-1.53,-0.2498662835,0.4925283512,0.9899201337,5.823006004
2024-08-21 00:00:00.000,JKM,0.06104239864,-0.01445000673,-0.01825747504,0.02135914947,1.998707911,-0.6546099802,-0.7091480265,0.05326347731,0.1495614728,0.3692912764,1.29,-0.6841852505,-1.52,-0.2389812447,0.4901085662,0.662437338,2.594191817
2024-08-22 00:00:00.000,JKM,0.06349374817,-0.01357430251,-0.01808669766,0.02065276616,2.088795156,-0.6255799302,-0.6891388904,0.04986141067,-0.1187544728,0.150998665,1.213333333,-0.6950769464,-1.67,-0.259419067,0.4995075513,0.2501453526,2.239797046
2024-08-23 00:00:00.000,JKM,0.06120096537,-0.01293514397,-0.01854675008,0.02150334184,1.961465059,-0.6027140003,-0.743791693,0.03636110091,-1.189842796,0.2709246406,1.17,-0.69385391,-1.69,-0.2563736633,0.5026662192,0.1574836711,2.125138661
2024-08-27 00:00:00.000,JKM,0.05408768946,-0.01417483757,-0.01871514712,0.02239059715,1.600449847,-0.6309383725,-0.7635196855,0.02767095775,-1.870493707,0.404807012,1.27,-0.6491957863,-1.41,-0.1844679147,0.4875016853,,1.456610934
2024-08-28 00:00:00.000,JKM,0.05348180477,-0.01453335785,-0.01864668242,0.02233277308,1.564644673,-0.6346654992,-0.7551584025,0.02556322175,-2.015573017,0.3140219984,1.3009,-0.6352937309,-1.3325,-0.1651543424,0.4765450624,0.2998391505,3.103906029
2024-08-29 00:00:00.000,JKM,0.05161215714,-0.01456500125,-0.01864016336,0.02194714385,1.46415203,-0.6309808272,-0.7541467366,0.02365654403,-2.139959569,0.1250984531,1.302633333,-0.6329534305,-1.2244,-0.1529868818,0.4553672322,0.2916145675,1.679479208
2024-08-30 00:00:00.000,JKM,0.05002969471,-0.01467591655,-0.0183763674,0.02157467002,1.384684654,-0.6252357049,-0.7229509067,0.02494657209,-2.011293754,-0.07934690864,1.3227,-0.6208423466,-1.1242,-0.1343808797,0.4438532314,1.419106699,12
2024-09-02 00:00:00.000,JKM,0.02917322526,-0.008026714808,-0.01905638852,0.02310608704,0.3191211619,-0.44126796,-0.8032531396,0.04994030625,-0.05116222236,0.3445816746,1.248833333,-0.6096110994,0.0819,0.01223677084,0.4520782373,,12
2024-09-03 00:00:00.000,JKM,0.02994729317,-0.007426499583,-0.01924743537,0.02327382155,0.3652623435,-0.4229709035,-0.8275886453,0.05517210964,0.3765408566,0.3407435141,1.1505,-0.6163098092,-0.0267,0.003591286354,0.4412739665,1.065334632,5.122476252
2024-09-04 00:00:00.000,JKM,0.02500315264,-0.00688070222,-0.0187021643,0.02187594452,0.1052107279,-0.404721583,-0.7651733754,0.05409484732,0.3032100461,-0.2436558158,1.060133333,-0.625375762,0.126,0.02334133017,0.4741458869,0.286864213,6.088402598
2024-09-05 00:00:00.000,JKM,0.02477048587,-0.007295798222,-0.01893160084,0.02247392018,0.09203266522,-0.4168871149,-0.7934144532,0.05202925565,0.1479638314,-0.1033929315,1.1078,-0.6161995336,0.1697,0.02839391859,0.4784373322,0.1153276474,2.821069209
2024-09-06 00:00:00.000,JKM,0.01756584683,-0.006841417824,-0.01898783269,0.02275967177,-0.3021513075,-0.4053215183,-0.8013907984,0.05101101669,0.07393438251,-0.09620065234,1.0692,-0.6147554425,0.4628,0.06731226178,0.4982749575,0.2800586853,2.598573495
2024-09-09 00:00:00.000,JKM,0.02074300627,-0.00788129107,-0.01930961527,0.02398340457,-0.1245233557,-0.4305571546,-0.8410130672,0.05189822251,0.1574802818,0.4352841849,1.193333333,-0.5821943985,0.43,0.05914642371,0.4849018334,,3.614489693
2024-09-10 00:00:00.000,JKM,0.01912467866,-0.007149419598,-0.01870572495,0.02197936765,-0.2123320918,-0.4055330113,-0.7724362024,0.05140659041,0.1246454624,-0.6688143634,1.119366667,-0.5875204357,0.4734,0.0647457601,0.5170325321,0.3255352833,4.732030561
2024-09-11 00:00:00.000,JKM,0.02163611325,-0.008082174242,-0.01845503912,0.02134594637,-0.07086488473,-0.4355515719,-0.7422986386,0.04605243942,-0.3224969516,-1.0279419,1.212633333,-0.567866616,0.4481,0.06297349839,0.5075282778,0.3914296301,2
2024-09-12 00:00:00.000,JKM,0.01570716525,-0.007817374204,-0.01761884032,0.01984259247,-0.4309721212,-0.4246659973,-0.6398237396,0.04490145836,-0.414298654,-1.722492109,1.180633333,-0.5716605397,0.6397,0.08362213472,0.5910972064,0.3598111775,2.919035871
2024-09-13 00:00:00.000,JKM,0.01786562459,-0.007678027383,-0.01748845383,0.01968467995,-0.2980929108,-0.4145850422,-0.6288763486,0.04105147991,-0.7379425883,-1.606168634,1.213333333,-0.5594530268,0.5553,0.07869470204,0.5782023291,0.237606799,1.382659052
2024-09-16 00:00:00.000,JKM,0.01030365091,-0.007852235171,-0.01631657702,0.01731677057,-0.7562446804,-0.418112701,-0.496222725,0.04032969677,-0.7949936141,-2.61876189,1.205066667,-0.5478425477,0.8934,0.1150799196,0.6614113716,,1.107444803
2024-09-17 00:00:00.000,JKM,0.01885962966,-0.007412830884,-0.01684218952,0.01841783595,-0.2186541883,-0.3976059428,-0.5634022799,0.03628884018,-1.134128188,-1.749593848,1.1917,-0.5438324087,0.5048,0.0704056233,0.5788793751,0.322848149,3.40492422
2024-09-18 00:00:00.000,JKM,0.01971782181,-0.006765482936,-0.01687069253,0.01793235619,-0.1599464321,-0.3732713533,-0.5763008636,0.03204615128,-1.487737348,-1.867256416,1.103966667,-0.5537748261,0.3895,0.05431391672,0.5490086853,0.3434151583,2
2024-09-19 00:00:00.000,JKM,0.002557237143,-0.007431541509,-0.01410086059,0.01262646285,-1.209947678,-0.3896711563,-0.2475876869,0.03411806696,-1.300573556,-4.810669141,1.137966667,-0.5474008272,1.164,0.1377161483,0.7205248289,1.212017788,6.66465344
2024-09-20 00:00:00.000,JKM,0.0102884672,-0.006891301503,-0.01534892413,0.0147870969,-0.717316971,-0.3715177706,-0.4104534886,0.02964927284,-1.669074365,-2.35587026,1.119966667,-0.5427654212,0.8044,0.1014091597,0.6775881748,0.4219063784,2.056535332
2024-09-23 00:00:00.000,JKM,0.01416174465,-0.007496429577,-0.01567148687,0.01550107373,-0.4759965844,-0.3852542592,-0.4591275759,0.02788882798,-1.804001831,-1.74451314,1.1438,-0.5278782599,0.6429,0.08145073343,0.6350591813,,1.104381713
2024-09-24 00:00:00.000,JKM,0.01341870631,-0.00701238854,-0.01547039101,0.01462489974,-0.5214356956,-0.3665844273,-0.437796712,0.02521839055,-2.012517641,-1.833839366,1.063966667,-0.5333515199,0.6206,0.07736778791,0.6292739876,0.2674632275,1.970469828
2024-09-25 00:00:00.000,JKM,0.01653748597,-0.007108098415,-0.01599094687,0.01586434908,-0.3321663253,-0.3656390136,-0.5090057563,0.02382009225,-2.107131879,-1.239748074,1.0724,-0.5261680708,0.3989,0.05204188531,0.5582873716,0.236189147,2.805399846
2024-09-26 00:00:00.000,JKM,0.02142981963,-0.007578026404,-0.01637914264,0.01688579949,-0.03529566876,-0.375377066,-0.5633928187,0.02409964538,-2.060989026,-0.8224069656,1.1284,-0.5163406247,0.2698,0.0341685635,0.5076702796,0.3077165507,2.187513352
2024-09-27 00:00:00.000,JKM,0.02389876934,-0.007529588951,-0.01658399059,0.01718463817,0.1127414173,-0.3667183292,-0.5917787274,0.02314335734,-2.115535339,-0.6589670271,1.087933333,-0.514748849,0.152,0.02376377682,0.4910932448,0.2042916774,1.217572939
2024-09-30 00:00:00.000,JKM,0.02981317008,-0.007602104214,-0.01689409997,0.01762564864,0.4730974068,-0.3600379849,-0.6362094634,0.02289151723,-2.109585244,-0.4645467394,1.109133333,-0.5031172104,-0.0211,0.002497676403,0.5187101976,,1.327634869
2024-10-01 00:00:00.000,JKM,0.02394451378,0.001696308279,-0.0171705841,0.01970581141,0.10768666,-0.05787714719,-0.6849807659,0.04802037279,-0.05754750463,0.2098000897,1.084566667,-0.508651037,-0.2791,-0.0298409799,0.5983798451,0.2854259532,12
2024-10-02 00:00:00.000,JKM,0.02430911313,0.002911755252,-0.01705812399,0.01888329997,0.125449664,-0.01263806396,-0.6713568022,0.04564295211,-0.245425084,0.01269843169,0.7704333333,-0.5563925169,-0.45,-0.04984111751,0.6411262782,0.3312050343,5.274937266
2024-10-03 00:00:00.000,JKM,0.02398782717,0.001965172999,-0.01742706039,0.02017251371,0.09975917329,-0.03700995651,-0.7275706745,0.04675895972,-0.1412235194,0.5045432116,0.8320333333,-0.5448041783,-0.4533,-0.05384048087,0.6134848972,0.2302859288,3.446946381
2024-10-04 00:00:00.000,JKM,0.02708193871,0.001429807018,-0.01766770173,0.02107628752,0.2818252477,-0.04917418212,-0.7481584104,0.04690329456,-0.1192893162,0.8464570261,0.8980333333,-0.5306538044,-0.5794,-0.06368303798,0.6170486151,0.1067873149,3.483050358
2024-10-07 00:00:00.000,JKM,0.02704666392,0.001423102999,-0.01783674685,0.02106880589,0.2701762932,-0.04292048598,-0.7704668603,0.04516710161,-0.2641077376,0.8893256456,0.8788333333,-0.550470782,-0.6095,-0.06900203142,0.6107642267,,2.616203359
2024-10-08 00:00:00.000,JKM,0.01560037344,0.003127373253,-0.01673397939,0.01774158039,-0.4465495118,0.0238504717,-0.6250734791,0.03960180661,-0.7529975095,-0.2368674462,0.6166666667,-0.5929566471,-0.32,-0.03732666513,0.6156893982,0.4897989941,6.320516376
2024-10-09 00:00:00.000,JKM,0.01330094967,0.00335548482,-0.01653247421,0.01726611258,-0.5880777071,0.04054962122,-0.608431428,0.03813805487,-0.8772813334,-0.3374760942,0.5650333333,-0.6043242602,-0.2608,-0.0328830264,0.6096767849,0.1305447316,2.121865337
2024-10-10 00:00:00.000,JKM,0.02248078271,0.001943507829,-0.01711676362,0.01897021465,-0.02284149939,-0.003554229023,-0.692789558,0.0390356543,-0.7903629622,0.465204518,0.7063,-0.5851849024,-0.5225,-0.06587569664,0.6118354358,0.2236159724,2.28778535
2024-10-11 00:00:00.000,JKM,0.02016712116,0.002373273863,-0.01704320541,0.01822717389,-0.1801144175,0.02085457182,-0.6853338936,0.03677476022,-0.9858599783,0.2062864625,0.5773,-0.5994615368,-0.5443,-0.06741485146,0.5885034915,0.201197896,2
2024-10-14 00:00:00.000,JKM,0.0237913989,0.002027173696,-0.01706394649,0.01868462291,0.03446946644,0.01609854817,-0.6905564576,0.03667087873,-0.9873667569,0.4575588026,0.6307333333,-0.6107132579,-0.6642,-0.09125080959,0.576928693,,0.9952497818
2024-10-15 00:00:00.000,JKM,0.02301285412,0.00199960402,-0.01663936492,0.01803832227,-0.02805953265,0.02356316837,-0.6335233464,0.03623543269,-1.018519744,0.1841735483,0.6851,-0.607118203,-0.4835,-0.07913490996,0.6250848838,0.1807969284,2.988456022
2024-10-16 00:00:00.000,JKM,0.01939482614,0.002646117752,-0.0161664092,0.01668004878,-0.2697018331,0.05771698583,-0.5774747375,0.03353515035,-1.25183255,-0.4693265362,0.6275666667,-0.6186307273,-0.4174,-0.07980721734,0.6220080432,0.2917387104,1.634617167
2024-10-17 00:00:00.000,JKM,0.01938820223,0.001926802732,-0.01585319377,0.01648777678,-0.2826728926,0.0373059838,-0.5386171804,0.03367389597,-1.229864831,-0.5198243306,0.7129666667,-0.6077029358,-0.3434,-0.08017576015,0.605237663,0.2093818191,7.915251629
2024-10-18 00:00:00.000,JKM,0.01842166586,0.002780745671,-0.01559968807,0.01568617186,-0.363576929,0.08155926781,-0.5123077705,0.03120860139,-1.440878233,-0.8583114828,0.5728666667,-0.6246481845,-0.3861,-0.08721887903,0.6184405345,0.2157341833,2
2024-10-21 00:00:00.000,JKM,0.019986072,0.003307856783,-0.01590460946,0.0161344958,-0.270391026,0.1136696944,-0.5658133031,0.03031136813,-1.50837278,-0.8168211016,0.5543,-0.6408861743,-0.5877,-0.1146449418,0.5975799622,,1.091858771
2024-10-22 00:00:00.000,JKM,0.02302468449,0.003066923981,-0.01629585043,0.01717400816,-0.07635874102,0.113638703,-0.6302127169,0.03122873612,-1.41288532,-0.3130810273,0.5760666667,-0.6410543246,-0.7288,-0.1314200796,0.6059806797,0.1643516191,8.089797072
2024-10-23 00:00:00.000,JKM,0.02074778338,0.001487909396,-0.01592447137,0.01650730565,-0.2355172585,0.05326806888,-0.5846241011,0.03072856344,-1.44563639,-0.7555381795,0.6198666667,-0.6388119905,-0.4686,-0.1099882364,0.6244124757,0.3649238408,8.959423793
2024-10-24 00:00:00.000,JKM,0.02887607316,0.001194921453,-0.01615390335,0.01807959086,0.3023931594,0.04934797343,-0.623646855,0.03311048449,-1.222961338,0.1069565896,0.6555666667,-0.6351037559,-0.8191,-0.16218782,0.5873502858,0.4932169998,11.13737584
2024-10-25 00:00:00.000,JKM,0.03318313269,0.001477258701,-0.0169248241,0.02034968346,0.5822081948,0.07177023164,-0.7391537135,0.03755984794,-0.8221952245,1.521120537,0.6299666667,-0.6345068484,-0.9503,-0.1890440402,0.6298345159,0.42641958,6.266769223
2024-10-28 00:00:00.000,JKM,0.03434398161,0.001230826095,-0.01610625289,0.0186790228,0.6488580245,0.06912500276,-0.626249647,0.03600516401,-0.9541275532,0.3141945198,0.63,-0.6401464714,-0.98,-0.195584439,0.6396120022,,2.456703154
2024-10-29 00:00:00.000,JKM,0.03299517472,0.001608995902,-0.01553773948,0.0182587814,0.5469637296,0.09574288931,-0.555773746,0.03674839337,-0.8847372634,0.005902931931,0.4945666667,-0.6594466199,-0.9591,-0.1964196748,0.7002730592,0.5362342143,2.940739997
2024-10-30 00:00:00.000,JKM,0.03589468294,0.00153991723,-0.01530018399,0.01732336982,0.7354283762,0.1036054121,-0.52781008,0.03593034557,-0.9510855567,-0.6075355562,0.4833333333,-0.660675954,-1.12,-0.2122310385,0.7185630636,0.6059722967,3.941192227
2024-10-31 00:00:00.000,JKM,0.03940078083,0.001859296349,-0.01520147835,0.01670590104,0.9604137228,0.1307654177,-0.5170626712,0.03529429725,-0.9998771477,-0.9410550064,0.37,-0.6712280927,-1.36,-0.2402843309,0.8350069175,0.5104114848,3.298817193
2024-11-01 00:00:00.000,JKM,0.0116026797,0.005166512476,-0.01300112678,0.01405851938,-0.9371209754,0.3013266539,-0.201248862,0.04720354641,0.05456032231,-2.54382298,0.1466666667,-0.6927814953,-0.62,-0.1536613671,0.7573140769,1.023818835,12
2024-11-04 00:00:00.000,JKM,0.003413615334,0.004133204467,-0.01336741466,0.01527004985,-1.489860671,0.2611722636,-0.2607236113,0.04712527441,0.05078759038,-1.452021831,0.238,-0.6854850175,-0.2026,-0.1114625564,0.7424469871,,5.126129184
2024-11-05 00:00:00.000,JKM,0.002073855877,0.004145205032,-0.01361007306,0.01565989288,-1.567331142,0.2749787948,-0.2995589532,0.04788382053,0.1201286903,-1.126386795,0.2501333333,-0.6842589164,-0.0823,-0.09980471837,0.7582854157,0.4000385028,12
2024-11-06 00:00:00.000,JKM,-0.001215418208,0.003713803164,-0.01294589733,0.01457609227,-1.771712328,0.2688752924,-0.2056231005,0.04696488405,0.04118170788,-1.830363859,0.3261,-0.6768474954,0.0396,-0.09212529064,0.7697965253,0.3588377667,2.997393118
2024-11-07 00:00:00.000,JKM,0.002050683354,0.001377181041,-0.01338019878,0.01632664091,-1.535020567,0.1628719442,-0.2739907025,0.05062480758,0.3656383161,-0.4873334952,0.1415,-0.699577076,0.0101,-0.1034242884,0.7547323381,0.4768849044,6.324082293
2024-11-08 00:00:00.000,JKM,0.0003795668644,-0.00130288196,-0.01292394287,0.01679203007,-1.634605959,0.03854037255,-0.2109938741,0.05534726551,0.7809110608,-0.1593568248,0.2033333333,-0.6867556782,0.395,-0.06444400321,0.9804947469,0.4872448702,8.823046007
2024-11-11 00:00:00.000,JKM,-0.0002120891569,-0.004358773051,-0.014057394,0.01991654479,-1.652041227,-0.1062872432,-0.3868094441,0.06217922061,1.379057145,1.980199464,0.1520666667,-0.7010690133,0.69,-0.03613100864,1.221338411,,7.278252171
2024-11-12 00:00:00.000,JKM,-0.001722954941,-0.001209385511,-0.01308573489,0.01588171092,-1.723843267,0.06876819989,-0.2441197668,0.05158040252,0.4422869141,-0.7028473544,0.21,-0.6930087898,0.495,-0.06586651779,1.017997819,0.9041819408,12
2024-11-13 00:00:00.000,JKM,0.0004385965693,-0.002325400551,-0.01379780122,0.0178778014,-1.558440267,0.02230178779,-0.3555652607,0.05493870118,0.7374521858,0.624980964,0.3366666667,-0.6777095845,0.575,-0.06786343686,0.9801310674,0.5796347562,5.340121781
2024-11-14 00:00:00.000,JKM,0.01316418951,-0.004213266858,-0.01468925243,0.02028989203,-0.7303051107,-0.06673221478,-0.4970241975,0.05835070109,1.034298204,2.155701022,0.06,-0.7122829415,0.18,-0.1241789415,0.8653190335,0.464397761,5.079251635
2024-11-15 00:00:00.000,JKM,0.01055403798,-0.004122110448,-0.0145723726,0.02102172913,-0.8952057902,-0.05004210791,-0.4923744549,0.06126692163,1.284435481,2.272672989,0.1833333333,-0.6907700898,0.285,-0.1174885189,0.9726764461,0.7387739592,2.766146923
2024-11-18 00:00:00.000,JKM,0.001645118197,-0.008011787172,-0.01496420585,0.02355509433,-1.449697392,-0.2582951434,-0.5658292305,0.06514694891,1.614755389,3.235388824,0.4323333333,-0.6652949363,0.9508,-0.05031707734,1.112085632,,2.313283954
2024-11-19 00:00:00.000,JKM,-0.0008919441637,-0.005194574608,-0.01514255775,0.02279805311,-1.590599628,-0.09133882918,-0.6009157372,0.06202279113,1.33054026,2.202336633,0.29,-0.6827649755,0.745,-0.07943827832,1.1702507,0.6615404741,3.315749655
2024-11-20 00:00:00.000,JKM,0.01165394848,-0.009292143949,-0.01541046265,0.02576916499,-0.7823141498,-0.3283390101,-0.6499290038,0.06857745172,1.889298869,3.041526414,0.3133333333,-0.6810727665,0.655,-0.09623880493,1.120354789,0.7745537928,4.973315805
2024-11-21 00:00:00.000,JKM,0.02197657844,-0.005169317149,-0.01664853157,0.028761845,-0.1396036759,-0.07032154759,-0.8582254943,0.07078399043,2.058865019,3.383109022,0.3954333333,-0.6696226484,-0.0066,-0.1766544092,0.8803729132,0.586883634,4.447021467
2024-11-22 00:00:00.000,JKM,0.009920862086,-0.002293100361,-0.01567442626,0.02578410555,-0.8997546181,0.1202313102,-0.7017482829,0.06444739521,1.492870308,1.806308751,0.5983,-0.6385480464,0.4096,-0.1371986224,0.8544030971,0.366862367,4.49802225
2024-11-25 00:00:00.000,JKM,0.01351513439,-0.004762738169,-0.01606575518,0.02730206714,-0.6752243521,-0.02453720115,-0.7652826339,0.066651141,1.666672865,1.967571269,0.6631333333,-0.638165988,0.5283,-0.1248613877,0.9241990157,,2.337055708
2024-11-26 00:00:00.000,JKM,0.007149641114,-0.003153597548,-0.01628925899,0.02678086628,-1.077807898,0.09519878977,-0.8014259165,0.06402371483,1.429344103,1.615686987,0.7242,-0.6304819983,0.6238,-0.1194164166,0.8513520567,0.5936467503,2.896499926
2024-11-27 00:00:00.000,JKM,0.006692941828,-0.003334757299,-0.01621113117,0.02651459415,-1.100557502,0.09681056577,-0.7888195901,0.06241613593,1.282671228,1.387055294,0.7169333333,-0.6327243796,0.5936,-0.1280151814,0.8529996376,0.3600521975,3.232460312
2024-11-28 00:00:00.000,JKM,0.005980969642,-0.003085274654,-0.01645964815,0.02608407209,-1.142131958,0.1290480994,-0.8206585615,0.05912401552,0.9983815886,1.164232319,0.6886,-0.6365438851,0.5947,-0.135635351,0.8392346666,0.389395425,5.160000286
2024-11-29 00:00:00.000,JKM,0.004090910994,-0.002976979468,-0.01626349152,0.0257821772,-1.252130968,0.1519913161,-0.7824585658,0.05744637854,0.8521129992,0.9966882278,0.7033333333,-0.6303426198,0.67,-0.1336975393,0.8247944869,0.711010436,2.732494244
2024-12-02 00:00:00.000,JKM,-0.01606039156,-0.00207319058,-0.01594348373,0.02830749378,-2.48934698,0.2300483914,-0.722960844,0.07735102764,2.513821596,1.414360621,2.689133333,-0.3808245363,0.9654,-0.09340479806,0.8555961322,,12
2024-12-03 00:00:00.000,JKM,-0.01621756205,-0.00368133302,-0.01597868447,0.02880190062,-2.426610762,0.127357265,-0.7223242491,0.07822404964,2.551037102,1.394828984,2.6499,-0.3874577158,1.0654,-0.07851765979,0.8903853717,0.3141286205,4.592538151
2024-12-04 00:00:00.000,JKM,-0.01654683945,-0.002252951059,-0.01545178678,0.02639520101,-2.37988518,0.2481429385,-0.6316246738,0.07276604903,2.070878772,0.7785750427,2.6258,-0.3932279357,1.01,-0.07984697696,0.7904396098,0.5109426051,12
2024-12-05 00:00:00.000,JKM,-0.01899977004,-0.002246089673,-0.01474367136,0.0247691421,-2.454377326,0.2626005121,-0.520154399,0.06949604174,1.783553769,0.3551812924,2.570666667,-0.4032202657,1.07,-0.07141855446,0.763863574,0.4313358023,4.466163606
2024-12-06 00:00:00.000,JKM,-0.01885580499,-0.002951051344,-0.01476055714,0.02460953352,-2.3679533,0.2239515919,-0.5217129678,0.06864798218,1.698851843,0.2385536454,2.5212,-0.4077072098,1.111,-0.0645400841,0.8167223049,0.1806950427,2.966259927
2024-12-09 00:00:00.000,JKM,-0.02315629479,-0.0009427799551,-0.01383435688,0.02158275757,-2.535412945,0.3924605748,-0.3754670122,0.0620213827,1.152940537,-0.6154107104,2.4363,-0.4287541488,1.1785,-0.04880338298,0.6496992046,,2.283006884
2024-12-10 00:00:00.000,JKM,-0.02209131335,-0.001068190844,-0.01385353254,0.02162944459,-2.395407642,0.3987434511,-0.3758025936,0.06090345181,1.0595198,-0.7194754907,2.451633333,-0.4306094156,1.0799,-0.05733262761,0.6765335099,0.2551469091,3.488106449
2024-12-11 00:00:00.000,JKM,-0.02475091745,-0.0003458272936,-0.01367353741,0.02012587315,-2.460646384,0.4765610289,-0.3464384498,0.05673989526,0.7258023103,-1.187704236,2.361,-0.4465589632,1.1426,-0.0471025272,0.6201681305,0.3425803491,2.468681968
2024-12-12 00:00:00.000,JKM,-0.02960878006,0.0008724300581,-0.01246057401,0.0165113656,-2.629848089,0.5857693065,-0.1575895607,0.05082353284,0.2520195488,-2.574169625,2.146033333,-0.4770194962,1.1858,-0.03961359364,0.5699394738,0.6081322505,4.808188169
2024-12-13 00:00:00.000,JKM,-0.04026958454,0.001989387885,-0.0116607853,0.01467733795,-3.068478796,0.6844143786,-0.03355674499,0.05101678808,0.2691173471,-2.993417964,2.0305,-0.4890287316,1.4647,-0.004548252697,0.6192030819,0.3559434784,3.359233949
2024-12-16 00:00:00.000,JKM,-0.04721084758,0.003054148878,-0.01063303216,0.01296641807,-3.264251822,0.7732634975,0.1254893907,0.05108167123,0.2758562812,-2.946440566,1.960366667,-0.5049337641,1.6803,0.02991869512,0.6175525238,,2.473885069
2024-12-17 00:00:00.000,JKM,-0.03426875051,0.001608041424,-0.01173751088,0.01465598853,-2.509058727,0.6609918433,-0.04606235236,0.03321678793,-1.156560388,-2.037322067,2.000366667,-0.5006303143,1.3124,-0.01051560505,0.5895876925,0.624473792,3.701291848
2024-12-18 00:00:00.000,JKM,-0.03426875051,0.001608041424,-0.01138176052,0.01571647874,-2.424392938,0.670910763,0.008819841429,0.03867093486,-0.7123962774,-1.558759627,2.0358,-0.5001972916,1.3124,-0.01032515404,0.5802370647,0.6266984228,2.394562064
2024-12-19 00:00:00.000,JKM,-0.02915132465,0.001684847415,-0.01277007817,0.01721847251,-2.122946122,0.6805999637,-0.2058757994,0.02818974708,-1.545853547,-1.120658546,2.1141,-0.4927684756,1.0976,-0.03965741728,0.5929581765,0.6065656855,11.778896085
2024-12-20 00:00:00.000,JKM,-0.02484272446,7.968013106e-05,-0.01342686388,0.0181677024,-1.880927477,0.5530098125,-0.306747117,0.02399517421,-1.867322193,-0.8412753904,2.096733333,-0.4930216732,1.051,-0.04671894933,0.5920312242,0.2709558806,2.550753265
2024-12-23 00:00:00.000,JKM,-0.0135912077,-0.002404843127,-0.01407576086,0.02036268358,-1.359634811,0.3604611602,-0.405427455,0.0212507218,-2.064433082,-0.3380776871,2.2489,-0.4782864683,0.7482,-0.08264090015,0.8971385167,,2.112481202
2024-12-24 00:00:00.000,JKM,-0.01330777157,-0.001849620398,-0.01427564997,0.02067512075,-1.324709551,0.4113566962,-0.4348882976,0.02024970117,-2.120272691,-0.230445566,2.277333333,-0.4781132077,0.69,-0.09226112755,0.8551087446,0.1784953477,2.24469831
2024-12-27 00:00:00.000,JKM,-0.001987474101,-0.003365678408,-0.01531364332,0.02310677252,-0.8323030729,0.297070735,-0.5933677743,0.02317109033,-1.868637705,0.3152398241,2.377333333,-0.4761556281,0.29,-0.1611168701,1.207046761,,3.286863949
2024-12-30 00:00:00.000,JKM,-0.005780444341,-0.005672254086,-0.0152327206,0.02345007581,-0.9806702014,0.1235823632,-0.5782902947,0.02082326896,-2.03224457,0.4308308978,2.3885,-0.4873490102,0.4534,-0.1383087152,1.053825248,,5.644645241
2024-12-31 00:00:00.000,JKM,0.001311293067,-0.004009676449,-0.01586689464,0.02411107364,-0.6744766933,0.2632748621,-0.6726325309,0.02403641717,-1.763939566,0.6125137431,2.180433333,-0.523300747,0.0714,-0.1955835444,1.120216442,0.5687702822,12
2025-01-02 00:00:00.000,JKM,-0.00606560954,-0.005773659609,-0.01464184586,0.02474133119,-0.9722856492,0.131598199,-0.4798381689,0.03646838818,-0.7945141703,0.7795468608,2.219433333,-0.5264491215,0.6714,-0.1120670862,1.803671919,,7.920710938
2025-01-03 00:00:00.000,JKM,-0.008485168201,-0.005569220778,-0.01479598604,0.02383215995,-1.058709694,0.1570179006,-0.5007799641,0.03649528688,-0.7865634358,0.6003243143,2.114183333,-0.5478852615,0.77142,-0.1063020359,1.761292107,0.412529849,4.552891769
2025-01-06 00:00:00.000,JKM,-0.004060849229,-0.001607485065,-0.01417008265,0.02107082691,-0.8616734166,0.5003675964,-0.4006042394,0.03134041414,-1.174765005,0.0481021385,2.070733333,-0.5536907047,0.0214,-0.2093814851,1.380222697,,5.925789532
2025-01-07 00:00:00.000,JKM,-0.01424852142,-0.006853332393,-0.01401842947,0.02191720731,-1.26745066,0.06784622342,-0.3754733913,0.03194388444,-1.1194799,0.3613163439,1.919,-0.585348344,1.2978,-0.04659813288,1.61798472,1.07637323,9.039539516
2025-01-08 00:00:00.000,JKM,-0.03039453675,-0.001554107272,-0.01265420144,0.0191678125,-1.904485506,0.5375568916,-0.1592068892,0.03229219237,-1.084339277,-0.2993381373,1.9816,-0.5798874034,1.2978,-0.04977244568,1.13596013,0.6973989025,3.982088778
2025-01-09 00:00:00.000,JKM,-0.006017182921,-0.00393365528,-0.01252321817,0.01769967349,-0.8824601144,0.3460386264,-0.1362354401,0.02689889903,-1.485806705,-0.6467581472,1.8523,-0.6054709369,0.5002,-0.1608323662,1.405050184,1.084914718,6.515460796
2025-01-10 00:00:00.000,JKM,-0.006230159727,-0.003542150409,-0.01301442911,0.01795464026,-0.8798921373,0.3929342264,-0.2111714028,0.02527433756,-1.595817614,-0.5015410779,1.8303,-0.6128032338,0.4362,-0.1746919893,1.310882104,0.1542248897,1.912771419
2025-01-13 00:00:00.000,JKM,-0.005365305548,-0.005401936325,-0.01469305229,0.02286476596,-0.8350267711,0.2417978529,-0.4752663427,0.03017920845,-1.213591223,0.9741878756,2.021,-0.581966164,0.6559,-0.1400726114,1.523893628,,1.573682895
2025-01-14 00:00:00.000,JKM,-0.00580275501,-0.00436729671,-0.01418198195,0.0208913237,-0.8430098854,0.3544342163,-0.3906636055,0.0264328107,-1.486455025,0.3783319468,1.888933333,-0.6119102302,0.6177,-0.1524448819,1.333187388,0.1754602738,4.467205547
2025-01-15 00:00:00.000,JKM,-0.007421874952,-0.003144462454,-0.01475136004,0.0214662145,-0.8959319053,0.482506245,-0.4800722871,0.02547729553,-1.546407694,0.5311025611,1.920766667,-0.6123540205,0.5311,-0.1663772209,1.113077592,0.4815128264,2.714870556
2025-01-16 00:00:00.000,JKM,-0.006706548421,-0.001968178733,-0.01434099175,0.02004998371,-0.856102142,0.6065865245,-0.4119111449,0.02351425591,-1.679044914,0.05989405864,1.9192,-0.6173738508,0.4017,-0.1844474319,0.8689654897,0.3518731699,2.559792355
2025-01-17 00:00:00.000,JKM,-0.009898857705,-0.000154839297,-0.0146346617,0.02026797198,-0.970441468,0.7805334033,-0.460766188,0.02733618429,-1.381742619,0.05207978138,1.980466667,-0.6119715886,0.3774,-0.1878779479,0.6811184062,0.4598357172,2.694190621
2025-01-20 00:00:00.000,JKM,-0.009304183672,-0.002982792388,-0.01442224406,0.02162969878,-0.9324888322,0.5033730562,-0.4258026557,0.02738598609,-1.369231024,0.4231426254,2.0816,-0.5929831336,0.5746,-0.1508660832,0.99088254,,1.36516521
2025-01-21 00:00:00.000,JKM,-0.01034666613,-0.007810104508,-0.01432354604,0.02396597349,-0.959615697,0.0418388857,-0.4072226865,0.03020327369,-1.154031584,1.291503438,2.078666667,-0.6003745529,1.0933,-0.08224781889,1.466047862,0.4762981815,4.624895994
2025-01-22 00:00:00.000,JKM,-0.01076430453,-0.008592858352,-0.0138001736,0.02273294053,-0.9610950563,-0.03026598105,-0.318235127,0.02489755078,-1.536884787,0.687645391,1.900833333,-0.6357974443,1.1701,-0.06924966897,1.428975976,0.5457122307,5.824997771
2025-01-23 00:00:00.000,JKM,-0.01652224001,-0.008884079236,-0.01422117222,0.02223663395,-1.170677383,-0.054902815,-0.3861769397,0.02621370774,-1.431581665,0.3814651485,1.813733333,-0.6572074289,1.2539,-0.05840680624,1.268645047,0.3488893316,2.930313023
2025-01-24 00:00:00.000,JKM,-0.01637294936,-0.009583085411,-0.01455807968,0.02351461234,-1.146279437,-0.1177370099,-0.4444310121,0.025998264,-1.439209616,0.9576147374,1.850133333,-0.6557084515,1.393,-0.04039641556,1.402305488,0.2251708404,4.249252196
2025-01-27 00:00:00.000,JKM,-0.01297419861,-0.01179405404,-0.01336364308,0.02283660392,-0.9942438571,-0.3240888166,-0.235215108,0.02582261978,-1.444720045,0.5321497257,1.7935,-0.6661892246,1.4225,-0.02762502021,1.566698957,,3.156780107
2025-01-28 00:00:00.000,JKM,-0.00932709726,-0.0105246029,-0.01396812576,0.02315795186,-0.8344895446,-0.1985528309,-0.3431176209,0.02371776801,-1.591006179,0.6432937189,1.784233333,-0.6757554686,1.2989,-0.04638727614,1.405521371,0.2901924788,6.187810224
2025-01-29 00:00:00.000,JKM,-0.01241239636,-0.01260619208,-0.01520582807,0.02751773184,-0.941946385,-0.3949190923,-0.5736093092,0.02364758674,-1.589515803,2.836699578,1.9215,-0.6581071616,1.7062,0.01168708158,1.5287743,0.4601005101,2.285257435
2025-01-30 00:00:00.000,JKM,-0.01803681543,-0.01449691785,-0.01491801578,0.02787028289,-1.148325455,-0.5731956651,-0.520321912,0.02393400747,-1.563235913,2.499877376,1.845233333,-0.6789849941,2.0484,0.06048902096,1.64113487,0.3882135395,2.625189505
2025-01-31 00:00:00.000,JKM,-0.01545550978,-0.01373587191,-0.01625798822,0.03085019212,-1.028647262,-0.4918536716,-0.7642213779,0.02409093124,-1.537338407,3.293843794,1.967366667,-0.6541178979,2.0271,0.05862291243,1.54145794,0.4522096513,6.888543852
2025-02-03 00:00:00.000,JKM,0.01240350062,-0.01863048297,-0.01497122874,0.03119695543,0.1009471222,-0.9539333555,-0.5174279771,0.03824077633,-0.5151148105,2.721390357,1.966,-0.6481169364,0.9506,-0.08074741464,1.705947977,,12
2025-02-04 00:00:00.000,JKM,0.01335509679,-0.0144862444,-0.01494189442,0.02944722653,0.1571513587,-0.5448607947,-0.5059666273,0.03625814739,-0.6528816216,1.773858072,2.016733333,-0.6368620978,0.4783,-0.1504514503,1.597560262,0.4596025964,12
2025-02-05 00:00:00.000,JKM,0.008107940611,-0.01349592256,-0.01497058057,0.03038839945,-0.03992753068,-0.4462111663,-0.5053361094,0.03419872521,-0.7956181883,1.804626588,2.2453,-0.5915537641,0.7307,-0.1138641687,1.630224165,0.4709572432,9.878534417
2025-02-06 00:00:00.000,JKM,0.005957503538,-0.014896869,-0.01503727802,0.03112577539,-0.1126693432,-0.5769691285,-0.5119038666,0.03409163534,-0.7984907919,1.765456162,2.227266667,-0.5917506181,0.9928,-0.08005375711,1.673455498,0.2153703793,3.86734524
2025-02-07 00:00:00.000,JKM,0.006207575041,-0.01372267576,-0.01525558421,0.03127146377,-0.08408711221,-0.4605490115,-0.5473338074,0.03650130806,-0.6221934318,1.602958599,2.30082,-0.5738013969,0.88819,-0.09744330204,1.742764534,0.6686455965,12
2025-02-10 00:00:00.000,JKM,0.004202248818,-0.01430855411,-0.01596963368,0.03473483212,-0.1557343959,-0.5128945981,-0.6779415266,0.04047096755,-0.3359507732,2.256534606,2.486056667,-0.5281565288,1.14181,-0.05346111565,1.780163432,,3.339749537
2025-02-11 00:00:00.000,JKM,0.006388779581,-0.01241700381,-0.01549699341,0.03367863852,-0.03861903032,-0.3288529056,-0.5808784206,0.03743360316,-0.5495559927,1.752006676,2.598826667,-0.503944563,0.87765,-0.09180974514,1.742956537,0.3080883618,4.084171044
2025-02-12 00:00:00.000,JKM,0.009660869619,-0.006372231158,-0.01482146639,0.03203056064,0.1316414725,0.251903309,-0.4437908432,0.04044346741,-0.3341230778,1.205649994,3.04919,-0.4151008493,0.1306,-0.1935079909,1.399071819,0.597210673,11.658403462
2025-02-13 00:00:00.000,JKM,0.002161182589,-0.001860551068,-0.01407173896,0.03262813598,-0.1925241691,0.6828701651,-0.2904740447,0.03359517106,-0.8199969652,1.220613457,3.348846667,-0.353549298,0.08878,-0.1937522393,0.9470600228,1.292327641,6.849725321
2025-02-14 00:00:00.000,JKM,0.01567988303,-0.004002358894,-0.01338449211,0.03131446104,0.4540856815,0.4715516156,-0.1471054417,0.03333872647,-0.8362042715,0.8363445776,3.345876667,-0.3459927685,-0.34812,-0.2516896128,1.038704709,0.4155612006,5.401578195
2025-02-17 00:00:00.000,JKM,0.01247918986,-0.005180046697,-0.01134593209,0.02728577756,0.3224297757,0.3550704764,0.2695401542,0.04248855719,-0.186866222,-0.1183709099,3.128623333,-0.370629507,-0.08819,-0.1987214346,1.159404477,,1.581164138
2025-02-18 00:00:00.000,JKM,0.01340246693,-0.00614427961,-0.01103039862,0.02569617749,0.3826314032,0.2571762894,0.3460688625,0.03202088402,-0.931134809,-0.5804475413,3.115856667,-0.3691284513,-0.04034,-0.1919287124,1.186652589,0.5448493969,2.604807158
2025-02-19 00:00:00.000,JKM,0.01454547607,-0.004706746208,-0.01037901693,0.02386794095,0.453758856,0.3928621483,0.4921908702,0.03635031623,-0.6233502114,-1.115595306,3.009913333,-0.3805109494,-0.18868,-0.2117125722,1.00499248,0.1903086713,2.117795938
2025-02-20 00:00:00.000,JKM,0.01499657781,-0.004348070111,-0.01015209377,0.0220049639,0.4892973787,0.421726184,0.5532654307,0.03037691238,-1.048009967,-1.575373123,2.91507,-0.3953984688,-0.22624,-0.2181390002,0.9826935471,0.3251859405,2.348886619
2025-02-21 00:00:00.000,JKM,0.01590629692,-0.001117800036,-0.009721907915,0.02057287673,0.5458236534,0.7411018983,0.6594356014,0.0297169469,-1.092521306,-1.897032789,2.975276667,-0.3805849146,-0.57637,-0.2742198439,0.6668131608,0.2180998429,3.840161131
2025-02-24 00:00:00.000,JKM,0.01445930961,-0.001724710249,-0.009794426968,0.0215688975,0.4924146408,0.668713227,0.6612491585,0.02926402812,-1.122257009,-1.580315374,3.043446667,-0.3544653347,-0.44942,-0.2489358701,0.7462882815,,1.869176347
2025-02-25 00:00:00.000,JKM,0.01232580747,0.000257182678,-0.009543729762,0.02013047051,0.4010034446,0.8547233549,0.7309660258,0.03922171922,-0.4171016079,-1.843188192,2.844253333,-0.3951830055,-0.44514,-0.2448593568,0.4542391111,0.3419338986,3.055981061
2025-02-26 00:00:00.000,JKM,0.01294682815,0.003975640034,-0.008154672691,0.01563298401,0.4415689101,1.20281418,1.050468655,0.03944606386,-0.4046337909,-2.722258913,2.678066667,-0.4288056976,-0.75812,-0.2840458778,0.2960762457,0.5650270044,10.170062898
2025-02-27 00:00:00.000,JKM,0.006614128253,-0.0001293789196,-0.009425499607,0.01997928229,0.1263902302,0.7765713832,0.7882723657,0.02883109791,-1.159292853,-1.476525951,2.907746667,-0.3757517176,-0.2907,-0.2135938815,0.4699603012,0.4513567981,3.848814304
2025-02-28 00:00:00.000,JKM,0.009863794866,-3.408021053e-05,-0.009252807949,0.0191874223,0.3070166098,0.7797684241,0.8455338799,0.03071607769,-1.022764166,-1.484504526,2.840673333,-0.387224087,-0.40751,-0.2323833783,0.4519835468,0.1138136278,2.144797222
2025-03-03 00:00:00.000,JKM,0.01101625454,-0.008271606913,-0.008984235784,0.02216051846,0.3833555149,-0.05077596484,0.9254221398,0.04536974464,0.02074215529,-0.8231191418,2.892823333,-0.3619299921,0.65982,-0.06139194938,0.9956163359,,9.683152674
2025-03-04 00:00:00.000,JKM,0.01024277992,-0.009282639519,-0.008111487583,0.0221858856,0.3553929262,-0.1575291113,1.143878979,0.06196296323,1.196315597,-0.7449143128,2.887516667,-0.3634917945,0.78444,-0.04030251613,1.143266368,0.3699013105,12
2025-03-05 00:00:00.000,JKM,0.01116502264,-0.01050654951,-0.007049257431,0.01869345152,0.4089163358,-0.2832024024,1.410503858,0.06345758428,1.29545171,-1.284981828,2.609,-0.4255118153,0.80553,-0.02943047619,1.229231402,0.3626702584,4.096973506
2025-03-06 00:00:00.000,JKM,0.01277054605,-0.007386435235,-0.005719451627,0.01308439503,0.5056930466,0.01784101701,1.745032364,0.0663367728,1.489565318,-2.1172768,2.15545,-0.5323111311,0.33526,-0.09795360211,0.9659981286,0.4385273769,4.872937817
2025-03-07 00:00:00.000,JKM,0.01161748093,-0.007844985434,-0.006253927042,0.01475558413,0.4409014892,-0.03393879318,1.641765451,0.05182332717,0.4618001975,-1.565423963,2.34176,-0.4863452958,0.41645,-0.08332993915,1.024181379,0.1557683623,3.16464719
2025-03-10 00:00:00.000,JKM,0.01054621535,-0.007749806326,-0.007490481009,0.01652205933,0.3873248356,-0.03198780889,1.367460874,0.04154455482,-0.2601460769,-1.133725261,2.41078,-0.4662923753,0.49052,-0.05478506116,1.05950347,,2.606477345
2025-03-11 00:00:00.000,JKM,0.009602729784,-0.008524205365,-0.008740622183,0.02136023543,0.3423831048,-0.1193076987,1.087355628,0.03884054123,-0.4487772601,-0.2870337984,2.75761,-0.380444563,0.58766,-0.03904560895,1.190903816,0.4068957203,2.869530554
2025-03-12 00:00:00.000,JKM,0.009080108184,-0.009245663178,-0.007735204723,0.01848738537,0.3090837315,-0.2039123477,1.360119214,0.04101845229,-0.294896894,-0.6900284195,2.533913333,-0.4317420824,0.64158,-0.02877098158,1.236711311,0.168685636,2.218140759
2025-03-13 00:00:00.000,JKM,0.007445690448,-0.01102716978,-0.006366750937,0.01623117985,0.2165338944,-0.3940443688,1.729249189,0.05325746991,0.561596519,-1.038013088,2.323123333,-0.4820407017,0.81094,0.006374595517,1.224642651,0.1678900744,3.111641698
2025-03-14 00:00:00.000,JKM,0.008009536453,-0.01299997578,-0.007689821728,0.0203643608,0.2522048302,-0.6068079713,1.416482313,0.05316581836,0.5517168095,-0.1486951197,2.51637,-0.4322317584,0.96645,0.0375974289,1.334372927,0.4999651431,3.653046917
2025-03-17 00:00:00.000,JKM,0.00762800308,-0.01157581364,-0.007228213305,0.01897672011,0.233243598,-0.46799263,1.556388781,0.05193522354,0.4625883248,-0.3624802532,2.48456,-0.4338294864,0.84623,0.0553853541,1.31207209,,1.768054994
2025-03-18 00:00:00.000,JKM,0.008168171019,-0.01011978351,-0.006664111898,0.01747921364,0.2689218886,-0.3263509622,1.721790845,0.05038060461,0.3515251023,-0.7030920394,2.48888,-0.4338012292,0.77128,0.04467355411,1.215793211,0.08663036852,2.694244325
2025-03-19 00:00:00.000,JKM,0.00751657037,-0.0104489676,-0.008286942038,0.02150814772,0.2389296627,-0.3823115817,1.315522943,0.03968815683,-0.3977474623,0.6556829338,2.72506,-0.3718372182,0.86175,0.06231130715,1.256640085,0.3565498931,2.900411794
2025-03-20 00:00:00.000,JKM,0.008295256039,-0.007721491015,-0.008357604738,0.02135711805,0.2932253754,-0.08380749613,1.317480925,0.0394956165,-0.410663231,0.7430714019,2.814716667,-0.3472388499,0.59827,0.02836137555,0.9895844638,0.1661642716,1.835346599
2025-03-21 00:00:00.000,JKM,0.01092372989,-0.007034056276,-0.008517495052,0.02015461307,0.4600741605,-0.01439137929,1.297823207,0.03486039376,-0.7340095771,0.3778765221,2.705706667,-0.3750346089,0.40888,0.003995917972,0.7913961444,0.1181621062,2.244546929
2025-03-24 00:00:00.000,JKM,0.0109359125,-0.005009565111,-0.008787015739,0.01973353661,0.4696611698,0.2134617316,1.247048652,0.03055196828,-1.032662649,0.2589027884,2.705996667,-0.3680861574,0.25471,0.009191941285,0.618679286,,1.217275209
2025-03-25 00:00:00.000,JKM,0.01490939151,-0.006111874988,-0.00809529787,0.01802638219,0.7136179273,0.07562282243,1.456185518,0.03566541222,-0.6722010176,-0.3907687166,2.556826667,-0.4064936553,0.15596,-0.008756245655,0.661396188,0.1142701779,1.918088368
2025-03-26 00:00:00.000,JKM,0.01243449448,-0.005629341322,-0.008203777831,0.01691173845,0.5744737454,0.1254076445,1.448780637,0.03190967566,-0.9328552286,-0.7786618468,2.423,-0.4379299041,0.2144,0.001333698867,0.603531773,0.1134445088,1.683492732
2025-03-27 00:00:00.000,JKM,0.007058013585,-0.004390812921,-0.008221461376,0.01658429997,0.2647334172,0.2670091183,1.466409968,0.02833924769,-1.178142227,-0.8427283404,2.434466667,-0.4334022044,0.2342,0.01201045244,0.5391414465,0.1231470032,5.806421185
2025-03-28 00:00:00.000,JKM,0.007706253834,-0.00339990024,-0.00806888556,0.01557155513,0.3161957555,0.3773122315,1.533973594,0.02746530734,-1.233706176,-1.288916349,2.332033333,-0.4609961758,0.118,-0.004050438963,0.48017133,0.115936652,4.811832543
2025-03-31 00:00:00.000,JKM,0.006635573852,-0.0004892335483,-0.00856913427,0.01525669375,0.2561780043,0.7237547905,1.40875095,0.02256039842,-1.563257649,-1.291414561,2.380633333,-0.4464734763,-0.1578,-0.02967740911,0.2850048795,,3.098049885
2025-04-01 00:00:00.000,JKM,0.01203524345,-0.01388618135,-0.01047462598,0.02057020516,0.5867364366,-0.9380924765,0.8767202123,0.04053180547,-0.308357303,0.8415253891,2.567866667,-0.3969856014,1.466,0.2871338995,0.6934041916,0.4759834407,12
2025-04-02 00:00:00.000,JKM,0.02262431361,-0.01165827104,-0.01015372139,0.01813710825,1.23884758,-0.6705459876,0.9895611126,0.03563379892,-0.6432251047,-0.05500153239,2.473566667,-0.4196394918,0.7398,0.1444682083,0.5102582129,0.2307488093,4.602901999
2025-04-03 00:00:00.000,JKM,0.02211099442,-0.01150374191,-0.009373218453,0.01617980885,1.204626011,-0.6667579934,1.238280736,0.03440605008,-0.7239708987,-0.8006402309,2.347533333,-0.4504470443,0.739,0.1406005654,0.5330315354,0.1366042084,3.936666615
2025-04-04 00:00:00.000,JKM,0.02448883345,-0.008883763726,-0.007204137106,0.01043614582,1.351330216,-0.3453541017,1.901370022,0.03424717411,-0.7309992631,-3.124657844,1.9359,-0.5602064145,0.3227,0.05342575015,0.4374945268,0.3578150123,6.002562703
2025-04-07 00:00:00.000,JKM,0.02551093647,-0.006963336993,-0.007306973978,0.009099975239,1.411328841,-0.1099398825,1.879979985,0.03053129967,-0.98338978,-3.205548987,1.722133333,-0.6150813282,0.0809,0.006888742673,0.4108229864,,5.355712141
2025-04-08 00:00:00.000,JKM,0.01314386541,-0.006479511806,-0.0074810741,0.008911074223,0.6546587689,-0.05612658238,1.835075586,0.0256259537,-1.314693302,-2.64708798,1.6147,-0.6456909154,0.4423,0.07466772388,0.4273974222,0.1882233377,3.644018609
2025-04-09 00:00:00.000,JKM,0.01365530106,-0.001980206515,-0.006253498614,0.005868972207,0.6906050019,0.5281885876,2.20375674,0.01898303199,-1.759703498,-3.00309235,1.362533333,-0.7142907726,-0.0231,-0.01786859065,0.3410806033,0.6432032848,6.382090811
2025-04-10 00:00:00.000,JKM,0.01200634305,-0.002028413344,-0.005301619532,0.004905802698,0.5941903683,0.5104027347,2.476017433,0.02120006426,-1.590763447,-2.635748815,1.340433333,-0.7207048272,0.001,-0.0162787943,0.3332256512,0.5054572795,3.839781687
2025-04-11 00:00:00.000,JKM,0.01311108703,-0.001892248299,-0.005609234896,0.005412131121,0.6676744872,0.521402937,2.365074445,0.0209841183,-1.5903499,-2.070101073,1.419066667,-0.6998559339,-0.0214,-0.02661803103,0.3287948003,0.1594991646,2.526604353
2025-04-14 00:00:00.000,JKM,0.01124617094,-0.00308962313,-0.006739603379,0.007227730183,0.5617425129,0.3541277545,2.011097531,0.01860228595,-1.735537054,-1.464846804,1.578133333,-0.6509645586,0.1962,0.0149469656,0.3666551479,,2.014688852
2025-04-15 00:00:00.000,JKM,0.01289551739,-0.001916682759,-0.006846897023,0.006655117123,0.6705154912,0.5106718848,1.972543538,0.01898754066,-1.691505538,-1.41900128,1.479666667,-0.6804430278,-0.0076,-0.02742677009,0.3284206195,0.1666233046,2.544445942
2025-04-16 00:00:00.000,JKM,0.009920575569,-0.004117731232,-0.007022603993,0.008156061314,0.5004283824,0.2030101976,1.912350696,0.02044865698,-1.576695907,-1.019499464,1.725466667,-0.6106882344,0.3807,0.03931992119,0.3806457533,0.4802223295,1.843440264
2025-04-17 00:00:00.000,JKM,0.0110784758,-0.003644687592,-0.006951831318,0.007808634254,0.5933875277,0.2627272875,1.928875561,0.02317943193,-1.379915125,-0.9886990228,1.701333333,-0.6182580829,0.288,0.01176066533,0.3773795554,0.2256881878,1.67107956
2025-04-22 00:00:00.000,JKM,0.01056438846,-0.002750593619,-0.005723270658,0.0061834386,0.5828502886,0.3842487051,2.28614529,0.02105065232,-1.509458411,-1.184761974,1.5807,-0.6529630276,0.2675,-0.01679097567,0.3896801783,,2.678221814
2025-04-23 00:00:00.000,JKM,0.007835330948,-0.002604709171,-0.005635918548,0.005897757562,0.426511819,0.4015349779,2.302305461,0.01958161171,-1.592844282,-1.138798358,1.525,-0.6669559141,0.2618,-0.02520129878,0.3874020286,0.2773042316,3.077569852
2025-04-24 00:00:00.000,JKM,0.007210332797,-0.001434650865,-0.005159849069,0.005165035495,0.3996490921,0.5653651334,2.429427033,0.02085878926,-1.493287036,-1.177954977,1.479066667,-0.6807505218,0.1663,-0.05015149897,0.3501759301,0.2010382777,2.613952155
2025-04-25 00:00:00.000,JKM,0.007950649295,-0.001821670494,-0.003668294128,0.003675621634,0.4674030506,0.4988911523,2.844517124,0.02235990499,-1.380758893,-1.364257688,1.359133333,-0.7161919459,0.1497,-0.06257775703,0.3579728097,0.4392013003,7.304471506
2025-04-28 00:00:00.000,JKM,0.00821707746,-0.001296058564,-0.003501514475,0.00359019126,0.4888697099,0.5672289279,2.859377936,0.02229222705,-1.373142835,-1.26075922,1.387033333,-0.7097188083,0.1388,-0.07171042354,0.3433342807,,2.502672436
2025-04-29 00:00:00.000,JKM,0.007848827478,-0.0004587893201,-0.003498566033,0.003444878773,0.4638989489,0.6837515984,2.826482581,0.02394030114,-1.253427272,-1.177681367,1.3585,-0.7188966153,0.0846,-0.08952763273,0.3045103664,0.1006053277,2.397313127
2025-04-30 00:00:00.000,JKM,0.006697964782,-7.599961255e-05,-0.004013238886,0.003782968257,0.3865288672,0.7353111152,2.64042079,0.02564568606,-1.131698607,-1.011136822,1.362666667,-0.7173662831,-0.089,-0.129987357,0.3066604618,0.3293633884,6.51345521
2025-05-01 00:00:00.000,JKM,0.01047719938,-0.01103417121,-0.005283626791,0.004469104268,0.63016373,-0.9412053751,2.249910132,0.0184842353,-1.599601954,-0.7853025111,1.329966667,-0.7348129288,0.2444,-0.07399057471,0.3553337925,0.3670951782,12
2025-05-02 00:00:00.000,JKM,0.00960089972,-0.01169553375,-0.005942794381,0.005131566275,0.5685675201,-1.05566711,2.04026363,0.01871033461,-1.578252318,-0.5718521119,1.361933333,-0.7639694405,0.3586,-0.0579439603,0.380053319,0.2056701317,10.959594422
2025-05-05 00:00:00.000,JKM,0.00960089972,-0.01169553375,-0.005942794381,0.005131566275,0.5677649248,-1.083371236,2.016427559,0.01794952277,-1.627838282,-0.5220136293,1.361933333,-0.7625880351,0.3586,-0.0436177539,0.380053319,,3.507872604
2025-05-06 00:00:00.000,JKM,0.009978819425,-0.01251020357,-0.007308600456,0.006719941573,0.5922362811,-1.227145644,1.625200838,0.02079676369,-1.433657164,0.06431018489,1.464466667,-0.7277339886,0.4588,-0.03334733877,0.3869664496,0.3663363192,7.310871949
2025-05-07 00:00:00.000,JKM,0.01034779238,-0.0114368208,-0.007097278508,0.006197315556,0.6164123533,-1.065570258,1.667293951,0.02055211023,-1.450663824,0.06001546488,1.389666667,-0.7476399498,0.3562,-0.0445016674,0.3809275284,0.1472664957,3.096584587
2025-05-08 00:00:00.000,JKM,0.009312498114,-0.01292486984,-0.007889326497,0.007770763828,0.5421942643,-1.308939731,1.441142085,0.02073772636,-1.433391875,1.12134843,1.572666667,-0.6934788322,0.5163,-0.002801998036,0.3971533079,0.543322615,3.587871814
2025-05-09 00:00:00.000,JKM,0.009922028863,-0.01130476514,-0.007589303409,0.006878685228,0.5866228486,-1.057415738,1.510566722,0.01880645086,-1.560699303,0.6722864093,1.447433333,-0.7340345533,0.3489,-0.03701499742,0.3747778641,0.1218609607,2.003030167
2025-05-12 00:00:00.000,JKM,0.009046578651,-0.01118757828,-0.007751883485,0.007057172997,0.5275756918,-1.053050046,1.456572343,0.01849638196,-1.573473747,0.930321042,1.4509,-0.7282995217,0.3676,-0.008628349383,0.3756154065,,1.505222063
2025-05-13 00:00:00.000,JKM,0.00899702737,-0.01101413146,-0.008133215952,0.007732622537,0.5194103856,-1.042729765,1.346134333,0.01983614459,-1.468307333,1.33305623,1.496033333,-0.7162415765,0.4115,-0.004592569658,0.3934405344,0.2922197975,2
2025-05-14 00:00:00.000,JKM,0.009991220362,-0.0111522169,-0.007889934918,0.007494135923,0.5807515784,-1.074328382,1.382043765,0.01726675185,-1.635296504,1.046830471,1.4955,-0.7149927778,0.3572,-0.01429812755,0.3884198302,0.4165794733,1.907076613
2025-05-15 00:00:00.000,JKM,0.009828199422,-0.01108815863,-0.008134818445,0.007699229396,0.570975095,-1.07734662,1.302742896,0.01827381232,-1.54936559,1.09253617,1.476,-0.7219840249,0.3741,-0.009087261664,0.3922797616,0.09952877882,1.385356176
2025-05-16 00:00:00.000,JKM,0.009419728829,-0.01038660622,-0.008240104347,0.007643987076,0.553916656,-0.969837422,1.254662777,0.01734687566,-1.598718702,1.027839112,1.445766667,-0.7343138711,0.3067,-0.02622371764,0.3752489909,0.2555229876,2
2025-05-19 00:00:00.000,JKM,0.009268764729,-0.01090163591,-0.008300875126,0.007972798983,0.5439707234,-1.06457543,1.216674412,0.01837668217,-1.512428892,1.18161776,1.4925,-0.7161361198,0.3928,0.005418212689,0.3869526586,,1.071675815
2025-05-20 00:00:00.000,JKM,0.007822736846,-0.01280116676,-0.009651422305,0.01071304011,0.448269834,-1.393102181,0.870423395,0.02375886159,-1.130659813,2.916348142,1.674133333,-0.6654696119,0.686,0.07338318601,0.4819110885,0.5920407332,3.751821635
2025-05-21 00:00:00.000,JKM,0.009171500281,-0.01048319296,-0.00975775761,0.009899690069,0.5401779844,-0.9923505155,0.8297823167,0.02386360606,-1.117084385,1.990017625,1.527333333,-0.707532634,0.4632,0.0173839155,0.4481485104,0.4264842881,2.789106264
2025-05-22 00:00:00.000,JKM,0.008470251176,-0.009656212512,-0.00937837234,0.008981023678,0.4904226432,-0.8483799226,0.9137575573,0.02171967648,-1.258861873,1.283790599,1.42,-0.7403247803,0.3941,-0.002377108945,0.4205540257,0.1781761111,1.553272069
2025-05-23 00:00:00.000,JKM,0.008914684556,-0.01008409314,-0.009907160962,0.009877882172,0.5191184093,-0.9265127591,0.771813761,0.02427971722,-1.080289281,1.5965791,1.474166667,-0.7294086341,0.3894,-0.01344212641,0.4222198246,0.166276364,3.016055519
2025-05-26 00:00:00.000,JKM,0.008914684556,-0.01008409314,-0.009907160962,0.009877882172,0.5158646165,-0.9288304543,0.7628479264,0.02451375353,-1.063613821,1.423970026,1.474166667,-0.7229357291,0.3894,-0.01220691893,0.4222198246,,1.756810512
2025-05-27 00:00:00.000,JKM,0.007363183236,-0.009882542622,-0.009619362014,0.009562348023,0.3975964587,-0.891681903,0.8235980919,0.02521375196,-1.016653505,1.154832429,1.499466667,-0.7163111496,0.4435,-0.001431282475,0.4202541518,0.2154928329,4.150007145
2025-05-28 00:00:00.000,JKM,0.008090613436,-0.009627044486,-0.009457352035,0.009219108052,0.4365508399,-0.8172405399,0.8435896365,0.02426414808,-1.083016408,0.9020784548,1.461533333,-0.7241208707,0.4166,-0.009368407724,0.4267673636,0.2402707614,1.565184866
2025-05-29 00:00:00.000,JKM,0.0104453779,-0.0092233562,-0.008809059494,0.007966943635,0.5885620739,-0.7308925445,0.982181399,0.01912527204,-1.434939264,0.1854224536,1.361533333,-0.7531980624,0.2502,-0.05205218228,0.3841416516,0.3357137074,4.017775102
2025-05-30 00:00:00.000,JKM,0.01223539015,-0.009199885581,-0.007732741101,0.006761558462,0.7012542612,-0.7017818809,1.219188611,0.01415371966,-1.759993049,-0.6115900933,1.3454,-0.7600127525,0.207,-0.06733587413,0.3760544601,0.2974499357,2.371156331
2025-06-02 00:00:00.000,JKM,0.0108872949,-0.01797583705,-0.0092849181,0.008699086937,0.5930323281,-2.034121423,0.839299554,0.02117479699,-1.266676642,0.5017801688,1.468066667,-0.7200038682,0.4977,0.01286024584,0.3474749374,,12
2025-06-03 00:00:00.000,JKM,0.005547101402,-0.01839113503,-0.009633279584,0.009456944701,0.198846409,-2.098464102,0.7445113019,0.02171990844,-1.219644859,0.9601446136,1.530166667,-0.7043146098,0.7764,0.07393668089,0.3563430322,0.2288379271,10.861675624
2025-06-04 00:00:00.000,JKM,0.005484828856,-0.01814384103,-0.009609922556,0.009277661904,0.180345382,-2.065450773,0.7386990913,0.02138930734,-1.232142074,0.7669834333,1.476033333,-0.7202633193,0.7473,0.06724219635,0.352748219,0.3021154097,12
2025-06-05 00:00:00.000,JKM,0.004877735688,-0.01819487503,-0.01012550045,0.01012890229,0.1202141797,-2.082879105,0.624612509,0.02154220022,-1.211763216,1.374647493,1.524333333,-0.7074543975,0.8214,0.08586496859,0.3737412886,0.3052960301,4.403255666
2025-06-06 00:00:00.000,JKM,0.00415877155,-0.01833774369,-0.00966963968,0.009444875909,0.04727712005,-2.052505527,0.720305133,0.02199048259,-1.171600692,0.7071337212,1.517133333,-0.7124067715,0.8642,0.09293250772,0.3737652031,0.1380222067,2.732482707
2025-06-09 00:00:00.000,JKM,0.004641997162,-0.01776855607,-0.009424292894,0.008740687163,0.05859863271,-1.909018624,0.761528272,0.02012688753,-1.287656688,0.04847597228,1.459433333,-0.7252856045,0.7324,0.07247021842,0.3621949707,,2.397718052
2025-06-10 00:00:00.000,JKM,0.005163572829,-0.01814636671,-0.00890104549,0.008229452576,0.07081187077,-1.966563725,0.8642189433,0.02115509701,-1.20791259,-0.4871859031,1.4401,-0.7332899043,0.7239,0.06747130914,0.3737427753,0.2930882335,2.829719789
2025-06-11 00:00:00.000,JKM,0.004141174653,-0.0186088087,-0.009449864005,0.009163164233,-0.04474412977,-1.997771376,0.7404581758,0.0220521763,-1.138103894,0.31940498,1.515433333,-0.7114261703,0.8272,0.09227849093,0.4117807872,0.3390250763,4.883492313
2025-06-12 00:00:00.000,JKM,0.003927943978,-0.01893691184,-0.009894628015,0.009961966946,-0.09040214951,-1.97166226,0.6406455552,0.02371093624,-1.018364978,1.043289199,1.5816,-0.6909901649,0.887,0.1082825963,0.4275384863,0.1838219709,3.002859061
2025-06-13 00:00:00.000,JKM,0.003035227274,-0.02048049008,-0.009826563663,0.01044311399,-0.1904353307,-2.168602174,0.6530695149,0.02845848096,-0.6940311966,1.438095095,1.727466667,-0.6497425473,1.0628,0.1480891687,0.4377958968,0.588016707,5.065173187
2025-06-16 00:00:00.000,JKM,0.005843907902,-0.02122676069,-0.01069953435,0.01181899555,0.03013440572,-2.291933433,0.4677973437,0.02870491742,-0.6737771695,2.693253361,1.784033333,-0.632876056,1.0162,0.1421719804,0.4203407597,,1.414176058
2025-06-17 00:00:00.000,JKM,0.005210323995,-0.02267718064,-0.01096541692,0.01292658621,-0.03800306642,-2.44813557,0.4091952359,0.03138223443,-0.4929124069,3.284816989,1.929766667,-0.5938111968,1.2112,0.1905257747,0.4154260117,0.2605919432,1.95890245
2025-06-18 00:00:00.000,JKM,0.006389805571,-0.02179405851,-0.01088306526,0.01241854029,0.04982744949,-2.302646168,0.4244248779,0.02880170354,-0.6637009387,2.190848072,1.859366667,-0.6163643819,1.0924,0.1627084928,0.4253381578,0.1922285802,2.455005535
2025-06-19 00:00:00.000,JKM,0.005351354744,-0.02443574612,-0.01227449564,0.01691655488,-0.04514279149,-2.682665798,0.1332857921,0.03475431951,-0.2647019174,5.115577651,2.191766667,-0.521286097,1.5326,0.2687004264,0.4940378935,0.4936998835,10.743211215
2025-06-20 00:00:00.000,JKM,0.009836751567,-0.02505974275,-0.01234554256,0.01728527248,0.3313485306,-2.765807427,0.1182744353,0.03165008026,-0.4709912777,3.42757346,2.189166667,-0.5224875879,1.43,0.240472441,0.4567020415,0.4430000196,3.613808373
2025-06-23 00:00:00.000,JKM,0.008956560821,-0.02409022518,-0.01207453216,0.01622149163,0.2500069986,-2.527592651,0.1742272893,0.03020827872,-0.5659263313,2.209399533,2.0642,-0.5547336894,1.3572,0.2276717502,0.4682607315,,2.906614103
2025-06-24 00:00:00.000,JKM,0.01124632775,-0.0192737742,-0.009329512996,0.009004263608,0.4364077101,-1.840538736,0.7445213909,0.02309467672,-1.037291858,-0.576692343,1.5367,-0.7026934517,0.7327,0.09176214671,0.4351919903,0.9513512575,9.692177124
2025-06-25 00:00:00.000,JKM,0.01134738593,-0.01882143246,-0.009665895042,0.009175681513,0.431958358,-1.790527626,0.6696050572,0.02173125394,-1.12307769,-0.500750073,1.502466667,-0.7106328239,0.6275,0.07508067484,0.4596215672,0.2214185886,2
2025-06-26 00:00:00.000,JKM,0.01220354894,-0.01655516392,-0.009247804163,0.007813352484,0.4962470924,-1.454556691,0.7566391054,0.01994398719,-1.23660671,-0.9545419457,1.335733333,-0.7561908816,0.299,0.01351970277,0.3902178227,0.2003156229,2.180419941
2025-06-27 00:00:00.000,JKM,0.01159378806,-0.01449481258,-0.008887743688,0.006945866552,0.424825753,-1.128077121,0.8267913168,0.02042089371,-1.196513754,-1.205627317,1.196233333,-0.7968641682,0.1236,-0.013380118,0.3833040473,0.2292430803,2.548664827
2025-06-30 00:00:00.000,JKM,0.01016875781,-0.01315890822,-0.008519885502,0.006266796755,0.271469412,-0.9114688731,0.8975298282,0.02145157927,-1.11900216,-1.391562641,1.117,-0.8160972727,0.1398,-0.01207203022,0.4027294078,,2.526555249
2025-07-01 00:00:00.000,JKM,0.008635152802,-0.01885848458,-0.009664083675,0.007815186404,0.1271571725,-1.696575851,0.6489489228,0.02252796847,-1.038678845,-0.867619953,1.2517,-0.7784208859,0.4866,0.06111051456,0.3374270468,0.1483892195,12
2025-07-02 00:00:00.000,JKM,0.009874116306,-0.01849654738,-0.009718326471,0.007683661054,0.2236531997,-1.62699644,0.6342020406,0.02172466951,-1.083932409,-0.8875288942,1.228033333,-0.7875308402,0.4199,0.04149333578,0.3419576776,0.1231956654,4.864211758
2025-07-03 00:00:00.000,JKM,0.009956898665,-0.01837927164,-0.009854557346,0.00787685406,0.220162311,-1.606506351,0.6005620623,0.02143343662,-1.094803881,-0.7854013097,1.227666667,-0.7852944334,0.4109,0.02954002763,0.346336017,0.1204067968,12
2025-07-04 00:00:00.000,JKM,0.01073463355,-0.01869111648,-0.00965240252,0.007709215141,0.2762537955,-1.601791281,0.6373731449,0.0216502532,-1.072122364,-0.8074272796,1.244866667,-0.7834175841,0.419,0.02421424985,0.33556157,0.1394421802,3.519583319
2025-07-07 00:00:00.000,JKM,0.00822305561,-0.01742843176,-0.01018998614,0.0081929331,0.04572379651,-1.376751957,0.5250401045,0.02076683157,-1.123452227,-0.6112680371,1.160966667,-0.7993318419,0.442,0.02669323426,0.338819745,,3.937192042
2025-07-08 00:00:00.000,JKM,0.004681740496,-0.01732180867,-0.01039729374,0.008509004692,-0.2744588626,-1.322478742,0.4815893656,0.02112810764,-1.091150616,-0.4920617198,1.155466667,-0.8024710654,0.5798,0.05269900465,0.3736437753,0.1120943538,3.299136713
2025-07-09 00:00:00.000,JKM,0.006664064309,-0.01769064124,-0.01054456948,0.008720568788,-0.1124135185,-1.341201686,0.4508562315,0.02083641932,-1.102383225,-0.4235718765,1.1929,-0.7906520153,0.5587,0.04639672449,0.3622717,0.1361760872,2.847101606
2025-07-10 00:00:00.000,JKM,0.00577784013,-0.01840699478,-0.01045519527,0.008927857266,-0.2021583814,-1.405422849,0.4685354315,0.02123336509,-1.06701476,-0.3690247517,1.2482,-0.7742296401,0.6463,0.06264425999,0.3744076916,0.1708237565,2.5444933
2025-07-11 00:00:00.000,JKM,0.005027836213,-0.01929773105,-0.01053678086,0.009372077176,-0.2800069666,-1.512607625,0.4509343624,0.02165049285,-1.030711623,-0.2297144619,1.327966667,-0.7528215045,0.7356,0.07601037979,0.3811351527,0.1080612521,2.819703806
2025-07-14 00:00:00.000,JKM,0.005818274926,-0.01821250209,-0.01044450524,0.008863880303,-0.2221570161,-1.36105112,0.4667786751,0.02097533185,-1.067831544,-0.3756549765,1.243733333,-0.7674984691,0.6144,0.05529755956,0.3626394506,,2.11960519
2025-07-15 00:00:00.000,JKM,0.006721309911,-0.0175502392,-0.01001320766,0.00800659564,-0.1600401814,-1.26906893,0.5532814217,0.02088889613,-1.065228644,-0.6120256459,1.181,-0.7855160074,0.5045,0.03291795514,0.363977231,0.2623702701,5.188186691
2025-07-16 00:00:00.000,JKM,0.00316441211,-0.01788799593,-0.009938777871,0.00812442851,-0.4939270535,-1.304800202,0.5660932471,0.02155513946,-1.012121591,-0.5209488285,1.208766667,-0.7763018338,0.6497,0.0599015882,0.4046856803,0.1251591265,2
2025-07-17 00:00:00.000,JKM,0.003644308391,-0.01674719326,-0.009874593543,0.007744997599,-0.4635122488,-1.127750172,0.5750447894,0.02116338688,-1.030380195,-0.5770073975,1.121866667,-0.79215322,0.5612,0.04391087209,0.3903871929,0.1580103721,1.024471295
2025-07-18 00:00:00.000,JKM,0.006193593725,-0.01678502307,-0.009720519969,0.007339180307,-0.2474421597,-1.097665749,0.6040382402,0.02168450508,-0.9873084237,-0.6420332663,1.102966667,-0.796708967,0.455,0.02169841344,0.3737246619,0.2090709552,2.739450681
2025-07-21 00:00:00.000,JKM,0.004509787776,-0.0179140107,-0.009124785789,0.006932473894,-0.4136482141,-1.202048422,0.7251835679,0.02304680976,-0.888146692,-0.7377255751,1.161766667,-0.7718793502,0.538,0.03707832825,0.4067871161,,1.227432691
2025-07-22 00:00:00.000,JKM,0.004194540432,-0.01730046763,-0.009294771602,0.007063887756,-0.4589636529,-1.106487496,0.6816894756,0.02267014946,-0.9065125614,-0.7048877703,1.1275,-0.7791253486,0.5036,0.02809548059,0.4091344824,0.201513306,2.227041686
2025-07-23 00:00:00.000,JKM,0.003477988709,-0.01622871031,-0.009008377112,0.006459798575,-0.5384230981,-0.9415958786,0.7328947246,0.02276061726,-0.8933301958,-1.872009594,1.0573,-0.7919754545,0.37,0.001370857204,0.4393148741,0.2597820825,3.030824072
2025-07-24 00:00:00.000,JKM,0.00617048144,-0.01497152381,-0.008469596119,0.005701293728,-0.2904768413,-0.7577859937,0.8362480368,0.02392130515,-0.8086922827,-2.54575429,0.9798,-0.8078543025,0.2056,-0.02943532042,0.4271810381,0.7258732783,2.509850032
2025-07-25 00:00:00.000,JKM,0.006590336309,-0.01512697093,-0.008548275129,0.005764957285,-0.2477754544,-0.7574697352,0.8142882416,0.02316425298,-0.8536902597,-2.105350016,0.9847,-0.8040921662,0.2169,-0.02801102956,0.4273660251,0.2801206464,1.411722733
2025-07-28 00:00:00.000,JKM,0.009678415147,-0.01557817439,-0.009174109653,0.006591647477,0.03213020898,-0.8049600952,0.6730122606,0.02141986744,-0.9642965771,-1.008257974,1.029766667,-0.7809688212,0.2167,-0.02480206648,0.4260775438,,1.26804073
2025-07-29 00:00:00.000,JKM,0.007047039654,-0.01666557283,-0.009646365213,0.007404823654,-0.2113891587,-0.9348569093,0.5709272623,0.02103855011,-0.9833769858,-0.1917587954,1.112566667,-0.7598800956,0.3498,0.001441941852,0.4188763968,0.3185342891,2.990880228
2025-07-30 00:00:00.000,JKM,0.007208120238,-0.01687009151,-0.009802881247,0.007605645889,-0.1984324284,-0.9350148345,0.536593202,0.02058007054,-1.007681051,-0.0522799654,1.136066667,-0.751103899,0.3651,0.002809164669,0.4341189044,0.2408213847,2
2025-07-31 00:00:00.000,JKM,0.006167295592,-0.01647583391,-0.009817148067,0.007631911036,-0.2973000375,-0.8661077398,0.529350214,0.02043322947,-1.010781012,-0.01567555581,1.106833333,-0.7534705395,0.3918,0.007344397521,0.4411549459,0.1668555828,1.460854002
2025-08-01 00:00:00.000,JKM,0.01870039991,-0.01557771617,-0.01006556607,0.007520488138,0.8656411101,-0.74538218,0.4861866193,0.02480334191,-0.7085631624,-0.1258213103,1.044833333,-0.761634219,0.1607,-0.03366940279,0.3563945784,0.3483513103,12
2025-08-04 00:00:00.000,JKM,0.01904944239,-0.01621811337,-0.009909389618,0.00744484599,0.8979107413,-0.8020023467,0.5155555046,0.02402712645,-0.7552323572,-0.1853426901,1.101166667,-0.7376443037,0.2041,-0.02323618764,0.3464815239,,4.808494998
2025-08-05 00:00:00.000,JKM,0.01780100806,-0.01680268684,-0.01013162155,0.007851666191,0.7746899891,-0.8571982502,0.4678101408,0.02435391386,-0.7264804271,0.2389708554,1.1483,-0.7200850515,0.3014,-0.009947709428,0.3432466937,0.4122080264,4.249240601
2025-08-06 00:00:00.000,JKM,0.01962800972,-0.01554175437,-0.00947400617,0.00667081404,0.9478878983,-0.6865238657,0.6042575923,0.02409824205,-0.7376291105,-0.9458148177,1.035033333,-0.7297544287,0.131,-0.04642345017,0.3671294484,0.540691581,3.425602111
2025-08-07 00:00:00.000,JKM,0.01775846623,-0.01526430032,-0.009311982171,0.006448654919,0.7655394981,-0.6422792077,0.6351862726,0.02404504298,-0.7349159012,-1.086562206,1.009066667,-0.7196914801,0.1769,-0.04175476654,0.361352363,0.1721093466,2.626491303
2025-08-08 00:00:00.000,JKM,0.01730597413,-0.0150918381,-0.008711640548,0.005769661276,0.7224797548,-0.6230093816,0.7540487329,0.02513490994,-0.653683361,-1.695824284,0.9783333333,-0.712817556,0.1949,-0.04135727097,0.3620730804,0.2930805544,2.410424048
2025-08-11 00:00:00.000,JKM,0.01561274712,-0.01509544494,-0.00905720869,0.006161482823,0.564459255,-0.6197477937,0.6644475045,0.023944933,-0.7300560904,-1.136994067,0.9958,-0.6892682456,0.2726,-0.02434699802,0.3505176513,,1.432266696
2025-08-12 00:00:00.000,JKM,0.01672761404,-0.01456973362,-0.008537857112,0.005520785796,0.6745088807,-0.5551564972,0.7713991741,0.02374473773,-0.7377428742,-1.845753638,0.9488,-0.6908389089,0.1674,-0.04306852472,0.3842594471,0.5108733923,2
2025-08-13 00:00:00.000,JKM,0.01500971235,-0.01512564567,-0.008639770341,0.005686589572,0.5085185404,-0.6159018148,0.7398323549,0.02336122909,-0.7581798121,-1.527046969,0.9863,-0.6757154449,0.2455,-0.03443516975,0.3750287706,0.2872250097,2
2025-08-14 00:00:00.000,JKM,0.01606616987,-0.01451379745,-0.008514403435,0.005347631904,0.61304558,-0.5404761841,0.7527637206,0.02293783656,-0.7813915341,-1.793176409,0.9334,-0.6785494651,0.1761,-0.04747675699,0.3951403743,0.3732599648,5.027206606
2025-08-15 00:00:00.000,JKM,0.0168608455,-0.01508849534,-0.008165423957,0.00504173209,0.6957217049,-0.6052931598,0.8116547016,0.02566697778,-0.5831053537,-1.991768667,0.9434333333,-0.6688111129,0.1745,-0.04632769271,0.390931396,0.8742822375,4.251748203
2025-08-18 00:00:00.000,JKM,0.01601999619,-0.01579201313,-0.00763450174,0.004627769776,0.6163132194,-0.6888786106,0.9138135905,0.02548998839,-0.589524293,-2.23217468,0.9782,-0.6473840352,0.246,-0.02190827705,0.3815710037,,1.951097158
2025-08-19 00:00:00.000,JKM,0.0144041102,-0.01533329058,-0.007922000513,0.004770399174,0.4507821195,-0.6223863078,0.8390786363,0.02458035767,-0.6479838465,-1.762193978,0.9245666667,-0.6539014514,0.1953,-0.03170088658,0.4205620123,0.3434589945,3.394951794
2025-08-20 00:00:00.000,JKM,0.01264341451,-0.01597096473,-0.008213332848,0.005219755143,0.2746638707,-0.6879387001,0.7686031771,0.02300190877,-0.7540467438,-1.109778348,0.997,-0.6320423089,0.3217,-0.009123449534,0.4099271202,0.1968708065,2.616589848
2025-08-21 00:00:00.000,JKM,0.01088700986,-0.01287818258,-0.008255251628,0.005302604816,0.09622812946,-0.3235992995,0.7514008122,0.02203002455,-0.8183975405,-0.9276150043,0.8806666667,-0.6441412476,0.359,0.001856085583,0.3893687592,0.7631759926,12
2025-08-22 00:00:00.000,JKM,0.00982286078,-0.01307813606,-0.008356106304,0.005509082968,-0.013644065,-0.3463638714,0.7257346522,0.02199443676,-0.8185284598,-0.6590402483,0.90839,-0.6322763503,0.42694,0.01506827342,0.4032723762,0.1440555183,4.087523765
2025-08-25 00:00:00.000,JKM,0.009822942799,-0.0130776203,-0.008355949012,0.005509036461,-0.01286393833,-0.3408902347,0.7172508845,0.02171290716,-0.8368817102,-0.6469324287,0.9083666667,-0.6162112046,0.4269,0.0267576128,0.4046213139,,3.110432833
2025-08-26 00:00:00.000,JKM,0.008345303796,-0.01312025316,-0.007963914953,0.005121820208,-0.1693622961,-0.3381413064,0.7948539078,0.02208952793,-0.8093402925,-0.9993298796,0.9061133333,-0.612710405,0.50295,0.03821542344,0.3974181466,0.208507394,3.067778917
2025-08-27 00:00:00.000,JKM,0.009584650117,-0.01206313337,-0.007590121938,0.004514253469,-0.03307506616,-0.2130083493,0.8685059877,0.0208067796,-0.8987733939,-1.482838461,0.81475,-0.6222051483,0.36659,0.02365363485,0.432409183,0.1410829572,3.045295717
2025-08-28 00:00:00.000,JKM,0.008218812023,-0.01100990354,-0.007096948463,0.003807528826,-0.1807213241,-0.08051221564,0.9706553047,0.02020448394,-0.9342216247,-1.995207455,0.71143,-0.6318381262,0.26196,0.01485415855,0.4316422028,0.3484037258,2.832866132
2025-08-29 00:00:00.000,JKM,0.009930061136,-0.01047424823,-0.007120560012,0.004000723579,0.006642168711,-0.007339299646,0.9513318045,0.02180996858,-0.813234765,-1.606018592,0.6976,-0.6263256369,0.17396,0.00897444701,0.4063277635,0.8638662012,12
2025-09-01 00:00:00.000,JKM,0.01370720705,-0.004817365111,-0.007884469466,0.004701683778,0.4359280651,0.7204404957,0.773550901,0.02008456302,-0.9295092087,-0.8339307039,0.6982666667,-0.6085365179,0.17711,0.02327734456,0.5008767059,,12
2025-09-02 00:00:00.000,JKM,0.01412148029,-0.004056925144,-0.007829887574,0.00451684742,0.4783001873,0.8226656262,0.7753910596,0.01851091084,-1.034549544,-0.9459928958,0.6333566667,-0.615530991,0.10394,0.01064133522,0.4901905659,0.1092203611,4.856772654
2025-09-03 00:00:00.000,JKM,0.01391176546,-0.004309957946,-0.007755661516,0.00456626801,0.4772510461,0.7945011072,0.7846146971,0.01929725197,-0.9703990647,-0.8305922514,0.6741966667,-0.6007272401,0.15142,0.01919790913,0.504966171,0.1644906449,3.255958072
2025-09-04 00:00:00.000,JKM,0.01371642678,-0.004355602327,-0.008037070125,0.004976424931,0.4809846715,0.7954871966,0.7169168546,0.0182967742,-1.034542521,-0.2763161156,0.6684433333,-0.5942846631,0.14429,0.02164587439,0.4933431846,0.2950097596,2.998025335
2025-09-05 00:00:00.000,JKM,0.01531278293,-0.00523009679,-0.007944027603,0.00485811213,0.7174339169,0.6887663593,0.7324806272,0.01676578143,-1.136382722,-0.3677624686,0.6909566667,-0.5853769835,0.12101,0.02048318621,0.4675507725,0.1945058895,2.577824088
2025-09-08 00:00:00.000,JKM,0.0123593772,-0.006162342036,-0.00836336539,0.005618969304,0.3161045319,0.5735441784,0.6364611652,0.01881163153,-0.9807305952,1.014854777,0.79403,-0.5520230408,0.29387,0.05303387203,0.481680654,,3.125435616
2025-09-09 00:00:00.000,JKM,0.01262815664,-0.005862840641,-0.008331979957,0.005469964815,0.3590044388,0.6250180834,0.647721303,0.01830434414,-1.009331242,0.7841241505,0.76769,-0.5549179318,0.25728,0.04337013351,0.4855271603,0.1039033074,3.021114534
2025-09-10 00:00:00.000,JKM,0.01222542093,-0.00574196276,-0.008380140855,0.005522851082,0.3053273391,0.6541386974,0.6368361961,0.01828807513,-1.002785972,1.023831066,0.7669266667,-0.5511447715,0.26631,0.04129115579,0.4929143411,0.1063034719,2.696172933
2025-09-11 00:00:00.000,JKM,0.01417575983,-0.005142792267,-0.008048361262,0.004999519747,0.6173324265,0.7392939168,0.7058866673,0.01664091815,-1.112854778,0.02718320068,0.7018833333,-0.556973899,0.13453,0.02489124412,0.4781368234,0.1532121101,3.215341873
2025-09-12 00:00:00.000,JKM,0.01393662263,-0.005035039818,-0.008236946865,0.005211226348,0.6065284995,0.7487767593,0.6576500578,0.01661619438,-1.106528151,0.5171688748,0.7020333333,-0.5522896159,0.163,0.02970727008,0.486919995,0.223538244,5.593534139
2025-09-15 00:00:00.000,JKM,0.01970101838,-0.004531705903,-0.008070732287,0.004824681616,1.596354098,0.8152432931,0.6944279433,0.01539988976,-1.185961798,-0.2447925515,0.6376533333,-0.5480322667,-0.09663,0.004546104063,0.4176332999,,2.194766369
2025-09-16 00:00:00.000,JKM,0.01788536257,-0.004279903429,-0.00824547917,0.004867427235,1.302852537,0.8336707461,0.6496251753,0.0174795688,-1.030016334,-0.1376642136,0.60946,-0.5500747704,-0.07611,0.004387654023,0.4258445165,0.2650546582,3.85337462
2025-09-17 00:00:00.000,JKM,0.0160444981,-0.00433299024,-0.008373129139,0.004933033752,1.00665173,0.812785596,0.6206474725,0.01757141118,-1.017995071,-0.02864608232,0.5830166667,-0.5509786617,-0.05485,0.003993044955,0.4495088548,0.1272426465,2.017869402
2025-09-18 00:00:00.000,JKM,0.01343602992,-0.003849785061,-0.008657851197,0.005269812554,0.5565400719,0.8763921729,0.5548530995,0.01596452553,-1.12665069,0.6434086709,0.55418,-0.5500475656,0.00017,0.01088492819,0.4834262142,0.2813795259,1.895942645
2025-09-19 00:00:00.000,JKM,0.01423577846,-0.002677212493,-0.008182453546,0.004585967141,0.7574326438,1.005103083,0.6602132702,0.01473281997,-1.208524382,-0.7561428017,0.4476533333,-0.5638009634,-0.09479,-0.003688159977,0.4380330367,0.282917375,3.649523317
2025-09-22 00:00:00.000,JKM,0.01404925609,-0.002339428864,-0.007826867994,0.004232455359,0.7647352135,1.046991951,0.7406500652,0.01572687945,-1.133371114,-1.4074874,0.42871,-0.5536969054,-0.11146,-0.002157771616,0.4528103616,,2.158285473
2025-09-23 00:00:00.000,JKM,0.01279664955,-0.002669995103,-0.008176048763,0.00460419243,0.5237851033,1.006168599,0.6576208457,0.0157873235,-1.124577526,-0.522997575,0.4685133333,-0.5451875041,-0.03528,0.004616189876,0.4795265474,0.3233918418,12
2025-09-24 00:00:00.000,JKM,0.01335647383,-0.002961444555,-0.007951465165,0.004207787633,0.6647702905,0.9699014138,0.7103481137,0.01520295947,-1.161469737,-1.291742487,0.4509,-0.5434205726,-0.0598,0.000452272779,0.460274897,0.2066366393,8.469876302
2025-09-25 00:00:00.000,JKM,0.009997984642,-0.003585215608,-0.008186765708,0.004432027517,-0.03369688348,0.874105708,0.6481547211,0.01415695236,-1.230252587,-0.7071711321,0.5265933333,-0.5254383614,0.05781,0.01439889281,0.5223838107,0.6008446819,12
2025-09-26 00:00:00.000,JKM,0.0106385197,-0.00334851898,-0.008359359736,0.004596015736,0.1097376125,0.9034557503,0.6055811696,0.01395872872,-1.234229775,-0.3598010811,0.5105,-0.5224641779,0.02193,0.009698976436,0.5090967508,0.2119074443,4.312947807
2025-09-29 00:00:00.000,JKM,0.01167803427,-0.003287674313,-0.0079507086,0.004178656543,0.3408565336,0.9109106298,0.703183244,0.01340709468,-1.26262868,-1.438464417,0.49393,-0.5115933647,-0.02666,0.00654368031,0.4801582004,,3.119498159
2025-09-30 00:00:00.000,JKM,0.01046340051,-0.002200741848,-0.007185653613,0.003410967139,0.07858248783,1.044436915,0.8876544641,0.0120721643,-1.345411084,-3.321981697,0.3792133333,-0.5298164959,-0.05984,-0.001976679186,0.4829982217,0.5240810905,10.187774607
2025-10-01 00:00:00.000,JKM,0.01949810647,0.003621283718,-0.007289197589,0.003611367804,2.077071003,1.759098859,0.8644742677,0.02361957684,-0.5296925423,-2.188697367,0.355,-0.5302783424,-0.468,-0.05477384088,0.6118612134,0.2070368218,12
2025-10-02 00:00:00.000,JKM,0.02006032703,0.003803744083,-0.00709801994,0.003469618189,2.237427726,1.788969657,0.9153701987,0.02338760784,-0.5406201363,-2.150570211,0.34716,-0.5325228852,-0.50307,-0.06212452223,0.6191874167,0.1690426684,5.021394792
2025-10-03 00:00:00.000,JKM,0.01943453559,0.003635376615,-0.006969645994,0.003379962893,2.076051511,1.766922172,0.9436124738,0.02305345152,-0.5595105276,-2.00609038,0.3761233333,-0.5290552036,-0.46118,-0.05767356287,0.5901306114,0.5314250764,3.373709541
2025-10-06 00:00:00.000,JKM,0.01569885442,0.002027758818,-0.007734394445,0.004264450685,1.186357768,1.54839665,0.731696033,0.02089788907,-0.7056296137,-0.4632312005,0.5431533333,-0.5012576773,-0.18694,-0.01997509837,0.5657392119,,3.036449
2025-10-07 00:00:00.000,JKM,0.01488347845,0.001333058686,-0.007966261014,0.004513051531,0.9868474985,1.451843459,0.6697483618,0.01951949206,-0.796480178,-0.0630609246,0.6227766667,-0.4953768507,-0.12489,-0.01686344455,0.5351627767,0.3952954265,6.736695562
2025-10-08 00:00:00.000,JKM,0.01589462447,0.002083713667,-0.007597059669,0.004059925247,1.154365291,1.510278825,0.7646702319,0.01915234743,-0.8165545034,-0.6851996139,0.5296033333,-0.5154705404,-0.23518,-0.0327080346,0.5609429684,0.1898334221,2.633853367
2025-10-09 00:00:00.000,JKM,0.01619559845,0.002366541684,-0.007279723431,0.003752905896,1.184663875,1.52008503,0.8479657093,0.01921921126,-0.8062539883,-1.111642119,0.5126966667,-0.5219109686,-0.26065,-0.03585316177,0.5681908832,0.1418348304,2
2025-10-10 00:00:00.000,JKM,0.01699932454,0.002301176307,-0.007207641182,0.003731952486,1.307271805,1.480671358,0.8693641015,0.01868593513,-0.8378337083,-1.071441772,0.55292,-0.5185482746,-0.24505,-0.03569474765,0.5564390663,0.1331834331,2
2025-10-13 00:00:00.000,JKM,0.0169707295,0.002694384867,-0.006946646843,0.003476052884,1.281591521,1.498813895,0.9400876063,0.01935788506,-0.7859829786,-1.420659711,0.49171,-0.5297891813,-0.30742,-0.04433535087,0.5488781529,,1.179504533
2025-10-14 00:00:00.000,JKM,0.01679776503,0.001915875025,-0.007144179685,0.003789413942,1.212000774,1.412962934,0.878897567,0.01870512085,-0.8264270408,-0.7499166286,0.57515,-0.524254585,-0.20852,-0.03744931355,0.5339650383,0.1987462914,2
2025-10-15 00:00:00.000,JKM,0.01566284592,0.001947044619,-0.007259627604,0.003737131719,0.9728842196,1.420432204,0.843169187,0.0184244675,-0.84131582,-0.770913312,0.57489,-0.5304503777,-0.18111,-0.04248688797,0.5243364136,0.586916095,2.973334682
2025-10-16 00:00:00.000,JKM,0.01410449833,0.001356744201,-0.007433370609,0.004007569187,0.6544303456,1.332716488,0.7969174361,0.01764440535,-0.8908313305,-0.1862287588,0.6355533333,-0.5242601624,-0.06764,-0.03533924356,0.5057877566,0.1836340455,1.102331952
2025-10-17 00:00:00.000,JKM,0.01497162328,0.001729630021,-0.007315579506,0.003873496695,0.8275463899,1.352738779,0.8309163582,0.01783675215,-0.8724301188,-0.380510778,0.59841,-0.5323302385,-0.1242,-0.04935456866,0.5096384243,0.200181564,1.835487054
2025-10-20 00:00:00.000,JKM,0.0127445166,0.002068914601,-0.007188865777,0.003730540673,0.3668459262,1.376116844,0.863492136,0.01808673938,-0.85035001,-0.6421581864,0.5733733333,-0.5385085849,-0.16032,-0.06090267989,0.4922022271,,1.029297045
2025-10-21 00:00:00.000,JKM,0.0145818779,0.001302602741,-0.007822146582,0.004366315479,0.7261754826,1.258870077,0.68423986,0.01880468548,-0.7956469114,1.043523931,0.6768566667,-0.5296332316,-0.11619,-0.05795155563,0.4902387668,0.94138269,12
2025-10-22 00:00:00.000,JKM,0.01540456008,0.002034278602,-0.007683949563,0.00410862056,0.8553480939,1.319225369,0.7159792551,0.01797005314,-0.8473557915,0.3678472362,0.6203,-0.5413474284,-0.23811,-0.07932045573,0.5160013219,0.4524779663,4.579923237
2025-10-23 00:00:00.000,JKM,0.01501415672,0.00280084789,-0.00783898406,0.004572053096,0.7534536299,1.383067916,0.6714873282,0.01629809387,-0.9564212705,1.696949861,0.6108333333,-0.5450545308,-0.1341,-0.0676073506,0.5048105919,0.6841963578,10.583048921
2025-10-24 00:00:00.000,JKM,0.01541788819,0.003112926091,-0.007692185925,0.004372592898,0.7905042255,1.402749201,0.7152064764,0.01633446352,-0.9470141526,1.057244182,0.5795566667,-0.5518253105,-0.18134,-0.07974212417,0.5110736272,0.2039803045,3.993500454
2025-10-27 00:00:00.000,JKM,0.01491265112,0.003743594316,-0.007494495074,0.004126029489,0.6743849249,1.460390403,0.7714776711,0.01775531706,-0.8429232897,0.4434812671,0.5531633333,-0.5533010386,-0.20532,-0.10227981,0.4962949791,,3.08405581
2025-10-28 00:00:00.000,JKM,0.01423581879,0.003514221197,-0.007598494609,0.004283905829,0.5497008937,1.428781527,0.7409071427,0.01726443395,-0.8707997236,0.9687354248,0.6382833333,-0.5444169249,-0.17317,-0.1014397387,0.4707264974,0.197903406,3.080299796
2025-10-29 00:00:00.000,JKM,0.01470639955,0.003364389999,-0.007862641841,0.004649401248,0.6273403519,1.386956364,0.6631776474,0.01722193638,-0.8666952249,1.933182981,0.70215,-0.5403050492,-0.11353,-0.09535059055,0.4601347966,0.2009505092,2.4541731
2025-10-30 00:00:00.000,JKM,0.01841859178,0.003658422522,-0.007729803241,0.004399049146,1.285628319,1.399471143,0.7028549383,0.01892547716,-0.7427689132,1.064773949,0.6384633333,-0.5510996004,-0.28284,-0.1203261266,0.5154235164,0.3293811878,2.713397998
2025-10-31 00:00:00.000,JKM,0.01919208877,0.00389235805,-0.007939138847,0.004574695376,1.429783649,1.395261373,0.6397965059,0.02080766555,-0.6069134239,1.43099148,0.5977966667,-0.5563224156,-0.31309,-0.1226514212,0.539999196,1.625740109,12
2025-11-03 00:00:00.000,JKM,-0.01324164775,0.00878516816,-0.007774689925,0.00501584492,-4.36330546,1.893918409,0.689702599,0.02768607112,-0.1269489962,2.489153429,0.6751433333,-0.5392488415,0.29807,-0.04051767786,0.6535729391,,12
2025-11-04 00:00:00.000,JKM,-0.01388996719,0.008188096015,-0.008361939381,0.005800961234,-4.331162291,1.831130307,0.5087031883,0.02737270458,-0.1428753571,4.199399911,0.7836066667,-0.5287067571,0.47301,-0.02440258276,0.6390802545,0.575674612,10.981294356
2025-11-05 00:00:00.000,JKM,-0.01519431532,0.008683978136,-0.007883129571,0.005362324281,-4.393576499,1.878997293,0.6574285083,0.02707183227,-0.1570247617,2.128195259,0.7047266667,-0.5415057324,0.38816,-0.03785832386,0.6571577994,0.6582482328,5.763807562
2025-11-06 00:00:00.000,JKM,-0.01317930491,0.008778089722,-0.007855603389,0.005281725565,-3.857707128,1.882863804,0.6677992511,0.0256298909,-0.2503978225,1.729378733,0.6939066667,-0.5436784893,0.30976,-0.04949601482,0.6116491636,0.2226052813,3.690069462
2025-11-07 00:00:00.000,JKM,-0.01292570696,0.008815747866,-0.007575657475,0.004997985067,-3.617300966,1.875490703,0.7570859202,0.02527556346,-0.2694041536,1.072886427,0.66472,-0.549172053,0.24275,-0.06317723992,0.6278411702,0.2473764546,3.263181862
2025-11-10 00:00:00.000,JKM,-0.01298483643,0.008749876737,-0.007426805038,0.004773606922,-3.417622886,1.857774254,0.8061343898,0.02455045116,-0.3144441578,0.6133927036,0.5971066667,-0.5561132491,0.22049,-0.07301144676,0.5994240636,,2.476877949
2025-11-11 00:00:00.000,JKM,-0.01155190068,0.008470751581,-0.007584240236,0.005052055002,-3.037833624,1.818568184,0.7537753973,0.02356913779,-0.3780315425,1.005171966,0.6295166667,-0.5560272892,0.26019,-0.06799226042,0.5900548952,0.2448788975,2.408386633
2025-11-12 00:00:00.000,JKM,-0.01397271747,0.008062066055,-0.007417961225,0.005004142624,-3.233115509,1.767273438,0.8000490226,0.02431020718,-0.3174303648,0.8423325666,0.70175,-0.5505080475,0.34689,-0.06605383534,0.5997059383,0.2428318365,1.878011063
2025-11-13 00:00:00.000,JKM,-0.01252353338,0.008151462291,-0.007406722736,0.004965068785,-2.891050371,1.742446909,0.7950558597,0.0235651174,-0.3648450629,0.6936799084,0.7034766667,-0.5499960117,0.33597,-0.07423482345,0.5927044162,0.1290385317,1.173598175
2025-11-14 00:00:00.000,JKM,-0.01889680396,0.006947082592,-0.00761971572,0.005650096046,-3.566008401,1.587521619,0.7157026101,0.02495626242,-0.2542234378,1.906752282,0.9151133333,-0.5214474122,0.6236,-0.04758358427,0.5992811991,0.4090790371,2
2025-11-17 00:00:00.000,JKM,-0.0197346949,0.006841525607,-0.007794659459,0.006112946317,-3.4609892,1.548719392,0.6485772981,0.02527045162,-0.2219031512,2.517816285,0.96212,-0.5115419502,0.70818,-0.05043287688,0.6136214695,,2.515508644
2025-11-18 00:00:00.000,JKM,-0.01892984528,0.006405227399,-0.007750956738,0.00625460288,-3.180806218,1.478147499,0.6521153247,0.02581390199,-0.1705385222,2.391389298,1.003023333,-0.5095583079,0.74785,-0.04704599296,0.5977309843,0.2787784118,2.996827269
2025-11-19 00:00:00.000,JKM,-0.01592835206,0.00705936762,-0.007436978474,0.006188251521,-2.708084189,1.514557352,0.7449969117,0.02742893618,-0.0339965166,2.00260636,1.058386667,-0.5063387953,0.6456,-0.06744665178,0.5395125554,0.3749658906,6.975751207
2025-11-20 00:00:00.000,JKM,-0.01260177684,0.006741306692,-0.007508833645,0.006675225802,-2.260348931,1.460210841,0.7116287788,0.02957643218,0.1502929825,2.478768296,1.15328,-0.4931368708,0.59747,-0.07907259727,0.5091424162,0.4294475366,4.462087722
2025-11-21 00:00:00.000,JKM,-0.01836295528,0.007288257796,-0.006934119687,0.005888779305,-2.795965935,1.483936962,0.8942644246,0.03249643229,0.4026337344,1.026073701,1.037853333,-0.5098800343,0.66154,-0.07715664303,0.5496836734,0.6252394812,6.785393236
2025-11-24 00:00:00.000,JKM,-0.01856466326,0.008133229637,-0.00679293506,0.005597874096,-2.71263672,1.532940552,0.9322092034,0.03064675185,0.2654659251,0.5327273226,0.9681733333,-0.5160540965,0.55033,-0.1007464639,0.5289916828,,1.587335423
2025-11-25 00:00:00.000,JKM,-0.01950065239,0.008394556066,-0.006635463601,0.005295371567,-2.706821193,1.510286396,0.9758727964,0.02899289392,0.1394560263,0.03705414694,0.9431533333,-0.5239596395,0.5309,-0.1017433364,0.5412014849,0.3050314634,1.491754006
2025-11-26 00:00:00.000,JKM,-0.01941142093,0.008437578031,-0.006552162037,0.00518596421,-2.600732263,1.492754992,0.9938630847,0.02795823436,0.06266558873,-0.2124903348,0.93523,-0.5301464645,0.53081,-0.1085672531,0.5376170101,0.1310974282,1.501372809
2025-11-27 00:00:00.000,JKM,-0.01768797353,0.008683901472,-0.006481232907,0.004915430387,-2.354872277,1.469365388,1.011292182,0.02547948379,-0.137124234,-0.7412108888,0.9029466667,-0.5350014372,0.45881,-0.1217338213,0.5163848185,0.2749516034,1.169038306
2025-11-28 00:00:00.000,JKM,-0.01936293812,0.00885665871,-0.006192742264,0.004785993856,-2.438022039,1.455261416,1.105979231,0.02642963726,-0.03592405601,-0.9952481482,0.9683433333,-0.5265626884,0.45698,-0.1266863918,0.5001665823,0.231354003,2.381509953
2025-12-01 00:00:00.000,JKM,-0.04811928666,0.01041956182,-0.004979340553,0.00419692316,-4.894755054,1.54157161,1.511754928,0.03651904822,0.948900288,-2.105157993,1.19363,-0.4924664832,0.73771,-0.1009547262,0.7060517219,,12
2025-12-02 00:00:00.000,JKM,-0.046224739,0.009782863948,-0.004567061834,0.003902641012,-4.280776815,1.434143964,1.641768516,0.03509222985,0.8522242037,-2.450395444,1.171706667,-0.4997544266,0.70408,-0.1039128033,0.7019917786,0.2978866808,4.446081394
2025-12-03 00:00:00.000,JKM,-0.0416980239,0.009716168169,-0.004832850401,0.003845792382,-3.616575758,1.383767829,1.539465798,0.03175079667,0.5527065391,-2.176767348,1.182776667,-0.5037124578,0.55192,-0.1232852571,0.7461013658,0.3897518529,3.279057455
2025-12-04 00:00:00.000,JKM,-0.04023318198,0.01022609871,-0.003911643227,0.003015797696,-3.301702561,1.401704211,1.843398587,0.03177311377,0.5828038686,-2.983527072,1.07938,-0.5202539632,0.44339,-0.1331535947,0.801594627,0.5790330223,2.896674515
2025-12-05 00:00:00.000,JKM,-0.03730872318,0.009419427929,-0.003860009271,0.003044779431,-2.936469045,1.319059061,1.848170466,0.02989092958,0.4071287298,-2.345027669,1.089696667,-0.5217125667,0.43453,-0.1304220947,0.7177260087,0.1911270496,2.926402178
2025-12-08 00:00:00.000,JKM,-0.04006358563,0.008979885249,-0.003568198137,0.003019090737,-2.992543825,1.26386021,1.944684082,0.03126401687,0.5801989287,-2.009310226,1.07619,-0.5273664678,0.46509,-0.118170027,0.7035611942,,2.51455477
2025-12-09 00:00:00.000,JKM,-0.04254488692,0.00817029182,-0.003846047851,0.003418824215,-3.018948426,1.181249375,1.851160312,0.02972880543,0.4248487632,-1.385041451,1.131356667,-0.5234377305,0.62731,-0.09546891412,0.6569387273,0.3086557199,2.177979463
2025-12-10 00:00:00.000,JKM,-0.03398767052,0.009118162364,-0.003192289612,0.002757919018,-2.361469316,1.241053104,2.076692769,0.02900370561,0.3584195735,-1.851756573,1.09126,-0.538077823,0.2644,-0.1450572077,0.7405763825,0.8979616578,12
2025-12-11 00:00:00.000,JKM,-0.02950606472,0.009292653502,-0.003424284182,0.002822817294,-2.019332795,1.242819145,2.003052106,0.02715678902,0.160095255,-1.576572992,1.139056667,-0.5350711707,0.10035,-0.1646922482,0.8119669974,0.3106757211,2.834090895
2025-12-12 00:00:00.000,JKM,-0.02860724167,0.009260324471,-0.003915210601,0.003288049125,-1.914420735,1.230073008,1.81996796,0.02526684152,-0.05668711942,-1.052077939,1.203633333,-0.5283563959,0.13274,-0.158679466,0.7330047769,0.3217512314,2.703055139
2025-12-15 00:00:00.000,JKM,-0.02492914133,0.009144519318,-0.003869939504,0.003194166251,-1.654419312,1.217266188,1.828950792,0.02526760555,-0.05064073143,-1.038210779,1.19915,-0.5293836889,0.04516,-0.1624549107,0.755801674,,2.330414231
2025-12-16 00:00:00.000,JKM,-0.02604586285,0.009618611958,-0.003275210355,0.00283593791,-1.660029053,1.230904939,2.027929146,0.02496000294,-0.08523804991,-1.213769809,1.153186667,-0.5408225201,0.06537,-0.157675563,0.7580877646,0.2458657683,2.265868409
2025-12-17 00:00:00.000,JKM,-0.02633829164,0.01019793417,-0.003327443691,0.002860219172,-1.595342312,1.250745259,1.996838898,0.02272341002,-0.3470579991,-1.088610801,1.156426667,-0.545762568,0.1111,-0.1541922237,0.742657641,0.3604767539,2.348449297
2025-12-18 00:00:00.000,JKM,-0.02510126547,0.00931125745,-0.003479526912,0.00294440312,-1.469551763,1.164168453,1.92561026,0.02173993062,-0.4628073869,-0.9339941654,1.169303333,-0.5455695725,0.15053,-0.1463608401,0.7375878903,0.1357323446,2.292325408
2025-12-19 00:00:00.000,JKM,-0.02671811988,0.008690778988,-0.003631344426,0.003105234333,-1.493233106,1.10056282,1.856569028,0.0201540272,-0.6491295565,-0.7240751514,1.183756667,-0.5475539556,0.21254,-0.1389349478,0.6846532574,0.1942988304,1.500712973
2025-12-22 00:00:00.000,JKM,-0.02455628459,0.008852810016,-0.003353218196,0.002809179799,-1.322515813,1.095251749,1.944909574,0.01987709887,-0.6796624045,-0.9551251934,1.177826667,-0.55322633,0.09079,-0.1571719391,0.7675307843,,1.142409594
2025-12-23 00:00:00.000,JKM,-0.0251699999,0.009161750862,-0.003515130769,0.002852677155,-1.31301605,1.098449531,1.876136432,0.01870347837,-0.8161501768,-0.8506096707,1.174416667,-0.5580061257,0.06895,-0.1579127749,0.7088765746,0.256794492,1.609840987
2025-12-24 00:00:00.000,JKM,-0.02505077513,0.008563944718,-0.003646531084,0.003023169061,-1.272240252,1.040594753,1.822441298,0.0178588525,-0.9112169114,-0.5931674934,1.200366667,-0.561004754,0.08829,-0.1631117431,0.664849336,0.0865184257,1.315056244
2025-12-29 00:00:00.000,JKM,-0.02412070054,0.008196958291,-0.003837672303,0.003139435506,-1.203673912,1.002984424,1.742703052,0.01819407355,-0.8648241518,-0.3719456736,1.230456667,-0.5742548101,0.16584,-0.1622457061,0.6455697086,,2.287008288
2025-12-30 00:00:00.000,JKM,-0.02255636787,0.008472673433,-0.00351056302,0.00279701188,-1.109882876,1.01809214,1.850482928,0.01908873302,-0.7531242324,-0.8230877522,1.182713333,-0.5867551859,0.05932,-0.1773172508,0.6973093269,0.2644982301,2.003697566
2025-12-31 00:00:00.000,JKM,-0.02571868102,0.007648389069,-0.003586948583,0.002945311512,-1.223775198,0.9560293318,1.809805494,0.01770751251,-0.90896401,-0.5187020238,1.233496667,-0.5879397239,0.19552,-0.1661507479,0.5689567859,0.3484300341,12
2026-01-02 00:00:00.000,JKM,-0.02116553389,0.008153993128,-0.003140882355,0.00310304051,-0.9873005293,0.9835329652,1.957084135,0.02534340137,-0.008560322105,-0.07858322078,1.26024,-0.5927848258,-0.24574,-0.2440723137,0.370373328,,12
2026-01-05 00:00:00.000,JKM,-0.01568488989,0.009431664964,-0.00225091316,0.002521378159,-0.7136498872,1.064688861,2.255879877,0.02698672626,0.1871681468,-1.786558143,1.209153333,-0.6053685125,-0.50256,-0.2794516983,0.2730432066,,4.795206387
2026-01-06 00:00:00.000,JKM,-0.01777716395,0.009330010247,-0.002303724993,0.002607273865,-0.789758186,1.041996244,2.209158459,0.02538160523,-0.0009065469956,-1.483524458,1.23339,-0.6054839098,-0.42801,-0.2697858009,0.3104194017,0.2839304051,9.093282569
2026-01-07 00:00:00.000,JKM,-0.02026177033,0.008724043044,-0.002154864642,0.002781589584,-0.8774486663,0.9755827926,2.237013263,0.02433803377,-0.1232060042,-0.8164865706,1.253996667,-0.6106353065,-0.30979,-0.258124384,0.3754259932,0.7143776379,11.32772174
2026-01-08 00:00:00.000,JKM,-0.01796211041,0.008812669004,-0.001804840353,0.002581002214,-0.7620537536,0.9600590742,2.343164072,0.02524111168,-0.01470807559,-1.673855173,1.211626667,-0.6215107161,-0.37361,-0.2690710306,0.3557283544,0.2538313103,12
2026-01-09 00:00:00.000,JKM,-0.02167095063,0.007873494956,-0.002101219636,0.002945283457,-0.8973592506,0.8867492399,2.215264236,0.02434303448,-0.1194262952,0.0914271059,1.249706667,-0.6193505048,-0.20664,-0.2461567947,0.4589125889,0.380857362,2.944571797
2026-01-12 00:00:00.000,JKM,-0.03365823,0.006605007826,-0.002421695293,0.003715812217,-1.366008743,0.7872968404,2.08532904,0.02345879255,-0.2225428055,3.458807269,1.304543333,-0.6136008463,0.26994,-0.1719714677,0.7388198288,,2.61837671
2026-01-13 00:00:00.000,JKM,-0.04426711096,0.008086027315,-0.002516671374,0.003870036,-1.754375788,0.862407846,2.036064032,0.02425578376,-0.1290960304,3.489161043,1.316043333,-0.6155242931,0.55876,-0.1328882088,0.7830710001,0.2562188388,2.441623341
2026-01-14 00:00:00.000,JKM,-0.04504846632,0.008045654222,-0.002545677906,0.004196286542,-1.743550713,0.8278784286,2.012792885,0.02444453114,-0.1055470134,3.626266304,1.35223,-0.6184378202,0.51007,-0.1467502343,0.8609929234,0.3960738569,3.925424815
2026-01-15 00:00:00.000,JKM,-0.04152456285,0.00512504998,-0.003128698761,0.006008157536,-1.56426202,0.6255205958,1.79240523,0.02998039402,0.5448093849,6.999223712,1.528516667,-0.5932786384,0.62604,-0.1319636638,0.971992536,1.06389845,4.099565787
2026-01-16 00:00:00.000,JKM,-0.05412558166,0.003132400347,-0.004917934614,0.01129165554,-2.028009883,0.4943176955,1.144843635,0.03986102066,1.703368858,10.517232366,1.965433333,-0.5215883901,1.29591,-0.03501933219,1.129665783,1.509920342,9.11040165
2026-01-19 00:00:00.000,JKM,-0.04552166209,0.003647837327,-0.004106769387,0.008765370248,-1.63013921,0.5161788542,1.429340861,0.0328044469,0.8641257725,2.692352447,1.828643333,-0.5476339307,0.87112,-0.08769390013,1.115040709,,3.106790886
2026-01-20 00:00:00.000,JKM,-0.0420257037,0.004608713429,-0.004774615138,0.007892849279,-1.444275433,0.5659665626,1.182326264,0.0262051542,0.09163983331,1.813896076,1.708083333,-0.5722444451,0.79878,-0.09828084137,1.043186537,0.9150936752,7.111070917
2026-01-21 00:00:00.000,JKM,-0.06196709548,0.002734402845,-0.00675953453,0.01253513346,-2.123969163,0.4492319212,0.456824621,0.03409555106,1.010004022,3.545349223,1.898063333,-0.545903826,1.78725,0.04690920023,1.176316716,0.9124095432,6.134671086
2026-01-22 00:00:00.000,JKM,-0.05686616974,0.003717660373,-0.006233795407,0.01066248868,-1.851173467,0.5034301597,0.6429565506,0.03052341591,0.5891886719,2.043637623,1.763413333,-0.5748316287,1.48318,0.004554718604,1.166034154,0.3290772332,3.799268422
2026-01-23 00:00:00.000,JKM,-0.06788511738,0.00272030031,-0.006234175678,0.01269585536,-2.164046374,0.4388870681,0.6372002163,0.03807425498,1.462330555,2.394082694,1.811186667,-0.5714380682,2.06633,0.09161740341,1.241663711,0.5276147342,3.685507134
2026-01-26 00:00:00.000,JKM,-0.07196552946,0.003656840025,-0.005798730849,0.01191891183,-2.258081891,0.4912167845,0.7956920754,0.03822300689,1.466882387,1.802777443,1.74731,-0.5876976492,2.23906,0.1258273919,1.237453066,,2.055280735
2026-01-27 00:00:00.000,JKM,-0.07519167373,0.00506172607,-0.005513374544,0.01111272141,-2.277060349,0.5708565896,0.900283333,0.03703618192,1.317589369,1.378982966,1.6786,-0.6039905344,2.25269,0.1279200333,1.219186406,0.3780665663,1.940093248
2026-01-28 00:00:00.000,JKM,-0.06649652921,0.005288880862,-0.006485871596,0.01166347858,-1.893063239,0.58155631,0.525270603,0.0325052277,0.787337427,1.382302507,1.76293,-0.5966095672,1.92977,0.07710585102,1.198555575,0.4635327726,3.009653817
2026-01-29 00:00:00.000,JKM,-0.06120624088,0.004712856496,-0.00814641084,0.01434446533,-1.657769372,0.5387481557,-0.1312560447,0.03191151063,0.7239452489,1.905941599,2.007736667,-0.5562128149,1.87672,0.07139268145,1.165872595,0.5879313955,3.231727898
2026-01-30 00:00:00.000,JKM,-0.0655259339,0.00360976534,-0.009151703351,0.0161084878,-1.724806964,0.4662922547,-0.5446187965,0.03393005028,0.9601061958,2.084627199,1.95085,-0.5722095114,2.13886,0.1136927196,1.144464888,0.6779261584,12
2026-02-02 00:00:00.000,JKM,-0.01435371925,0.004766264791,-0.004920013144,0.008355344375,-0.1519268652,0.52939936,1.150445523,0.0288838283,0.3783867763,0.1256180572,1.658663333,-0.6203315624,-0.00752,-0.2044167418,0.5216409725,,12
2026-02-03 00:00:00.000,JKM,-0.01112272475,0.004922957265,-0.004692370812,0.008390726562,-0.04964592169,0.5336913058,1.244890467,0.02913347417,0.4102285192,0.08117961746,1.695553333,-0.6146969993,-0.10563,-0.2204906088,0.4634502334,0.1535907495,8.848056492
2026-02-04 00:00:00.000,JKM,-0.009350508538,0.005541165431,-0.005161099977,0.008677590592,0.008603494316,0.5636187185,1.052170707,0.02729812401,0.2021729224,0.08632409184,1.752603333,-0.6035760819,-0.25059,-0.2462358926,0.3462463953,0.3186606254,3.496671313
2026-02-05 00:00:00.000,JKM,-0.009595146166,0.004936031571,-0.005239204936,0.009896376995,0.007827587676,0.5185454392,1.024251779,0.0287135839,0.3744098823,0.3178200887,1.87648,-0.5763034268,-0.21003,-0.2389788687,0.3442985776,0.334354341,5.797308834
2026-02-06 00:00:00.000,JKM,-0.01819158276,0.005208120118,-0.006210148904,0.01178394642,-0.2363257826,0.5289066936,0.5973049476,0.02682720242,0.1591914886,0.7352415829,1.989666667,-0.5514057027,0.07806,-0.1967246512,0.5319730664,0.217699471,5.080165062
2026-02-09 00:00:00.000,JKM,0.006200643371,0.00458080479,-0.006526458995,0.01118700509,0.4828284611,0.4851790788,0.4491796529,0.03189398387,0.7627258083,0.4992445231,1.922536667,-0.5505586562,-0.7311,-0.3192346673,0.3675654167,,2.817200778
2026-02-10 00:00:00.000,JKM,0.01030000991,0.006630650041,-0.0064351659,0.01035370614,0.6025840341,0.6000752463,0.4787949962,0.03514584002,1.146950254,0.1762662714,1.863686667,-0.5623681199,-0.96609,-0.3541014747,0.3464060495,0.2456017278,2
2026-02-11 00:00:00.000,JKM,-0.002065464937,0.006014838171,-0.006775521018,0.01098464511,0.2427795952,0.5556958607,0.3202979986,0.03211375745,0.7883852523,0.2973948191,1.860356667,-0.5614786095,-0.52281,-0.2859122825,0.3337983823,0.1654546308,1.770171381
2026-02-12 00:00:00.000,JKM,-0.008715544731,0.006328684524,-0.007060033551,0.01091634676,0.05210401482,0.5688733066,0.1885337167,0.02918025313,0.4511992879,0.1846985925,1.812506667,-0.5652464807,-0.33958,-0.2536866633,0.3617797737,0.3243342089,2
2026-02-13 00:00:00.000,JKM,-0.009077491941,0.005316195773,-0.006835895245,0.01052029508,0.04586232812,0.5079709801,0.2840786416,0.02920766769,0.4561613353,-0.09662003394,1.78026,-0.5655619218,-0.28709,-0.2402739495,0.6273771428,0.4061739121,12
2026-02-16 00:00:00.000,JKM,-0.0002830158239,0.004667465243,-0.005736222219,0.008315208193,0.304560436,0.4669358541,0.7786365446,0.02663789801,0.1553274399,-1.317195945,1.578783333,-0.5912191755,-0.5917,-0.2742096208,0.378268255,,1.42856895
2026-02-17 00:00:00.000,JKM,0.005487666205,0.005770256438,-0.00508358644,0.00687972142,0.4724010915,0.5310036418,1.068922678,0.02701096115,0.2015871562,-1.88855066,1.465256667,-0.6139314417,-0.7454,-0.2956806077,0.3205714316,0.4954474651,2.217359603
2026-02-18 00:00:00.000,JKM,0.002285390702,0.004915540901,-0.006537695669,0.009778709798,0.3803188346,0.4776302273,0.400872534,0.02767824437,0.2823950964,-0.4271147672,1.693756667,-0.566613386,-0.65124,-0.2809684052,0.3535087957,0.6751079871,5.967060015
2026-02-19 00:00:00.000,JKM,0.004317926798,0.004203107231,-0.007829331225,0.0136527375,0.4395291579,0.4326204477,-0.192433986,0.0279789176,0.3190278807,1.334118946,2.037966667,-0.4919964628,-0.59722,-0.2710349729,0.3521692124,0.473554306,6.336886303
2026-02-20 00:00:00.000,JKM,0.006226541,0.005567053233,-0.006927709374,0.01039675813,0.4992473495,0.5169919939,0.2163094765,0.02729150396,0.2437771949,-0.2148733131,1.806046667,-0.5420391102,-0.78803,-0.3024175305,0.323831579,0.606294644,3.365348274
2026-02-23 00:00:00.000,JKM,0.007615767183,0.005989152691,-0.007364405187,0.01120155561,0.5469121349,0.5418825242,0.01449433369,0.02686606306,0.1997522086,0.1588203539,1.842683333,-0.5409984349,-0.85622,-0.3155450011,0.3494256203,,1.818195263
2026-02-24 00:00:00.000,JKM,0.01179693166,0.00567952165,-0.006845884871,0.01014009068,0.6785306884,0.5168284394,0.2515105649,0.02880716871,0.4345179563,-0.2989732344,1.73491,-0.5637236002,-0.95346,-0.328210298,0.3582563873,0.2303838593,2
2026-02-25 00:00:00.000,JKM,0.01284394973,0.005167991461,-0.006910812544,0.0111339296,0.7099324572,0.4815781241,0.2174320942,0.02847972905,0.3961963723,0.2038800232,1.84951,-0.5369447723,-0.96057,-0.3265174883,0.3732481824,0.3811480213,12
2026-02-26 00:00:00.000,JKM,0.01069504524,0.005113621313,-0.007128550352,0.01237708542,0.6470608836,0.4768438422,0.1130478681,0.02551614397,0.04774067585,0.7848639145,2.000253333,-0.5040376419,-0.87977,-0.3071694156,0.3853098008,0.2518472304,2.367660503
2026-02-27 00:00:00.000,JKM,0.01631805719,0.004458904437,-0.006683644666,0.01188732699,0.8219659943,0.4302965217,0.3209294799,0.02530316013,0.04110046228,0.5344748092,1.974506667,-0.5117036252,-0.89741,-0.3091038824,0.4461042635,0.3102885465,3.959009905
2026-03-02 00:00:00.000,JKM,-0.04500711576,-0.02100130971,-0.00861302502,0.0467615228,-1.007827047,-1.308114348,-0.5871515326,0.07494319154,6.699937685,17.929969186,3.15483,-0.2070594707,4.62579,0.6160318667,1.573387818,,10.67744183
2026-03-03 00:00:00.000,JKM,-0.05690701562,-0.03754837889,-0.01393908152,0.09781113983,-1.365733775,-2.437819434,-3.08809099,0.1016911343,9.994681873,10.581946059,4.2893,0.08051252882,8.79818,1.316963453,1.612395377,3.975568636,12
2026-03-04 00:00:00.000,JKM,-0.1025266513,-0.02511902601,-0.01133248432,0.06746968252,-2.655334429,-1.573341437,-1.814304326,0.06535212764,4.514054047,2.514850502,3.25969,-0.1808658937,8.96324,1.340966381,1.550702256,2.033930112,11.888330137
2026-03-05 00:00:00.000,JKM,-0.0960576456,-0.02244072045,-0.01335066248,0.07433079619,-2.337540355,-1.391898553,-2.722194466,0.04345735962,1.984629057,2.390881732,3.67164,-0.07358127781,8.84554,1.336847061,1.544257671,0.5539432582,5.108174341
2026-03-06 00:00:00.000,JKM,-0.07209951049,-0.01744896805,-0.01812947976,0.0829910498,-1.578106505,-1.055460441,-4.840648751,0.02842023974,0.350872448,2.347057376,4.303366667,0.09234273896,7.08666,1.041202133,1.527238118,1.495692446,12
2026-03-09 00:00:00.000,JKM,-0.05848569816,-0.01521352628,-0.02264577146,0.0941351872,-1.162268581,-0.9055518536,-6.56869979,0.04273709774,1.914160718,2.369003816,4.478053333,0.1573682164,6.94447,1.028571088,1.53707719,,11.714389975
2026-03-10 00:00:00.000,JKM,-0.04910360081,-0.01460648857,-0.01734039551,0.06143185598,-0.8795609695,-0.867473908,-3.921991495,0.02280318416,-0.2504553372,0.9841832228,3.301503333,-0.1536980007,5.48043,0.7886190115,1.538771115,0.8526448341,4.462212616
2026-03-11 00:00:00.000,JKM,-0.01451486958,-0.01413546611,-0.01785754185,0.06808675857,0.04160040271,-0.8371003541,-3.993667112,0.02661624166,0.1854960931,1.101925207,4.08622,0.05175968934,3.45046,0.441871481,1.565268346,0.4271913228,3.986346337
2026-03-12 00:00:00.000,JKM,-0.01231011241,-0.0137157803,-0.01848090961,0.0711114782,0.1103136171,-0.808835147,-4.092268957,0.02920860596,0.4964033142,1.093422074,4.381263333,0.1369001522,3.38108,0.4308312505,1.552121206,0.5115631198,2.879512771
2026-03-13 00:00:00.000,JKM,-0.01075527133,-0.01484922744,-0.01813351924,0.06789170935,0.1633184252,-0.8855065521,-3.819800286,0.02498231595,0.02388400051,0.8984676161,4.199186667,0.09378945795,3.28208,0.4258897593,1.560716428,0.2566822175,2.367895114
2026-03-16 00:00:00.000,JKM,-0.02739848463,-0.01708485406,-0.01940209906,0.07395838294,-0.3070428864,-1.041503896,-4.150660684,0.02229561305,-0.282956396,0.9972899271,4.20717,0.1049677297,4.5489,0.702527655,1.584220358,,1.88275669
2026-03-17 00:00:00.000,JKM,-0.02266931149,-0.01637812123,-0.01973551666,0.07372587136,-0.1622583398,-0.9946240567,-4.115490636,0.02697869183,0.2735815449,0.8997792292,4.317106667,0.133362109,4.36039,0.6834746372,1.560135941,0.4592559245,2.625713924
2026-03-18 00:00:00.000,JKM,-0.006224340658,-0.02010613962,-0.020830041,0.08884659231,0.3284471527,-1.251266653,-4.333460691,0.03063197002,0.7083821538,1.270753539,5.168313333,0.3599050274,3.87292,0.5949194538,1.550553371,0.8428383138,5.051869916
2026-03-19 00:00:00.000,JKM,0.0009751193221,-0.01361648267,-0.02565909795,0.09167508843,0.550038267,-0.8066016959,-5.71559675,0.0748803415,5.920787728,1.241325864,5.721136667,0.5117455459,3.37211,0.5049438186,1.418599269,3.79425875,12
2026-03-20 00:00:00.000,JKM,7.527632012e-05,-0.01292940792,-0.02403580754,0.08237492225,0.5368185042,-0.7627676467,-4.86650124,0.06216667292,4.13894973,0.8492507021,5.430553333,0.4366213942,2.97983,0.4471116207,1.365922364,0.2335836055,3.425050672
2026-03-23 00:00:00.000,JKM,-0.0005343226345,-0.00880727097,-0.02273979276,0.06948915545,0.5511326674,-0.4835585615,-4.260545031,0.06897184111,4.726391674,0.3692569178,5.031493333,0.3394680198,2.21412,0.3423316953,1.276435506,,2.456835302
2026-03-24 00:00:00.000,JKM,-0.002513712349,-0.008181320748,-0.02211160944,0.06404154897,0.5221558199,-0.4471668445,-3.923728544,0.05189530263,2.758944712,0.1191978646,4.419803333,0.169299688,2.18319,0.3509146651,1.306903708,0.2721068826,2.904655816
2026-03-25 00:00:00.000,JKM,-0.002430987674,-0.008951949969,-0.02131113166,0.06597535863,0.5495701446,-0.5122610252,-3.577350483,0.04448783178,1.958389276,0.1077207191,4.610203333,0.218604803,2.07208,0.3293540074,1.292733171,0.2390262136,3.180369264
2026-03-26 00:00:00.000,JKM,-6.749675568e-05,-0.009466425136,-0.02260077768,0.07549331787,0.6546586554,-0.5623412067,-3.81710186,0.0455785896,2.044850514,0.3884072586,5.152796667,0.3753551616,2.15512,0.3446488816,1.319371391,0.1129698421,2.46993711
2026-03-27 00:00:00.000,JKM,0.001122103647,-0.008798107197,-0.02258006414,0.07115587475,0.7156026243,-0.5255693493,-3.696161886,0.04439397714,1.916812053,0.112042653,4.83328,0.2953872334,1.89121,0.3032441232,1.299924141,0.2007190547,1.801933302
2026-03-30 00:00:00.000,JKM,-8.335911114e-05,-0.009107800147,-0.02202661504,0.06926195917,0.6713018368,-0.5664888908,-3.450615363,0.04091962771,1.557258757,-0.1209926429,4.677976667,0.273566237,1.94277,0.3457336607,1.384422019,,2.61748911
2026-03-31 00:00:00.000,JKM,-0.000329269561,-0.01154818964,-0.01968669453,0.05917085234,0.6652418146,-0.7670150689,-2.787594643,0.02706687211,0.1734967007,-1.248365107,4.11991,0.1098620247,2.19422,0.4155349287,1.442040058,0.1479468786,3.527381566
2026-04-01 00:00:00.000,JKM,0.001538894314,-0.02158799017,-0.01914449206,0.05542509429,0.7383535899,-1.531684657,-2.603385292,0.02818102044,0.2874516739,-1.781467751,3.725956667,-0.005876919407,3.4182,0.6732451783,1.298916494,0.1129209906,12
2026-04-02 00:00:00.000,JKM,0.004032981652,-0.0253725713,-0.01928009478,0.06048011488,0.8322669976,-1.817079484,-2.590484328,0.0270477706,0.1756881529,-1.193061278,4.084143333,0.1013479276,3.77857,0.7463002093,1.298060458,0.1112704923,4.631940308
2026-04-07 00:00:00.000,JKM,0.004288191329,-0.02819750827,-0.02018327667,0.07106250573,0.8405814481,-2.028473368,-2.757970698,0.03036280764,0.5050657321,-0.1292989665,4.68141,0.2940910733,4.40485,0.8579354152,1.226354447,,3.862040184
2026-04-08 00:00:00.000,JKM,0.005610075521,-0.0245679957,-0.01647435058,0.04949191716,0.887181043,-1.748231151,-1.84756081,0.02602899252,0.06924127777,-2.153581012,3.63281,-0.01724234949,3.20426,0.6051379148,1.186711785,0.5236919,12
2026-04-09 00:00:00.000,JKM,0.003619697257,-0.02586665503,-0.01590118647,0.05038036677,0.8149984612,-1.843339772,-1.695082803,0.02749158934,0.2130194079,-1.784096317,3.751293333,0.02094887986,3.47073,0.6566067549,1.216477822,0.1472216697,2.58125334
2026-04-10 00:00:00.000,JKM,-0.002437967898,-0.02615920583,-0.0146124463,0.04632114293,0.5985422693,-1.860960783,-1.382517688,0.02983992383,0.4444531026,-2.050597112,3.504996667,-0.04971840031,3.63879,0.6865649874,1.281053039,0.1494427303,4.524488569
2026-04-13 00:00:00.000,JKM,-0.005755418237,-0.0278157643,-0.01562237489,0.05266506967,0.4850270989,-1.980083988,-1.601194407,0.02967102438,0.4234065959,-1.287018175,3.76673,0.03811393974,4.2023,0.787296392,1.214251675,,1.796571579
2026-04-14 00:00:00.000,JKM,-0.002622525752,-0.02714222584,-0.0140421814,0.04406725305,0.6205079452,-1.909226002,-1.226735579,0.03114066051,0.5659319103,-1.879693637,3.28379,-0.1098152856,3.65252,0.6725295595,1.201214981,0.1398747912,1.343081838
2026-04-15 00:00:00.000,JKM,-8.185494822e-05,-0.02525266564,-0.01283478598,0.03746619236,0.7502008923,-1.751197611,-0.9435585379,0.0286286275,0.3111585695,-2.147213006,3.009523333,-0.1968114789,3.22828,0.5790789337,1.194823679,0.2824698526,1.424619792
2026-04-16 00:00:00.000,JKM,-0.0002814657101,-0.02438618032,-0.01414073023,0.04026348876,0.7475002238,-1.679526681,-1.232359842,0.02432203674,-0.1203878053,-1.655450089,3.123196667,-0.1630571024,3.18664,0.5608291607,1.157020376,0.128623176,2.086433097
2026-04-17 00:00:00.000,JKM,-0.001357469302,-0.02153536181,-0.01269927401,0.03068886103,0.7084532023,-1.463415115,-0.8968109848,0.02584385867,0.03005379709,-2.096754918,2.556946667,-0.3342096545,2.71883,0.4536787469,1.116232068,0.2483640412,6.533974185
2026-04-20 00:00:00.000,JKM,0.02525001732,-0.0230022455,-0.01292172533,0.03155805522,1.714742777,-1.570455817,-0.9401297363,0.0290468906,0.3472787825,-1.75808692,2.680343333,-0.293471438,1.51418,0.1889984036,0.9499536962,,6.846269329
2026-04-21 00:00:00.000,JKM,0.02454816935,-0.02419829616,-0.01440705447,0.03782626997,1.69311355,-1.656934417,-1.267772029,0.02842862513,0.2823866833,-1.226747696,2.968253333,-0.2110572513,1.89017,0.2597981957,0.9770521464,0.3127591081,5.354496513
2026-04-22 00:00:00.000,JKM,0.002669641234,-0.02321063083,-0.0154164741,0.04161778602,0.8623447591,-1.5777367,-1.485072372,0.02460218268,-0.1020055435,-0.916804993,3.154913333,-0.1610754067,3.17962,0.5118448037,1.038759533,0.2955235919,5.906124734
2026-04-23 00:00:00.000,JKM,0.002455616153,-0.024068005,-0.01558741798,0.04421940615,0.8531543954,-1.630793196,-1.51073803,0.02427067503,-0.1360430745,-0.661970468,3.34909,-0.1043524752,3.36946,0.5417514944,1.001385433,0.1845029814,1.467229212
2026-04-24 00:00:00.000,JKM,0.005503233052,-0.02324297603,-0.01591849608,0.04259957376,0.9667219908,-1.557572891,-1.571996493,0.02254155278,-0.308837111,-0.7097369824,3.3218,-0.1145288946,3.11175,0.4813875259,0.9523452156,0.2776161763,1.941865301
2026-04-27 00:00:00.000,JKM,0.008478781096,-0.02548865581,-0.01605601854,0.04568244117,1.076338775,-1.711474687,-1.588414404,0.02242068413,-0.3196158892,-0.4135615035,3.5066,-0.04932231807,3.15304,0.4721855874,0.8615855126,,1.246774207
2026-04-28 00:00:00.000,JKM,0.01140986099,-0.02633738393,-0.0151359765,0.04258375898,1.156509318,-1.758504642,-1.36762613,0.02344260204,-0.2193293259,-0.58715098,3.40707,-0.0851260814,3.10011,0.4540137892,0.8235660787,0.09878609998,1.552669014
2026-04-29 00:00:00.000,JKM,0.01083882819,-0.02851333202,-0.01729497184,0.05361480914,1.094712032,-1.911539745,-1.836707477,0.02440421131,-0.1252329181,0.4062365043,3.98023,0.07934423279,3.72656,0.5676757481,0.7992781942,0.4024830397,2.140009191
2026-04-30 00:00:00.000,JKM,0.009399515783,-0.02872818175,-0.01651992874,0.05237966042,1.019634675,-1.916379917,-1.644642725,0.02337748182,-0.2307365449,0.4097973462,3.998226667,0.08387640877,3.57829,0.5260463401,0.7944586651,0.1322013082,2
2026-05-01 00:00:00.000,JKM,-0.003118727898,-0.0413704421,-0.01716974858,0.05225657073,0.5754268857,-2.806228466,-1.771574356,0.04898211943,2.332593281,0.5249564273,3.930973333,0.06605934335,4.82383,0.7621821529,0.9386919897,0.09888291544,12
2026-05-04 00:00:00.000,JKM,-0.003157509981,-0.04144615485,-0.01714747713,0.05224315624,0.5736305039,-2.771630859,-1.747727075,0.04901708345,2.30133466,0.5757656133,3.91228,0.09341133399,4.80924,0.8335405056,0.9185664979,,4.556401925
2026-05-05 00:00:00.000,JKM,-0.004284459435,-0.04292259855,-0.01847780548,0.05856026616,0.5331608007,-2.84096574,-2.019321936,0.0505478654,2.417953247,1.275327339,4.108563333,0.1453319057,5.18768,0.9034868218,0.9220022495,0.3017887144,4.8020832
2026-05-06 00:00:00.000,JKM,-0.00476587377,-0.04014773409,-0.01657369587,0.04777461648,0.5155516747,-2.592251078,-1.58275481,0.04648770338,1.986065377,0.1329436992,3.527613333,-0.05409425929,4.66963,0.7803352347,0.9401667206,0.4658182733,4.27471826
2026-05-07 00:00:00.000,JKM,-0.003614962231,-0.03996479734,-0.01655738497,0.04696048699,0.556088435,-2.539220154,-1.564245781,0.04532706545,1.850118145,0.2075434808,3.490156667,-0.06836007108,4.51324,0.8007064572,0.930444073,0.1231351882,2.746031975
2026-05-08 00:00:00.000,JKM,-0.005577526555,-0.04035413427,-0.01691151674,0.04844010454,0.4851150538,-2.544130621,-1.62557894,0.04539296162,1.835679349,0.42899605,3.541416667,-0.05467258154,4.63678,0.8845812734,0.8756646396,0.1591052823,2.502410122
2026-05-11 00:00:00.000,JKM,-0.004730077371,-0.0425364177,-0.01777670124,0.05483161531,0.5146145491,-2.680818995,-1.794144539,0.04566331324,1.84140272,1.33075619,3.933743333,0.08347989083,5.03929,1.113388623,0.8169185617,,1.16969174
2021-01-04 00:00:00.000,THE,-0.04698959712,0.01750038037,-0.003365536986,0.006712224664,,,,,,,3.218573333,,0.93315,,,,
2021-01-05 00:00:00.000,THE,-0.02587534117,0.01829318435,-0.002364079131,0.00480703567,,,,,,,3.049413333,,-0.34843,,,,
2021-01-06 00:00:00.000,THE,-0.02346103451,0.01731779597,-0.001623821047,0.004274066197,,,,,,,2.921873333,,-0.41835,,,,
2021-01-07 00:00:00.000,THE,-0.03809959751,0.01682422239,-0.002979912835,0.006187929443,,,,,,,3.306923333,,0.53072,,,,
2021-01-08 00:00:00.000,THE,-0.04860449952,0.01633283638,-0.003526362903,0.006900265079,,,,,,,3.27918,,1.13585,,,,
2021-01-11 00:00:00.000,THE,-0.07264550933,0.0145250327,-0.003429291254,0.00929782925,,,,,,,3.649656667,,2.65437,,,,
2021-01-12 00:00:00.000,THE,-0.1282518339,0.01466613324,-0.00462392656,0.01604158988,,,,,,,3.8884,,6.1813,,,,
2021-01-13 00:00:00.000,THE,-0.06985044588,0.01610698594,-0.003072167677,0.008020808748,,,,,,,3.393116667,,2.25575,,,,
2021-01-14 00:00:00.000,THE,-0.06900388388,0.01676899842,-0.003002724957,0.006710634229,,,,,,,2.953206667,,2.07613,,,,
2021-01-15 00:00:00.000,THE,-0.0588152564,0.01758891879,-0.002532286151,0.005698927358,,,,,,,2.84014,,1.38705,,,,
2021-01-18 00:00:00.000,THE,-0.04495685024,0.01807864889,-0.002393540106,0.004662647486,,,,,,,2.68909,,0.57087,,,,
2021-01-19 00:00:00.000,THE,-0.05195087427,0.01733727714,-0.003904014977,0.006568225801,,,,,,,3.044936667,,1.1753,,,,
2021-01-20 00:00:00.000,THE,-0.04662100945,0.01728262641,-0.003762170695,0.005707666525,,,,,,,2.84486,,0.87695,,,,
2021-01-21 00:00:00.000,THE,-0.04159267329,0.01609787035,-0.004209429242,0.006068028933,,,,,,,2.996966667,,0.49565,,,,
2021-01-22 00:00:00.000,THE,-0.06382373512,0.01625258911,-0.00489161896,0.008635797731,,,,,,,3.264746667,,1.86275,,,,
2021-01-25 00:00:00.000,THE,-0.04759964381,0.01661018915,-0.004462029399,0.006790146701,,,,,,,3.039253333,,0.81887,,,,
2021-01-26 00:00:00.000,THE,-0.03755499768,0.01635234642,-0.004284477206,0.006226170109,,,,,,,2.97499,,0.33755,,,,
2021-01-27 00:00:00.000,THE,-0.03821653223,0.01539117282,-0.004209651579,0.006387174333,,,,,,,3.06187,,0.40115,,,,
2021-01-28 00:00:00.000,THE,-0.05358014843,0.01438658817,-0.004907826818,0.008114720015,,,,,,,3.22126,,1.32295,,,,
2021-01-29 00:00:00.000,THE,-0.0447793811,0.01745032884,-0.004699859617,0.006940272333,,,,,,,2.98797,,0.881152143,,,,
2021-02-01 00:00:00.000,THE,-0.01858782905,0.0169510699,-0.002729915858,0.005050180284,1.528665213,0.3444326719,0.9123599861,,,-0.8045421835,2.758573333,,-0.72402,,,,12
2021-02-02 00:00:00.000,THE,-0.02020063374,0.01671852916,-0.002395129652,0.004970053615,1.342881552,0.1281200153,1.109668092,,,-0.8064370473,2.814753333,,-0.63966,,,,10.514729812
2021-02-03 00:00:00.000,THE,-0.01611339842,0.01764296751,-0.002206165169,0.004318023789,1.435637932,0.9819304945,1.137317718,,,-1.02337334,2.644486667,,-1.00102,,,,4.548782002
2021-02-04 00:00:00.000,THE,-0.01254543347,0.01773162767,-0.001799660834,0.004372513868,1.493593722,1.023207165,1.3578579,,,-0.9831951746,2.84723,,-1.16494,,,,3.790025179
2021-02-05 00:00:00.000,THE,-0.01246337302,0.01712289525,-0.001955859867,0.004328914231,1.400577272,0.4154410846,1.104618386,,,-1.004443573,2.829793333,,-1.10999,,,,3.402275852
2021-02-08 00:00:00.000,THE,-0.02522890167,0.01555522272,-0.002180164161,0.005129247619,0.8069326473,-1.07523757,0.8290442544,,,-0.6347491325,3.106073333,,-0.23456,,,,3.028662152
2021-02-09 00:00:00.000,THE,-0.0195202925,0.01544331672,-0.002305505068,0.0051300366,1.013153881,-1.137077396,0.7204786943,,,-0.5958844257,3.071336667,,-0.55075,,,0.3575406041,2
2021-02-10 00:00:00.000,THE,-0.01526983171,0.01624661305,-0.002383064726,0.004831715773,1.078294702,-0.3298385254,0.619247687,,,-0.6477462209,2.9429,,-0.88421,,,0.2144941259,3.675716554
2021-02-11 00:00:00.000,THE,-0.0119556891,0.01585120556,-0.002009456644,0.004063310505,1.213099114,-0.6793354235,0.9219798173,,,-1.457274312,2.560513333,,-1.10723,,,0.2948671393,4.923511616
2021-02-12 00:00:00.000,THE,-0.01187677674,0.01609681243,-0.001958436057,0.00420285458,1.15632798,-0.4216240215,0.9422901207,,,-1.231952542,2.687416667,,-1.07764,,,0.1807685598,1.51439514
2021-02-15 00:00:00.000,THE,-0.004054763208,0.0183938625,-0.001303407104,0.00364062129,1.391924774,1.658821531,1.401929614,,,-1.556596295,2.51302,,-1.66504,,,,1.88678577
2021-02-16 00:00:00.000,THE,-0.006582934472,0.01834377757,-0.001408141233,0.003819515892,1.153946361,1.608277762,1.290656592,,,-1.268891554,2.55786,,-1.48824,,,0.1416561355,4.187393587
2021-02-17 00:00:00.000,THE,-0.005312497455,0.01893784102,-0.001122825079,0.003470966817,1.205666196,2.092372071,1.490472372,,,-1.45539678,2.379653333,,-1.6468,,,0.3147152921,3.744336627
2021-02-18 00:00:00.000,THE,-0.006054513298,0.01712725809,-0.001619892065,0.004092228097,1.184383531,0.3454652128,0.9745637707,,,-0.873849536,2.70403,,-1.47817,,,0.3232057152,4.36283715
2021-02-19 00:00:00.000,THE,-0.003820183035,0.01858678009,-0.0008317757795,0.003558146303,1.24319122,1.637350515,1.495870684,,,-1.174715416,2.523833333,,-1.68699,,,0.389803413,2.787994706
2021-02-22 00:00:00.000,THE,-0.001557401221,0.01985507477,-0.0002565779131,0.003212589834,1.264285931,2.656094047,1.933575747,,,-1.300209543,2.345336667,,-1.80637,,,,1.529490685
2021-02-23 00:00:00.000,THE,-0.002773307068,0.01885185857,-0.0004497787495,0.003303057991,1.143727887,1.583412135,1.753327401,,,-1.208558148,2.428743333,-1.539418056,-1.69894,-1.167323088,,0.3099156565,2.907392453
2021-02-24 00:00:00.000,THE,-0.001988725676,0.01842800043,-0.0002604269213,0.003119262254,1.161045186,1.176538914,1.785566907,,,-1.253158811,2.36418,-1.661579681,-1.68722,-1.123461342,,0.4228462588,1.634621082
2021-02-25 00:00:00.000,THE,0.0006318931442,0.01984745648,0.0005230853937,0.00311497532,1.146088023,2.254114015,2.249207242,,,-1.143516049,2.333436667,-1.67073852,-1.92251,-1.234779192,,0.5046374399,3.91451305
2021-02-26 00:00:00.000,THE,0.0005717991528,0.02065840556,0.0005919631052,0.003081122585,1.124788329,2.585668695,2.225947793,,,-1.075851368,2.31682,-1.639093989,-2.024873226,-1.257863631,,0.1464107206,1.626007826
2021-03-01 00:00:00.000,THE,-0.002909914166,0.01483809264,0.0008965263369,0.003181527532,1.005232836,-1.57415249,2.316274143,,,-1.056513747,2.452476667,-1.191339369,-1.32142,-0.7923800737,,,12
2021-03-02 00:00:00.000,THE,-0.002112535489,0.01612664794,0.001340617376,0.003159406911,1.032792411,-0.6520802647,2.436245454,,,-1.15923307,2.441313333,-1.187412275,-1.49503,-0.8823724075,,0.2376510297,11.488155915
2021-03-03 00:00:00.000,THE,-0.001012473243,0.01806387462,0.001569554491,0.00325388048,1.056104312,0.6896071109,2.390478085,,,-0.9301519184,2.42212,-1.206362515,-1.733,-1.008995846,,0.2161558648,4.72497745
2021-03-04 00:00:00.000,THE,-0.0008927461641,0.01620727346,0.001523374293,0.003202333103,0.9788137745,-0.6026190854,2.190244466,,,-0.9271555749,2.520213333,-0.9054280227,-1.5677,-0.8847993077,,0.1596990737,3.209417603
2021-03-05 00:00:00.000,THE,0.0001641394751,0.01474371922,0.001062299584,0.003364570229,0.9201078546,-1.615843582,1.753547763,,,-0.6048766703,2.706026667,-0.3799427861,-1.52487,-0.840873316,,0.151403965,10.729115808
2021-03-08 00:00:00.000,THE,0.0003192383394,0.0159911942,0.001314708739,0.003384949691,0.8932818753,-0.6987541225,1.79450018,,,-0.5106681328,2.70518,-0.3281638862,-1.69784,-0.8940717473,,,4.088893636
2021-03-09 00:00:00.000,THE,5.582671447e-06,0.01384787868,0.000455454965,0.0038120012,0.8640396254,-2.163464771,1.202659989,,,0.1978841799,2.91148,0.274700597,-1.38247,-0.6699462352,,0.5212283592,12
2021-03-10 00:00:00.000,THE,-0.001629294298,0.01264623015,-0.0005989513573,0.004557761149,0.7908174912,-2.836554714,0.6252391609,,,1.645826753,3.039763333,0.6666447748,-1.19744,-0.5267776147,,0.4609056364,5.172398184
2021-03-11 00:00:00.000,THE,-0.0008702051944,0.01130816045,-0.001012468333,0.005167554607,0.7830433843,-3.423034277,0.4254830838,,,3.123841778,3.17617,1.042778179,-1.08435,-0.4513247019,,0.1717161622,2.637346449
2021-03-12 00:00:00.000,THE,-0.000724836559,0.01094800477,-0.001622359087,0.006002711281,0.7702124159,-3.240087945,0.1351618244,,,4.361865988,3.35154,1.515781188,-1.08964,-0.4484313139,,0.4176515713,3.403245956
2021-03-15 00:00:00.000,THE,6.236598977e-05,0.01103892043,-0.001533344924,0.00550987677,0.7710519811,-2.864539481,0.1824727825,,,2.39934822,3.17637,1.41500561,-1.17418,-0.4453429777,,,1.707744619
2021-03-16 00:00:00.000,THE,0.001311475764,0.01219082812,-0.0008111758281,0.004746443142,0.7962404063,-2.07429268,0.5644856468,,,1.163018401,3.01199,0.8074496103,-1.34108,-0.5607154529,,0.3504942471,2.287563678
2021-03-17 00:00:00.000,THE,-0.001953163657,0.01089191795,-0.001321967419,0.005337810533,0.6774659017,-2.579983739,0.3039681635,,,1.745907488,3.12347,1.166687167,-1.01052,-0.2060635891,,0.1109038871,1.858187691
2021-03-18 00:00:00.000,THE,0.0002885130803,0.01189619443,-0.0008420938169,0.004637830809,0.7451665466,-1.960435716,0.567967047,,,0.8040928607,2.967933333,0.6084634929,-1.1737,-0.3627584074,,0.2180662886,2.538753712
2021-03-19 00:00:00.000,THE,0.0002199640269,0.01187615235,-0.0004855937872,0.004291057609,0.7345572849,-1.884381786,0.7595857361,,,0.3696124895,2.85943,0.2289476026,-1.20579,-0.3897811046,,0.1209699841,2.886729006
2021-03-22 00:00:00.000,THE,-0.001262482702,0.01068297703,-0.0008742591936,0.004815347039,0.6838322638,-2.314138626,0.5230254867,,,0.913600722,3.0715,0.9501398762,-1.0331,-0.1007516871,,,1.735613474
2021-03-23 00:00:00.000,THE,-0.001096142736,0.00974790919,-0.0009948268631,0.005341370117,0.6845427534,-2.571022527,0.4563219448,,,1.387236987,3.248733333,1.532804923,-0.931,0.05060405289,,0.2917204446,2.541634796
2021-03-24 00:00:00.000,THE,-0.000931589032,0.00976120173,-0.0007909203977,0.005213156718,0.6852061507,-2.405264166,0.5661136799,,,1.120155583,3.273733333,1.621087543,-0.9023,0.1811462417,,0.3344678742,3.093868239
2021-03-25 00:00:00.000,THE,-0.002120738414,0.00969292989,-0.0006959930876,0.005296766054,0.6435825941,-2.297791892,0.6121261643,,,1.101904178,3.2596,1.508102759,-0.8016,0.3102955419,,0.5977705752,2.713463526
2021-03-26 00:00:00.000,THE,-0.003966491846,0.008627208583,-0.0009697637908,0.00552043721,0.5818205334,-2.566520644,0.4519834698,,,1.229551332,3.2688,1.483191557,-0.6593,0.4939978009,,0.3515624576,3.08375746
2021-03-29 00:00:00.000,THE,-0.001389573374,0.00943458637,5.140112606e-05,0.004933420266,0.6673711033,-2.135091001,1.036977859,,,0.5210508227,3.2702,1.454593765,-0.855,0.4355545275,,,1.484521932
2021-03-30 00:00:00.000,THE,-0.001301710542,0.008715416249,-0.0009283494403,0.005868257674,0.6731339899,-2.28332577,0.4541804907,,,1.450683693,3.412033333,1.887363073,-0.803,0.7430688423,,0.6273783098,2.203738283
2021-03-31 00:00:00.000,THE,-0.001477073801,0.008569751902,-0.0006490011561,0.00610490737,0.6676338625,-2.220549413,0.6120483331,,,1.579046074,3.592,2.329600358,-0.779096,1.101902676,,0.4193633352,1.998649421
2021-04-01 00:00:00.000,THE,-0.001327070814,-0.005669171185,-0.001200799982,0.007033250906,0.673582843,-6.402313488,0.2832955034,,,2.460428448,3.7852,2.721751269,1.7232,7.200175533,,0.2685422181,12
2021-04-06 00:00:00.000,THE,-0.002330635207,-0.006885369795,-0.001511990744,0.008574175202,0.6375465895,-5.338993209,0.097920996,,,3.722660396,4.280733333,3.628220606,2.2084,5.466469462,,,5.66112012
2021-04-07 00:00:00.000,THE,-0.00174832985,-0.006963014001,-0.00112123105,0.007601953768,0.6566180379,-4.422844431,0.3287716681,,,2.036826482,3.999466667,2.440494882,1.9246,3.687314113,,0.3119016913,12
2021-04-08 00:00:00.000,THE,-0.002774165537,-0.006735989969,-0.0008276469796,0.007204266589,0.615307496,-3.807452544,0.5012540504,,,1.4873709,3.888633333,2.016233471,1.886,3.105873057,,0.1082329274,3.258013138
2021-04-09 00:00:00.000,THE,-0.003091946567,-0.006712392723,-0.0007458658499,0.007277915068,0.6052389934,-3.418204799,0.5457005502,,,1.438424951,3.919333333,1.963030737,1.9123,2.787271266,,0.1248074484,2.442069898
2021-04-12 00:00:00.000,THE,-0.003597687642,-0.008505287436,-0.000883206075,0.008646894976,0.5855662883,-3.406496761,0.4576573584,,,2.5135497,4.301833333,2.527788735,2.4357,2.932950925,,,2.71050472
2021-04-13 00:00:00.000,THE,-0.002947826273,-0.008854364935,-0.0007069124654,0.008477569345,0.6103975327,-3.175723788,0.5606878314,,,1.979923324,4.228266667,2.157990009,2.4412,2.596234626,,0.2228537599,2
2021-04-14 00:00:00.000,THE,-0.003374849455,-0.008811370365,-0.0006169039952,0.00846141625,0.5931538442,-2.939553721,0.6103721337,,,1.711081547,4.259666667,2.0400204,2.4423,2.339573021,,0.5388603895,2
2021-04-15 00:00:00.000,THE,-0.004001639111,-0.01013884097,-0.001143025794,0.00989184083,0.5632396193,-2.923673903,0.2820943376,,,2.501713829,4.563933333,2.414152338,2.7921,2.412688075,,0.1414946889,4.208293351
2021-04-16 00:00:00.000,THE,-0.003054204131,-0.01048695146,-0.001407811979,0.01060582184,0.5959198218,-2.785455236,0.1166691072,,,2.517275924,4.703333333,2.447687417,2.8801,2.289608345,,0.1070780711,2
2021-04-19 00:00:00.000,THE,-0.003372634834,-0.01152352973,-0.001715805179,0.01172262072,0.5776659475,-2.749154327,-0.07542969453,,,2.721488747,4.9017,2.484521661,3.1533,2.214705871,,,0.8969637364
2021-04-20 00:00:00.000,THE,-0.003328243735,-0.01161877066,-0.00174537786,0.01166240862,0.5742832578,-2.610117416,-0.09341664541,,,2.201862405,4.871866667,2.21279976,3.1437,2.028905625,,0.214372917,2.398478903
2021-04-21 00:00:00.000,THE,-0.003103328754,-0.0119198394,-0.001912952026,0.01195409912,0.5783231031,-2.513525163,-0.1983018459,,,2.032781231,4.873766667,2.042269322,3.1666,1.894085334,,0.154827885,1.421872489
2021-04-22 00:00:00.000,THE,-0.002693798131,-0.01207512352,-0.001927589653,0.01219450145,0.5899172444,-2.414304211,-0.2062344716,,,1.896802156,4.955266667,2.023314733,3.2171,1.820491546,,0.1954329486,2
2021-04-23 00:00:00.000,THE,-0.001713970073,-0.007691020722,-0.001157539443,0.008529273953,0.6247665499,-1.869928398,0.2862251226,,,0.1852097961,4.298133333,1.103737096,2.2219,1.197517743,,0.8491888636,7.230320646
2021-04-26 00:00:00.000,THE,-0.00295210035,-0.009433407787,-0.001403226373,0.009309956655,0.5685117925,-1.990115619,0.1266341574,,,0.4569380155,4.293366667,1.003167245,2.5431,1.262544745,,,0.583903203
2021-04-27 00:00:00.000,THE,-0.002021435576,-0.01338858211,-0.002032907763,0.01344740139,0.6020748306,-2.314539817,-0.2807242135,,,2.208369272,5.194333333,2.106159488,3.5162,1.71639936,,0.8145992083,5.207963694
2021-04-28 00:00:00.000,THE,-0.001742642995,-0.01273503127,-0.002049407091,0.01364666996,0.6084978318,-2.163963967,-0.2895629154,,,2.00923385,5.287866667,2.089778628,3.3855,1.549260189,,0.1405927544,5.227410875
2021-04-29 00:00:00.000,THE,-0.002044936346,-0.01432040574,-0.002151164645,0.01550780378,0.5908434399,-2.237520877,-0.3541101111,,,2.521237648,5.774533333,2.544895206,3.848,1.724503911,,0.382954671,2.472544351
2021-04-30 00:00:00.000,THE,-0.002144825961,-0.01672896254,-0.003128165641,0.01943777743,0.5818526043,-2.346921839,-0.9933592634,,,3.659323677,6.385666667,3.027678343,4.537502581,1.992187594,,0.7551013986,4.930104306
2021-05-03 00:00:00.000,THE,-0.001969404809,-0.03648572005,-0.004223306053,0.01967640173,0.5845251474,-3.879638784,-1.700901881,,,2.859091114,6.385666667,2.719304731,5.1701,2.128240924,,,12
2021-05-04 00:00:00.000,THE,-0.001237704464,-0.03475771359,-0.004042577456,0.01813542992,0.6106061557,-3.449501144,-1.54473862,,,1.932347392,6.177566667,2.254372112,4.811,1.804264233,,0.6913957831,12
2021-05-05 00:00:00.000,THE,-0.002722550191,-0.03631806805,-0.004394316642,0.02026826889,0.543125614,-3.331633612,-1.741047919,,,2.248287239,6.588833333,2.487136437,5.335,1.937738872,,0.2367871193,6.295580939
2021-05-06 00:00:00.000,THE,-0.001595639444,-0.03695968871,-0.004650118397,0.02110644018,0.5867536884,-3.133931861,-1.86389564,,,2.116198711,6.8065,2.487874091,5.4337,1.87483353,,0.2470391019,7.936817836
2021-05-07 00:00:00.000,THE,-0.001540119474,-0.03451087415,-0.005202809142,0.01976580853,0.5846055448,-2.756208732,-2.164126474,,,1.543105161,6.4675,1.99630821,4.9446,1.564870628,,0.5070125712,12
2021-05-10 00:00:00.000,THE,-0.000824450198,-0.03476047368,-0.006026311502,0.02221903501,0.6106955137,-2.615453514,-2.603087512,,,1.922806583,6.902466667,2.201480879,5.3355,1.619299707,,,4.079741868
2021-05-11 00:00:00.000,THE,-0.001241928537,-0.03520581837,-0.006856301074,0.02430545843,0.5881427264,-2.501116779,-2.989378191,,,2.141248524,7.141233333,2.225348733,5.7034,1.689713312,,0.3873902172,5.403164597
2021-05-12 00:00:00.000,THE,-0.001370236792,-0.03505861496,-0.006819681272,0.02385065881,0.5782574375,-2.370494537,-2.813077695,,,1.770426622,7.2597,2.139352101,5.6483,1.571098528,,0.5720241714,2.386256903
2021-05-13 00:00:00.000,THE,-0.001752953441,-0.03591732504,-0.007047679083,0.02529590797,0.5575383982,-2.316018178,-2.807990533,,,1.85498445,7.3189,2.04658206,5.8818,1.604944789,,0.7736023975,3.492124456
2021-05-14 00:00:00.000,THE,-0.002673833562,-0.03726121973,-0.007117816813,0.0266510691,0.5137277505,-2.320046552,-2.716481186,,,1.904911244,7.6153,2.140660398,6.2859,1.705895613,,0.2785495776,2
2021-05-17 00:00:00.000,THE,-0.003136724798,-0.03466904968,-0.006496601206,0.0232873462,0.4901395365,-2.089536615,-2.280146241,,,1.090787666,7.059933333,1.561259966,5.8025,1.389939036,,,2.449959043
2021-05-18 00:00:00.000,THE,-0.002402155219,-0.03320013617,-0.005084487844,0.01968783802,0.5189815221,-1.955263149,-1.49644517,,,0.3519029096,6.663033333,1.202398936,5.1779,1.061650923,,0.8477099324,5.436484848
2021-05-19 00:00:00.000,THE,-0.001778288835,-0.03014540062,-0.003501997743,0.01520258826,0.5428661385,-1.725584039,-0.6797436365,,,-0.5298912569,5.710666667,0.4751266029,4.2807,0.6248589124,,0.6997186954,5.444180817
2021-05-20 00:00:00.000,THE,-0.002509196495,-0.03511330785,-0.004612379663,0.02039735943,0.5070835039,-1.918791262,-1.231531972,,,0.4033038204,6.7859,1.235968627,5.4842,1.145473321,,0.2751985852,4.817366615
2021-05-21 00:00:00.000,THE,-0.003037104338,-0.03657627206,-0.004715324312,0.02168081195,0.4805103293,-1.923604732,-1.267167724,,,0.5903561577,6.9232,1.296843414,5.7366,1.225389447,,0.3002643215,8.709262892
2021-05-24 00:00:00.000,THE,-0.004011778578,-0.03697485017,-0.005090561678,0.02253324125,0.434308672,-1.898985858,-1.437597186,,,0.6937651883,6.9548,1.225575904,5.8365,1.213337344,,,1.132840872
2021-05-25 00:00:00.000,THE,-0.002501986638,-0.04118588023,-0.006572181009,0.02977027687,0.4989157792,-2.044287692,-2.095585755,,,2.304037398,7.9662,1.921886061,6.8367,1.673281491,,0.5785642461,3.970060164
2021-05-26 00:00:00.000,THE,-0.001455381756,-0.04150470662,-0.006612270913,0.03019835826,0.5425786634,-1.979359394,-2.023654389,,,2.269927083,8.078433333,1.895274518,6.8464,1.622638269,,0.1626650484,4.010758382
2021-05-27 00:00:00.000,THE,-0.001682393669,-0.0385952239,-0.005586230102,0.02557089676,0.5289410684,-1.774860971,-1.485450206,,,0.9359568305,7.3782,1.295552699,6.0694,1.164011898,,0.2843900414,2.912797473
2021-05-28 00:00:00.000,THE,-0.00141221451,-0.03888853058,-0.005945831769,0.02645245166,0.537797987,-1.728225944,-1.594625235,,,1.090784404,7.382666667,1.25812554,6.081499333,1.13788438,,0.1816361831,2.02567117
2021-06-01 00:00:00.000,THE,0.000620590312,-0.06152405816,-0.006730538076,0.03003016427,0.6262464774,-2.629470352,-1.890695769,,,1.958299693,8.2943,1.857456755,7.6305,2.14434558,,,12
2021-06-02 00:00:00.000,THE,4.483637264e-05,-0.06242373308,-0.006226071212,0.03000911393,0.5959971429,-2.546473919,-1.604171895,,,1.705989976,8.353433333,1.802326799,7.6838,2.035736767,,0.2941132593,11.939113166
2021-06-03 00:00:00.000,THE,0.0001958505731,-0.06388263848,-0.006253692394,0.03081378205,0.5990304098,-2.492772147,-1.570086855,,,1.70646338,8.557866667,1.860078854,7.9231,2.055441849,,0.2797365037,12
2021-06-04 00:00:00.000,THE,-7.797795828e-05,-0.06314196317,-0.006268494945,0.03004585958,0.5827292789,-2.357373973,-1.52313347,,,1.354544526,8.436266667,1.680012456,7.8825,1.911127177,,0.1621542593,4.267845569
2021-06-07 00:00:00.000,THE,-0.0003582751853,-0.06305727437,-0.007147768194,0.03226053289,0.5662841909,-2.25797189,-1.860804844,,,1.731649805,8.675333333,1.746462045,8.134,1.933529701,,,3.426111617
2021-06-08 00:00:00.000,THE,-7.453809102e-05,-0.06938562201,-0.007026150637,0.03716703478,0.5758515473,-2.391659016,-1.762662925,,,2.60730032,9.7771,2.4350369,9.1833,2.414683259,,0.4405563227,7.034127852
2021-06-09 00:00:00.000,THE,0.0003132406741,-0.06804291959,-0.007584774249,0.03762813526,0.5901911404,-2.243893216,-1.924187931,,,2.274908187,9.7284,2.226613907,9.1062,2.199515723,,0.09335057523,2.025660931
2021-06-10 00:00:00.000,THE,9.323915417e-05,-0.06744352232,-0.007753117472,0.03696319553,0.5764382077,-2.137060725,-1.946748291,,,1.819237884,9.6745,2.043418365,9.059,2.031362775,,0.1431041846,2.050219552
2021-06-11 00:00:00.000,THE,0.0003437096713,-0.06613871637,-0.007507689954,0.0353072975,0.5845883039,-2.015514002,-1.8113629,,,1.323244254,9.4073,1.75890877,8.7993,1.786120787,,0.1404462237,3.329661666
2021-06-14 00:00:00.000,THE,0.0008217234696,-0.06938906055,-0.007718316199,0.03848189886,0.6032946912,-2.036483333,-1.81692589,,,1.711948651,9.981433333,2.027973562,9.4032,1.981573579,,,2.360152986
2021-06-15 00:00:00.000,THE,0.0006284320574,-0.0685135307,-0.007464293329,0.0370463456,0.5906701147,-1.92768153,-1.71859059,,,1.297060981,9.668466667,1.705636314,9.0773,1.697015401,,0.1054117319,1.855966484
2021-06-16 00:00:00.000,THE,0.0006496433359,-0.07028887791,-0.00751941585,0.03890381348,0.5881813713,-1.91240395,-1.703324088,,,1.453129312,9.897666667,1.761003763,9.3185,1.727573801,,0.2277837852,1.99960133
2021-06-17 00:00:00.000,THE,0.001329913004,-0.07027503521,-0.007487759379,0.03864797094,0.6166111319,-1.845453324,-1.66186577,,,1.270112627,9.955233333,1.713415833,9.404,1.689884033,,0.2818403283,2.899686616
2021-06-18 00:00:00.000,THE,0.0007833257566,-0.07064764421,-0.008402454625,0.04152950492,0.5872921531,-1.80202578,-1.927534571,,,1.589352727,10.289633333,1.838358583,9.9162,1.859811663,,0.1447255318,2.043395858
2021-06-21 00:00:00.000,THE,0.001014351011,-0.07026127698,-0.008279903502,0.04111433141,0.5948103212,-1.732165215,-1.847218499,,,1.47487696,10.252366667,1.699590827,9.8424,1.699238076,,,1.55903488
2021-06-22 00:00:00.000,THE,0.0006213534962,-0.07192751532,-0.009435844331,0.04633280447,0.5728545012,-1.724277666,-2.224118655,,,2.26467956,10.920933333,2.023105578,10.4047,1.881362262,,0.2824646437,7.490410616
2021-06-23 00:00:00.000,THE,0.001281195841,-0.07319103742,-0.01003722098,0.04885528495,0.6009198319,-1.708985582,-2.330602989,,,2.453472985,11.251,2.135762417,10.8887,2.041459277,,0.215691279,4.079753419
2021-06-24 00:00:00.000,THE,-0.001247850447,-0.07306784512,-0.01067999899,0.0511231715,0.4774321304,-1.684104322,-2.543370398,,,2.537351103,11.3935,2.086152206,11.1778,2.057030614,,0.3689572519,5.921686288
2021-06-25 00:00:00.000,THE,0.0007890503736,-0.07327533512,-0.01106544241,0.05246463072,0.5624323308,-1.647179964,-2.572957881,,,2.313828247,11.496233333,2.02132007,11.1711,1.935189242,,0.2498362414,2.906097617
2021-06-28 00:00:00.000,THE,0.001527466197,-0.07402401136,-0.01139352649,0.05330083405,0.5877530814,-1.627408786,-2.577440852,,,2.079960619,11.5674,1.991397262,11.1586,1.85385554,,,2.608030632
2021-06-29 00:00:00.000,THE,0.002219113098,-0.0771036529,-0.0124031064,0.0598715919,0.6111026517,-1.675587897,-2.788442992,,,2.686543131,12.365033333,2.340341084,11.8835,2.098436259,,0.5061321026,3.050212544
2021-06-30 00:00:00.000,THE,0.002509230376,-0.08190451761,-0.01272392488,0.06621125093,0.6125631734,-1.747780185,-2.772984335,,,3.011884312,13.482,2.781145948,13.054203226,2.495345701,,0.3909831258,3.508925545
2021-07-01 00:00:00.000,THE,0.004168195256,-0.09146372235,-0.01458028393,0.06947035292,0.6812393649,-1.952112822,-3.19616901,,,2.758153769,13.988933333,2.785077737,13.6305,2.546651531,,0.5437225897,12
2021-07-02 00:00:00.000,THE,0.004738550714,-0.0930754221,-0.01463821729,0.07102538938,0.7055392188,-1.921686912,-3.072939714,0.05034439643,,2.419904214,14.302333333,2.681286222,13.7566,2.394367736,,0.4762936446,10.277985253
2021-07-05 00:00:00.000,THE,0.006140792314,-0.09942571602,-0.01543354821,0.08147885,0.867261157,-2.031227203,-3.157032892,0.0479825128,,2.915423806,15.881466667,3.134005789,15.2557,2.758523642,,,4.905817722
2021-07-06 00:00:00.000,THE,0.006532510318,-0.08449611808,-0.01464936531,0.06191762903,0.9069091118,-1.622354741,-2.880945485,0.04202869442,,0.9760459721,12.5102,1.346322486,11.8683,1.24614618,,1.475797596,6.774955979
2021-07-07 00:00:00.000,THE,0.006313604746,-0.0783565825,-0.01426766979,0.05510757221,0.9135021215,-1.439179327,-2.648268363,0.04272760124,,0.3907967878,11.3179,0.782439656,10.794,0.7946094927,,0.5501598666,4.919007656
2021-07-08 00:00:00.000,THE,0.006044444364,-0.08291313455,-0.01484623232,0.06151494337,0.9062168016,-1.498663945,-2.749271638,0.03818706937,,0.8120362714,12.412266667,1.227062182,11.7724,1.139449813,,0.2594452535,3.886422919
2021-07-09 00:00:00.000,THE,0.006428733909,-0.09481783957,-0.01537888217,0.07697067467,0.9333751651,-1.712240607,-2.868869752,0.0349316535,,1.898407453,15.018666667,2.280098094,14.3315,2.048311938,,0.6802453614,4.712263917
2021-07-12 00:00:00.000,THE,0.006087484459,-0.08723637603,-0.01467252587,0.065914757,0.9167095971,-1.50348512,-2.601784626,0.03174040199,,0.8813181717,13.214366667,1.341359963,12.6396,1.271080825,,,1.405584937
2021-07-13 00:00:00.000,THE,0.005288045195,-0.08957404239,-0.01497931343,0.06970585793,0.8551461683,-1.512865886,-2.659468178,0.02845300596,,1.081741471,13.7106,1.471473012,13.2093,1.415327023,,0.2562227933,1.351439448
2021-07-14 00:00:00.000,THE,0.005222379421,-0.08552471755,-0.01443453366,0.06398418896,0.8495666594,-1.392111658,-2.439415794,0.02752893318,,0.5559885561,12.770833333,1.024060432,12.3743,1.044592562,,0.2263976527,2.204463691
2021-07-15 00:00:00.000,THE,0.004638271696,-0.08380920973,-0.0134815455,0.06033857953,0.8496971825,-1.324534375,-2.164238262,0.02594943352,,0.1954201912,12.402766667,0.8548930037,11.931,0.8606034695,,0.5011002199,4.821481782
2021-07-16 00:00:00.000,THE,0.005548425991,-0.09043034387,-0.01398115845,0.06802119959,0.9769701825,-1.426655299,-2.225098568,0.02474634648,,0.7717876915,13.675533333,1.339245425,13.0693,1.251217565,,0.4132126355,1.395461932
2021-07-19 00:00:00.000,THE,0.005532800472,-0.09526973302,-0.01416919832,0.07290144603,0.9921133661,-1.488686482,-2.171231441,0.02338829018,,1.144362163,14.490033333,1.597828997,13.9893,1.53703256,,,1.413547739
2021-07-20 00:00:00.000,THE,0.006336575027,-0.0949615225,-0.01358575415,0.07027712108,1.119184622,-1.448554429,-2.048521681,0.02283935876,,0.8116839747,14.3189,1.453416273,13.6902,1.35766497,,0.3935260228,1.708909008
2021-07-21 00:00:00.000,THE,0.006178816964,-0.0944631326,-0.01380649526,0.07101453942,1.265162742,-1.406690318,-2.063483419,0.021801671,,0.8281599352,14.4187,1.433426948,13.85,1.368521947,,0.3094172987,1.507502589
2021-07-22 00:00:00.000,THE,0.006789742799,-0.09473230983,-0.01359783105,0.07000752529,1.589654837,-1.380761228,-1.979237447,0.0215409095,,0.6444514877,14.432566667,1.388196124,13.7997,1.302935052,,0.3409861542,1.301652128
2021-07-23 00:00:00.000,THE,0.006328968689,-0.09033612542,-0.01392863573,0.06685885558,1.512640864,-1.270667372,-2.016521348,0.01953187939,,0.1849312071,13.777533333,1.072971752,13.1628,1.015140905,,0.4116929063,2
2021-07-26 00:00:00.000,THE,0.005004561726,-0.09565110818,-0.01418007921,0.07378142808,1.275030858,-1.33959282,-2.01442063,0.01798603212,,1.035854016,14.981966667,1.511156032,14.5705,1.52731373,,,1.409334156
2021-07-27 00:00:00.000,THE,0.004803125399,-0.09540413645,-0.01422881476,0.07400850172,1.23794167,-1.306228526,-1.969185988,0.01765815341,,0.9998876037,15.084233333,1.496405284,14.7626,1.561697145,,0.3346378093,2.467597813
2021-07-28 00:00:00.000,THE,0.00289299218,-0.09912239172,-0.01522423983,0.08356514708,0.8263503807,-1.344367926,-2.120455498,0.01332235712,,2.469551894,16.2899,1.981565615,16.3781,2.236124624,,0.7512683163,4.360830658
2021-07-29 00:00:00.000,THE,1.940897032e-05,-0.09935857227,-0.01620313066,0.08947091427,0.1971414894,-1.321736183,-2.258832416,0.01316265904,,2.971243854,16.767666667,2.07737662,17.2084,2.43794535,,0.7391500165,5.090107462
2021-07-30 00:00:00.000,THE,0.003592289022,-0.09689584176,-0.01656484389,0.08686799251,1.054492815,-1.254599276,-2.264676089,0.01107865252,,2.04783393,16.355833333,1.783996912,16.3029,1.892494087,,0.6588064625,5.539578424
2021-08-02 00:00:00.000,THE,-0.0003465190433,-0.09424816758,-0.0171723503,0.08939485112,0.03913877156,-1.187663396,-2.315392364,0.05191836353,,2.06332472,17.602666667,2.221446147,18.0302,2.495515183,,,12
2021-08-03 00:00:00.000,THE,-0.0007563098159,-0.09006737593,-0.01725373402,0.08533731347,-0.1138866593,-1.096174435,-2.262131167,0.04567591304,,1.3721248,16.775166667,1.738063358,17.3207,2.031001312,,0.4004421317,5.134408333
2021-08-04 00:00:00.000,THE,-0.001378071727,-0.08779535012,-0.01863785965,0.08892417524,-0.3396077359,-1.039470497,-2.450949779,0.03908206303,,1.684999091,16.7807,1.661967985,17.3455,1.928294922,,0.6245046487,12
2021-08-05 00:00:00.000,THE,0.0001868050129,-0.08557464437,-0.02057185359,0.09381148057,0.121069069,-0.9858889361,-2.692834488,0.03407947736,,1.980497558,16.807966667,1.602541273,17.0612,1.720628881,,0.8493623488,7.657955525
2021-08-06 00:00:00.000,THE,0.001121147093,-0.08488058211,-0.02178412298,0.0956557363,0.4161564284,-0.9586404571,-2.784608017,0.02964330957,,1.980041362,16.7181,1.503457048,16.6529,1.496068408,,0.4968183612,4.98783759
2021-08-09 00:00:00.000,THE,0.002738252458,-0.08709835414,-0.02170748032,0.09806062777,0.9417032106,-0.979268281,-2.709300513,0.02453314216,,1.980052867,17.139733333,1.587804184,16.778,1.449248309,,,3.039857611
2021-08-10 00:00:00.000,THE,0.002462903345,-0.08601643467,-0.02267879279,0.1011831314,0.8353158958,-0.9465592785,-2.752898676,0.02191145241,,2.000387535,17.348,1.59928114,17.2502,1.562634533,,0.8173734781,5.985631372
2021-08-11 00:00:00.000,THE,0.001984308966,-0.08721936077,-0.0232840527,0.1047025673,0.6601161635,-0.9547550308,-2.772732965,0.01935597413,,2.036789808,18.2246,1.894980229,18.338,1.909116612,,1.08442546,4.271899573
2021-08-12 00:00:00.000,THE,0.003097506728,-0.0842633044,-0.02334416255,0.1021761953,1.02974112,-0.8936465656,-2.680889948,0.01830222424,,1.577560462,17.585633333,1.540202962,17.6009,1.5380452,,0.4628961262,2.707306613
2021-08-13 00:00:00.000,THE,0.003727022283,-0.0802412221,-0.02319010264,0.09777579053,1.229019608,-0.8261224568,-2.568312098,0.01916433646,,1.096753757,16.607533333,1.093906275,16.3893,1.039730661,,0.3540807632,10.489461592
2021-08-16 00:00:00.000,THE,0.002942530925,-0.08539185944,-0.02439211114,0.1111778823,0.9398621233,-0.8957668344,-2.673344785,0.0169412986,,2.081258156,18.536666667,1.842540609,18.3297,1.716794533,,,1.448145925
2021-08-17 00:00:00.000,THE,0.00286891483,-0.08364982505,-0.02403147911,0.1060697728,0.8957346378,-0.8556099047,-2.534161778,0.01532099956,,1.443522768,17.764433333,1.430395276,17.568,1.345173007,,0.2194713671,2.601101116
2021-08-18 00:00:00.000,THE,0.003399293197,-0.0835254701,-0.02271623539,0.09702054647,1.059022889,-0.8417567644,-2.281961341,0.01330143923,,0.6289923065,17.092033333,1.084817643,16.78,0.9799910775,,0.7558077215,3.74579349
2021-08-19 00:00:00.000,THE,0.004594789068,-0.07700708839,-0.0211274069,0.0821375945,1.4260758,-0.7322129363,-2.005533421,0.01966751787,,-0.5999031144,14.4844,-0.0704890932,14.095,-0.1037990597,,0.8188616884,6.380478833
2021-08-20 00:00:00.000,THE,0.005831433396,-0.07950036247,-0.02093924895,0.08353760001,1.759939244,-0.7696104036,-1.92981584,0.01772722468,,-0.5582468504,15.378166667,0.3215455071,14.725,0.1494044479,,0.6134495443,2.22824
2021-08-23 00:00:00.000,THE,0.006127124154,-0.08066714675,-0.02141649094,0.08558186993,1.794211777,-0.7762236735,-1.943496434,0.01959253088,,-0.4748116352,15.8567,0.4439185082,14.965,0.1393352769,,,1.19231597
2021-08-24 00:00:00.000,THE,0.005608674555,-0.08722348616,-0.02170448883,0.09539933374,1.56591112,-0.8660154557,-1.931309098,0.01755605145,,0.3434503503,18.010333333,1.482002491,17.34,1.165075657,,0.4251403523,3.231898315
2021-08-25 00:00:00.000,THE,0.005803933133,-0.08916203527,-0.02177231652,0.09780900401,1.57045713,-0.877692072,-1.876870621,0.01598380142,,0.5247332672,18.373333333,1.609241062,17.815,1.334143857,,0.3199545879,1.909512654
2021-08-26 00:00:00.000,THE,0.005266927108,-0.09002976409,-0.02184718624,0.09977035708,1.36857402,-0.873075266,-1.836327511,0.01317965178,,0.6911787585,18.595966667,1.654731587,18.085,1.413528213,,0.2586745627,1.285408953
2021-08-27 00:00:00.000,THE,0.004849209978,-0.09677303236,-0.02182671733,0.1069030656,1.216022595,-0.9627186032,-1.800518885,0.01851970603,,1.515212478,20.471633333,2.502100805,20.0212,2.229701478,,0.3940622069,2.064869452
2021-08-31 00:00:00.000,THE,0.005006049412,-0.1053426005,-0.02195038068,0.1174846733,1.225700048,-1.082116766,-1.780863839,0.02356775113,,2.637092086,22.9473,3.481118609,22.2514,3.028793796,,,2.384953247
2021-09-01 00:00:00.000,THE,0.001298893301,-0.08278378083,-0.02142878717,0.1054585081,0.1638063554,-0.7387247311,-1.677117295,0.06362284287,,0.897051865,22.106466667,2.62863953,21.6043,2.412704038,,0.2819446127,12
2021-09-02 00:00:00.000,THE,8.649253559e-05,-0.08431346416,-0.02223725372,0.1126335633,-0.1731674516,-0.7517927311,-1.721467498,0.06061724455,,1.589605894,23.290466667,2.874744806,22.9432,2.741188947,,0.2403595992,5.885269033
2021-09-03 00:00:00.000,THE,0.001216100936,-0.08317701812,-0.02267670813,0.112967188,0.1328747955,-0.7266771364,-1.735782865,0.05405393767,,1.475245009,23.0178,2.497228908,22.4917,2.33543233,,0.1748221559,3.544877395
2021-09-06 00:00:00.000,THE,0.002045273967,-0.08392262151,-0.02345035158,0.1174645904,0.3545328504,-0.7280848262,-1.786468836,0.05016016336,,1.805640522,23.6225,2.509594962,23.0575,2.358882226,,,3.132928178
2021-09-07 00:00:00.000,THE,0.001569103425,-0.08706125703,-0.02406323257,0.1255643486,0.2232429486,-0.7650111314,-1.8420272,0.04859861621,,2.396572969,24.821433333,2.721059121,24.2102,2.581226112,,0.4813281361,3.450478026
2021-09-08 00:00:00.000,THE,0.002088762361,-0.08399631699,-0.0259040497,0.1341876865,0.3524138962,-0.712706482,-2.01118067,0.04499433096,,2.784891066,24.850433333,2.451249977,24.0949,2.299365956,,0.7563259733,10.7868462
2021-09-09 00:00:00.000,THE,0.00198921892,-0.08543390347,-0.02628612762,0.1381311487,0.3198306414,-0.7240680444,-2.018061049,0.04212309115,,2.563463051,25.683633333,2.512778303,24.9711,2.402907041,,0.1516344308,6.669283457
2021-09-10 00:00:00.000,THE,0.001686903392,-0.09065372497,-0.02545699521,0.1423224281,0.2340552685,-0.7883208683,-1.906662681,0.04266576305,,2.405826413,27.4242,2.809554499,26.7706,2.742128928,,0.4699218866,7.826648001
2021-09-13 00:00:00.000,THE,0.001558844755,-0.09509845385,-0.02570850878,0.1550201975,0.1919341785,-0.842207036,-1.901574027,0.04715222954,,2.778576242,30.079566667,3.231414568,29.489,3.218854191,,,3.053071048
2021-09-14 00:00:00.000,THE,0.0002540661839,-0.1025405856,-0.02592711453,0.1696267166,-0.1557705846,-0.9362111876,-1.90393829,0.04924794002,,3.001531053,33.9584,3.814160129,33.387,3.836538492,,0.3904405393,6.625770701
2021-09-15 00:00:00.000,THE,0.0003778795401,-0.1094012609,-0.02612688201,0.1819476535,-0.1254772755,-1.029073751,-1.889448486,0.05261218624,,2.922951768,37.345066667,3.951521435,36.9237,4.021304918,,0.3247072196,4.715441671
2021-09-16 00:00:00.000,THE,-0.0001243373522,-0.09315687777,-0.02487553391,0.1463681813,-0.2627607088,-0.8026378599,-1.752339213,0.03185401075,,1.050428468,29.307233333,1.831874344,29.0274,1.874030978,,0.8954520828,5.501613611
2021-09-17 00:00:00.000,THE,0.0005702329776,-0.1045383301,-0.02515903123,0.1658489426,-0.09038392865,-0.9617034093,-1.76615774,0.03960554432,,1.655007389,34.069433333,2.603173019,33.7463,2.646195794,,0.3733571911,2.443051645
2021-09-20 00:00:00.000,THE,-0.0002016543159,-0.1183350212,-0.02531512183,0.1937722338,-0.2968814067,-1.148030669,-1.749477562,0.05664581622,,2.425313215,41.218733333,3.533337301,41.098,3.630549889,,,8.45438261
2021-09-21 00:00:00.000,THE,0.0004494705023,-0.1182147869,-0.02458876523,0.1882704361,-0.1277769585,-1.135033769,-1.64471551,0.05235805085,,1.905962166,40.710733333,2.95593257,40.4313,2.997939051,,0.4667702813,9.883528786
2021-09-22 00:00:00.000,THE,0.0006937554831,-0.1115975526,-0.02497934949,0.175651,-0.067610758,-1.037322169,-1.657200856,0.03633958705,,1.312535775,38.109466667,2.27157245,37.7491,2.289643509,,0.7664802845,3.301099102
2021-09-23 00:00:00.000,THE,0.002855266787,-0.1035226999,-0.0256127113,0.1640887573,0.4900865428,-0.9074225786,-1.692632212,0.02458811356,,0.8412945473,35.396233333,1.757194103,34.5484,1.702872022,,0.7492912464,4.921037431
2021-09-24 00:00:00.000,THE,0.003040621388,-0.0993612219,-0.0273043085,0.1619540048,0.5327471866,-0.8450361466,-1.825671848,0.03068018084,,0.6935451178,35.174233333,1.647905673,34.3482,1.601939642,,0.9354643303,7.787019036
2021-09-27 00:00:00.000,THE,0.003440913332,-0.09959198158,-0.03048919103,0.1844049982,0.6380025521,-0.8364076596,-2.099076829,0.03488036357,,1.379413573,38.578366667,1.937897577,37.935,1.92685434,,,3.365794592
2021-09-28 00:00:00.000,THE,0.004217817963,-0.1039460886,-0.03007534995,0.1907110936,0.8389620369,-0.8918301917,-2.01373593,0.0266364925,,1.481763821,41.368933333,2.146486308,39.9962,2.050625868,,0.3485322547,7.705490286
2021-09-29 00:00:00.000,THE,0.005545029655,-0.107243249,-0.0310538686,0.205720555,1.157039839,-0.9418755529,-2.064167492,0.02838323651,,1.868200037,45.0227,2.41231562,43.3465,2.302454635,,0.7675129106,3.555766904
2021-09-30 00:00:00.000,THE,0.004031701279,-0.1102594905,-0.03247873099,0.224798472,0.7189648896,-0.9894396713,-2.152123037,0.03282964426,0.08867813648,2.288771907,48.5525,2.621602641,47.0159,2.557057348,,0.6651769448,7.35898693
2021-10-01 00:00:00.000,THE,0.0007458464507,-0.06782304366,-0.03108586213,0.2111907798,-0.1399048474,-0.3711911217,-1.978924665,0.1053295581,5.289237118,1.582822741,48.4757,2.394474608,47.3448,2.386445411,,0.2524502712,12
2021-10-04 00:00:00.000,THE,0.0006811376283,-0.06599247691,-0.03185201284,0.2115990512,-0.167069945,-0.3482211312,-2.007173137,0.09274385308,3.619296005,1.460516976,48.783733333,2.176169145,47.951,2.195077396,,,6.184467067
2021-10-05 00:00:00.000,THE,0.0008623081358,-0.08238820665,-0.03348132526,0.2701427185,-0.1317911604,-0.5998386164,-2.110517513,0.09537922655,3.423199096,3.299519043,69.459933333,3.953953804,68.341,3.981001913,,0.9504281637,12
2021-10-06 00:00:00.000,THE,0.0004891208084,-0.08783239621,-0.02919359315,0.2414176991,-0.2348936678,-0.6840325543,-1.693609669,0.09283433483,3.000221665,1.826694419,65.472433333,2.975697208,64.3366,2.983588722,,1.981296987,12
2021-10-07 00:00:00.000,THE,0.00171626994,-0.08473508571,-0.02671750478,0.2111752067,0.07667176672,-0.6351292864,-1.450567984,0.08703650775,2.514026725,0.7844074025,59.050133333,2.190322766,57.6076,2.16458815,,0.5351260721,3.881600719
2021-10-08 00:00:00.000,THE,0.001760434624,-0.07416961072,-0.02568802861,0.1744860271,0.0828537238,-0.4658065094,-1.339778638,0.06646836476,1.422047563,-0.3823539334,48.075566667,1.270484353,46.6189,1.233094928,,0.4596455749,2.653038834
2021-10-11 00:00:00.000,THE,0.0003500738929,-0.07012726113,-0.02669472058,0.1713534695,-0.3524426054,-0.3982948349,-1.401687471,0.05525065776,0.8689497755,-0.5563280934,45.4916,0.9801004473,44.4378,0.9705774008,,,2.495268533
2021-10-12 00:00:00.000,THE,0.001283124219,-0.07017152743,-0.02817526074,0.1820309831,-0.08416716827,-0.3979500107,-1.500290136,0.04746316423,0.4946790882,-0.2779014799,47.2067,1.054364188,45.9074,1.029837459,,0.2794835708,2.714385634
2021-10-13 00:00:00.000,THE,0.0004261412356,-0.07778884995,-0.02899604203,0.2069405651,-0.3911880371,-0.523023674,-1.542010339,0.05523123246,0.8550825862,0.5189575839,54.188566667,1.498355647,53.0039,1.49213393,,0.6216525145,2.759582556
2021-10-14 00:00:00.000,THE,0.0005265115755,-0.07791388107,-0.03081938798,0.2255505843,-0.3708413587,-0.5178303535,-1.662944153,0.04440735355,0.3359285369,1.10417328,58.393,1.735045865,57.5987,1.762479568,,0.3642113026,3.543774774
2021-10-15 00:00:00.000,THE,0.001401683684,-0.06604164465,-0.02956020798,0.1830750858,-0.07810291947,-0.3132272549,-1.535231152,0.03511290692,-0.1064055426,-0.4216070358,46.1652,0.8232682435,45.0592,0.8116306805,,0.7994822898,4.797262655
2021-10-18 00:00:00.000,THE,0.001010469249,-0.06803391662,-0.03182061803,0.1922392502,-0.2331895138,-0.3423960905,-1.68772939,0.03834866769,0.04846018159,-0.1844704768,47.643966667,0.8380482512,46.5432,0.8287731398,,,1.544465013
2021-10-19 00:00:00.000,THE,2.586716645e-05,-0.06757295024,-0.03248634499,0.1973908269,-0.6075908665,-0.3287881902,-1.699628008,0.03617107568,-0.05629624956,-0.04516520598,47.968066667,0.820679895,47.0444,0.8246917369,,0.4201389153,8.855825611
2021-10-20 00:00:00.000,THE,0.0002937031384,-0.07084369976,-0.03281764441,0.2046239576,-0.5189982998,-0.3797030519,-1.685048739,0.03244433944,-0.2358560792,0.219024479,50.627266667,0.973309937,49.2292,0.9456349705,,0.1788934516,1.195653267
2021-10-21 00:00:00.000,THE,0.001071909834,-0.06703385881,-0.03132306748,0.1851699171,-0.2385267861,-0.3087775363,-1.539529978,0.03029155384,-0.3388524389,-0.5397927313,45.348866667,0.568637272,44.1406,0.5495643333,,0.3084632901,2.553400799
2021-10-22 00:00:00.000,THE,0.0005652016124,-0.0660741119,-0.03122497519,0.1827066119,-0.4373559058,-0.284207585,-1.503398941,0.02925081672,-0.3873277686,-0.6578766821,44.7461,0.5159680215,43.7279,0.5106752436,,0.1293182591,1.735292889
2021-10-25 00:00:00.000,THE,1.288272733e-05,-0.06527636643,-0.03179041614,0.1837452262,-0.6625474742,-0.2617092085,-1.51897883,0.03248927898,-0.2254853633,-0.6772291581,44.4319,0.3973958047,43.8162,0.4231192146,,,1.378940614
2021-10-26 00:00:00.000,THE,-0.000628340892,-0.06384497101,-0.03242244435,0.1847734674,-0.9158883357,-0.2296785639,-1.538560093,0.03410985381,-0.1439527646,-0.7131098127,43.754766667,0.3053548502,43.1233,0.3287515425,,0.2516065659,1.769142825
2021-10-27 00:00:00.000,THE,-0.00149344346,-0.05961819222,-0.0321027153,0.1820289262,-1.253194955,-0.1483106943,-1.494095376,0.03477278735,-0.1101053381,-0.8283915346,42.5678,0.169168771,41.9846,0.194816713,,0.4045587943,6.772225178
2021-10-28 00:00:00.000,THE,-0.001318949833,-0.04890255465,-0.02987585523,0.1506692024,-1.181346787,0.05343638611,-1.311988542,0.04490576426,0.3974116985,-2.091581927,33.2666,-0.6162909032,32.7109,-0.6041374753,,0.8109683159,7.158447027
2021-10-29 00:00:00.000,THE,-0.001332926898,-0.04073933489,-0.02709881393,0.1116199684,-1.1861015,0.2163094551,-1.101343552,0.0582248126,1.064324631,-3.269952984,24.4397,-1.355623679,24.0108,-1.347770844,,0.658477083,6.815270803
2021-11-01 00:00:00.000,THE,-0.03189344847,-0.01178907565,-0.02376388671,0.1031091941,-12,0.7775227762,-0.8573523726,0.0727136053,1.778981315,-2.817703678,27.452166667,-1.166454747,26.6577,-1.187529558,,,12
2021-11-02 00:00:00.000,THE,-0.02774234923,-0.01105340065,-0.02494096297,0.116462791,-7.269725042,0.7985562841,-0.9282171422,0.07315564583,1.758626332,-1.925444301,31.2415,-0.8562639774,30.3027,-0.8818307704,,0.2342499411,8.754015811
2021-11-03 00:00:00.000,THE,-0.02632533586,-0.01323318774,-0.02744228416,0.1448071815,-5.736919232,0.7635428239,-1.087903171,0.07728061681,1.920274879,-0.9744181163,37.670866667,-0.3152808968,36.8432,-0.3189677402,,0.4808665358,11.264000497
2021-11-04 00:00:00.000,THE,-0.02861860855,-0.01453300943,-0.02617311697,0.1271034502,-5.482299291,0.7453261886,-0.9941088258,0.06723570969,1.384950053,-1.423957085,33.524466667,-0.6879581506,32.695,-0.6991166747,,0.1995976562,12
2021-11-05 00:00:00.000,THE,-0.03208036016,-0.01412252711,-0.02527749093,0.1254752343,-5.44400686,0.7608657651,-0.9194063146,0.06506780668,1.258261682,-1.374430718,34.6589,-0.4454331076,33.832,-0.4435622232,,0.2149302078,4.093250297
2021-11-08 00:00:00.000,THE,-0.02931417057,-0.01539028942,-0.02679351934,0.1374077282,-4.431280631,0.743904242,-1.018262666,0.0647849911,1.226794712,-0.898918474,37.136366667,-0.09755700409,36.5246,-0.06651950034,,,2.698760935
2021-11-09 00:00:00.000,THE,-0.02952139364,-0.01400381063,-0.02342025233,0.1176595455,-4.108443633,0.7790871314,-0.7863488309,0.05741543637,0.8578770995,-1.396380319,33.413966667,-0.3025237352,32.1728,-0.3064048367,,0.727141732,12
2021-11-10 00:00:00.000,THE,-0.03105043329,-0.01410926973,-0.02466373032,0.1193927974,-4.017750009,0.7846866035,-0.866144971,0.05492259942,0.7305239576,-1.219663731,31.700966667,-0.4238827591,30.9946,-0.3898740404,,0.328445006,4.161669872
2021-11-11 00:00:00.000,THE,-0.02563706957,-0.01413081275,-0.02433665838,0.1260004581,-3.094481334,0.7923824848,-0.83640477,0.05613369854,0.7826389286,-0.9321745564,35.608866667,-0.1615275098,34.9742,-0.1294574339,,0.3007959384,2.918832877
2021-11-12 00:00:00.000,THE,-0.02431387591,-0.01393389077,-0.02441469955,0.1251119567,-2.802516266,0.804741128,-0.833281913,0.05346850983,0.6478102956,-0.871837963,35.3389,-0.1268898209,34.5167,-0.1090876968,,0.1766532521,3.338070159
2021-11-15 00:00:00.000,THE,-0.02576842365,-0.01404335703,-0.02470767868,0.1392233232,-2.857646965,0.8095912676,-0.8443533239,0.05861684914,0.8913113225,-0.3892017178,40.809766667,0.3042315125,40.0475,0.315930714,,,1.682047246
2021-11-16 00:00:00.000,THE,-0.02670710462,-0.01422595862,-0.02669228828,0.1722801026,-2.845721816,0.813355842,-0.9677030766,0.07140897321,1.500712176,0.6607022935,52.077433333,0.9506076585,51.2276,0.9510170866,,0.2647835879,3.993130159
2021-11-17 00:00:00.000,THE,-0.02919413001,-0.01399688774,-0.02648567911,0.1698281507,-2.994545425,0.8260563176,-0.9434570382,0.06727106346,1.277285001,0.6343830936,52.401033333,0.9412432605,51.3835,0.9329647635,,0.2664816856,2.069081065
2021-11-18 00:00:00.000,THE,-0.03274525424,-0.01348349933,-0.02653841308,0.1652014377,-3.225135054,0.8441726499,-0.9355878928,0.06057871087,0.9401729784,0.5580456829,51.1892,0.857316914,50.1262,0.8475325225,,0.3067572959,2.403073385
2021-11-19 00:00:00.000,THE,-0.02720202703,-0.01364793328,-0.02513235651,0.1490716857,-2.525986222,0.8480454598,-0.8342499092,0.05248505108,0.5439087854,0.1025726374,45.706033333,0.5597399055,44.5705,0.5496444761,,0.2540957641,3.533647835
2021-11-22 00:00:00.000,THE,-0.02564849975,-0.0128845705,-0.02548724657,0.148671564,-2.292083444,0.8714641293,-0.8524508179,0.05021395241,0.4313183137,0.1573434578,44.156,0.5359180511,42.8029,0.5194085669,,,1.216753217
2021-11-23 00:00:00.000,THE,-0.02767855256,-0.01271298717,-0.02660774051,0.1633732876,-2.413021798,0.8820756277,-0.9141548628,0.05405443329,0.6140225181,0.8109156352,49.2419,0.8025896645,47.9136,0.7847737564,,0.154221997,1.149415549
2021-11-24 00:00:00.000,THE,-0.02227429057,-0.01255435241,-0.02708135056,0.163189735,-1.844241878,0.8921458635,-0.934996427,0.04822705068,0.3279737461,0.8871036601,50.0515,0.8262421226,48.9468,0.8198269717,,1.020797493,3.802726695
2021-11-25 00:00:00.000,THE,-0.0205514603,-0.01222115991,-0.02699808043,0.1546535159,-1.647692984,0.9055463498,-0.9198980424,0.04348586807,0.09583566748,0.613280879,48.3356,0.7284229375,47.152,0.7193825827,,0.7709863398,2.461099745
2021-11-26 00:00:00.000,THE,-0.02416515325,-0.01198087667,-0.02604214798,0.1474890633,-1.935109145,0.9169166501,-0.8500986787,0.04173282628,0.009776674324,0.3833576894,45.499533333,0.5954457173,44.451,0.5951720961,,1.009451495,4.037707122
2021-11-29 00:00:00.000,THE,-0.02202553087,-0.01275364943,-0.02640726509,0.1570228061,-1.701271368,0.9069922485,-0.8680564158,0.04475772728,0.1581452479,0.853404473,50.568066667,0.8936783253,49.7165,0.8983675725,,,1.530101224
2021-11-30 00:00:00.000,THE,-0.02487488431,-0.01283660861,-0.02625205471,0.1515815865,-1.911774045,0.9121126362,-0.8516964997,0.04053879593,-0.05058124805,0.502160446,48.5701,0.8122662522,47.9988,0.8306268132,,0.1408574885,1.992896408
2021-12-01 00:00:00.000,THE,-0.1915574552,0.001861207921,-0.02417662035,0.1370085175,-12,1.23101562,-0.7142308379,0.1001005233,2.899590186,-0.3800956328,14.456566667,-0.8003061643,49.8322,0.9149489084,,0.4007473601,12
2021-12-02 00:00:00.000,THE,-0.1814469779,0.001790078135,-0.02468835299,0.1350174265,-8.490299338,1.232854118,-0.7391208019,0.0929186295,2.435020581,-0.5780508487,14.927733333,-0.7676240576,46.6097,0.7518313018,,0.371268215,5.101776869
2021-12-03 00:00:00.000,THE,-0.1648914931,0.002262187816,-0.02533758772,0.1326515213,-6.026556962,1.246300316,-0.7720771812,0.08864859765,2.159880367,-0.6844698486,16.434433333,-0.6620018745,41.6583,0.5295599014,,0.3912863512,6.308684392
2021-12-06 00:00:00.000,THE,-0.1470439006,0.001741655489,-0.02651221221,0.1386855818,-4.642364225,1.2380291,-0.8384288283,0.09032623799,2.18289338,-0.35235737,19.0006,-0.4164682712,38.8556,0.5275035381,,,4.485898491
2021-12-07 00:00:00.000,THE,-0.1326411956,0.001729147877,-0.02930865193,0.16341606,-3.796877123,1.240458811,-1.001312364,0.1078761367,2.923360825,1.108912028,24.5343,-0.1017771527,38.2977,0.5385026394,,0.8502532229,12
2021-12-08 00:00:00.000,THE,-0.1134489614,0.001774248253,-0.03378838237,0.2038723085,-3.000926695,1.24413785,-1.267849746,0.1391379676,4.176632664,3.430007441,32.806766667,0.3265194525,35.8549,0.4308612536,,1.201633865,12
2021-12-09 00:00:00.000,THE,-0.1219513672,0.001946631546,-0.03315801207,0.2067156122,-3.106507061,1.250518546,-1.215328972,0.1291040924,3.456416877,2.859398834,31.623366667,0.2645966393,37.0155,0.4825502798,,1.101516338,3.526202328
2021-12-10 00:00:00.000,THE,-0.1103299158,0.001692723696,-0.03499341086,0.231591501,-2.650015364,1.24734115,-1.318692997,0.1442952899,3.867821561,3.522872182,37.0614,0.5522589318,35.4971,0.4219715169,,0.5109233174,3.702388189
2021-12-13 00:00:00.000,THE,-0.130178528,0.001863550061,-0.03633177593,0.2585811589,-3.071955109,1.253648982,-1.392206849,0.1421120013,3.540068441,3.726432562,40.248933333,0.8101970804,43.7201,0.903170074,,,3.263472177
2021-12-14 00:00:00.000,THE,-0.1612915385,0.002378162505,-0.03646231658,0.280690029,-3.715847183,1.267069529,-1.384162213,0.1394658482,3.253860522,3.472247011,40.598533333,0.8695240067,54.9187,1.474336994,,0.8591344171,5.003484705
2021-12-15 00:00:00.000,THE,-0.1786068456,0.002338443631,-0.03513603507,0.269109682,-3.902209105,1.268347416,-1.302965836,0.119187196,2.413654788,2.361542024,38.2417,0.7550559176,58.9518,1.647737066,,0.3986477418,3.142020998
2021-12-16 00:00:00.000,THE,-0.1702866574,0.002243965572,-0.03711971453,0.2859805803,-3.457526181,1.263556626,-1.409133662,0.1193631599,2.351648226,2.366823945,43.577833333,1.024196577,58.3654,1.578972961,,0.345883095,12
2021-12-17 00:00:00.000,THE,-0.1492817724,0.001822739301,-0.03872719314,0.3010719126,-2.817757656,1.251375382,-1.492926542,0.1199304171,2.307320561,2.291258227,47.756033333,1.240049014,53.5846,1.331418945,,0.351598873,2
2021-12-20 00:00:00.000,THE,-0.1324305619,0.002131291699,-0.04368115419,0.3448509008,-2.354121302,1.25500475,-1.770618351,0.1274682362,2.489736687,2.70799307,56.710133333,1.798083492,53.3917,1.380829735,,,5.779641821
2021-12-21 00:00:00.000,THE,-0.1066187354,0.00216020062,-0.05459258725,0.5228903642,-1.754739536,1.252605564,-2.408180719,0.2043276949,4.831201542,4.927771707,89.137233333,3.457914836,53.1368,1.366830722,,2.36894356,12
2021-12-22 00:00:00.000,THE,-0.06893537961,0.002156825713,-0.05631269978,0.5392513419,-0.9566073109,1.249521687,-2.519563996,0.1970695129,4.195803066,3.378765005,93.937866667,3.445185242,34.5,0.5092622708,,0.6836489172,10.180251396
2021-12-23 00:00:00.000,THE,-0.05311537999,0.002134770437,-0.04872159342,0.3945505702,-0.6236415145,1.245444348,-2.065606631,0.1234979517,1.912832054,1.360017912,70.2467,2.111522593,19.8269,-0.1619688234,,1.398031203,4.355905253
2021-12-24 00:00:00.000,THE,-0.03376835803,0.003283365505,-0.04364292233,0.2928568848,-0.224727973,1.266211422,-1.745240802,0.09402617973,1.087220252,0.3895904658,54.091266667,1.335914501,9.1122,-0.6355470807,,0.7330062739,2.743579579
2021-12-27 00:00:00.000,THE,-0.0501764418,0.003268224245,-0.04382844616,0.300780113,-0.5484809821,1.261779559,-1.737191826,0.07216550465,0.4920315415,0.4054421865,53.396066667,1.347301473,16.9438,-0.1941573892,,,2.453808291
2021-12-28 00:00:00.000,THE,-0.03850432791,0.003858174236,-0.04361236072,0.3071342059,-0.3042017391,1.269756759,-1.73190509,0.07294424387,0.5105463611,0.4044365537,56.806766667,1.48503643,13.2226,-0.3425189703,,0.331493456,5.733160493
2021-12-29 00:00:00.000,THE,-0.02720740796,0.003326625763,-0.04417400091,0.280152168,-0.06943120384,1.253651489,-1.752155371,0.07858798219,0.6601530158,0.1170078982,52.495733333,1.262303529,6.9161,-0.6240721493,,0.6416296229,3.848130636
2021-12-30 00:00:00.000,THE,-0.03076247221,0.004341339744,-0.04147871672,0.2307765354,-0.1358015065,1.270086535,-1.588987855,0.0715517296,0.4663731077,-0.3713051875,41.993966667,0.7909017668,7.3181,-0.6004677558,,0.2162590712,4.441534913
2021-12-31 00:00:00.000,THE,-0.02644726015,0.005802461915,-0.03441641249,0.1537976535,-0.04273765529,1.295453364,-1.163534773,0.07348440893,0.5165557389,-1.131017277,29.740366667,0.2659490684,3.0838,-0.7787586184,,0.6917009259,3.618277487
2022-01-03 00:00:00.000,THE,-0.0417281422,0.006014843316,-0.03352008305,0.2051953437,-0.3467792869,1.293876281,-1.102852595,0.1167838042,1.690781632,-0.6751723154,40.231933333,0.7563755252,6.9627,-0.5344509461,0.6832285975,,12
2022-01-04 00:00:00.000,THE,-0.03386168911,0.004704888366,-0.03587144184,0.2262597364,-0.1798185902,1.260347767,-1.241602374,0.1148081892,1.612829513,-0.5306595767,43.7022,0.911474086,5.643,-0.5716579563,0.7379896407,0.2869266756,12
2022-01-05 00:00:00.000,THE,-0.04341856016,0.004139017976,-0.03779526339,0.2435778529,-0.3673192953,1.244416454,-1.348273278,0.1163804686,1.633212668,-0.4220038018,46.968233333,1.04382062,8.8168,-0.4122443347,0.8266665942,0.5219143508,8.01811884
2022-01-06 00:00:00.000,THE,-0.04575244805,0.004393479557,-0.03785926178,0.2507842254,-0.4067466338,1.245248074,-1.348280463,0.1116185946,1.48396354,-0.4018840537,48.9898,1.117945988,9.424,-0.3815961115,0.8365956434,0.1866088609,3.281722425
2022-01-07 00:00:00.000,THE,-0.04077899223,0.005103415311,-0.03398344498,0.2161373121,-0.2972617844,1.254147653,-1.105545511,0.09957353616,1.146675364,-0.7974887643,43.4888,0.8799103655,7.1595,-0.4744555679,0.7817958912,0.5487812374,8.592740291
2022-01-10 00:00:00.000,THE,-0.03285143363,0.004548493139,-0.03448041223,0.2097218123,-0.1281907416,1.236800469,-1.121308794,0.09607489023,1.044134654,-0.8735876342,41.962633333,0.8434985296,5.5176,-0.4940117266,0.8302347795,,3.356576207
2022-01-11 00:00:00.000,THE,-0.04582855622,0.005181840336,-0.03164165139,0.1777134076,-0.3865541844,1.243737347,-0.9418235427,0.09339127052,0.9650175556,-1.191280931,36.6163,0.6219628815,7.6516,-0.3733454854,0.8965631639,0.4194332344,3.64041464
2022-01-12 00:00:00.000,THE,-0.06102819107,0.005030245757,-0.02764797343,0.1368813274,-0.6888680994,1.233507668,-0.6930906872,0.1002823775,1.140926208,-1.5318414,29.700633333,0.3273708769,9.8788,-0.2567758765,0.9650439181,0.5646421821,3.328215437
2022-01-13 00:00:00.000,THE,-0.1178008024,0.005074147568,-0.02736077177,0.137500238,-1.837221301,1.196354395,-0.6673167485,0.0989510413,1.096195586,-1.380543823,27.743166667,0.2418744281,20.8456,0.2606189896,1.040131943,0.2800200629,5.241124253
2022-01-14 00:00:00.000,THE,-0.09806396477,0.005220864242,-0.02828677728,0.1512116652,-1.396442026,1.157394812,-0.7201959131,0.08813442325,0.8013010191,-1.137073426,30.9172,0.3859818886,17.7343,0.1205234095,1.028429337,0.3485268764,1.876073278
2022-01-17 00:00:00.000,THE,-0.07227659899,0.005458997819,-0.02766554496,0.1374624756,-0.8539384344,1.135860759,-0.6735497828,0.08847699741,0.8056945151,-1.170073494,29.252033333,0.377846984,11.5948,-0.1033119118,1.033126706,,1.341553925
2022-01-18 00:00:00.000,THE,-0.08502493841,0.005283226824,-0.02782095197,0.1423238945,-1.095606862,1.112917543,-0.6802942366,0.08554705348,0.7232605896,-1.026686253,29.785233333,0.4236638289,14.5801,0.0721013951,1.070442718,0.08428489157,2
2022-01-19 00:00:00.000,THE,-0.07979866582,0.005453161936,-0.02691362112,0.1231883761,-0.9734900182,1.100509409,-0.6243379334,0.0900363583,0.8387080005,-1.099747348,26.116033333,0.2702317354,12.7094,-0.006357342132,1.061268147,0.1280686883,1.84684351
2022-01-20 00:00:00.000,THE,-0.06010570375,0.005045261514,-0.02841142392,0.1400355442,-0.5660150698,1.076799913,-0.7170342902,0.08418666979,0.6780939898,-0.909022864,29.981833333,0.4415067639,9.6315,-0.1636799408,1.043522732,0.2553618702,5.531304913
2022-01-21 00:00:00.000,THE,-0.05574006359,0.004573856717,-0.02928455396,0.1592025493,-0.4694638435,1.053087609,-0.7692413803,0.07784629786,0.505657252,-0.7241016103,34.091933333,0.632292828,9.5582,-0.1598998766,1.045502572,0.2495142523,3.761848698
2022-01-24 00:00:00.000,THE,-0.04833698249,0.002734563858,-0.03167471822,0.2037951257,-0.3130299027,1.002292552,-0.9130783078,0.07604877836,0.4554361136,0.04449003143,43.271866667,1.120409507,10.2814,-0.05090970122,1.104190403,,3.899650674
2022-01-25 00:00:00.000,THE,-0.04504796102,0.003482409116,-0.03277802493,0.2048539958,-0.2396277029,1.000452219,-0.9699388527,0.07657999508,0.4677963314,0.1398738709,43.983566667,1.168558865,9.1429,-0.08859358269,1.117581994,0.3201366568,3.066319459
2022-01-26 00:00:00.000,THE,-0.0295162452,0.003166649447,-0.03346646586,0.2024234691,0.07771668754,0.9829607286,-0.9971344049,0.08372812506,0.6579432873,0.1945048565,44.771333333,1.206577822,5.7316,-0.2627048714,1.079225765,0.5343256747,2.503258155
2022-01-27 00:00:00.000,THE,-0.02033718981,0.003339417307,-0.03415481091,0.1989820766,0.2631163694,0.9825357284,-1.035674689,0.09116612503,0.8550251949,0.2587467312,45.1967,1.211874483,3.5398,-0.3852917741,1.01197718,0.4399483312,3.302763693
2022-01-28 00:00:00.000,THE,-0.01853947661,0.003156092748,-0.03445867799,0.182116428,0.3007125948,0.9793299026,-1.041488797,0.1144901538,1.478618919,-0.03255998437,43.225566667,1.116492089,3.1288,-0.4016559037,1.051742549,1.04987337,3.120782365
2022-01-31 00:00:00.000,THE,-0.01811459888,0.003505180219,-0.03360526984,0.1542162653,0.3112790114,0.9840142831,-0.9703213732,0.1266394842,1.789145368,-0.6975380392,36.4835,0.8498184971,2.836298929,-0.3629273704,1.023116447,,2.939008782
2022-02-01 00:00:00.000,THE,-0.01851862473,0.00395461906,-0.02509895109,0.125265566,0.3059579707,0.9889550757,-0.4460967391,0.1483623355,2.343438272,-1.449691531,30.935033333,0.5799424867,3.1445,-0.3269806902,0.741398006,0.5046680694,12
2022-02-02 00:00:00.000,THE,-0.01417013171,0.003448563686,-0.02576336036,0.1301799377,0.3923561435,0.9720134512,-0.484005835,0.1465854924,2.24774667,-1.179741964,32.1041,0.6269143135,2.231,-0.3696267718,0.6758965093,0.08148011318,5.05376939
2022-02-03 00:00:00.000,THE,-0.01228685578,0.003356113035,-0.02639862328,0.1442137384,0.4302836695,0.9632765163,-0.518253534,0.1394452269,2.018993395,-0.720950831,35.337166667,0.7731916174,2.0727,-0.3779511844,0.6374063547,0.3022484254,4.146831273
2022-02-04 00:00:00.000,THE,-0.008646961394,0.003243320127,-0.02635466901,0.13890482,0.5017970759,0.9575396486,-0.5100697778,0.1498082,2.252205369,-0.7974576436,35.550833333,0.7774506738,1.1993,-0.4328894092,0.5074921179,0.6932681438,3.162015565
2022-02-07 00:00:00.000,THE,-0.005674425756,0.003370058061,-0.02465568944,0.1245645568,0.5601601886,0.9584280021,-0.4027540436,0.1497206957,2.206673549,-1.20416595,33.227233333,0.6879153301,0.612,-0.4282223534,0.3668284405,,2.663143479
2022-02-08 00:00:00.000,THE,-0.00766580034,0.003457331887,-0.02389069107,0.1179109484,0.5238431451,0.9545936822,-0.3517756685,0.1434583309,2.009115965,-1.338247832,31.640366667,0.620893368,0.8,-0.3987636659,0.4255373392,0.2153905288,2.509867194
2022-02-09 00:00:00.000,THE,-0.01304655815,0.003304345187,-0.02348231372,0.1128524309,0.4225990436,0.9449615882,-0.3231529332,0.1422119525,1.946426147,-1.41687221,30.5393,0.5728957436,1.5416,-0.3301454262,0.6236313223,0.1600115153,5.357109615
2022-02-10 00:00:00.000,THE,-0.007504751613,0.003219652331,-0.0219605148,0.1036589144,0.5303313637,0.9406801562,-0.2262938043,0.148761515,2.078278247,-1.584425028,29.831833333,0.5363714009,0.989,-0.3686240127,0.4915650794,0.659232318,4.792534549
2022-02-11 00:00:00.000,THE,-0.004962120306,0.003397742327,-0.02235834211,0.1040404388,0.5805812971,0.9345482035,-0.247927314,0.155654924,2.211714135,-1.440306352,30.774966667,0.5849440646,0.1583,-0.4267770262,0.3017061276,0.4197062251,1.895788063
2022-02-14 00:00:00.000,THE,-0.00807626813,0.00309743643,-0.02313801541,0.1075153436,0.5229348427,0.906455793,-0.2924139746,0.1564434691,2.19063456,-1.222770719,31.7043,0.675042468,0.9889,-0.3248654416,0.4632738161,,2.015598185
2022-02-15 00:00:00.000,THE,-0.006361780488,0.004167498895,-0.0202924864,0.07673253451,0.5601284813,0.8903482573,-0.1102968566,0.1560742582,2.143058902,-2.026739289,23.808133333,0.3116426886,0.1307,-0.4006656588,0.2958316116,0.3323762191,6.23200895
2022-02-16 00:00:00.000,THE,-0.00643523197,0.003733342416,-0.02050041327,0.08586479777,0.5680513248,0.8596228482,-0.118131968,0.140550019,1.741828728,-1.530391461,26.010566667,0.431198559,0.1607,-0.3968783616,0.3090671557,0.5554469083,7.426861647
2022-02-17 00:00:00.000,THE,-0.006384335895,0.003158473706,-0.0223189066,0.108090921,0.5750821397,0.8303489882,-0.226252313,0.1235642206,1.323778374,-0.8153799681,30.543933333,0.6492813114,0.4155,-0.3657732816,0.3555889371,0.8287139468,12
2022-02-18 00:00:00.000,THE,-0.007758869813,0.00324659097,-0.02292931979,0.1036115544,0.5496631827,0.8146842217,-0.2589585402,0.1201441259,1.23302963,-0.9008081527,28.6952,0.5619490839,0.5696,-0.347385778,0.396635332,0.3207593682,3.3927095
2022-02-21 00:00:00.000,THE,-0.003157932976,0.003417695757,-0.0231046071,0.1002010972,0.6524363136,0.8002953783,-0.2705811099,0.1180138919,1.174090625,-0.9254382219,27.516233333,0.6880917477,-0.3261,-0.5734735474,0.3204639382,,3.355827583
2022-02-22 00:00:00.000,THE,-0.003960234325,0.002925150745,-0.02495044767,0.1082596568,0.6533815793,0.7766056698,-0.3838403539,0.134193804,1.541720847,-0.6487545507,30.5201,0.9233504917,-0.1139,-0.5257503754,0.3212011005,0.6766057874,3.685332321
2022-02-23 00:00:00.000,THE,-0.002966677289,0.002499710119,-0.02492370477,0.1101551875,0.6777808542,0.7479515774,-0.3819945885,0.1575064964,2.065798269,-0.5278427593,34.796266667,1.21193913,-0.0611,-0.5015410636,0.3615608799,0.9026856621,5.065068004
2022-02-24 00:00:00.000,THE,-0.006743873617,-0.0008821964697,-0.02537645396,0.1693765819,0.6012161277,0.6664200549,-0.4142338881,0.1454062171,1.756478741,1.280059807,54.398066667,2.382512484,4.4402,0.4998872893,1.325354124,1.168563753,7.192277113
2022-02-25 00:00:00.000,THE,-0.007422051669,0.0004240231206,-0.02307364453,0.1208642618,0.5893530786,0.6742723355,-0.2584365387,0.08877265332,0.4451405097,-0.105237353,37.408266667,1.321285925,2.4135,0.04578225324,1.207977095,0.2332315031,5.274109636
2022-02-28 00:00:00.000,THE,-0.007743272074,-0.0008131821412,-0.02628243785,0.1492575189,0.5849231182,0.647389696,-0.4738979026,0.0640701298,-0.1205707007,1.11584119,41.923366667,1.758536323,4.063,0.5019405704,1.242185229,,2.284547639
2022-03-01 00:00:00.000,THE,-0.007690235975,-0.01422903638,-0.02224921448,0.2169886732,0.5882682877,0.4475366129,-0.1957555572,0.1496976021,1.841009735,4.316180767,62.296466667,3.062056384,17.9805,3.918550727,1.504318536,0.5965695887,12
2022-03-02 00:00:00.000,THE,-0.005110037717,-0.02536908954,-0.02478536346,0.3444027222,0.6435970317,0.281978509,-0.3729722559,0.2000505712,2.963138029,7.311232537,99.547366667,5.237970961,39.0608,8,1.58808041,0.852328074,12
2022-03-03 00:00:00.000,THE,-0.01489357053,-0.03199606571,-0.01942712062,0.2042628817,0.4423117536,0.1831930015,0.01595114972,0.1161746292,1.015510014,1.255417189,61.876233333,2.618846745,40.5306,7.03494511,1.688347703,1.506673845,12
2022-03-04 00:00:00.000,THE,-0.01790828588,-0.0917517483,-0.02255189687,0.273226147,0.3829999768,-0.6939548497,-0.2155668948,0.1324377865,1.371470511,2.311613677,55.228433333,2.187461363,97.9447,8,1.77531019,0.771494458,12
2022-03-07 00:00:00.000,THE,-0.02492842236,-0.09026013658,-0.02867248675,0.2864519181,0.2409984415,-0.6689866714,-0.6897018718,0.1167972026,1.013085619,2.169816953,59.182,2.441548865,106.7026,8,1.731672274,,12
2022-03-08 00:00:00.000,THE,-0.03252787554,-0.07837239601,-0.02865263407,0.2945022801,0.08751412417,-0.493279639,-0.6824469197,0.09525457349,0.5291486381,1.97545894,66.193766667,2.798258737,103.5392,7.106297012,1.689875018,0.3526581216,12
2022-03-09 00:00:00.000,THE,-0.02084088877,-0.03610151413,-0.02511160796,0.2109544791,0.3375281247,0.1232108979,-0.3980524169,0.06043131606,-0.2472231493,0.6743290067,60.7559,2.428415004,45.3872,2.432628737,1.681642217,0.6003250111,12
2022-03-10 00:00:00.000,THE,-0.01683370871,-0.03760545986,-0.02426471673,0.1634735461,0.4258652007,0.09838604205,-0.3325218932,0.05661032568,-0.3316937374,0.02473639924,46.210866667,1.592335209,35.3493,1.765271451,1.706763852,0.3121409499,4.448269728
2022-03-11 00:00:00.000,THE,-0.0117465878,-0.03581625511,-0.02763296637,0.1876572263,0.5369378972,0.1213717639,-0.6151703052,0.04610287514,-0.5655639816,0.2990357412,50.6285,1.809481927,34.6116,1.700712356,1.602027559,0.4748331903,5.714313836
2022-03-14 00:00:00.000,THE,0.0001588117503,-0.03844911861,-0.02503492278,0.1504405068,0.7906487599,0.07863962906,-0.3994966615,0.04193932519,-0.6567506654,-0.2227763113,39.553933333,1.240093697,27.4666,1.250682432,1.615436489,,3.008721347
2022-03-15 00:00:00.000,THE,-0.003266008717,-0.03727399547,-0.02388046031,0.1429913386,0.7196075291,0.09212190384,-0.2951646273,0.04865518356,-0.5035011158,-0.3516123034,36.180466667,1.05405207,26.0785,1.161972114,1.724275872,0.2573546684,2.546490513
2022-03-16 00:00:00.000,THE,-0.0009656313702,-0.03347561937,-0.02055343286,0.1334821981,0.7700895715,0.1446866516,-0.004454017787,0.03602642204,-0.7856656428,-0.5037258768,36.8575,1.077204058,22.6449,0.9513262641,1.685335897,0.5658301216,2.960535711
2022-03-17 00:00:00.000,THE,-0.001600073066,-0.02309578609,-0.01922254845,0.139851113,0.758613614,0.2968323962,0.1166390167,0.03673782195,-0.766193338,-0.4715292049,43.866733333,1.421633749,17.2595,0.6311282805,1.531004681,0.2620338918,2.409048014
2022-03-18 00:00:00.000,THE,-0.0003791863554,-0.02100972938,-0.02039333457,0.1233022706,0.7859604808,0.3249169693,0.02238083758,0.04204740464,-0.64327536,-0.7558825523,38.1222,1.117133611,14.9351,0.4968244997,1.590046091,0.3773526054,2.347047695
2022-03-21 00:00:00.000,THE,0.002455767699,-0.0160425344,-0.01932251112,0.1027410459,0.8460570376,0.396838499,0.1224892343,0.05725106662,-0.2977450861,-1.065042341,34.408233333,0.9295174061,9.6359,0.1939113998,1.474367822,,1.700315179
2022-03-22 00:00:00.000,THE,0.003333582849,-0.01403153342,-0.02041940803,0.1104178322,0.8640289042,0.4248994616,0.03358262364,0.0519002179,-0.4179202059,-0.9548949249,37.697266667,1.094277627,8.7495,0.140965987,1.349183798,0.1276345287,1.742598542
2022-03-23 00:00:00.000,THE,0.0022898837,-0.01669759903,-0.02069424619,0.133861522,0.8412860772,0.3797094499,0.01674899497,0.0423970915,-0.6320642925,-0.6340936039,47.383133333,1.57839495,11.7457,0.3094064005,1.402515141,0.2520693549,1.615109453
2022-03-24 00:00:00.000,THE,0.00717111129,-0.01340566002,-0.02206999599,0.1069311989,0.9435767875,0.4263893207,-0.09817314692,0.06951276126,-0.01396493664,-1.052307445,39.5342,1.15032752,7.8397,0.0817413849,1.237949987,0.6187542568,2.010609618
2022-03-25 00:00:00.000,THE,0.008469953543,-0.01303541157,-0.0204869922,0.08755610682,0.9691519599,0.4268895415,0.05004614196,0.08207069328,0.2720034126,-1.328001051,34.1558,0.8740930227,7.893,0.08507319587,1.1331845,0.2469322492,3.196784242
2022-03-28 00:00:00.000,THE,0.006295841935,-0.008058823736,-0.01949165651,0.09935583914,0.9212335178,0.499738794,0.1466266564,0.06773701322,-0.0559289753,-1.057399564,41.6247,1.301366586,6.4229,-0.003084807732,0.8792261805,,2.034560646
2022-03-29 00:00:00.000,THE,0.008335003718,-0.003272359687,-0.01755558578,0.09773316393,0.9621990059,0.5727995501,0.3289436068,0.07065621848,0.01102368647,-1.05165062,45.494933333,1.505687824,1.4074,-0.295138632,0.4477438119,0.2365172793,1.822950378
2022-03-30 00:00:00.000,THE,0.004046393642,-0.002425941654,-0.01762359839,0.1151017307,0.8699150755,0.5850461075,0.3308006216,0.06109671951,-0.2083501092,-0.7615732683,54.221566667,1.944940085,2.799,-0.2159506016,0.43244422,0.1434595924,1.619674875
2022-03-31 00:00:00.000,THE,0.008945140229,-0.001176222499,-0.01977665812,0.1228103915,0.9715586615,0.6040847215,0.1419983455,0.05505044863,-0.3468692132,-0.5913850186,58.0064,2.092543771,0.934699333,-0.3236085849,0.3862409425,0.2508354522,2.582914541
2022-04-01 00:00:00.000,THE,0.003376310877,-0.03530625741,-0.01778546623,0.09547277045,0.8521813396,0.04633891192,0.333592019,0.08820166938,0.4184400187,-0.9638419808,45.1303,1.400903491,32.0341,1.464662347,1.112660726,0.4067716417,12
2022-04-04 00:00:00.000,THE,0.004344375152,-0.03484196763,-0.01522563137,0.08676695492,0.8718607735,0.04893973983,0.5798634379,0.08717808743,0.3935336728,-1.013914084,44.125533333,1.354422152,30.7043,1.349278661,0.3023597238,,3.88961484
2022-04-05 00:00:00.000,THE,0.005138187448,-0.03259973633,-0.01837915997,0.0880395811,0.8874650458,0.08135801639,0.2943697066,0.08269031623,0.2884644388,-0.9280036508,41.722333333,1.224681182,28.3034,1.18867984,0.3170931303,0.3987261572,7.435200174
2022-04-06 00:00:00.000,THE,0.005551654273,-0.03008957755,-0.01938849512,0.08548100701,0.8945565351,0.1180545367,0.2081526309,0.08255014456,0.2844207809,-0.9588979259,39.576466667,1.103897359,26.732,1.074986189,0.2968869499,0.1197483056,2.778509037
2022-04-07 00:00:00.000,THE,0.005299824629,-0.02863325531,-0.01900650582,0.0800257257,0.8876857201,0.1375502246,0.2528167178,0.08034471441,0.2323409962,-1.262052554,37.472333333,0.9816867181,25.1089,0.9679789266,0.3278621154,0.2311627896,2.613248631
2022-04-08 00:00:00.000,THE,0.007025966355,-0.02557333756,-0.02067753714,0.07353966406,0.9224428292,0.1844945082,0.1016075548,0.09174418853,0.4975557137,-1.503871248,32.459266667,0.7305819772,21.2711,0.7489694834,0.3298870691,0.2321362084,2.624103033
2022-04-11 00:00:00.000,THE,0.008018801526,-0.02122799519,-0.02002595098,0.06066884403,0.9411411366,0.2543583564,0.1723520015,0.102773774,0.7536988453,-1.840703384,28.711433333,0.5534980871,16.3188,0.4457994521,0.3489089351,,1.055610879
2022-04-12 00:00:00.000,THE,0.006408027977,-0.02173769264,-0.0200121799,0.05950270104,0.9050550671,0.2409569728,0.1820171587,0.1009340142,0.7077353635,-1.90522932,28.214366667,0.5274389947,16.8251,0.4634974405,0.2818853477,0.1877844298,1.589819299
2022-04-13 00:00:00.000,THE,0.00459934924,-0.01973538714,-0.01876415318,0.04996968124,0.8652576749,0.2716360939,0.3124040203,0.1107665696,0.9353734753,-2.12621122,26.024266667,0.412227019,15.7082,0.3880486207,0.287452225,0.5827747766,2.325942787
2022-04-14 00:00:00.000,THE,0.005850542787,-0.01085328759,-0.01718222697,0.03205238895,0.8894875106,0.4257419877,0.4771462642,0.1304542006,1.392261887,-2.606531256,16.388533333,-0.07948055312,5.047,-0.2153054139,0.3499521056,0.3073367958,3.924857658
2022-04-19 00:00:00.000,THE,0.00403712712,-0.01228011819,-0.01731384045,0.03720352217,0.8496605391,0.3984554215,0.4742473032,0.1113617672,0.936042969,-2.017400134,20.4055,0.1368192385,9.236,-0.01006219249,0.4222860338,,2.199290153
2022-04-20 00:00:00.000,THE,0.002347161269,-0.01000019109,-0.01602596381,0.02830824817,0.8130118534,0.4378881089,0.6132940098,0.1254193145,1.260430725,-2.134790797,16.4049,-0.0673666259,7.4735,-0.1177538378,0.4315529283,0.5452328449,2.217454324
2022-04-21 00:00:00.000,THE,0.002265885187,-0.01177278848,-0.01576482054,0.02992664672,0.8032215498,0.4008227753,0.6497787543,0.1170827476,1.057907699,-1.808999196,19.492066667,0.08254164958,10.2653,0.03461488571,0.3883227225,0.3019621833,2.412667307
2022-04-22 00:00:00.000,THE,0.0047213223,-0.008898198851,-0.0143557378,0.02422829787,0.846723577,0.4521146574,0.8033150589,0.1174783938,1.061740913,-1.774096284,17.531333333,-0.01408471662,6.6296,-0.1712499313,0.5637750158,0.3382883486,2.571390152
2022-04-25 00:00:00.000,THE,0.003935691748,-0.009231959146,-0.01397018028,0.0221487298,0.8228362402,0.4454027217,0.8534330273,0.1131115894,0.9544333894,-1.635489478,15.5881,-0.1016474805,6.363503226,-0.2110730889,0.4909628737,,1.905518676
2022-04-26 00:00:00.000,THE,0.0008068672324,-0.01636538377,-0.01467744458,0.03554160116,0.7507606385,0.3032087837,0.7904173538,0.0791317926,0.1570402241,-1.093522987,23.7313,0.3323036101,14.555699355,0.2478420462,0.3920068489,1.094644772,2.793296443
2022-04-27 00:00:00.000,THE,0.001647236569,-0.02167129909,-0.01566043305,0.05042372636,0.7606234211,0.1965953948,0.6974791082,0.05771686976,-0.3443056847,-0.5277417009,32.310933333,0.7795309693,20.9511,0.5995958279,0.4321921862,0.7294995045,3.171369985
2022-04-28 00:00:00.000,THE,-9.001149863e-05,-0.01435295331,-0.01561443234,0.03914601674,0.7180511438,0.3353230939,0.7114671706,0.06892338885,-0.08068690551,-0.8307588354,25.588933333,0.4166617093,15.2076,0.262843576,0.467588399,0.2986189558,4.960435309
2022-04-29 00:00:00.000,THE,0.003197697848,-0.01607064401,-0.01454141437,0.03270258193,0.7786201413,0.2964929536,0.8329632224,0.07520504665,0.06710968317,-0.9589626783,21.829633333,0.2215130549,13.594203871,0.1700899821,0.3685434778,0.2603207269,4.013257574
2022-05-02 00:00:00.000,THE,-0.0005652594197,-0.03103099461,-0.01489656177,0.03376413203,0.6942924772,-0.005044544371,0.8043573784,0.07766167558,0.1248136164,-0.837318648,21.829633333,0.3111593901,17.14,0.3755338975,0.2101560847,,12
2022-05-03 00:00:00.000,THE,-0.0003810863315,-0.03191542351,-0.01374983072,0.03030966444,0.6924921732,-0.02869267984,0.9343295764,0.08023453546,0.1852582438,-0.891138438,22.320233333,0.3653153861,15.845,0.3083762354,0.2081379981,0.2610336871,7.511234618
2022-05-04 00:00:00.000,THE,0.001835048959,-0.02951465698,-0.01638755161,0.03385513195,0.7321192141,0.01456451876,0.6609039823,0.07930807441,0.1628928,-0.7131623449,22.933333333,0.4213572492,14.1788,0.2747799328,0.2027891772,0.7117184465,12
2022-05-05 00:00:00.000,THE,0.002579977127,-0.02840124309,-0.01682008413,0.03287543879,0.7409925722,0.03183571233,0.6218315216,0.07885578592,0.1517809629,-0.688607743,22.527366667,0.3866170051,14.4004,0.2815996676,0.1872384441,0.2784559367,3.305972589
2022-05-06 00:00:00.000,THE,0.007894261265,-0.02087012119,-0.01720006857,0.02777946235,0.8417248489,0.1825837558,0.5883429639,0.08416487134,0.2776155661,-0.8638244896,17.1026,0.04476094282,7.7976,-0.1627528335,0.2712606047,0.3035958102,4.220818781
2022-05-09 00:00:00.000,THE,0.006457578904,-0.02339775922,-0.01614377576,0.0282957937,0.8041358533,0.124700965,0.7097413171,0.0737645817,0.02920071644,-0.7789588978,17.260733333,0.1312280135,9.0411,0.05272486674,0.2355092243,,3.231407189
2022-05-10 00:00:00.000,THE,0.008369536975,-0.0284882929,-0.01662148316,0.03327824222,0.833803055,0.009561109987,0.6651073283,0.06178877935,-0.2567810395,-0.4235475894,21.607466667,0.4592996705,12.0905,0.4675792614,0.2373755005,0.5332674044,2.871856625
2022-05-11 00:00:00.000,THE,0.01062541967,-0.0241360843,-0.01903943905,0.03561077562,0.8706681171,0.09693681425,0.4092026658,0.06698095477,-0.1319354604,-0.1704805509,18.651933333,0.2616940236,9.3441,0.1270311757,0.2375992903,0.4199174212,6.948721922
2022-05-12 00:00:00.000,THE,0.01085841195,-0.03405664175,-0.01870602203,0.04437180327,0.8666168639,-0.1295963321,0.4548807128,0.0554506942,-0.4081182915,0.7883588762,27.4566,0.9100480933,15.2877,0.9449164547,0.2115762366,0.5745039883,3.526205265
2022-05-13 00:00:00.000,THE,0.01449549628,-0.02623305416,-0.01769679488,0.03474855884,0.9299204982,0.03493228448,0.5774325861,0.05699767728,-0.3698833699,-0.06038959524,22.440233333,0.532223713,9.1926,0.08309261416,0.2654869806,0.3138581995,3.193733051
2022-05-16 00:00:00.000,THE,0.01408518275,-0.01982646567,-0.01957474578,0.03491185763,0.9125184214,0.1735746515,0.3778424073,0.06650605802,-0.1400633127,0.109078158,18.186466667,0.247786598,3.5607,-0.7429988894,0.3969674245,,4.992048413
2022-05-17 00:00:00.000,THE,0.01870136418,-0.02623698864,-0.01954330002,0.04113503977,0.9950762327,0.02029163838,0.3910882484,0.05367295951,-0.44933734,1.230048105,24.737233333,0.7855059371,7.0195,-0.2204404619,0.3633546514,0.5116041038,5.477820779
2022-05-18 00:00:00.000,THE,0.01927345133,-0.02881192535,-0.01924210399,0.04260745155,0.9953063603,-0.04679203792,0.4348894742,0.0478857341,-0.5880036801,1.350112351,25.254366667,0.8370212227,9.5326,0.1651791001,0.2936099893,0.4762767473,3.04396861
2022-05-19 00:00:00.000,THE,0.0184021578,-0.02285238991,-0.02031303028,0.03952287664,0.9675200698,0.08581613083,0.3211664374,0.05652806469,-0.3770872999,0.8056195976,20.219466667,0.4171251795,5.5801,-0.4656194942,0.3755313327,0.2990298829,1.715368994
2022-05-20 00:00:00.000,THE,0.01549185952,-0.01871905609,-0.02113589222,0.03745299971,0.8999354223,0.1770341054,0.2349749955,0.06419389823,-0.1902522975,0.4215521463,17.1673,0.1692137105,2.57,-0.9439090453,0.4594416631,0.2738150913,2.46568905
2022-05-23 00:00:00.000,THE,0.01779019193,-0.01929772839,-0.02057574672,0.03593658866,0.9485708647,0.1571155596,0.3090396449,0.06190207458,-0.2455141565,0.1431553468,17.073733333,0.2064719645,1.4669,-1.152883131,0.4853151364,,1.976949556
2022-05-24 00:00:00.000,THE,0.02170056699,-0.02057532953,-0.02005079566,0.03608937633,1.033553418,0.1193782399,0.3796688776,0.05802270289,-0.339413718,0.0885065891,17.898833333,0.2925471231,1.1524,-1.21506329,0.4851833372,0.1865692081,1.638957574
2022-05-25 00:00:00.000,THE,0.02230876723,-0.0237510484,-0.01948789158,0.0373384077,1.047218752,0.03184999825,0.454964603,0.05025650661,-0.5280736808,0.2114992596,20.145433333,0.5002142014,3.6628,-0.8211865411,0.3911797393,0.2590838864,1.824909874
2022-05-26 00:00:00.000,THE,0.02315028146,-0.02158436082,-0.01917962712,0.0350460153,1.062105795,0.07746810605,0.501354173,0.05141967332,-0.4981915056,-0.2331107387,19.129566667,0.3985574712,1.8035,-1.128132397,0.4667281175,0.2311398974,2.28834551
2022-05-27 00:00:00.000,THE,0.02607412704,-0.02609391234,-0.01925264096,0.03936218468,1.121772623,-0.04983401782,0.5026987999,0.04537457816,-0.6448168587,0.8922023246,23.379566667,0.7815943705,4.2035,-0.7440720985,0.4336460273,0.3404884398,4.7813063
2022-05-30 00:00:00.000,THE,0.02314235717,-0.02373451634,-0.01972949908,0.03904131725,1.041798446,-0.0006081325081,0.4554412853,0.04741594447,-0.5928332041,0.8126932448,21.9853,0.7932072798,2.9254,-1.024062511,0.4852253724,,3.985163745
2022-05-31 00:00:00.000,THE,0.02308657391,-0.02067273695,-0.02024759445,0.03672869843,1.031748723,0.07127199298,0.401948211,0.0523323683,-0.4704676641,0.1998789431,18.989766667,0.5548796726,0.584201,-1.437541308,0.501250863,0.6240981252,4.70735868
2022-06-01 00:00:00.000,THE,0.04623096333,-0.02993772526,-0.02076704,0.03431568047,1.575994489,-0.1939199934,0.3479119182,0.06619962346,-0.128354111,-0.3990030088,17.174433333,0.3859004069,-0.2241,-1.618971584,0.3947570413,0.5988920629,12
2022-06-02 00:00:00.000,THE,0.04623096333,-0.02993772526,-0.02076704,0.03431568047,1.57224213,-0.2117942604,0.3569861828,0.06463449208,-0.1666344073,-0.4637040584,17.174433333,0.3841214321,-0.2241,-1.595571633,0.3947570413,0.06494509758,4.581809117
2022-06-03 00:00:00.000,THE,0.04623096333,-0.02993772526,-0.02076704,0.03431568047,1.598942675,-0.230439983,0.3660909062,0.06313283706,-0.2033427981,-0.4704793741,17.174433333,0.3801681642,-0.2241,-1.577281402,0.4615261029,0.05275490606,3.324119963
2022-06-06 00:00:00.000,THE,0.04332629001,-0.02522804941,-0.01982326155,0.02906724944,1.579415457,-0.1140986263,0.4938273364,0.06841708216,-0.07219213972,-1.800441473,14.807533333,0.1843694974,-3.3214,-2.297361354,0.5555020619,,3.746242007
2022-06-07 00:00:00.000,THE,0.04913316907,-0.0266591185,-0.01960009147,0.0289760425,1.816114882,-0.1838846711,0.5318541262,0.06644751256,-0.1208607336,-1.899377749,15.631966667,0.3280536518,-4.4606,-2.528492404,0.580974329,0.1374319084,12
2022-06-08 00:00:00.000,THE,0.04806363604,-0.02811386301,-0.01910678145,0.02784596059,1.840722642,-0.2543472697,0.6050361557,0.06409895524,-0.1789403791,-2.23787886,16.037,0.411379957,-4.0652,-2.425481955,0.5753784704,0.2217882331,9.403900696
2022-06-09 00:00:00.000,THE,0.03636127465,-0.0352471556,-0.01872944385,0.03264743556,1.501408395,-0.5251375252,0.6641782804,0.05196527861,-0.4805488151,-0.828621331,19.6877,0.9636196795,3.1226,-1.026224179,0.3982112127,0.7575609289,9.789553463
2022-06-10 00:00:00.000,THE,0.03727316836,-0.03588030549,-0.01893181526,0.03293737177,1.545606922,-0.5771676668,0.6491384551,0.05057405812,-0.5140104527,-0.7145965,19.7575,0.9652610096,3.0156,-1.044493173,0.4765930283,0.229247385,4.414879256
2022-06-13 00:00:00.000,THE,0.03473953146,-0.0336735162,-0.01970954503,0.03467850429,1.441484074,-0.5233626498,0.5580188842,0.04958026855,-0.537487779,-0.198659013,18.7241,0.8663825224,2.9595,-1.06317185,0.4678932144,,2.384440384
2022-06-14 00:00:00.000,THE,0.02354361262,-0.0454734063,-0.0200081835,0.04721812743,1.035087245,-0.9850344445,0.5291395519,0.04723524123,-0.5947043663,3.052189241,25.825266667,2.035056774,13.2236,0.8173552409,0.2206129223,0.7790808985,6.877082918
2022-06-15 00:00:00.000,THE,0.01761379531,-0.05373204942,-0.02228738661,0.06777524605,0.8147199002,-1.305709674,0.2370466327,0.06104864527,-0.2472262818,6.855324991,35.420366667,3.579434706,23.1279,2.634213056,0.1740648249,0.7431795267,6.294141265
2022-06-16 00:00:00.000,THE,0.0293458,-0.06058251563,-0.02409897249,0.08164953283,1.205903659,-1.570707932,0.004046600922,0.07449501941,0.09060186946,5.345381739,40.104766667,4.145364999,28.4744,3.514623986,0.158497118,0.6949560057,8.995482688
2022-06-17 00:00:00.000,THE,0.01841159327,-0.05886240758,-0.02169676018,0.0754376368,0.8085760961,-1.520876083,0.3329672147,0.06098403137,-0.2491850237,2.849114386,35.908233333,3.247863725,30.9318,3.732398989,0.08109829725,0.8579250311,4.856865723
2022-06-20 00:00:00.000,THE,0.01444306422,-0.05983530101,-0.02369023744,0.08602227436,0.6584172907,-1.578031256,0.07203316841,0.06662194484,-0.1066724557,3.011034426,36.703033333,3.247939082,33.5711,3.883701015,0.06620405691,,4.904722442
2022-06-21 00:00:00.000,THE,0.01645059258,-0.06134384621,-0.0247463039,0.08720752622,0.71586718,-1.642681824,-0.06407729227,0.06976964037,-0.02702907368,2.458731769,39.437133333,3.509760288,33.9488,3.697361773,0.09709111327,0.5822204309,2.906707621
2022-06-22 00:00:00.000,THE,0.02144182266,-0.06525519534,-0.02597209457,0.09270082905,0.8763076475,-1.7903069,-0.2247695219,0.07827266949,0.1880179127,2.328809387,43.642033333,3.904967263,33.354,3.39225096,0.1370381925,0.2688117491,2.559707395
2022-06-23 00:00:00.000,THE,0.02453848045,-0.0701116855,-0.02774401696,0.10568706,0.969145398,-1.973492275,-0.4613237365,0.09252304462,0.5486391177,2.547009193,50.5004,4.570624343,36.9175,3.734468448,0.1443328065,0.5239040176,4.500160858
2022-06-24 00:00:00.000,THE,0.0235036451,-0.0702398203,-0.02994555025,0.1157281407,0.9171627682,-1.978345992,-0.7580627969,0.09849742202,0.6987875418,2.507230256,50.075366667,4.183791615,36.1192,3.428183183,0.1406569678,1.335555383,4.38144922
2022-06-27 00:00:00.000,THE,0.02098190831,-0.07081539786,-0.02942540351,0.1146583933,0.8142535845,-1.997127349,-0.6799593581,0.09079422669,0.4983130221,2.054651272,49.5999,3.935308323,37.4301,3.413387714,0.1371895207,,2.493240191
2022-06-28 00:00:00.000,THE,0.01923323605,-0.07099140513,-0.02946656624,0.1151054616,0.7390201598,-2.000866746,-0.6794822052,0.08674594509,0.3914273809,1.79175377,49.846433333,3.74436879,37.7506,3.270789928,0.1381270874,0.285556314,2.924881544
2022-06-29 00:00:00.000,THE,0.01572806736,-0.06874378621,-0.02982312729,0.1174645876,0.601663753,-1.91761172,-0.7226277435,0.08540640552,0.3532357859,1.650402906,50.945366667,3.647660111,40.7483,3.469144021,0.1242460147,0.5768015981,2.857313001
2022-06-30 00:00:00.000,THE,0.02276268843,-0.0729057355,-0.03031289451,0.1270169282,0.8393445911,-2.075887793,-0.7842893443,0.09144372095,0.502599221,1.743887822,58.0642,4.171266914,43.2934,3.583571274,0.1345039901,0.308266529,3.165594337
2022-07-01 00:00:00.000,THE,0.02512036662,-0.08179081791,-0.03212881738,0.1288661049,0.9100147726,-2.416096437,-1.030490825,0.1025355494,0.7797552482,1.597951529,57.924066667,3.883325916,45.0751,3.59681642,0.0697406921,0.7211605169,12
2022-07-04 00:00:00.000,THE,0.01729359174,-0.08341568943,-0.0339591158,0.1388666687,0.6145695745,-2.484089176,-1.277667502,0.1073165453,0.8950182384,1.698629653,64.159633333,4.206545948,53.6511,4.226803163,0.073823294,,12
2022-07-05 00:00:00.000,THE,0.008492563437,-0.0835304079,-0.03716377601,0.1556476325,0.275334208,-2.489558891,-1.714969738,0.1177799585,1.154231959,1.95172627,62.596333333,3.783414776,55.9015,4.128409626,0.07321881041,1.167568978,6.025208985
2022-07-06 00:00:00.000,THE,0.009857989514,-0.06851820497,-0.04164451504,0.1670553684,0.3156630612,-1.910841528,-2.32305181,0.1267659617,1.373805835,2.015598124,56.069633333,3.022395169,52.3339,3.509953976,0.07476752332,0.9106779792,12
2022-07-07 00:00:00.000,THE,0.01245246026,-0.06261817363,-0.0428518905,0.1718995832,0.4146813082,-1.683027642,-2.460488029,0.1291266137,1.422356432,1.9050485,57.183533333,2.985894832,52.0386,3.299940857,0.06566449962,1.065032357,12
2022-07-08 00:00:00.000,THE,0.01490154415,-0.0524304935,-0.04459084886,0.1696902642,0.5219832222,-1.294966632,-2.666799766,0.1338926311,1.531444624,1.662086641,45.1215,1.963293194,39.8934,2.136775973,0.0622072278,0.5342364358,12
2022-07-11 00:00:00.000,THE,0.01831714465,-0.04929390139,-0.04328831558,0.1583178762,0.6943575001,-1.178179166,-2.448458891,0.1222234995,1.222173766,1.245596897,42.078166667,1.668201247,35.3992,1.666025504,0.07556841392,,2.899514062
2022-07-12 00:00:00.000,THE,0.01306885389,-0.05434260927,-0.04222763275,0.1595165663,0.4119608665,-1.371094789,-2.271939751,0.1085367805,0.8654461216,1.191569222,48.2165,2.093747241,41.7005,2.130036336,0.07108803803,0.3388962869,5.625630006
2022-07-13 00:00:00.000,THE,0.01226018362,-0.05815589878,-0.04311138437,0.1705607403,0.3542399487,-1.50889153,-2.364070881,0.1052600915,0.7752110243,1.427689305,52.699066667,2.364312763,46.693,2.462078754,0.0776319466,0.1690247285,2.221077701
2022-07-14 00:00:00.000,THE,0.0136205722,-0.05694985746,-0.04212753183,0.1643081317,0.4186945514,-1.411140675,-2.202822116,0.09693318931,0.5564976829,1.164522246,49.896633333,2.094243594,43.8513,2.16436806,0.07697683512,0.2359836422,2.212574574
2022-07-15 00:00:00.000,THE,0.01567697759,-0.05635234678,-0.03943932195,0.1452466634,0.5304268736,-1.367171237,-1.820392249,0.0839759065,0.2193931166,0.5002474626,45.001733333,1.701696408,37.6937,1.636585758,0.08746850263,0.4133130349,3.717572198
2022-07-18 00:00:00.000,THE,0.02207589387,-0.05646657007,-0.04016941951,0.148578317,0.91373849,-1.332032206,-1.893794522,0.08263940888,0.17941072,0.5364098389,44.831933333,1.617409208,34.1902,1.269195225,0.09457924114,,2.241547887
2022-07-19 00:00:00.000,THE,0.02127800707,-0.0565516493,-0.04081508366,0.1499181411,0.8502138153,-1.284506048,-1.941262687,0.08413922292,0.2122359688,0.5106755685,43.967133333,1.515672014,34.0962,1.22169765,0.08761413524,0.1497908242,1.802507772
2022-07-20 00:00:00.000,THE,0.02359304938,-0.05388881769,-0.04261712924,0.1582004217,0.9823456704,-1.104694535,-2.170011881,0.09068828048,0.3759061131,0.7497058298,42.800366667,1.400196621,31.7393,1.018195449,0.07965973806,0.2071792794,2.47051059
2022-07-21 00:00:00.000,THE,0.0152503553,-0.05334878934,-0.04274247325,0.15652817,0.4384590306,-1.037143168,-2.178088172,0.08865258141,0.3168492872,0.6155178113,41.309,1.273670194,34.4704,1.206223215,0.08458279622,0.1797353664,2.036397127
2022-07-22 00:00:00.000,THE,0.01564927256,-0.05227408733,-0.04385394218,0.161515761,0.4511582244,-0.9858950273,-2.296835192,0.08815767752,0.2977398483,0.7800509521,41.5993,1.267948336,35.775,1.269617095,0.08762447201,0.1446807845,5.710599301
2022-07-25 00:00:00.000,THE,0.01267260452,-0.05854348295,-0.04361622397,0.1742161567,0.2461653047,-1.159714103,-2.211465229,0.07596394226,-0.02939941697,1.351198987,50.491533333,1.799399422,45.26,1.874592917,0.08684272748,,2.362469436
2022-07-26 00:00:00.000,THE,0.007790217608,-0.06514765457,-0.04449415299,0.1921587737,-0.08399341186,-1.336756129,-2.319716478,0.06784156825,-0.2458234128,2.175885108,62.4749,2.55661977,59.1245,2.834185269,0.07940474465,0.5593327269,6.5955779
2022-07-27 00:00:00.000,THE,0.006952682183,-0.07568761616,-0.04340356856,0.1977383425,-0.1484051841,-1.622611802,-2.148523381,0.06088298121,-0.4319208825,2.24107341,70.8777,3.018447314,69.985,3.500258311,0.07766066898,0.4191663932,3.013344656
2022-07-28 00:00:00.000,THE,0.004719478438,-0.06998600712,-0.04450340909,0.1927681316,-0.30301948,-1.419862257,-2.260759194,0.06263904107,-0.3885432422,1.774765427,64.422666667,2.486838016,64.0494,2.91554007,0.07632054249,0.3073314483,3.277816061
2022-07-29 00:00:00.000,THE,0.002957226215,-0.05824329272,-0.04333725947,0.171092384,-0.4279934067,-1.053401157,-2.082125643,0.06145251731,-0.4238500755,0.5162658117,53.597933333,1.73884087,53.437996774,2.096125678,0.07275234658,0.6715294814,4.260251125
2022-08-01 00:00:00.000,THE,0.00384914597,-0.0550329792,-0.04373164534,0.1711679123,-0.3810605802,-0.9441542029,-2.10469348,0.08584455871,0.2191049235,0.4476912375,55.187166667,1.742779926,56.2068,2.164866667,0.05439957394,,12
2022-08-02 00:00:00.000,THE,0.002607422003,-0.0524300389,-0.04293817675,0.1668396973,-0.472586653,-0.853685207,-1.979009546,0.0847399294,0.1840375413,0.08893568581,53.5739,1.587790664,54.8499,1.999375095,0.05693820769,0.2985732303,12
2022-08-03 00:00:00.000,THE,0.001905265572,-0.04568178695,-0.04388412046,0.1657355344,-0.5255658876,-0.6483864013,-2.071463441,0.0866784922,0.2300650135,-0.07620483058,46.274166667,1.111792477,47.4749,1.477942091,0.05539233431,0.2064212604,4.410136895
2022-08-04 00:00:00.000,THE,0.004688639532,-0.04306096473,-0.04746059529,0.1801217422,-0.3455243479,-0.5664412338,-2.481631322,0.09593120906,0.4728784632,0.9271502833,44.049333333,0.9607119502,44.9679,1.291311745,0.05352447963,0.5451941275,12
2022-08-05 00:00:00.000,THE,0.004643159011,-0.04121211281,-0.04680537771,0.1695526316,-0.3564493225,-0.507440648,-2.362300772,0.09505031312,0.4430237858,0.1162879632,41.851633333,0.810008793,42.0625,1.075776417,0.05237708713,0.3802632339,5.882412005
2022-08-08 00:00:00.000,THE,0.005837393251,-0.03801538089,-0.04803228924,0.1733322467,-0.2829021082,-0.4130677172,-2.473031425,0.09645865386,0.4752318489,0.3925109381,38.826533333,0.5138953094,37.4176,0.6401903791,0.05431043767,,3.484715584
2022-08-09 00:00:00.000,THE,0.008414821111,-0.03339260486,-0.04850799881,0.1683916921,-0.1144817593,-0.2820319993,-2.48925094,0.1007582747,0.5865110306,0.02966363168,35.097166667,0.2732155721,32.4576,0.2979944313,0.05443553752,0.4603770099,8.47453915
2022-08-10 00:00:00.000,THE,0.01305379614,-0.03311597339,-0.04799113461,0.162918822,0.1957419975,-0.2700668297,-2.388386977,0.100553625,0.5747978088,-0.3960462413,37.728333333,0.4101690475,31.7722,0.2337393891,0.05950006544,0.5635149653,5.016041239
2022-08-11 00:00:00.000,THE,0.0159529317,-0.02318706634,-0.04842063332,0.1566587418,0.3879058539,-0.0002524632041,-2.395332962,0.1072163256,0.7527100431,-0.8612418424,27.799433333,-0.1794791535,20.0556,-0.524856075,0.06559458043,0.4337547359,6.263838125
2022-08-12 00:00:00.000,THE,0.01630452273,-0.0249705433,-0.0460393788,0.1442598611,0.4022035759,-0.04631297206,-2.092532702,0.09447910621,0.3931066203,-1.678699847,29.515366667,-0.08506160228,21.6602,-0.4274002612,0.07088095787,0.5978639514,12
2022-08-15 00:00:00.000,THE,0.01463909498,-0.02939920543,-0.04590796425,0.1494682009,0.2761012321,-0.1595813808,-2.050894833,0.08537045943,0.1327466073,-1.166965401,35.7791,0.2247540362,28.5965,-0.05735301289,0.07567734915,,5.133135827
2022-08-16 00:00:00.000,THE,0.01605028398,-0.02792067053,-0.04673979536,0.1484184836,0.3642678869,-0.1149744075,-2.118866918,0.0898249429,0.2511982815,-1.273979834,34.3411,0.1273100187,24.7192,-0.3233975076,0.08243015356,0.3433002053,5.045321158
2022-08-17 00:00:00.000,THE,0.01330412849,-0.02561467886,-0.0467675424,0.1477999954,0.1589053219,-0.04982525683,-2.094315125,0.08669854844,0.1563874876,-1.314517074,32.5059,0.01077280343,23.706,-0.3962769552,0.05441145756,0.1590430292,2.962304874
2022-08-18 00:00:00.000,THE,0.01350420354,-0.02316511732,-0.04716193463,0.1453597373,0.1618460538,0.01867189423,-2.111088136,0.09250414674,0.3145270578,-1.460173345,31.067666667,-0.08418981697,22.4533,-0.4864258669,0.06023393531,0.5321950164,3.607123787
2022-08-19 00:00:00.000,THE,0.0141171424,-0.01867212621,-0.04616280725,0.1344336421,0.1943660038,0.1393737004,-1.973749743,0.1012166805,0.557386166,-2.065317984,26.546166667,-0.3585127307,17.1196,-0.8369453627,0.07223255089,0.5764394799,3.28270445
2022-08-22 00:00:00.000,THE,0.01118873866,-0.02537674012,-0.04394767525,0.1274874059,-0.02720975052,-0.03240283001,-1.708025952,0.1045911371,0.6485128147,-2.243506704,40.037866667,0.4121301304,33.252,0.1712973889,0.0695349734,,3.146774799
2022-08-23 00:00:00.000,THE,0.01444557719,-0.02494340871,-0.04218863426,0.1211099404,0.1949885701,-0.01716335745,-1.499099619,0.08980712304,0.2143140869,-2.267944808,37.146666667,0.2319310095,27.1183,-0.2383257922,0.07376065869,0.6968285746,4.991691538
2022-08-24 00:00:00.000,THE,0.01011785864,-0.02744085499,-0.04252363423,0.1313836582,-0.1446532593,-0.07948882705,-1.521572816,0.08534321196,0.08209469757,-1.435875975,44.0732,0.6462496145,36.9134,0.3891090019,0.05164357818,0.7197562239,3.738850624
2022-08-25 00:00:00.000,THE,0.01228854088,-0.02226128901,-0.04518338861,0.1432648528,-0.004371866161,0.06322756737,-1.794584307,0.08528102529,0.07751213638,-0.7362590714,39.279166667,0.3440220312,31.0046,-0.006180434884,0.0601160659,0.460922415,11.649935006
2022-08-26 00:00:00.000,THE,0.02661743638,-0.02466219494,-0.04432240387,0.1434917666,1.133449816,0.001844583264,-1.667455321,0.08503132214,0.06677083667,-0.6586782084,45.3885,0.7101123545,22.241,-0.585748965,0.0982976273,0.3437860516,10.200522538
2022-08-29 00:00:00.000,THE,0.02661743638,-0.02466219494,-0.04432240387,0.1434917666,1.128622844,0.006070926023,-1.640183257,0.08191404226,-0.02779665082,-0.5926014154,45.3885,0.7108143666,22.241,-0.6061448294,0.1283833294,,4.15325249
2022-08-30 00:00:00.000,THE,0.03630365079,-0.04033219298,-0.04713226118,0.165947608,1.907683168,-0.4301281441,-1.895763809,0.04518417502,-1.10207315,0.8417988222,55.9982,1.385291824,30.2076,-0.07701253155,0.1122064447,1.608347646,12
2022-08-31 00:00:00.000,THE,0.02014357627,-0.05009917782,-0.04129417804,0.149538063,0.520617779,-0.7148726667,-1.259675832,0.0369750691,-1.341354568,-0.1449637357,59.252433333,1.586203752,51.982904,1.369703027,0.08337341724,0.6580275403,5.010948436
2022-09-01 00:00:00.000,THE,0.00771649035,-0.04648212465,-0.04320673016,0.1779167245,-0.5259972883,-0.6024128325,-1.412238057,0.07020870876,-0.3719715513,1.701443509,68.753766667,2.1539794,64.9264,2.206812898,0.02986818869,0.4099388004,12
2022-09-02 00:00:00.000,THE,0.01236990077,-0.03591796813,-0.04266943357,0.1687426324,-0.1508610447,-0.2963966584,-1.332844064,0.06409600789,-0.5545324033,1.033122541,45.031166667,0.6463735153,42.9184,0.7225371919,0.04683642417,0.4380389949,12
2022-09-05 00:00:00.000,THE,0.01438875,-0.03926696838,-0.0468573063,0.1984596151,0.01231053245,-0.4131213335,-1.690425662,0.07031904889,-0.3754224999,3.008115359,60.886833333,1.711835137,54.6511,1.547240827,0.05565980046,,4.251864289
2022-09-06 00:00:00.000,THE,0.01227513165,-0.02929122346,-0.04542980358,0.1698257879,-0.1817152713,-0.1030263537,-1.524989551,0.07434587224,-0.2605654752,0.9397336699,45.595766667,0.7148229828,39.5284,0.5127361983,0.05558304186,0.4145032056,8.83004798
2022-09-07 00:00:00.000,THE,0.0156484427,-0.01721297727,-0.04476271071,0.1509139888,0.1037782236,0.3254643805,-1.442082744,0.08533781371,0.05892980133,-0.0759782243,27.157533333,-0.4966399715,17.8407,-0.9789232383,0.05361447033,0.4025223525,4.974827389
2022-09-08 00:00:00.000,THE,0.01471550357,-0.01801754996,-0.04087185253,0.1315666814,0.01084995696,0.3079561304,-1.035752981,0.08633137617,0.08222242676,-1.111323054,28.390066667,-0.4248690594,19.2076,-0.8892156684,0.04859928675,0.2761845647,5.603405872
2022-09-09 00:00:00.000,THE,0.01583489618,-0.02337426131,-0.04009125948,0.1312906854,0.1030866146,0.1225120821,-0.9350047806,0.08366037656,-0.001951045059,-1.026063966,33.202833333,-0.1077447027,23.2216,-0.6122884782,0.03539070202,0.1684372333,2.594859498
2022-09-12 00:00:00.000,THE,0.01744466711,-0.02506831468,-0.03777904994,0.1202313599,0.2390342651,0.06684330757,-0.725564314,0.0794565376,-0.1295723022,-1.535584708,33.6242,-0.08102379418,22.2302,-0.6923649689,0.06113495407,,1.867229926
2022-09-13 00:00:00.000,THE,0.01622671321,-0.02880918169,-0.04028912934,0.1458815788,0.1213362691,-0.07053347621,-0.9039603052,0.07647881719,-0.221281136,-0.08904269587,37.837833333,0.2026912253,27.8498,-0.3028337075,0.05316655828,0.4604428377,1.691204904
2022-09-14 00:00:00.000,THE,0.01379587277,-0.02960993175,-0.04461579178,0.1877732844,-0.1049454672,-0.09762666069,-1.235212172,0.08259802854,-0.04472378017,2.058335381,41.499533333,0.4480680219,31.6224,-0.04324864228,0.03864087669,0.6232124506,3.571948573
2022-09-15 00:00:00.000,THE,0.02162387803,-0.02304244083,-0.04503761482,0.1729537905,0.6012680044,0.1782552491,-1.269111861,0.08354535042,-0.02352367259,1.10004331,31.979633333,-0.2245021206,17.7385,-1.042679668,0.06008985193,0.2650184714,4.293473402
2022-09-16 00:00:00.000,THE,0.02719632767,-0.03017559048,-0.04280235172,0.1614240732,1.098250856,-0.1089209798,-1.055375173,0.06980175532,-0.4438309102,0.493541212,39.0509,0.267040267,21.0257,-0.806685071,0.05945963416,0.2564294462,2.225731734
2022-09-19 00:00:00.000,THE,0.03291496183,-0.02685968273,-0.04174765177,0.1469721929,1.599978599,0.03597210419,-0.9186783294,0.06688392395,-0.5380650458,-0.1948450401,32.431066667,-0.2341551908,13.6107,-1.362795867,0.09995609872,,1.130735813
2022-09-20 00:00:00.000,THE,0.02706696828,-0.02642481474,-0.04472205036,0.1717145641,1.040572015,0.06151351724,-1.119738044,0.07277960401,-0.3666758691,0.9069504922,34.7159,-0.08706081524,16.6662,-1.149609825,0.0850575688,0.3259561269,2.413109138
2022-09-21 00:00:00.000,THE,0.03394683729,-0.02396133042,-0.0422744255,0.1513353306,1.643731638,0.1724034382,-0.9194239796,0.0749153603,-0.3088310182,-0.1235952624,29.6678,-0.4539577336,9.2158,-1.670507816,0.1116306716,0.2522530425,1.919768053
2022-09-22 00:00:00.000,THE,0.03612237097,-0.02550209702,-0.04090417597,0.1436186373,1.805604903,0.1150758539,-0.8115278157,0.07344342266,-0.3607185197,-0.5855532335,32.981566667,-0.2298050971,9.4411,-1.646978981,0.1092545959,0.2090902797,1.381663788
2022-09-23 00:00:00.000,THE,0.04552045643,-0.02472693972,-0.03987506453,0.1391230688,2.599679225,0.1557668011,-0.7267178126,0.07638122117,-0.266688991,-0.8611253295,30.236866667,-0.4317600792,2.8507,-2.090957269,0.1835298714,0.10530853,1.933147888
2022-09-26 00:00:00.000,THE,0.047180017,-0.0218782691,-0.03912526841,0.126122179,2.653931251,0.2850073531,-0.6639905354,0.07685828996,-0.250017847,-1.501910946,26.226933333,-0.7566386158,-0.8312,-2.384492641,0.2417799976,,1.413545555
2022-09-27 00:00:00.000,THE,0.03654083856,-0.02068696705,-0.03991832221,0.1321059656,1.660520314,0.3440303328,-0.7182000344,0.07831931769,-0.2028559919,-1.107874908,28.9495,-0.5581761749,5.29,-1.928558642,0.1631973666,0.1857321965,2.322627109
2022-09-28 00:00:00.000,THE,0.03657579185,-0.02023355451,-0.04081400413,0.1412298231,1.628992574,0.3716973241,-0.7744497017,0.08244924627,-0.07410436976,-0.6259937972,27.850066667,-0.6472449158,3.6103,-2.019426828,0.1738781663,0.2106815365,3.340093542
2022-09-29 00:00:00.000,THE,0.04161500089,-0.01977476977,-0.0381698239,0.1218348503,2.014557668,0.3999054734,-0.5747191213,0.07940875911,-0.1670340738,-1.487488786,25.746466667,-0.8255434434,0.388,-2.215787774,0.2118154291,0.3068197889,1.931177498
2022-09-30 00:00:00.000,THE,0.0572214815,-0.01651381919,-0.03779421837,0.1131039192,3.245100154,0.5503613804,-0.5416139904,0.08080399041,-0.1257852963,-1.74867282,20.001666667,-1.281458257,-12.453503871,-3.054591778,0.4555032468,0.1864855101,2.09155316
2022-10-03 00:00:00.000,THE,0.01948220732,-0.007341278854,-0.03532897441,0.1153079504,0.1078161884,0.9606329152,-0.3621874251,0.1051411222,0.6208667704,-1.464175553,14.0226,-1.719546109,1.4605,-2.035771046,0.1436591585,,12
2022-10-04 00:00:00.000,THE,0.02083225879,-0.006391108319,-0.03342475519,0.1004221069,0.2063880262,1.009056773,-0.2252487828,0.105150406,0.6152831084,-1.948185084,13.246633333,-1.744495574,-0.7788,-2.152408867,0.1818741471,0.2706547617,6.048336162
2022-10-05 00:00:00.000,THE,0.02262377568,-0.007783963321,-0.03666125439,0.1184790481,0.3392556816,0.9537036346,-0.4513284267,0.1035823518,0.5612982729,-1.034723753,16.279233333,-1.491718183,-0.064,-2.056097601,0.1517251783,0.3277608499,8.93301566
2022-10-06 00:00:00.000,THE,0.02116659927,-0.005263410255,-0.03462107098,0.102832963,0.210871248,1.070803544,-0.3063390437,0.1069332086,0.6593181041,-1.655936801,11.963733333,-1.825793394,-4.174,-2.286958762,0.2492071197,0.3227895243,3.676556313
2022-10-07 00:00:00.000,THE,0.03319208716,-0.0009334517438,-0.03284652021,0.08921113892,1.172366538,1.26808111,-0.1802330183,0.1119504899,0.8092465936,-2.059984796,6.123333333,-2.229922821,-16.08,-3.002652898,0.8531655191,0.2356185682,5.55724521
2022-10-10 00:00:00.000,THE,0.03907592973,-0.00127555621,-0.0351017125,0.09362001346,1.628756871,1.255645042,-0.338379989,0.1110257131,0.7737927761,-1.626176283,5.869433333,-2.21534617,-19.172,-3.090942737,0.9438863456,,7.321087569
2022-10-11 00:00:00.000,THE,0.04033504987,-0.001521314677,-0.03430714216,0.08724215739,1.69896777,1.247806164,-0.2815191431,0.1082832691,0.6814652949,-1.70268252,5.8129,-2.192103113,-19.069,-2.975208415,0.9418663569,0.1344319535,3.544118146
2022-10-12 00:00:00.000,THE,0.03559614447,-0.006658914995,-0.03421523087,0.08721811244,1.287732988,1.021875062,-0.2745996967,0.1032462187,0.5167498209,-1.54775845,14.503233333,-1.513029457,-9.4524,-2.30746337,0.36276671,0.3501704425,3.490635936
2022-10-13 00:00:00.000,THE,0.0366884756,-0.01008442865,-0.03325716637,0.0835163395,1.35541275,0.8744387468,-0.2065656658,0.1002789345,0.4166604432,-1.507864962,17.408166667,-1.294874312,-5.882,-2.052143401,0.2751017603,0.3019592629,7.031229565
2022-10-14 00:00:00.000,THE,0.0482381002,-0.003203666807,-0.03335366022,0.07949179432,2.267644165,1.190659006,-0.2127708904,0.1034120077,0.5102086963,-1.563986834,9.914466667,-1.841856065,-18.858,-2.748154314,0.7428260354,0.2886448762,3.923150018
2022-10-17 00:00:00.000,THE,0.0755473684,-0.00453697528,-0.03201433676,0.07264349045,4.384085045,1.134977574,-0.1183534487,0.1055923597,0.5739596789,-1.695421748,9.997366667,-1.838133644,-27.9671,-3.118931862,0.9231634014,,2.868537757
2022-10-18 00:00:00.000,THE,0.08586293309,-0.003782849953,-0.03071299133,0.06948595448,4.83867726,1.17396354,-0.02714991445,0.1056327177,0.5691625327,-1.654796242,6.2171,-2.100702147,-31.2993,-3.162708382,1.105407643,0.2931238576,2.670464597
2022-10-19 00:00:00.000,THE,0.07272511816,-0.001420391684,-0.03101272766,0.06656625106,3.512353724,1.285389669,-0.04856979866,0.1029235433,0.4753173515,-1.586690536,3.631666667,-2.263781695,-27.7888,-2.861273838,1.191356485,0.3455493729,2.962570075
2022-10-20 00:00:00.000,THE,0.07212655419,-0.0002878006392,-0.03384631823,0.0799321616,3.291755085,1.340096114,-0.2470901233,0.1077193866,0.6253886467,-1.006891468,1.507566667,-2.380503525,-31.584,-2.944558274,1.294850715,0.4637026531,3.090622545
2022-10-21 00:00:00.000,THE,0.09369859531,-0.001342313694,-0.03352540686,0.07958078521,4.517007127,1.295003622,-0.2224801037,0.1091378352,0.6658868637,-0.9459211082,2.339,-2.262429893,-37.4293,-3.115255785,1.270167617,0.3141039921,2.531850262
2022-10-24 00:00:00.000,THE,0.1269766256,-0.002691859977,-0.03249318214,0.07096244925,6.123012911,1.236978771,-0.1468099054,0.1168343119,0.9113311731,-1.238044126,2.704166667,-2.023972555,-44.4755,-3.28965254,1.26498401,,2.273756011
2022-10-25 00:00:00.000,THE,0.1133456131,-0.001436766849,-0.03326448695,0.07283536285,4.604135228,1.298195596,-0.1985280064,0.1136767524,0.8020774112,-1.064838168,1.531266667,-2.061695815,-41.6944,-3.006238423,1.315324304,0.270326849,2.568093208
2022-10-26 00:00:00.000,THE,0.1042419869,-0.000329271325,-0.03374731213,0.07613291283,3.777118841,1.352207351,-0.23027417,0.1080565543,0.6141592085,-0.8223797491,1.189033333,-2.038936866,-38.9826,-2.768072267,1.331807816,0.4252022865,1.779258675
2022-10-27 00:00:00.000,THE,0.09303501538,-0.0003565959541,-0.03392998665,0.07738983161,3.032752004,1.353521838,-0.2401661414,0.1035988208,0.4643186018,-0.6904615191,2.398366667,-1.933428281,-36.1796,-2.558790483,1.28647604,0.1819819239,1.886453903
2022-10-28 00:00:00.000,THE,0.0919869499,0.0004191629072,-0.03464936158,0.07887651416,2.852816246,1.392454175,-0.2867532773,0.1047041129,0.4956482105,-0.5586808484,1.896466667,-1.93459842,-38.4742,-2.580494174,1.322394003,0.1196735271,2.68042763
2022-10-31 00:00:00.000,THE,0.1471105109,0.002620529134,-0.03195907222,0.06453902061,5.085509469,1.495894007,-0.09811133342,0.1222709146,1.062229323,-1.414794876,0.0012,-2.012649523,-53.217897,-3.035126799,1.46777691,,2.91742211
2022-11-01 00:00:00.000,THE,0.02047182773,0.006705103637,-0.02674175337,0.05448747428,-0.3245812282,1.683524108,0.2647476393,0.1063623834,0.5364423631,-1.988266826,-0.7220666667,-2.027973663,-13.1402,-1.422997077,1.292554935,0.5048790436,12
2022-11-02 00:00:00.000,THE,0.01887720429,0.004495611264,-0.03017036998,0.06924127889,-0.3869402923,1.579149017,0.02839949081,0.1088509055,0.6119754544,-0.8293720783,0.4890333333,-1.911507227,-11.436,-1.330862997,1.117635448,0.565923714,8.924963652
2022-11-03 00:00:00.000,THE,0.02075166434,0.004937709627,-0.02883003762,0.06571916234,-0.3142450038,1.598421644,0.1226163155,0.1041027135,0.4511954125,-1.003830176,1.417666667,-1.826545479,-11.548,-1.316194042,0.9867231526,0.2358680625,3.578979427
2022-11-04 00:00:00.000,THE,0.02996148994,0.006648162141,-0.02938073792,0.06302160418,0.04146312952,1.674813544,0.08577355329,0.1037583484,0.43447898,-1.28059641,-1.109733333,-1.944243798,-16.8809,-1.495023388,1.316217084,0.4015904562,4.563268295
2022-11-07 00:00:00.000,THE,0.03402953578,0.007641542461,-0.02831016979,0.05723612048,0.1945075472,1.716294158,0.1610313684,0.1009889296,0.3385965615,-1.842411483,-4.312733333,-2.013648899,-20.0845,-1.547157519,1.525461175,,2.709801221
2022-11-08 00:00:00.000,THE,0.02773471985,0.006103806374,-0.02871830559,0.05868067407,-0.05474988024,1.638562105,0.1332727535,0.09033068981,-0.01469652301,-1.507085251,-2.071366667,-1.837690447,-16.0166,-1.366686198,1.404163946,0.1896057835,2.867381684
2022-11-09 00:00:00.000,THE,0.02684826152,0.005790349013,-0.0288075149,0.05789013544,-0.09111106815,1.619349428,0.1277205773,0.07936449866,-0.3778865052,-1.505745106,-1.498,-1.748431597,-15.0094,-1.301769092,1.366543503,0.3211979493,2.378758461
2022-11-10 00:00:00.000,THE,0.02596571013,0.007082018681,-0.02816797427,0.0535567251,-0.126852618,1.67219486,0.1725351413,0.07029467938,-0.6793679097,-1.850777171,-3.394133333,-1.814097964,-15.7272,-1.308030387,1.539149071,0.1669276708,2.739452652
2022-11-11 00:00:00.000,THE,0.03022795454,0.007614322181,-0.02758724494,0.05080102553,0.03764845027,1.680216028,0.2134960183,0.05569938102,-1.164513946,-1.992696791,-3.9924,-1.82427511,-16.5194,-1.322293277,1.574347355,0.5776217585,5.655231884
2022-11-14 00:00:00.000,THE,0.02260756739,0.004260905539,-0.03165012282,0.06756770752,-0.2594848288,1.509483828,-0.06667365955,0.06504376394,-0.8578856844,-0.0007533957368,-1.527633333,-1.607808638,-12.6878,-1.144876731,1.383873202,,1.719718037
2022-11-15 00:00:00.000,THE,0.02237379276,0.002715285898,-0.03318789799,0.07516045836,-0.2683743486,1.422577485,-0.171551514,0.06915928126,-0.7245862763,0.9053852751,-1.305866667,-1.553835773,-11.7404,-1.093033092,1.307760182,0.2720323409,1.824394116
2022-11-16 00:00:00.000,THE,0.02398204744,0.004467504508,-0.02998814924,0.06156938439,-0.2057085529,1.501273064,0.05113719359,0.05741764479,-1.118746363,-0.6106725373,-2.027533333,-1.542995162,-13.699,-1.140754835,1.454092293,0.4627550908,4.766572589
2022-11-17 00:00:00.000,THE,0.02723553439,0.004636754823,-0.03143098434,0.0673502284,-0.07235927752,1.508617334,-0.04751378425,0.05748761482,-1.121049042,0.06553035078,-3.134666667,-1.570167592,-15.2275,-1.178036383,1.490325884,0.2963261796,8.111643953
2022-11-18 00:00:00.000,THE,0.02614083076,0.005424315944,-0.02999455436,0.05998662324,-0.108966789,1.536772129,0.05280935852,0.05072543998,-1.351772066,-0.7422166456,-3.087866667,-1.553985465,-15.1327,-1.166984811,1.503293518,0.287947717,2.123074342
2022-11-21 00:00:00.000,THE,0.02277141497,0.004888673471,-0.03144264831,0.06707860426,-0.2341223391,1.492245467,-0.04569706081,0.04955603096,-1.393142279,0.1417452795,-3.173066667,-1.486446411,-13.7251,-1.088425135,1.550765081,,1.754261015
2022-11-22 00:00:00.000,THE,0.02340823874,0.00541077482,-0.03300651164,0.07808687156,-0.2028205034,1.497058966,-0.1514284868,0.04871325493,-1.425099648,1.569968365,-3.3132,-1.459162608,-15.2688,-1.126104811,1.53447905,0.4529850332,3.79553648
2022-11-23 00:00:00.000,THE,0.01750362211,0.004069677841,-0.03415829517,0.08669135311,-0.4262192146,1.417180513,-0.2279838567,0.04984025424,-1.375318683,2.463487735,-0.4553,-1.290909549,-11.434,-0.9756672672,1.227315033,0.3198988016,2.818839908
2022-11-24 00:00:00.000,THE,0.02095064483,0.004196492709,-0.0329500996,0.07828205376,-0.2817336994,1.405460388,-0.1425831567,0.04354583328,-1.573368949,1.2511168,-3.078933333,-1.39199169,-13.4072,-1.031683019,1.548869426,0.2344455532,2.87256498
2022-11-25 00:00:00.000,THE,0.01842244796,0.005171524834,-0.03247987782,0.08009032057,-0.375940641,1.43217555,-0.108277526,0.04162031505,-1.623379572,1.410620543,-3.269833333,-1.393849816,-13.2754,-1.021774033,1.588480754,0.305219374,6.286006356
2022-11-28 00:00:00.000,THE,0.0172166011,0.005073740681,-0.03205431589,0.07773233533,-0.417089066,1.410497626,-0.07748088301,0.03770454867,-1.737227515,1.135720745,-2.3368,-1.306449196,-12.3202,-0.9677568341,1.539869718,,1.817222809
2022-11-29 00:00:00.000,THE,0.009677875425,0.003664408537,-0.0334841368,0.08746508252,-0.7069062541,1.333196032,-0.1747514605,0.0387287085,-1.685484776,2.137675098,-0.5424,-1.203293911,-8.4364,-0.81728086,1.349488625,0.4312425044,2.839600683
2022-11-30 00:00:00.000,THE,0.01738079184,0.002722731475,-0.03541858746,0.09819464975,-0.3994293144,1.279098138,-0.3074452345,0.049025234,-1.335375929,2.828830768,-1.0048,-1.198129168,-10.9389,-0.9000367259,1.291464423,0.3215381046,2.183156934
2022-12-01 00:00:00.000,THE,0.004892552223,0.005774118897,-0.03119298303,0.08839298864,-0.8882253269,1.376890442,-0.01715545236,0.07366326133,-0.5202897692,1.526492274,48.4309,1.001725559,-6.2863,-0.7218135148,1.430331428,0.3066800125,12
2022-12-02 00:00:00.000,THE,0.006036561973,0.00568794932,-0.0326819804,0.09315338577,-0.8327501105,1.341189637,-0.1202634629,0.07510606486,-0.4667744513,1.744874648,48.7209,1.007356742,-7.2822,-0.7532655671,1.582727241,0.4250833943,5.93647172
2022-12-05 00:00:00.000,THE,0.006506137075,0.005325245291,-0.03257190547,0.08793028308,-0.8084721213,1.29596322,-0.113710439,0.07457991732,-0.4780021624,1.165789378,45.304966667,0.8821245192,-7.1603,-0.7298595534,1.567993053,,4.175909973
2022-12-06 00:00:00.000,THE,0.004536627295,0.00460886386,-0.03234589955,0.08847981926,-0.8810736273,1.227992195,-0.09927553706,0.07180556264,-0.5640116395,1.097989816,46.3158,0.9409209022,-5.7541,-0.6681270959,1.448299165,0.2490762342,5.780301037
2022-12-07 00:00:00.000,THE,0.003890484415,0.003636271453,-0.03337242165,0.1017609988,-0.9000603822,1.155629126,-0.1704049797,0.07975136125,-0.2944137889,1.947759952,53.103966667,1.256623176,-4.8104,-0.6281512577,1.379625745,0.3201409133,4.825031011
2022-12-08 00:00:00.000,THE,0.008037727314,0.004174786516,-0.03290042175,0.08786037643,-0.7313011137,1.174327813,-0.1390676958,0.07332176835,-0.5039006337,0.7698619336,42.398166667,0.768963779,-6.3381,-0.6758126751,1.600502362,0.4523822101,4.559062892
2022-12-09 00:00:00.000,THE,0.003953461785,0.004383795086,-0.03405050421,0.09749134742,-0.8818744048,1.18094721,-0.2194935474,0.07638565668,-0.3963650391,1.369609173,48.3062,1.033170454,-5.1123,-0.6253921654,1.401711849,0.1561223549,7.719689203
2022-12-12 00:00:00.000,THE,0.006587426658,0.005064009596,-0.03329600389,0.08906360352,-0.7715870306,1.206312867,-0.1750600625,0.07340422048,-0.4906080425,0.6570740028,43.708033333,0.833767263,-6.7171,-0.6854081171,1.578096857,,1.578745982
2022-12-13 00:00:00.000,THE,0.004070463751,0.004763946582,-0.0339200424,0.09008861809,-0.8617438168,1.193095401,-0.2266984638,0.07178170441,-0.5440040312,0.6801431529,42.8596,0.8034595498,-4.8392,-0.6027850346,1.262702217,0.1850564185,1.900332147
2022-12-14 00:00:00.000,THE,0.003756024762,0.005591607826,-0.03323602529,0.08408170475,-0.8665520667,1.178547946,-0.1849570897,0.06764593899,-0.6891816365,0.09659150287,37.8772,0.5841725845,-5.0298,-0.6073000911,1.257894429,0.3896225708,12
2022-12-15 00:00:00.000,THE,0.0009631847328,0.005304024828,-0.03347512258,0.08691474211,-0.9671748641,1.144597731,-0.2082458233,0.0676933843,-0.6812770008,0.3053027688,39.875733333,0.6795836176,-3.0985,-0.5206517774,0.8192344326,0.1467609257,2.972246083
2022-12-16 00:00:00.000,THE,0.005355717313,0.006502046375,-0.03066922282,0.07218654428,-0.7896621504,1.159734545,-0.009650811275,0.05114172687,-1.265982299,-1.182112809,34.268466667,0.4175100233,-5.6133,-0.6186203624,1.26783328,0.5205727538,3.200514467
2022-12-19 00:00:00.000,THE,0.006787753126,0.007959882414,-0.02648171783,0.05496028515,-0.7270984034,1.197416082,0.2949023978,0.03833747945,-1.714085088,-2.945552279,29.818766667,0.2265163215,-7.0705,-0.6951230315,1.435026412,,2.215965295
2022-12-20 00:00:00.000,THE,0.009704670076,0.007229572524,-0.02782719834,0.06074867271,-0.6121391813,1.128370929,0.1967583826,0.03794695008,-1.713891113,-2.208255358,30.968133333,0.2868345913,-7.7127,-0.7261518963,1.610755337,0.3037216568,1.337807828
2022-12-21 00:00:00.000,THE,0.01311442954,0.00838915612,-0.02553880712,0.04813363146,-0.4836224586,1.138819381,0.3724062073,0.03248459333,-1.890312714,-3.177192987,25.645833333,0.04100850168,-8.7539,-0.7792703007,1.623531081,0.303070458,2.527507517
2022-12-22 00:00:00.000,THE,0.01179623435,0.008335325479,-0.02344979189,0.03775445217,-0.5348415518,1.09842935,0.5452144225,0.03484577677,-1.790273116,-3.26593163,20.200533333,-0.2105408143,-7.9686,-0.7351513491,1.635030772,0.5529274617,3.650150981
2022-12-23 00:00:00.000,THE,0.02350546895,0.009912115463,-0.02059556647,0.02607263684,-0.09121520191,1.118159152,0.7733267577,0.03211384533,-1.869053436,-3.220208222,15.235566667,-0.4472420999,-11.1916,-0.8717201142,1.733989103,0.7707530769,3.813959518
2022-12-27 00:00:00.000,THE,0.02350546895,0.009912115463,-0.02059556647,0.02607263684,-0.0939958031,1.092298594,0.7427827708,0.0314074198,-1.873248227,-2.513484228,15.235566667,-0.4478596092,-11.1916,-0.9470113135,1.737572824,,2.866502333
2022-12-28 00:00:00.000,THE,0.02373337952,0.01047414961,-0.01989627808,0.02441653738,-0.08702611902,1.074190834,0.7675167839,0.02936204624,-1.922980992,-2.166329658,15.1674,-0.4461024498,-11.9244,-0.9950785183,1.750686415,0.3432757879,6.495423156
2022-12-29 00:00:00.000,THE,0.0247461012,0.01019836497,-0.0198266305,0.02443178834,-0.05206103186,1.033238406,0.7519944771,0.03058143716,-1.85990867,-1.861636214,15.000366667,-0.4511601339,-11.4668,-0.9614711074,1.715424888,0.2651112771,2.143675705
2022-12-30 00:00:00.000,THE,0.02860665271,0.01175868171,-0.01806163654,0.01911918559,0.09056677765,1.080166055,0.8723628146,0.02950519265,-1.875991867,-1.8237092,12.4029,-0.5793255353,-12.737396129,-1.018664315,1.820970023,0.6594639952,10.830673402
2023-01-02 00:00:00.000,THE,0.02492893455,0.01186907638,-0.01748457189,0.02047398538,-0.05392318924,1.08366764,0.9141902898,0.0293378982,-1.860255251,-1.566726144,12.4029,-0.5893786317,-11.961,-1.03040222,1.113208162,,12
2023-01-03 00:00:00.000,THE,0.02298487373,0.01423075326,-0.01640892563,0.01730104681,-0.1308573299,1.15530637,0.9889941921,0.03117355259,-1.77771726,-1.505074255,10.091533333,-0.6949803712,-11.6974,-0.9848235283,1.030078053,0.3664337738,12
2023-01-04 00:00:00.000,THE,0.01976409821,0.01847973294,-0.01341328126,0.01160612408,-0.2536943501,1.278397231,1.206293134,0.03177858342,-1.738610258,-1.536923263,8.448133333,-0.7648551731,-12.2567,-1.007726626,0.8982632439,0.4977971824,4.490742516
2023-01-05 00:00:00.000,THE,0.01381065339,0.01549092621,-0.01486077052,0.01490840332,-0.4796772058,1.166088449,1.097421862,0.03137121468,-1.733817436,-1.274990049,10.296033333,-0.672830077,-9.3476,-0.858290409,0.8280373137,0.3476939969,4.945209371
2023-01-06 00:00:00.000,THE,0.01503477963,0.01634865771,-0.01529185727,0.01575577043,-0.4296135359,1.180829427,1.066600841,0.02954967298,-1.775726698,-1.129893252,10.9865,-0.6448234131,-10.9406,-0.9041981672,0.8934371957,0.3287549936,2.930529218
2023-01-09 00:00:00.000,THE,0.01235595015,0.01581098626,-0.01663900333,0.01896549645,-0.5313490152,1.166488738,0.966234655,0.02874234477,-1.783665509,-0.9373564613,12.629233333,-0.5854438202,-10.2546,-0.8720374286,0.8323902453,,2.688042668
2023-01-10 00:00:00.000,THE,0.01461417518,0.01730211785,-0.01543027549,0.01552610325,-0.444257056,1.195928412,1.053520836,0.02974565681,-1.732204269,-0.9669094832,10.598233333,-0.6804088558,-10.839,-0.8991363304,0.8526215541,0.2347005841,2.408704386
2023-01-11 00:00:00.000,THE,0.01570836432,0.0179477923,-0.01479184308,0.01370925616,-0.4034248879,1.17310311,1.099276674,0.03328123314,-1.600290281,-0.958528087,9.084766667,-0.7452108935,-11.1376,-0.9083776633,0.84518055,0.2324167855,4.309244088
2023-01-12 00:00:00.000,THE,0.01402894483,0.01778739276,-0.01468331561,0.01450539076,-0.4704117082,1.114264128,1.104705634,0.03115297332,-1.653761483,-0.8546467711,11.418066667,-0.6325726711,-10.6172,-0.8754639245,0.8012468559,0.6492312405,4.188780315
2023-01-13 00:00:00.000,THE,0.01103094377,0.02070659985,-0.01425624629,0.01322968555,-0.5875476947,1.179324428,1.13344526,0.03912125314,-1.382614886,-0.8468368349,10.615366667,-0.6710403043,-10.2784,-0.8617245281,0.7572622732,0.6036737032,2.1663019
2023-01-16 00:00:00.000,THE,0.01736475699,0.0258752176,-0.01273381488,0.0107680564,-0.3486944466,1.316172494,1.243493948,0.05161034858,-0.9735643453,-0.9056605918,9.690833333,-0.7198227313,-12.3309,-0.9666593894,0.7887792744,,0.9946407354
2023-01-17 00:00:00.000,THE,0.01118725101,0.02350255545,-0.01533439457,0.01508791322,-0.590725852,1.220146694,1.046539564,0.04744972765,-1.101390748,-0.6578720529,10.6159,-0.6758753281,-10.9251,-0.9046590093,0.7446878754,0.5183754441,2.120669339
2023-01-18 00:00:00.000,THE,0.008880059484,0.02365788892,-0.01738710359,0.01854135243,-0.6825470024,1.219433751,0.8912533984,0.04596537879,-1.142356232,-0.3779653625,10.715866667,-0.6654987919,-10.7451,-0.8937948567,0.6597585742,0.4877148927,4.873192182
2023-01-19 00:00:00.000,THE,0.01219591026,0.02474312886,-0.01782573054,0.01844644175,-0.5583355158,1.243090439,0.8451046935,0.04838050923,-1.058027179,-0.3028449018,10.059866667,-0.6878390683,-11.9766,-0.9408376707,0.699306295,0.1459514077,1.617422153
2023-01-20 00:00:00.000,THE,0.009807517537,0.02267191188,-0.0214566761,0.02625686828,-0.6549937224,1.188604997,0.5690609666,0.05136386004,-0.9560272603,0.6755840945,11.028933333,-0.6439921515,-11.7695,-0.9293541018,0.7170199219,0.5236331835,3.067179993
2023-01-23 00:00:00.000,THE,0.01058875807,0.02479751866,-0.02120482791,0.02481172288,-0.6273443445,1.253012569,0.5860319645,0.05723607924,-0.7624244624,0.8747082596,9.593833333,-0.7197644478,-11.9304,-0.9478716939,0.7134712484,,2.325995027
2023-01-24 00:00:00.000,THE,0.01037341469,0.02658935145,-0.01794004512,0.0179588935,-0.6384687958,1.305773735,0.8304332253,0.05466222147,-0.8377461041,-0.121883905,8.603766667,-0.7648616445,-11.5195,-0.9280037781,0.6963224151,0.3640135845,2.675814457
2023-01-25 00:00:00.000,THE,0.01083528198,0.0289173712,-0.01652141143,0.01607488054,-0.6227657324,1.370145767,0.9367453959,0.0537469456,-0.8617540879,-0.4466168341,9.6014,-0.712050624,-11.9455,-0.9455341835,0.6717236743,0.3228622343,2.765428124
2023-01-26 00:00:00.000,THE,0.01078227676,0.02990778074,-0.01503784613,0.01304494196,-0.6259230681,1.403583613,1.043036867,0.05138887769,-0.9324658566,-1.064359121,7.743466667,-0.7920112638,-12.1752,-0.9478811275,0.6860418073,0.5114321729,1.798151633
2023-01-27 00:00:00.000,THE,0.006235584078,0.02972111785,-0.01524893406,0.01306863539,-0.8006344141,1.404139186,1.018650468,0.04998795428,-0.9718424499,-0.9733660574,7.106166667,-0.8239190355,-11.7116,-0.9228850301,0.6685201101,0.1589345073,2.927895494
2023-01-30 00:00:00.000,THE,0.01039308871,0.03002518658,-0.01528474976,0.01332192164,-0.63560911,1.417495855,1.013537684,0.04815301702,-1.027238738,-0.835922908,6.833866667,-0.8448754789,-12.5394,-0.9687089419,0.7135796775,,2.487231339
2023-01-31 00:00:00.000,THE,0.009962758138,0.02830367235,-0.01549742297,0.01373568629,-0.6496597675,1.362571296,0.9962245909,0.0431742156,-1.187111816,-0.6581703692,7.607633333,-0.79997993,-12.151396071,-0.950391309,0.7549160034,0.2064222644,4.351208441
2023-02-01 00:00:00.000,THE,0.0100095844,0.02467338062,-0.01584942655,0.01564791328,-0.6458075468,1.257696144,0.9659581575,0.0389554052,-1.321526693,-0.09803840616,7.240866667,-0.8093526102,-11.4364,-0.9088963511,0.7513127665,0.2148414082,12
2023-02-02 00:00:00.000,THE,0.01292773678,0.02588444613,-0.01463169625,0.01326954122,-0.5309704687,1.293515401,1.053585864,0.037933324,-1.349264768,-0.6903200549,6.156866667,-0.8574131376,-12.0809,-0.9334933103,0.7640149899,0.1442465793,6.277588406
2023-02-03 00:00:00.000,THE,0.009891591303,0.02383913012,-0.01491804826,0.01417610792,-0.6475816097,1.23306582,1.023860142,0.0362034011,-1.402922947,-0.4869571636,6.367666667,-0.8486852761,-10.8992,-0.8736740522,0.751401107,0.1718787698,4.132044907
2023-02-06 00:00:00.000,THE,0.009373145618,0.02296514672,-0.01475562373,0.01344170245,-0.6659135889,1.20813617,1.032218625,0.03591344629,-1.410692846,-0.668201977,5.712,-0.8626118463,-10.3589,-0.8558283491,0.7971309289,,3.118163974
2023-02-07 00:00:00.000,THE,0.009560272377,0.02804716125,-0.0141475717,0.01254824822,-0.6566252509,1.364634034,1.072981521,0.03845312476,-1.3221239,-0.864019335,6.313366667,-0.8204612349,-12.126,-0.9467212553,0.8062236556,0.1686793158,3.272613464
2023-02-08 00:00:00.000,THE,0.01115231868,0.02775577103,-0.0133369143,0.0117333045,-0.5947760959,1.359096056,1.128034369,0.03629650309,-1.39614169,-0.9964318775,6.448833333,-0.7970847584,-12.0563,-0.9367158441,0.830174409,0.1388415878,3.737976751
2023-02-09 00:00:00.000,THE,0.01036336197,0.02756898217,-0.01357954502,0.01199631445,-0.6236559782,1.349216925,1.105057431,0.03908251667,-1.292856911,-0.8613554826,6.225766667,-0.7998482828,-11.6905,-0.9085203584,0.8264420777,0.2745608957,2.840476724
2023-02-10 00:00:00.000,THE,0.006779611852,0.0271641635,-0.01356104777,0.01213014624,-0.7612614467,1.342021851,1.101439478,0.03747345972,-1.340395218,-0.7959580449,6.282733333,-0.7970745837,-10.8859,-0.8665135902,0.7996559474,0.1049382168,2.764216564
2023-02-13 00:00:00.000,THE,0.008382256538,0.02886232596,-0.01228406841,0.01058192354,-0.6972020014,1.394973134,1.188118371,0.0371778498,-1.341021895,-1.138088234,5.8806,-0.783206542,-11.2791,-0.899952562,0.8510692723,,2.818654559
2023-02-14 00:00:00.000,THE,0.003794759227,0.02833923733,-0.0124871271,0.0105937196,-0.8654295434,1.36639707,1.16746307,0.03689975252,-1.34078018,-1.076540727,5.492133333,-0.7856366937,-10.3823,-0.8509456857,0.8105305186,0.1161530881,2.206685846
2023-02-15 00:00:00.000,THE,0.003556020037,0.02539409561,-0.01304512347,0.01147361452,-0.8645929749,1.266078028,1.127360277,0.03580359624,-1.372738152,-0.8614227379,5.4977,-0.7694218083,-9.3853,-0.7960676002,0.8239333141,0.3014592989,2.042368596
2023-02-16 00:00:00.000,THE,0.009284300634,0.02719285579,-0.01255544895,0.01047438292,-0.6342305048,1.322446905,1.161756063,0.03754758675,-1.311845994,-1.041315079,4.7259,-0.7984497425,-10.6528,-0.8654076064,0.8560820279,0.1922470619,2.49598178
2023-02-17 00:00:00.000,THE,0.0107906387,0.02943964837,-0.01171423936,0.009817790793,-0.5726535613,1.368204745,1.218775928,0.04084225632,-1.190132817,-1.100595547,4.177233333,-0.821708278,-11.1533,-0.8904600822,0.8670817214,0.1803123818,3.508306043
2023-02-20 00:00:00.000,THE,0.006053980018,0.02899277652,-0.01207649599,0.01010019392,-0.7539730704,1.343085691,1.18571037,0.04131714679,-1.163527313,-0.9342144699,4.7931,-0.7716552178,-10.1848,-0.8559097502,0.8716949853,,2.487914022
2023-02-21 00:00:00.000,THE,0.006086893552,0.02958397304,-0.01214134264,0.01017664591,-0.7497658163,1.373271546,1.177648664,0.04235155606,-1.120226178,-0.9453848644,4.785733333,-0.7720518478,-10.1869,-0.8557540748,0.8803502492,0.1744978592,2.017831509
2023-02-22 00:00:00.000,THE,0.003726196592,0.02880867444,-0.01178954169,0.00980162247,-0.835425392,1.348605108,1.198657982,0.03937486274,-1.227512593,-1.328938771,4.949,-0.7549456435,-9.5508,-0.8140520177,0.8813621396,0.230195826,2.027353069
2023-02-23 00:00:00.000,THE,0.003972692898,0.02806153498,-0.01176074852,0.009357041093,-0.821883391,1.308771003,1.188044061,0.0357018942,-1.394892432,-1.573088588,4.5956,-0.7661779115,-9.4956,-0.8039529293,0.8731549053,0.3577310201,2.999140557
2023-02-24 00:00:00.000,THE,0.002932270555,0.0273093017,-0.01196251088,0.009473245058,-0.8556542933,1.270279515,1.162382779,0.03506332314,-1.409405686,-1.427924398,4.431566667,-0.772870663,-9.2715,-0.7897121162,0.8810838782,0.1088074311,2.573811931
2023-02-27 00:00:00.000,THE,0.008285248496,0.03031708392,-0.01082886234,0.008665261208,-0.6484046555,1.354082953,1.242603797,0.03947931903,-1.234950808,-1.738660162,4.330333333,-0.7678694166,-10.4849,-0.8803992654,0.9231800416,,2.447252433
2023-02-28 00:00:00.000,THE,0.005837392792,0.03150000087,-0.01040959647,0.00829142538,-0.737309178,1.378040619,1.253731747,0.04080238966,-1.176026429,-1.738306654,4.102866667,-0.772478757,-10.425996774,-0.8807033482,0.9255782313,0.1001157409,1.445380037
2023-03-01 00:00:00.000,THE,0.005347237201,0.02332824194,-0.01182776774,0.01067028336,-0.7506811136,1.10078067,1.120408585,0.04501738351,-1.004776542,-0.3265724829,4.802566667,-0.7241374746,-8.1786,-0.7419768412,0.9057386011,0.6452094613,10.308032068
2023-03-02 00:00:00.000,THE,0.004725308714,0.02373633571,-0.01154180821,0.0105216313,-0.76918486,1.103323156,1.118323521,0.04665066659,-0.9381986815,-0.3414480511,4.9297,-0.7104617494,-8.0601,-0.7303363799,0.8960751912,0.1759665627,4.546367857
2023-03-03 00:00:00.000,THE,0.004386577544,0.02471991614,-0.01096302027,0.009945973662,-0.7777165577,1.125372097,1.147391894,0.05179456245,-0.7388091622,-0.6178286262,4.5227,-0.7329353657,-8.1298,-0.7364856147,0.9000156539,0.5172715722,12
2023-03-06 00:00:00.000,THE,0.007392747635,0.02522379347,-0.01063013037,0.009909010854,-0.6583012171,1.132949352,1.160138712,0.05563327975,-0.593234082,-0.5709855378,3.939966667,-0.7603146879,-8.4761,-0.7822939811,0.9158372728,,3.333823477
2023-03-07 00:00:00.000,THE,0.005291430514,0.02461262262,-0.01192941306,0.01130200147,-0.7292484194,1.104062055,1.067549392,0.05600885976,-0.5819760278,0.5826696,4.1586,-0.7441913143,-8.2204,-0.7683669585,0.917309938,0.3582603298,3.170191874
2023-03-08 00:00:00.000,THE,0.005759596609,0.02602476965,-0.01105102091,0.01020403313,-0.7019629073,1.142867176,1.119986424,0.05491869072,-0.6254215181,-0.2262705438,3.996866667,-0.7475257711,-8.3751,-0.7778568937,0.9195412361,0.4323438072,6.78994974
2023-03-09 00:00:00.000,THE,0.005539471459,0.02437171226,-0.0125015046,0.01185552973,-0.7021323402,1.079298264,1.016332453,0.046971333,-0.9360775668,1.507687568,4.541333333,-0.7122897859,-8.598,-0.7853474765,0.9277332322,0.565051589,3.880622857
2023-03-10 00:00:00.000,THE,0.003349278998,0.01918206193,-0.01493285845,0.01560508549,-0.7734374292,0.8953732482,0.8475732916,0.04073985789,-1.179654666,5.195861081,5.179066667,-0.6785781073,-7.6051,-0.7229150725,0.919881869,0.524087057,9.170860562
2023-03-13 00:00:00.000,THE,0.004227717657,0.02212054888,-0.01358202863,0.01312594952,-0.7295791843,0.9533551251,0.9307171251,0.04155139624,-1.147888308,1.741176343,4.6982,-0.701244241,-7.9075,-0.7628172441,0.9291892779,,1.907961851
2023-03-14 00:00:00.000,THE,0.005027117562,0.02405915438,-0.01247392349,0.01171977945,-0.6876446273,0.9920100835,0.9978355678,0.04671926566,-0.9442935764,0.7360519206,4.3637,-0.7179121295,-8.2485,-0.7851997779,0.9348845678,0.1448514856,2.385076522
2023-03-15 00:00:00.000,THE,0.006394646846,0.02504868227,-0.01238757258,0.01167838227,-0.6248536097,0.9851079029,0.9978770102,0.05040390223,-0.8011747248,0.6663745206,4.023833333,-0.7325804794,-8.4752,-0.796800551,0.9376595218,0.1290425881,1.802581248
2023-03-16 00:00:00.000,THE,0.00563860766,0.02383908076,-0.01361079099,0.01328522899,-0.6431849581,0.9377296013,0.9100158435,0.04727577845,-0.9237747886,1.631293457,3.964766667,-0.7319616034,-8.386,-0.7824009382,0.9324576321,0.1839531454,2.144860646
2023-03-17 00:00:00.000,THE,0.00737581512,0.02666434807,-0.01261375834,0.01208259486,-0.5689518576,0.9994100136,0.9723292193,0.04999121281,-0.8144593137,0.7812303271,3.452766667,-0.7636473935,-9.0192,-0.8196424667,0.9335832709,0.209606651,3.527676533
2023-03-20 00:00:00.000,THE,0.007756409142,0.03015314015,-0.01127102193,0.0113178956,-0.5447142263,1.077871868,1.052120671,0.05282906696,-0.6998181217,0.2801880081,3.220333333,-0.7742815262,-9.5699,-0.870897344,0.9387505739,,2.552466933
2023-03-21 00:00:00.000,THE,0.006236109606,0.02888353329,-0.01279335713,0.01298818452,-0.5891967079,1.017144689,0.9391789666,0.05025019985,-0.7958251394,1.22238901,3.405533333,-0.7607026154,-9.7933,-0.8851897431,0.946646495,0.1278468834,1.967346021
2023-03-22 00:00:00.000,THE,0.006991549495,0.02968333081,-0.01230855529,0.01234310254,-0.5561592111,1.013868088,0.9545495339,0.05070915851,-0.7741393847,0.7416056745,2.7638,-0.7916608969,-10.0582,-0.9010162327,0.9485046163,0.2792565372,6.063770078
2023-03-23 00:00:00.000,THE,0.00527457952,0.02808758612,-0.01360131265,0.01365784693,-0.6149492664,0.9359753712,0.8649666451,0.04757495867,-0.8918357026,1.426435047,3.152466667,-0.764683262,-9.8081,-0.8770762926,0.9502516,0.1549878626,3.471289239
2023-03-24 00:00:00.000,THE,0.00599214175,0.02987191634,-0.0129836221,0.0129527588,-0.5820064244,0.9550980676,0.8993941743,0.04870447212,-0.8467399748,0.8941833522,2.8756,-0.7823954016,-9.9878,-0.8845519386,0.9442835104,0.06759047949,2.304412893
2023-03-27 00:00:00.000,THE,0.003352459381,0.02965237318,-0.01205167862,0.01165721406,-0.6742788412,0.9158892341,0.9509366273,0.04332285297,-1.046023661,0.08555006648,3.0242,-0.7700614459,-9.6275,-0.8770578209,0.9456068192,,1.443081694
2023-03-28 00:00:00.000,THE,0.003259559883,0.03048123527,-0.01208350201,0.0117085557,-0.6677837385,0.9120641426,0.9481687767,0.04185244197,-1.094087912,0.05805301163,3.004733333,-0.7698912483,-9.9525,-0.9004174044,0.9453296934,0.1109474438,1.357556191
2023-03-29 00:00:00.000,THE,0.002367128201,0.03147104275,-0.01158821938,0.01146233011,-0.6897632927,0.9296475088,0.9727762324,0.03873715652,-1.204500287,-0.1836099015,3.808166667,-0.7184199803,-10.1314,-0.9125976168,0.9499245348,0.135524109,3.108312905
2023-03-30 00:00:00.000,THE,0.003132593003,0.03464700943,-0.01139834804,0.01182722864,-0.6498756664,1.013761771,0.9813094927,0.03934277308,-1.171947608,-0.05609414772,4.460166667,-0.6754833014,-11.6209,-0.9993945694,0.9434359906,0.2813378605,3.183708669
2023-03-31 00:00:00.000,THE,0.006354252232,0.03191055362,-0.01145271566,0.01092606872,-0.5204023631,0.9126740861,0.9652699595,0.03348359158,-1.385118888,-0.766922288,4.169,-0.6963037475,-11.815296667,-1.007607735,0.9248654453,0.4208077611,12
2023-04-03 00:00:00.000,THE,0.008957112128,0.01775709573,-0.01570785847,0.01735120031,-0.4149431606,0.4976451431,0.6974150924,0.0583771664,-0.4314026607,4.043242179,4.437633333,-0.6799588109,-9.8666,-0.8994066523,0.7819380259,,12
2023-04-04 00:00:00.000,THE,0.0119634949,0.02102851904,-0.01583496242,0.01891681879,-0.2927077492,0.5921801441,0.6806643458,0.06624211531,-0.1275934181,3.886223766,4.686866667,-0.66404557,-11.4728,-1.004102229,0.791278185,0.3858096481,12
2023-04-05 00:00:00.000,THE,0.01063016669,0.01940259015,-0.01386195689,0.01588563332,-0.3284690189,0.5410683249,0.7926776988,0.05942647965,-0.3819593777,1.464620492,4.924166667,-0.6466100459,-10.4076,-0.9376967342,0.7752928891,0.2826736601,5.160744768
2023-04-06 00:00:00.000,THE,0.008964648335,0.02263198146,-0.01367162663,0.01561526391,-0.3778998723,0.6370554392,0.8012562046,0.05995888326,-0.3556185322,1.192901075,4.0159,-0.6965069152,-11.0342,-0.9714595726,0.8176492164,0.2229199925,5.723542163
2023-04-11 00:00:00.000,THE,0.01277370594,0.02378806006,-0.01477630706,0.01652392642,-0.2130662337,0.6728659953,0.7314229603,0.06140137022,-0.2929543757,1.503999084,3.690366667,-0.7235757174,-12.6936,-1.101561727,0.8368639603,,3.701962208
2023-04-12 00:00:00.000,THE,0.01197920347,0.02717865628,-0.01492194772,0.01766956657,-0.2293898195,0.7833967452,0.7195239105,0.0654368628,-0.1300803273,1.851718875,3.6414,-0.7235040207,-14.301,-1.203513429,0.8538288032,0.1121078626,3.084166052
2023-04-13 00:00:00.000,THE,0.01134428174,0.02759659137,-0.01483545033,0.01818438037,-0.2371595448,0.7955717501,0.7216994861,0.06675341298,-0.070393888,1.918551839,3.849666667,-0.7067677063,-14.1902,-1.187516044,0.8481858714,0.1636700959,2.679700858
2023-04-14 00:00:00.000,THE,0.01313181074,0.02903760206,-0.01445662129,0.0183834013,-0.1341218028,0.8361013915,0.7387653219,0.06743740457,-0.0360025288,1.756177818,4.038833333,-0.6984310627,-14.685,-1.213235987,0.8451895516,0.08660946158,3.015259286
2023-04-17 00:00:00.000,THE,0.01119590717,0.02853447154,-0.01414735208,0.01803233674,-0.203883884,0.8225694656,0.7568451893,0.06451725814,-0.1445967618,1.425836743,4.030166667,-0.71023507,-14.753,-1.244732545,0.8820647735,,2.629574578
2023-04-18 00:00:00.000,THE,0.009778652995,0.02633974064,-0.0141848283,0.01733491522,-0.2607693683,0.7488814972,0.7546491756,0.05853899987,-0.3772695444,1.036464244,4.0496,-0.7127758503,-13.9045,-1.1945331,0.8766612491,0.0851265897,2.886390963
2023-04-19 00:00:00.000,THE,0.0101267786,0.02871437521,-0.01333662706,0.01744627841,-0.2212372755,0.8352578036,0.8042600749,0.06208278399,-0.2320730635,0.9876228945,3.975533333,-0.71578554,-14.3482,-1.222704507,0.8848145864,0.129503524,5.691501856
2023-04-20 00:00:00.000,THE,0.009605060287,0.0270732857,-0.01304723517,0.01654511012,-0.2359256188,0.7787601381,0.8147898956,0.05594501596,-0.4787605053,0.5843149707,4.114866667,-0.7035565666,-13.8728,-1.184514837,0.8790147777,0.1812886482,9.434647042
2023-04-21 00:00:00.000,THE,0.009282534701,0.02595437367,-0.01302308414,0.01638752497,-0.3105527321,0.7392017852,0.8106238035,0.05462451269,-0.5293709106,0.4584926705,4.366033333,-0.6942433391,-14.0272,-1.189534636,0.874661583,0.1782999839,4.424393472
2023-04-24 00:00:00.000,THE,0.01092932628,0.02808617395,-0.01277826387,0.01674530792,-0.1038541812,0.8212023232,0.824827972,0.05455714462,-0.5285975211,0.5351014878,4.403733333,-0.7055881644,-14.2682,-1.227536291,0.9368562313,,3.117756551
2023-04-25 00:00:00.000,THE,0.01107577399,0.03021208844,-0.01253010807,0.01705159753,-0.07842797026,0.906208241,0.8392730621,0.05341059805,-0.5706958414,0.5848112505,4.037066667,-0.7302582699,-15.024,-1.274832408,0.9599099225,0.2030123175,3.606600533
2023-04-26 00:00:00.000,THE,0.01040138671,0.03497706676,-0.01274593073,0.01964466528,-0.1526959216,1.093090481,0.8268673917,0.05934283948,-0.3289380374,1.500839605,4.3245,-0.7129841249,-16.7325,-1.373951824,0.9865105605,0.3078547024,2.982996089
2023-04-27 00:00:00.000,THE,0.0112955282,0.03785414716,-0.01319373263,0.021403367,-0.02362798931,1.201470244,0.7964133367,0.0597911278,-0.3078965539,1.995851926,3.714133333,-0.7452736156,-18.5394,-1.468925546,1.005265856,0.2874791276,2.492784153
2023-04-28 00:00:00.000,THE,0.01277559146,0.03728438662,-0.01317006729,0.02183798485,0.2006535411,1.190267719,0.7962384463,0.05804797769,-0.3747341787,1.943162073,3.776966667,-0.7464289502,-18.437098387,-1.452121888,1.025885494,0.1790189274,3.445439964
2023-05-02 00:00:00.000,THE,0.0314294435,0.01110147605,-0.01575875109,0.02403467234,2.853077597,0.1226313053,0.6462297289,0.0757064553,0.336678353,2.542430133,4.818466667,-0.7268012362,-17.6902,-1.420049535,0.8938633586,,11.255132863
2023-05-03 00:00:00.000,THE,0.03013197442,0.01319858299,-0.01535174367,0.02383115603,2.643958454,0.2042511641,0.6696115372,0.07404967119,0.2699649014,2.164974216,4.558766667,-0.7469434388,-17.8882,-1.42889447,0.9185638591,0.1391301254,4.689358499
2023-05-04 00:00:00.000,THE,0.03376313885,0.01319476252,-0.0145420792,0.02349756757,3.12384931,0.1983464383,0.7161504315,0.07307485037,0.2289522052,1.85074123,4.462533333,-0.7513784849,-18.1551,-1.506290038,0.9201071352,0.2410053695,5.662472192
2023-05-05 00:00:00.000,THE,0.0320965741,0.01299185619,-0.01441219291,0.02283346525,2.871247968,0.1861909304,0.7161453979,0.06719903122,-0.007400638598,1.559538979,4.605666667,-0.7430463622,-17.7691,-1.459609833,0.9255873322,0.2504172076,3.687633171
2023-05-08 00:00:00.000,THE,0.0320965741,0.01299185619,-0.01441219291,0.02283346525,2.814857191,0.1784645983,0.7067578413,0.06470031877,-0.1094059155,1.39408152,4.605666667,-0.7599274063,-17.7691,-1.654177958,0.9426311564,,2.449996295
2023-05-09 00:00:00.000,THE,0.03592438281,0.01602826785,-0.01428700154,0.0242022012,3.269844957,0.3083625281,0.7104088233,0.06367572077,-0.1517399917,1.739086658,4.8023,-0.7551691685,-19.2168,-1.752784419,0.9617413045,0.2338737956,2.310658728
2023-05-10 00:00:00.000,THE,0.0351020068,0.01934822662,-0.01476920079,0.02647838591,3.049175612,0.4588485555,0.6829572788,0.06639326979,-0.0423492163,2.304367227,4.3223,-0.7861374923,-20.1174,-1.808396974,0.991740577,0.2636528346,2.248118683
2023-05-11 00:00:00.000,THE,0.03614020176,0.02040175813,-0.01492230892,0.02669878164,3.108290184,0.507679331,0.6726441729,0.06324006448,-0.170873721,2.056485777,4.3268,-0.7830358897,-20.2918,-1.803175173,0.9944314451,0.1784146662,3.701382301
2023-05-12 00:00:00.000,THE,0.03448552913,0.02323154668,-0.01438945185,0.02839520291,2.815183604,0.6401464646,0.7025761036,0.06459614867,-0.1190657621,2.28802679,2.8478,-0.8829800402,-20.3369,-1.784290435,1.034755344,0.5207059908,3.100188042
2023-05-15 00:00:00.000,THE,0.03166979979,0.0216915822,-0.01224603441,0.02378181135,2.395643716,0.5650305978,0.8204515095,0.05378932558,-0.5545231908,0.7271308763,2.169533333,-0.9358658417,-18.0274,-1.611590197,1.059201736,,2.083606128
2023-05-16 00:00:00.000,THE,0.03124632486,0.02047835389,-0.01085867265,0.02138255844,2.300228169,0.5008585671,0.8963564543,0.04893382499,-0.7474891302,0.02070493954,2.3017,-0.9299758273,-16.8185,-1.523642432,1.056107691,0.4649053933,5.035214013
2023-05-17 00:00:00.000,THE,0.03375790982,0.02135803292,-0.01169879503,0.02439263231,2.533600646,0.5409831931,0.8476977175,0.05152144779,-0.6408876185,0.7961448026,2.659933333,-0.9075765822,-18.6211,-1.630594372,1.063533348,0.4250651869,3.969732822
2023-05-18 00:00:00.000,THE,0.03307285873,0.02313995709,-0.01194400459,0.0271340478,2.388885004,0.6315195859,0.8335850193,0.05519605871,-0.4922101754,1.468605818,2.824666667,-0.8922434584,-18.9678,-1.632419504,1.06562501,0.4126920877,2.823865164
2023-05-19 00:00:00.000,THE,0.03610671639,0.02353831845,-0.01370892198,0.02884798068,2.662843652,0.6274500328,0.7338373963,0.05829019883,-0.3691335906,1.792545434,2.832033333,-0.8957300309,-19.4349,-1.647440029,1.084394091,0.6902558181,2.254656501
2023-05-22 00:00:00.000,THE,0.04051090458,0.02207198234,-0.01417759577,0.03094229477,3.050388957,0.5382717356,0.7049618008,0.06020315525,-0.2936702565,2.153625608,3.2075,-0.890509342,-19.9058,-1.688444991,1.080328331,,1.95235409
2023-05-23 00:00:00.000,THE,0.04500020092,0.02334200426,-0.01361588109,0.03113824741,3.381425751,0.6011447965,0.7328615385,0.05667076084,-0.4383956856,1.962981995,2.980233333,-0.910792484,-20.7034,-1.727225722,1.092350375,0.3445838514,2.254769882
2023-05-24 00:00:00.000,THE,0.05546268829,0.0242648443,-0.01338295232,0.03382375171,4.255023295,0.6507599925,0.741698427,0.05926132654,-0.3360822725,2.473043297,2.8691,-0.9180823618,-21.817,-1.7843551,1.109778668,0.3460531829,2.251040946
2023-05-25 00:00:00.000,THE,0.06189498824,0.02351432549,-0.01198284874,0.03443438085,4.536969721,0.6082474842,0.8142737333,0.05954250003,-0.3260512705,2.328303468,2.5692,-0.9319793654,-20.3398,-1.673091816,1.111337077,0.5231877915,4.04060083
2023-05-26 00:00:00.000,THE,0.05582896446,0.02367608627,-0.01079738469,0.0320566387,3.635473933,0.6188646732,0.8760159423,0.05251086177,-0.6078385106,1.511541309,1.917266667,-0.9749798431,-18.8134,-1.56212848,1.130143991,0.4848383198,2.516185774
2023-05-30 00:00:00.000,THE,0.05316349062,0.02319060486,-0.009991913786,0.03014728694,3.203550384,0.5968197844,0.9197654866,0.04863641702,-0.761253655,0.9162992754,1.623533333,-0.9968582818,-18.3539,-1.497486285,1.181701523,,1.78539027
2023-05-31 00:00:00.000,THE,0.05795200162,0.02051507797,-0.01015683865,0.02984941351,3.428894228,0.4364164311,0.9105927445,0.04764450429,-0.7979541278,0.7586969585,1.689066667,-0.9970631269,-18.234899333,-1.490300798,1.16922082,0.2178211926,1.854584667
2023-06-01 00:00:00.000,THE,0.1106217956,0.0006696005274,-0.01229152143,0.02985640728,7.229012701,-0.8108453245,0.7881257064,0.08559915309,0.7288033414,0.6852968773,1.427566667,-1.008029408,-19.4484,-1.538823181,1.132814554,0.4867249886,12
2023-06-02 00:00:00.000,THE,0.1049750526,-0.0004056969323,-0.01187228268,0.02848467637,5.629085291,-0.8964782526,0.8072935068,0.0805764623,0.5237335221,0.2652925285,1.599266667,-0.993590375,-18.8279,-1.486051451,1.127646883,0.2564623782,4.91904993
2023-06-05 00:00:00.000,THE,0.07743825801,-0.001931824159,-0.01182234802,0.01974779305,3.419989739,-1.018222929,0.8069864273,0.06384876689,-0.1490934012,-2.089062417,1.782466667,-0.9942165222,-16.1704,-1.352638513,1.118335489,,4.897733875
2023-06-06 00:00:00.000,THE,0.08746131947,-0.001799915092,-0.0098220633,0.02368669845,3.776595866,-1.024585927,0.9150919102,0.07084601632,0.1293527057,-0.9343035176,1.839033333,-0.9946430072,-17.1469,-1.400646699,1.125239345,0.7451930554,8.354714835
2023-06-07 00:00:00.000,THE,0.0700714401,-0.0004560562029,-0.009321205473,0.02061840773,2.655976367,-0.9586663393,0.9420921456,0.06611366044,-0.06359905593,-1.715219854,1.430733333,-1.015255393,-16.0239,-1.33184537,1.150821742,0.4497997704,12
2023-06-08 00:00:00.000,THE,0.07729631063,-0.001614018853,-0.009752983173,0.02050208821,2.918225512,-1.051417913,0.9179108979,0.0639537995,-0.1530356211,-1.654299051,1.6837,-0.9938633596,-16.4019,-1.336783387,1.144056172,0.2255695343,4.148667883
2023-06-09 00:00:00.000,THE,0.05700279516,-0.005227153184,-0.01254322677,0.01642828711,1.82156108,-1.284557461,0.7547686641,0.05297980245,-0.5971739891,-2.458423956,2.7117,-0.9354452868,-14.3184,-1.224874953,1.099059204,1.014557684,5.006054779
2023-06-12 00:00:00.000,THE,0.06842620884,-0.006030065379,-0.0129364088,0.0198477791,2.323216638,-1.335242768,0.7204527174,0.05567506343,-0.4872352925,-1.386304843,2.812766667,-0.9471406075,-16.2277,-1.346084928,1.147832084,,3.898882976
2023-06-13 00:00:00.000,THE,0.05365374478,-0.008573442236,-0.01516411596,0.01953632041,1.563876285,-1.503378936,0.5950265647,0.04740339413,-0.8163905979,-1.324031259,4.2866,-0.8635226148,-14.5753,-1.265131304,1.156229639,0.6450319447,7.692339627
2023-06-14 00:00:00.000,THE,0.05274402093,-0.006292882884,-0.01705117415,0.02181252198,1.49083886,-1.357882485,0.4929082561,0.04411493108,-0.9452251965,-0.7792278379,3.7283,-0.9010328293,-15.4147,-1.309803664,1.191957105,0.314488993,2.885526024
2023-06-15 00:00:00.000,THE,0.0449755523,-0.01174125216,-0.01714864342,0.02169036655,1.107159826,-1.712226194,0.4872470803,0.04178083773,-1.033475408,-0.7762031826,5.510733333,-0.7930051555,-13.3663,-1.197115043,1.093706114,0.3258860658,4.549920753
2023-06-16 00:00:00.000,THE,0.06383179203,-0.005826197765,-0.01759132013,0.02541642951,1.949410309,-1.329761899,0.4627673286,0.05574555982,-0.4686603592,-0.09800016616,3.262933333,-0.9338614238,-16.4411,-1.349211832,1.211479884,0.7267271658,5.202969249
2023-06-19 00:00:00.000,THE,0.06275217125,-0.00639435362,-0.01651078982,0.02313571214,1.855782267,-1.362207411,0.5210004714,0.04724603561,-0.8047890584,-0.5257519699,3.5759,-0.9423909115,-16.2092,-1.376179323,1.211067188,,1.790533075
2023-06-20 00:00:00.000,THE,0.05376820915,-0.007380783088,-0.01856459022,0.02513083018,1.417683931,-1.424532884,0.4082775385,0.04530794888,-0.8757285767,-0.1239624841,4.121066667,-0.9157279243,-14.975,-1.31709992,1.190915183,0.48229346,2.021996035
2023-06-21 00:00:00.000,THE,0.05440339938,-0.00701808893,-0.02071364802,0.02926405541,1.42288647,-1.401868205,0.289498219,0.05032848184,-0.6675515937,0.6683773117,3.961366667,-0.9275759111,-15.6096,-1.348816631,1.200359162,0.4611547643,4.024076062
2023-06-22 00:00:00.000,THE,0.06288370015,-0.005706328038,-0.02023186095,0.0306348481,1.769475852,-1.318232914,0.3148974522,0.05601640139,-0.433637355,0.9476184989,3.5253,-0.9517657362,-17.1851,-1.416331271,1.241600125,0.2011298183,4.531663755
2023-06-23 00:00:00.000,THE,0.06634308105,-0.005814683452,-0.02094684208,0.03251784212,1.88374805,-1.325268203,0.2740494208,0.06024873679,-0.2592505658,1.309336045,3.791533333,-0.9398873493,-17.4775,-1.424755494,1.243301335,0.2254205157,11.027278323
2023-06-26 00:00:00.000,THE,0.06863499661,-0.006759858442,-0.02106951274,0.03330107625,1.939028116,-1.387155463,0.2654493023,0.06273344976,-0.1556618357,1.494227849,4.056833333,-0.9498545358,-17.464,-1.460534038,1.251891997,,1.838539359
2023-06-27 00:00:00.000,THE,0.05433974874,-0.006188590366,-0.02057255457,0.03025452592,1.29716017,-1.352710061,0.2916769977,0.0522836749,-0.5720721367,0.9399411838,3.957566667,-0.961196481,-16.0301,-1.393084899,1.25243937,0.3388725131,7.821652927
2023-06-28 00:00:00.000,THE,0.05612542206,-0.006054828641,-0.01972650361,0.0285518175,1.350332423,-1.34581209,0.3371537242,0.05047399139,-0.6391882157,0.6387330521,3.773266667,-0.9748359418,-15.4925,-1.367786909,1.258001909,0.1806491786,3.894236197
2023-06-29 00:00:00.000,THE,0.05456107751,-0.003827734291,-0.01915980157,0.02674113147,1.262269127,-1.202988122,0.3671545858,0.04566497673,-0.8282767048,0.2989843858,2.9945,-1.017641518,-16.2393,-1.391292395,1.285819117,0.3573482202,6.262940024
2023-06-30 00:00:00.000,THE,0.05356931609,-0.005748398194,-0.01966790384,0.02686833657,1.200671333,-1.32383338,0.3358002225,0.03880124465,-1.103574627,0.361317871,3.717666667,-0.9766201013,-15.55920129,-1.351542523,1.258957515,0.1910670542,9.695910944
2023-07-03 00:00:00.000,THE,0.1247533674,-0.01189084574,-0.01968635621,0.0266793881,3.979472729,-1.717261015,0.3324993167,0.06935156579,0.161897686,0.3593378073,3.3901,-1.00244858,-15.8271,-1.375380163,1.159336951,,12
2023-07-04 00:00:00.000,THE,0.1206443766,-0.01256779908,-0.0207501223,0.02889195654,3.548294285,-1.764744888,0.2701784484,0.06477157982,-0.01779231964,0.8488359224,3.7409,-0.9894210683,-15.9718,-1.387224296,1.151629517,0.1805843936,12
2023-07-05 00:00:00.000,THE,0.1295161558,-0.0125307153,-0.01996810923,0.02851174141,3.700593155,-1.760557441,0.3130141282,0.06517283635,0.01069297767,0.687420883,3.784233333,-0.9897501208,-17.256,-1.450547348,1.170813778,0.4735635847,5.372809145
2023-07-06 00:00:00.000,THE,0.1432614346,-0.01079433818,-0.02032874293,0.03098402591,3.924574205,-1.645109232,0.2915929982,0.06724433052,0.1099336551,1.160229554,3.231233333,-1.01866846,-19.5671,-1.547620334,1.216144131,0.2720332001,11.664948042
2023-07-07 00:00:00.000,THE,0.1438346636,-0.009294478909,-0.02139813862,0.03293986192,3.666993737,-1.548556696,0.2264179293,0.06728669359,0.1196839401,1.471341723,2.863666667,-1.03851375,-20.4345,-1.573514545,1.243142063,0.2857756457,7.340854485
2023-07-10 00:00:00.000,THE,0.1570413999,-0.009200290953,-0.02142482499,0.03468444174,3.810431465,-1.539652686,0.2249828529,0.07454855654,0.4444765787,1.698166602,2.634433333,-1.080068486,-20.3023,-1.611531954,1.263666489,,3.013424692
2023-07-11 00:00:00.000,THE,0.1530238841,-0.007830610168,-0.02026845722,0.03219513752,3.531729289,-1.452050495,0.2960391386,0.07022892644,0.2604787556,1.056948816,2.224933333,-1.111792368,-19.755,-1.591500399,1.285539926,0.3051048191,3.903771797
2023-07-12 00:00:00.000,THE,0.1621996654,-0.006891979916,-0.01912728474,0.03239723327,3.586420786,-1.393858829,0.3649431087,0.07127238179,0.3090728602,1.02859375,1.880333333,-1.134022236,-20.4385,-1.624220835,1.303314108,0.297395305,3.751499847
2023-07-13 00:00:00.000,THE,0.1657255581,-0.006612928074,-0.01950586813,0.03316771663,3.472257466,-1.373447624,0.3393359884,0.07004286188,0.2573225548,1.175422622,1.839066667,-1.130443991,-20.9596,-1.630770301,1.312437831,0.1146170345,12
2023-07-14 00:00:00.000,THE,0.1863556409,-0.007302663759,-0.01808141657,0.03362310444,3.798498806,-1.419769956,0.4276194813,0.07381805352,0.426429976,1.22613441,2.006466667,-1.122391187,-22.1535,-1.676305773,1.307395875,0.4208490111,2.586959606
2023-07-17 00:00:00.000,THE,0.1813757427,-0.006327853251,-0.01818919342,0.03365150882,3.441738298,-1.359356922,0.4178554666,0.0707515089,0.2950091648,1.182891803,1.723933333,-1.176048103,-22.2309,-1.725771853,1.351397595,,1.634236152
2023-07-18 00:00:00.000,THE,0.1793248005,-0.007276260712,-0.01865199749,0.03375427843,3.209978863,-1.423787743,0.3855491656,0.06676078941,0.1222199249,1.11433711,2.128933333,-1.161653378,-22.9254,-1.762186916,1.357806009,0.2505550986,1.964123901
2023-07-19 00:00:00.000,THE,0.1884534793,-0.006504576875,-0.01878116604,0.03683459141,3.252976442,-1.361291167,0.375754401,0.07047263535,0.2908708524,2.159356922,1.834533333,-1.184774288,-24.0727,-1.815609673,1.376413656,0.2324680142,4.271089303
2023-07-20 00:00:00.000,THE,0.1733585158,-0.006206640246,-0.01963213602,0.03624142432,2.77750653,-1.312266723,0.3160407652,0.06315963848,-0.03248508597,1.754003793,1.826166667,-1.18127369,-23.7361,-1.77991491,1.378720381,0.24576672,3.391181487
2023-07-21 00:00:00.000,THE,0.1769291251,-0.006885181428,-0.01865748198,0.03536535961,2.74219402,-1.342414502,0.3781811539,0.06290332958,-0.0430344684,1.258334152,1.955833333,-1.175491576,-23.5413,-1.755908427,1.373046943,0.2389436376,2.168170582
2023-07-24 00:00:00.000,THE,0.1547603646,-0.006265085129,-0.0184583876,0.03147255752,2.200832778,-1.28987336,0.3881726972,0.05279720599,-0.491788003,-0.1111230741,1.835466667,-1.2233517,-22.3613,-1.749909733,1.375562215,,1.601061528
2023-07-25 00:00:00.000,THE,0.1386803248,-0.00635105284,-0.01961348379,0.03043055978,1.827329117,-1.25635288,0.3057889184,0.04327066556,-0.9123037129,-0.4317305346,1.943966667,-1.227368734,-21.1736,-1.695908931,1.37034643,0.3026078363,1.662695663
2023-07-26 00:00:00.000,THE,0.1580824047,-0.005385256278,-0.0190166209,0.03325140576,2.132355859,-1.167216014,0.3419880399,0.05113553219,-0.5594034319,0.5248578648,1.607033333,-1.253155302,-22.5502,-1.761808216,1.391513047,0.2808424074,2.55539077
2023-07-27 00:00:00.000,THE,0.1637295934,-0.004475173285,-0.01879353476,0.0341844978,2.136854218,-1.104412587,0.3532879599,0.05252289161,-0.492518726,0.7801635855,1.3402,-1.261651715,-23.1334,-1.76975517,1.403655654,0.152702001,2.475560544
2023-07-28 00:00:00.000,THE,0.1771848983,-0.003099812032,-0.01784824551,0.03650035779,2.271553014,-1.011147407,0.4164689023,0.05844003239,-0.2248123403,1.466165939,0.958,-1.282864467,-23.7795,-1.779146494,1.420240592,0.1923384594,1.746736593
2023-07-31 00:00:00.000,THE,0.1635685431,-0.005242501872,-0.01844946298,0.03467962466,1.942086673,-1.097556965,0.3650458937,0.05074925234,-0.562368475,0.7406432138,1.561433333,-1.277497755,-22.775503226,-1.754947335,1.403169704,,2.211145321
2023-08-01 00:00:00.000,THE,0.2018581733,-0.005566962178,-0.01923764078,0.02830291824,2.481433997,-1.085623445,0.301516852,0.07466146702,0.5110491113,-1.715443594,1.237833333,-1.304247235,-21.6364,-1.693939166,1.289801332,0.3402956717,12
2023-08-02 00:00:00.000,THE,0.1787599762,-0.004382837832,-0.01859581823,0.02503851294,1.992194517,-1.009600531,0.3373002701,0.06903748973,0.2645380446,-3.171237252,0.9272333333,-1.328270193,-19.8266,-1.612565319,1.3025497,0.2706805417,6.370881379
2023-08-03 00:00:00.000,THE,0.1569502888,-0.003115479,-0.01896022547,0.02388111416,1.569984354,-0.9273147923,0.304825896,0.0643414116,0.05929750306,-3.048570796,0.5317,-1.344744643,-18.5258,-1.540903613,1.322134165,0.2312944377,3.905252603
2023-08-04 00:00:00.000,THE,0.176307299,-0.003801159195,-0.01825430462,0.02436617166,1.794097314,-0.9445122702,0.3492655103,0.06554068983,0.1204522022,-2.413790613,0.7057333333,-1.329165359,-19.8414,-1.585090652,1.314710087,0.2150144568,3.264107896
2023-08-07 00:00:00.000,THE,0.1630315032,-0.003613263716,-0.01918606674,0.02459540507,1.530769557,-0.9073704985,0.2791308318,0.06034593722,-0.1089698874,-1.998210433,0.7306666667,-1.341903132,-19.1379,-1.565931301,1.315005038,,2.734766788
2023-08-08 00:00:00.000,THE,0.1604153135,-0.003614043503,-0.01878050599,0.0236700443,1.438782295,-0.8955016067,0.3018845886,0.05995056903,-0.1194808842,-1.961129693,0.7100666667,-1.341443308,-18.6661,-1.535353714,1.31729807,0.2102850093,3.391747312
2023-08-09 00:00:00.000,THE,0.104948498,-0.00660540316,-0.01965990409,0.02165133218,0.6287324021,-1.038583994,0.2312444346,0.0541210126,-0.3823673376,-2.161092007,1.775466667,-1.288614263,-12.8938,-1.286467055,1.210545523,0.7445677767,5.68328348
2023-08-10 00:00:00.000,THE,0.1181006786,-0.006542203718,-0.01992627494,0.02275241295,0.7841557783,-1.009035877,0.2072820412,0.05200350746,-0.4751789345,-1.633069477,1.6928,-1.287075927,-14.1098,-1.330398545,1.232039993,0.5047687977,2.175080292
2023-08-11 00:00:00.000,THE,0.1332665252,-0.007468372918,-0.01954113751,0.02287841724,0.9581757192,-1.028902959,0.2298252847,0.04950046204,-0.5854797114,-1.43162844,1.9937,-1.261026624,-15.7343,-1.378458225,1.217660757,0.2860465564,4.839038479
2023-08-14 00:00:00.000,THE,0.1410178791,-0.00677017228,-0.01950532674,0.02321186023,1.024988756,-0.9846896935,0.226293388,0.04853082562,-0.624746868,-1.22656866,1.831166667,-1.287583938,-16.7391,-1.425279903,1.235297072,,3.854014125
2023-08-15 00:00:00.000,THE,0.1301138123,-0.008675305943,-0.02110521516,0.02608257034,0.8517047012,-1.071007564,0.1028809124,0.04157961354,-0.942249245,-0.5933010974,2.688033333,-1.237630485,-15.9356,-1.374836576,1.170009858,0.4487392429,12
2023-08-16 00:00:00.000,THE,0.1334798362,-0.007468661289,-0.02140250671,0.02677893007,0.8656863345,-1.000056462,0.07436300303,0.04044964272,-0.9887825672,-0.4058444238,2.209433333,-1.265596765,-16.8158,-1.409805093,1.213550046,0.3337530995,3.462819032
2023-08-17 00:00:00.000,THE,0.1437989459,-0.008261683282,-0.02119702965,0.02685323181,0.9647352449,-1.030414332,0.08384034759,0.04052071465,-0.9796304085,-0.3374187139,2.4592,-1.24339648,-17.4214,-1.418610825,1.204297098,0.2464391265,2.685000757
2023-08-18 00:00:00.000,THE,0.1469718561,-0.009721238321,-0.02089153139,0.02658498589,0.9728325342,-1.085768812,0.1015315357,0.03968453845,-1.011520454,-0.3182035086,2.9,-1.212724766,-17.486,-1.393312547,1.178467688,0.1963824486,3.110385417
2023-08-21 00:00:00.000,THE,0.1287650606,-0.009827442777,-0.0220489828,0.029126482,0.7255690498,-1.066154032,0.007017292987,0.03425386888,-1.259826731,0.2929123657,3.082633333,-1.202734879,-15.5098,-1.279628536,1.144197387,,2.622374469
2023-08-22 00:00:00.000,THE,0.1107631915,-0.009694351498,-0.02276324981,0.03052157143,0.4952666942,-1.045084343,-0.05563420344,0.03170978345,-1.369646174,0.6970264638,3.109933333,-1.196369665,-13.6232,-1.183947558,1.123376832,0.2774148826,2.545835497
2023-08-23 00:00:00.000,THE,0.1465418176,-0.007831622753,-0.02114385967,0.02751646326,0.8915335834,-0.9492600724,0.06421988624,0.03608917625,-1.151883419,0.02722400145,2.1877,-1.246899182,-17.6163,-1.340490116,1.228055166,0.2741341092,3.131437182
2023-08-24 00:00:00.000,THE,0.158638682,-0.005569571038,-0.01925309294,0.02467287914,1.004168309,-0.8386657531,0.2084002571,0.04452367124,-0.7455083269,-0.5980234091,1.1967,-1.289123402,-17.9411,-1.337565885,1.302168395,0.3498292023,3.476543494
2023-08-25 00:00:00.000,THE,0.1374969779,-0.005711398814,-0.01991070022,0.02431317302,0.7375210701,-0.8361383652,0.1491920813,0.04083864873,-0.9188112228,-0.6142433729,1.3649,-1.267636051,-16.2743,-1.237939859,1.287008754,0.2942636728,3.343028358
2023-08-28 00:00:00.000,THE,0.1374969779,-0.005711398814,-0.01991070022,0.02431317302,0.7154601023,-0.8252951346,0.1433705012,0.0393963577,-0.9881608631,-0.543566404,1.3649,-1.263817856,-16.2743,-1.197036614,1.293369308,,3.337021842
2023-08-29 00:00:00.000,THE,0.144037678,-0.005599045138,-0.01969414904,0.02438739575,0.7616435967,-0.8023224549,0.1556583952,0.03846462332,-1.024762542,-0.4656966976,1.2625,-1.262842578,-17.4021,-1.218901463,1.307455182,0.1917907825,3.195570333
2023-08-30 00:00:00.000,THE,0.1448526282,-0.005349235903,-0.0199567593,0.02484044509,0.7490573927,-0.778069839,0.1293527445,0.03567792415,-1.148764521,-0.207684801,1.221866667,-1.264845815,-17.9254,-1.234565809,1.315679067,0.1241006178,2.521874116
2023-08-31 00:00:00.000,THE,0.1720559482,-0.004259969288,-0.01907740628,0.02542780725,1.013832509,-0.724795158,0.1970817051,0.04277775775,-0.8072352564,0.131550805,0.8836,-1.273281385,-20.217697,-1.305113017,1.34537489,0.1836517399,3.684274745
2023-09-01 00:00:00.000,THE,0.1281450634,-0.004037391289,-0.01947761552,0.02163030706,0.5276451624,-0.7108497653,0.1577216155,0.05953448865,-0.01631655452,-1.640458144,1.243833333,-1.239252526,-16.3567,-1.126012458,1.201673035,0.3158896785,12
2023-09-04 00:00:00.000,THE,0.1437622735,-0.003730017729,-0.01896968599,0.0215170704,0.6751561622,-0.6915983131,0.1955855197,0.06011143758,0.01554237703,-1.556755845,0.9192,-1.254156155,-17.8541,-1.182972658,1.22824763,,4.69154469
2023-09-05 00:00:00.000,THE,0.13901414,-0.003760813886,-0.01922186752,0.0216459083,0.6244598944,-0.68672175,0.1665575769,0.05718783205,-0.1172438795,-1.365425445,0.9737333333,-1.244171301,-17.809,-1.174309698,1.222502798,0.1347820005,3.965365273
2023-09-06 00:00:00.000,THE,0.1552679917,-0.002368699332,-0.0181089421,0.02069125106,0.8005804947,-0.6218657799,0.2630404703,0.0619604898,0.1128399427,-1.634022361,0.3995,-1.277424692,-19.1047,-1.221821864,1.272018983,0.1885736718,7.773441573
2023-09-07 00:00:00.000,THE,0.1449150018,-0.002592636418,-0.01812195321,0.01996137183,0.6898436837,-0.6273428182,0.2574861284,0.05738560783,-0.1001334069,-1.765840224,0.5828666667,-1.256610452,-18.1959,-1.174198464,1.266980945,0.2447929233,12
2023-09-08 00:00:00.000,THE,0.1300962517,-0.003102381191,-0.01733913439,0.01764267565,0.5249082193,-0.6457775045,0.3250292439,0.05421546125,-0.2468542533,-2.499306305,0.9315,-1.220138921,-16.329,-1.089396101,1.237186949,0.2896274864,3.662207829
2023-09-11 00:00:00.000,THE,0.1180863818,-0.003216422406,-0.01749642724,0.01732578894,0.3952603418,-0.6504395962,0.3053926923,0.04845073903,-0.515800992,-2.230054118,1.042,-1.204028857,-15.1138,-1.046580834,1.226912137,,3.10524279
2023-09-12 00:00:00.000,THE,0.1293254438,-0.003301085308,-0.01721019391,0.01736907873,0.5396037559,-0.6532003557,0.3270672582,0.04715475267,-0.5719447595,-1.92170153,0.8676666667,-1.204333115,-16.2145,-1.081264409,1.246062452,0.1726618244,3.055418276
2023-09-13 00:00:00.000,THE,0.1177045528,-0.003885667598,-0.01775407503,0.01792656161,0.3897447854,-0.6775461165,0.2691626483,0.04268926977,-0.7800523121,-1.55104952,1.198066667,-1.187837813,-15.1349,-1.041660367,1.224440668,0.269910493,2.97771381
2023-09-14 00:00:00.000,THE,0.1248109491,-0.003171014878,-0.01760216307,0.01778684186,0.4614328828,-0.6418480395,0.2789308953,0.04191965077,-0.811349319,-1.422217567,0.7661,-1.200258765,-15.9081,-1.058011326,1.268805644,0.1016685291,2.978412862
2023-09-15 00:00:00.000,THE,0.1190491824,-0.003456895384,-0.01772375857,0.01774511629,0.3761837222,-0.6486827104,0.260979174,0.03950785391,-0.9197678615,-1.291193829,0.9806666667,-1.174488184,-15.1344,-1.018013417,1.252790427,0.1555560817,2.681951536
2023-09-18 00:00:00.000,THE,0.1284043959,-0.003240386988,-0.01716767531,0.01723076476,0.4843811652,-0.6358079879,0.311901377,0.04025782591,-0.8770160166,-1.295368972,0.6196333333,-1.182302325,-15.8486,-1.051047145,1.288100536,,2.746182049
2023-09-19 00:00:00.000,THE,0.1069141056,-0.003280853036,-0.01761360559,0.01707564669,0.2103975397,-0.6341368508,0.2605131973,0.03641257742,-1.052802726,-1.21108991,0.7140666667,-1.167229682,-13.6175,-0.9655790015,1.27909209,0.2397451942,2.20445551
2023-09-20 00:00:00.000,THE,0.1011421558,-0.003514819727,-0.01737368106,0.01636148197,0.128322837,-0.638838645,0.2799953706,0.03601783614,-1.063203252,-1.307182558,0.7012333333,-1.167016258,-12.4719,-0.9254238394,1.282381372,0.1845552687,2.551483333
2023-09-21 00:00:00.000,THE,0.08806552706,-0.004446846163,-0.01790047747,0.01692489678,-0.04489758715,-0.6719915854,0.2196626431,0.03444646294,-1.129251854,-1.115505469,1.025366667,-1.139394264,-10.7048,-0.8508801309,1.237791192,0.3524815956,5.406772173
2023-09-22 00:00:00.000,THE,0.08176918175,-0.005189277776,-0.0177942085,0.01658662858,-0.1360508964,-0.6936289785,0.2264856204,0.03491270746,-1.098125951,-1.153268556,1.252066667,-1.113610232,-9.7423,-0.8064768472,1.198045709,0.06673429762,2.446734561
2023-09-25 00:00:00.000,THE,0.05625210309,-0.004904789612,-0.01838594664,0.01731709485,-0.4795372938,-0.6711576685,0.1566454038,0.03928974942,-0.8821444314,-0.8249882352,1.0547,-1.118177291,-6.8941,-0.7114517931,1.172173116,,3.354784136
2023-09-26 00:00:00.000,THE,0.07254999096,-0.003480339754,-0.01769169338,0.01583935611,-0.2758030919,-0.6021715574,0.2319041764,0.03504331236,-1.076361947,-1.230568665,0.6416666667,-1.136288114,-8.8642,-0.782487257,1.270978492,0.1599856194,2.14996017
2023-09-27 00:00:00.000,THE,0.07170998592,-0.004747563227,-0.01745163394,0.0153554656,-0.2975858822,-0.651596233,0.2604025266,0.03529724334,-1.055831943,-1.296938996,1.118466667,-1.114834594,-8.3659,-0.7671018146,1.198355999,0.1787813994,12
2023-09-28 00:00:00.000,THE,0.06681894891,-0.00395171353,-0.01657547981,0.01365045828,-0.3747587718,-0.6179286138,0.3712671738,0.036507437,-0.9932985668,-1.811102715,1.019266667,-1.109704272,-7.6408,-0.7303282409,1.205779764,0.2078982334,2.356814015
2023-09-29 00:00:00.000,THE,0.07563497747,-0.002783260053,-0.01675193396,0.01401879284,-0.2629075759,-0.5644651052,0.3461348846,0.03351423078,-1.133041509,-1.576290594,0.4838333333,-1.122894629,-9.233297419,-0.7798884693,1.302744639,0.2538864457,12
2023-10-02 00:00:00.000,THE,0.05859727624,0.003512827712,-0.01689771079,0.01373956601,-0.5103380491,-0.2927435321,0.3235697477,0.04677775436,-0.4839786455,-1.740937345,0.0839,-1.145487117,-8.4703,-0.7629460478,1.321721654,,12
2023-10-03 00:00:00.000,THE,0.06063965668,0.003374336769,-0.01660992437,0.01345231043,-0.4941588081,-0.294998261,0.3592048173,0.04636892454,-0.4979712535,-1.725550967,0.1919,-1.138849,-8.1268,-0.7481552857,1.299219228,0.3518122756,6.155874468
2023-10-04 00:00:00.000,THE,0.05681146188,0.002623254176,-0.01714208742,0.01422914916,-0.5749811039,-0.3240667743,0.2869681107,0.0437793461,-0.621425749,-1.243761805,0.3564666667,-1.125491887,-7.6588,-0.7316804102,1.265161328,0.2863162808,6.374161439
2023-10-05 00:00:00.000,THE,0.06637900531,0.003027276528,-0.01626247258,0.01283155126,-0.4596582073,-0.301603389,0.4073382361,0.04342363856,-0.6349248868,-1.908912722,0.07773333333,-1.127972042,-8.846,-0.7656034695,1.305734774,0.2604449569,4.122021393
2023-10-06 00:00:00.000,THE,0.05835878303,0.002642495943,-0.01678028057,0.01362094284,-0.5922435109,-0.3154780283,0.3320457547,0.04034177775,-0.7882871622,-1.368687317,0.314,-1.113373074,-7.8464,-0.7209352587,1.270742,0.3082470262,3.566208831
2023-10-09 00:00:00.000,THE,0.04219308536,0.0002882171788,-0.01776547268,0.01576858504,-0.8505638465,-0.4146463554,0.1843746843,0.03666908698,-0.9742178772,-0.07806214458,1.1141,-1.094911785,-5.5196,-0.6440869522,1.045154777,,2.469949893
2023-10-10 00:00:00.000,THE,0.03144705675,-0.001639399338,-0.01968323848,0.02113531301,-1.01432129,-0.4964143951,-0.09928296566,0.0379841252,-0.9010807661,3.096713183,1.885633333,-1.058396134,-3.5241,-0.5684595675,0.7040377617,0.6864619699,7.971543077
2023-10-11 00:00:00.000,THE,0.03756422798,3.279489553e-05,-0.01908417026,0.01895026782,-0.9195024929,-0.4204908611,-0.0209609112,0.03615531763,-0.9942561384,1.43774996,1.017533333,-1.101834895,-5.1203,-0.6299108846,1.027835349,0.1474286416,3.754062503
2023-10-12 00:00:00.000,THE,0.02416805542,-0.002038452011,-0.02177959428,0.02743219578,-1.121789967,-0.5079300561,-0.4232205999,0.04363520996,-0.5915346846,5.324271228,2.055433333,-1.039190956,-2.4049,-0.5224261483,0.5335680478,0.8363793418,8.529505792
2023-10-13 00:00:00.000,THE,0.02508733084,-0.001953151223,-0.02346237927,0.03440035546,-1.106762244,-0.5008275706,-0.6785890423,0.05230680297,-0.115651481,5.486036621,1.876366667,-1.046996084,-2.5666,-0.522333594,0.6076088155,0.7977417621,6.363828986
2023-10-16 00:00:00.000,THE,0.04135952577,-0.0009538885974,-0.02192931923,0.02771630242,-0.8596546807,-0.4533395458,-0.4598204358,0.04167909899,-0.6917765669,2.045189974,1.4487,-1.096057686,-5.4921,-0.6438070092,0.9544810714,,3.208637047
2023-10-17 00:00:00.000,THE,0.04171603604,-0.001182717277,-0.02199914372,0.02810992535,-0.8547175559,-0.4545307999,-0.4817349432,0.04021082713,-0.7710244712,1.852702726,1.4778,-1.09790053,-5.5969,-0.648137346,0.9479400397,0.1829004223,2.827671303
2023-10-18 00:00:00.000,THE,0.04083018294,-0.001199085659,-0.02322449124,0.03235777403,-0.8679416557,-0.4499351833,-0.6780040869,0.04361068949,-0.5756528129,2.339985011,1.5691,-1.092383563,-5.7294,-0.6559010359,0.932133487,0.4131113892,12
2023-10-19 00:00:00.000,THE,0.04483538232,-0.0006347695126,-0.02341152653,0.03263921063,-0.8095773413,-0.4200178561,-0.7173040459,0.04252891029,-0.6371492311,2.021421072,1.1826,-1.10274083,-6.3738,-0.6728477903,1.044305152,0.1554828644,6.146582157
2023-10-20 00:00:00.000,THE,0.04443761548,-0.0009809105573,-0.02337551209,0.03348478815,-0.8196143951,-0.4306165219,-0.7241508191,0.04364586542,-0.5691128783,1.868560115,1.161933333,-1.101549199,-6.2459,-0.6615348232,1.016941058,0.2235184117,2.970636164
2023-10-23 00:00:00.000,THE,0.04290427061,-0.001810778633,-0.02314446057,0.03300619252,-0.8456909666,-0.4657881377,-0.7018309225,0.03871230089,-0.8684874189,1.577798195,1.594933333,-1.073604969,-5.8304,-0.6548940895,0.9300098238,,2.513117638
2023-10-24 00:00:00.000,THE,0.03739999562,-0.0005333559359,-0.02123523907,0.02639833639,-0.930874775,-0.4038514775,-0.4170480058,0.03245464035,-1.259306602,0.6078807074,1.452066667,-1.075919635,-5.2435,-0.6293762117,0.923976268,0.3268461075,5.088666183
2023-10-25 00:00:00.000,THE,0.03251706716,-0.001797157579,-0.02133360225,0.02612771503,-1.005195415,-0.4613734467,-0.4462964941,0.03109455787,-1.351035089,0.521759383,1.514566667,-1.071746814,-3.7184,-0.5719451903,0.7988932385,0.3344063166,5.317465359
2023-10-26 00:00:00.000,THE,0.02919980878,-0.001620043477,-0.02107790931,0.02561983772,-1.054804579,-0.4495252152,-0.4160813479,0.03083193543,-1.396050987,0.4043098781,1.840033333,-1.045639026,-3.454,-0.5555500359,0.6918122822,0.2592769215,2.428572641
2023-10-27 00:00:00.000,THE,0.03273394741,-0.002271858506,-0.02142830239,0.02652202923,-1.000441315,-0.4783795729,-0.4771852021,0.02995019348,-1.46720018,0.4620880188,2.0114,-1.031105817,-3.7829,-0.5631018245,0.6931395206,0.2802484367,5.662057857
2023-10-30 00:00:00.000,THE,0.03253664754,-0.001675083287,-0.02108679975,0.02531319227,-1.002988422,-0.4467921521,-0.4308374661,0.02921029768,-1.535997112,0.2436123038,1.627533333,-1.063789364,-3.872,-0.5664035599,0.7744547184,,2.852280079
2023-10-31 00:00:00.000,THE,0.03983064034,-0.0005540543746,-0.01924328855,0.01993948407,-0.8924317845,-0.3886175992,-0.1389475224,0.02514047112,-1.838981554,-0.5322330379,1.2502,-1.079686083,-5.230796333,-0.6084208614,0.9679666106,0.2097778254,3.034640863
2023-11-01 00:00:00.000,THE,0.01281660043,0.008195914917,-0.01838394633,0.02158355929,-1.301539355,0.05151899341,-0.006060108858,0.04463192809,-0.4432189409,-0.3679336105,1.133466667,-1.085319535,-4.9703,-0.5935022988,0.8922716416,0.3792163959,9.571705796
2023-11-02 00:00:00.000,THE,0.01224598768,0.008077668305,-0.01787705193,0.02051392554,-1.304452827,0.05117328535,0.07066603405,0.0413096504,-0.6861877667,-0.6031017655,1.139466667,-1.072546594,-4.7599,-0.5758063323,0.8704723325,0.393045392,7.71950242
2023-11-03 00:00:00.000,THE,0.01316512258,0.008730271448,-0.01754965102,0.01928139186,-1.283186372,0.09079862262,0.1180486187,0.03951109542,-0.8195025889,-0.8724445521,0.8943666667,-1.075556319,-5.062,-0.5785067969,0.9529090599,0.2016257235,7.341978127
2023-11-06 00:00:00.000,THE,0.01320327256,0.009614106825,-0.01644538905,0.01607491447,-1.283092112,0.142923547,0.2948299949,0.03789825209,-0.9376417864,-1.525370337,0.7842,-1.081554662,-5.296,-0.5788518085,1.020163847,,6.093778854
2023-11-07 00:00:00.000,THE,0.009858618436,0.008842540699,-0.0166133496,0.01684592985,-1.33319059,0.1102070974,0.2605767545,0.03630823072,-1.052515403,-1.469627499,1.1378,-1.058124523,-4.6694,-0.5501027537,0.9083388441,0.2482543427,3.925863459
2023-11-08 00:00:00.000,THE,0.01129322042,0.00895237398,-0.01637030181,0.01631340174,-1.31524589,0.123121927,0.2953292763,0.03595110599,-1.072050922,-1.593929513,0.8721666667,-1.065059315,-4.8396,-0.5535604848,0.9769750031,0.1641432035,3.581114878
2023-11-09 00:00:00.000,THE,0.008852406746,0.007000845493,-0.01679525107,0.01807747012,-1.356503612,0.02634162483,0.2160210611,0.03316607575,-1.276848168,-1.187839794,1.346933333,-1.026944172,-3.9617,-0.5118344538,0.7660569066,0.4917965456,2.706929308
2023-11-10 00:00:00.000,THE,0.01111965162,0.008089387537,-0.01617423792,0.01612656023,-1.320312129,0.09054198804,0.3144402302,0.03181795095,-1.370717692,-1.495390474,1.302033333,-1.020593472,-4.5512,-0.5260360867,0.8460620081,0.3841238518,10.807114687
2023-11-13 00:00:00.000,THE,0.009396964833,0.007776436262,-0.01689792733,0.0178455298,-1.339726288,0.08152637416,0.1821738371,0.03206960953,-1.339610182,-1.070267547,1.321866667,-1.018797356,-4.1912,-0.5067406392,0.7956462044,,2.614737685
2023-11-14 00:00:00.000,THE,0.01020073212,0.007449070481,-0.01731660893,0.01839496185,-1.283032419,0.07195346317,0.1007258983,0.03152760405,-1.369460218,-0.8946744429,1.0001,-1.023934564,-4.31,-0.5055844836,0.9049744837,0.2201674274,2.910109128
2023-11-15 00:00:00.000,THE,0.01122708867,0.008239297533,-0.01689277186,0.01690300749,-1.216205157,0.1216211515,0.1676811525,0.02981564267,-1.488602738,-1.060905811,0.7123,-1.029115263,-4.8163,-0.5228150917,1.036459134,0.1968055746,2.475946539
2023-11-16 00:00:00.000,THE,0.01160894454,0.008780247175,-0.01653842578,0.01571644018,-1.18860603,0.1585363144,0.2227002169,0.02880840658,-1.552312853,-1.157925227,0.4647666667,-1.024313686,-5.0345,-0.5225607989,1.122613837,0.1630842324,1.993747558
2023-11-17 00:00:00.000,THE,0.01084385069,0.009143457456,-0.01608397065,0.01468839602,-1.166758216,0.1855976407,0.2967052397,0.027848994,-1.611180874,-1.241084604,0.4763666667,-1.013928707,-4.977,-0.5113039821,1.12579592,0.1657372875,1.571424857
2023-11-20 00:00:00.000,THE,0.00890781299,0.008719176027,-0.01636089503,0.01521351233,-1.16427949,0.1692214074,0.2376369337,0.02706736676,-1.654921494,-1.065663641,0.3955333333,-1.014573479,-4.8219,-0.5017538414,1.144991908,,1.210254658
2023-11-21 00:00:00.000,THE,0.01079220098,0.01007359816,-0.01516216568,0.01247409327,-1.118412085,0.256619776,0.4543485544,0.027295179,-1.624729101,-1.574716034,-0.008866666667,-1.024884087,-5.4003,-0.5177512426,1.241054719,0.3384429988,9.148191386
2023-11-22 00:00:00.000,THE,0.008448935186,0.009081058829,-0.01559809024,0.01321929348,-1.126997329,0.2059469037,0.3651632465,0.0255326125,-1.743692101,-1.411073382,0.2506,-1.004639637,-4.9965,-0.4979601204,1.177017658,0.1462185874,2
2023-11-23 00:00:00.000,THE,0.007024476369,0.007498597723,-0.01604158781,0.01481083805,-1.131220938,0.1186601096,0.2722354666,0.02395246386,-1.84867894,-0.9248516045,0.9153,-0.9582539817,-3.9038,-0.4489043909,0.9258343932,0.1847077468,2.9784678
2023-11-24 00:00:00.000,THE,0.007390230272,0.007676780072,-0.01603002313,0.01471907109,-1.114440012,0.1342304885,0.266220357,0.02270811764,-1.925309383,-0.8776209969,1.0319,-0.9438244431,-3.8688,-0.4389165684,0.8834491807,0.0956248995,1.889257368
2023-11-27 00:00:00.000,THE,0.007598685102,0.009119023162,-0.01466373217,0.01180413508,-1.095559262,0.2278865208,0.5346874783,0.025338014,-1.712152425,-1.623190808,0.5672,-0.9660379369,-4.5567,-0.4606442464,1.021973253,,3.662834721
2023-11-28 00:00:00.000,THE,0.007375555849,0.009118178806,-0.01449363393,0.01139889133,-1.077185109,0.2358479411,0.5646031007,0.02425225751,-1.778629495,-1.736141311,0.6890666667,-0.952257213,-4.3727,-0.446040652,0.9514244705,0.1651696852,2.897926577
2023-11-29 00:00:00.000,THE,0.01032301994,0.0107808976,-0.01314410055,0.00929654623,-1.021544765,0.3479227258,0.8444557813,0.02695487379,-1.568830382,-2.50416511,0.2178333333,-0.9685327704,-5.209,-0.4759905003,1.07883441,0.2818561354,8.808963307
2023-11-30 00:00:00.000,THE,0.01109292659,0.01021741281,-0.01341696928,0.009627238299,-1.005243614,0.3202331578,0.7864821559,0.0249701669,-1.704033275,-2.017831524,0.259532258,-0.9536106775,-5.157403226,-0.4702107615,1.057259539,0.1018635254,4.556393929
2023-12-01 00:00:00.000,THE,-0.001047859522,0.01706577989,-0.01307202864,0.0113706536,-1.144260832,0.7647583709,0.8619362754,0.03535955244,-0.9305875012,-1.268213795,8.402166667,-0.5624136478,-5.1348,-0.4598639171,1.08129681,0.3084747253,12
2023-12-04 00:00:00.000,THE,0.00251270714,0.0197186734,-0.01129544604,0.008447857147,-1.08114598,0.9445476437,1.264117353,0.03432382028,-1.002608505,-2.197778112,7.461033333,-0.6106341151,-6.1162,-0.491870137,1.146083623,,6.375309596
2023-12-05 00:00:00.000,THE,0.00085693168,0.02158768647,-0.00991509817,0.006775303028,-1.083084304,1.072658632,1.590906209,0.03342194654,-1.063196774,-2.495954016,6.866133333,-0.6351460229,-6.0922,-0.4843235612,1.086020228,0.3063929267,8.186728964
2023-12-06 00:00:00.000,THE,0.001702497202,0.0205449943,-0.01091804654,0.007989069343,-1.053022009,1.01281305,1.343413453,0.03126527366,-1.218970268,-1.724214217,7.4368,-0.6066554624,-6.0677,-0.4793626127,1.058916205,0.2533584393,6.724656441
2023-12-07 00:00:00.000,THE,0.0002414701335,0.0201964701,-0.01112167504,0.008359371471,-1.065077224,0.9970030273,1.247515693,0.02919153489,-1.367678148,-1.425608967,7.434866667,-0.5993862536,-5.7833,-0.4640165875,1.03059763,0.3814862727,8.083169041
2023-12-08 00:00:00.000,THE,0.00166689454,0.02055174015,-0.01052538869,0.00775363283,-1.031756785,1.028857785,1.372566794,0.02965692441,-1.324060595,-1.450389444,7.252466667,-0.5997621994,-6.0277,-0.4658253242,1.054478719,0.2413045763,5.810877161
2023-12-11 00:00:00.000,THE,0.004838109891,0.02260757191,-0.009637732464,0.006573758339,-0.9758383714,1.171949308,1.559800319,0.03128038646,-1.191976636,-1.649904546,6.591766667,-0.6387212951,-6.685,-0.492799818,1.154990586,,2.225960882
2023-12-12 00:00:00.000,THE,0.00283204542,0.02399322652,-0.009508533745,0.006475317207,-0.9834794262,1.271023406,1.589299244,0.03195591403,-1.13245571,-1.499878092,6.250866667,-0.6504022863,-6.6406,-0.4847618115,1.122584222,0.275972577,2.823886027
2023-12-13 00:00:00.000,THE,0.00186213283,0.02439958053,-0.009567549587,0.006580559325,-0.9745494015,1.305793707,1.550243173,0.03130902354,-1.172840606,-1.346665505,6.380633333,-0.6401486309,-6.7114,-0.4830325041,1.030050707,0.1537203941,1.811869294
2023-12-14 00:00:00.000,THE,0.003455435902,0.0251916437,-0.009616275087,0.006611668065,-0.9365854662,1.36953398,1.518231552,0.03223678815,-1.098703119,-1.255413436,6.1714,-0.6423180993,-6.9459,-0.4915516035,1.052812907,0.1686311187,2.595585624
2023-12-15 00:00:00.000,THE,0.004455193903,0.02785525875,-0.008864600578,0.006258449038,-0.9095358262,1.554731542,1.651956689,0.03688188501,-0.7463966725,-1.274067216,5.603033333,-0.6625340891,-7.4305,-0.5049324974,0.9740866925,0.1359371171,2.40294226
2023-12-18 00:00:00.000,THE,0.0005304469745,0.02597270758,-0.009982706097,0.006794828324,-0.9418859033,1.417566946,1.380653956,0.02935291964,-1.314875434,-1.008524227,6.0696,-0.6412003453,-6.8268,-0.4838202367,0.9926226974,,1.441153933
2023-12-19 00:00:00.000,THE,0.003944869148,0.02723700697,-0.009490698144,0.006548038498,-0.8698203406,1.495564077,1.480345719,0.03109263859,-1.18023882,-1.003972973,5.726766667,-0.6561415862,-7.2749,-0.5048209595,1.049594805,0.546396693,2.611841912
2023-12-20 00:00:00.000,THE,0.003096965169,0.02602122131,-0.009567367231,0.006633918926,-0.8412798549,1.406258526,1.461416767,0.02758263587,-1.442945913,-0.9037819282,6.095333333,-0.6377996183,-7.0475,-0.497759632,1.049692368,0.2475569808,2.882797559
2023-12-21 00:00:00.000,THE,0.000413652014,0.02465854061,-0.009653752377,0.006534069798,-0.8205060448,1.312846673,1.44028958,0.02407084096,-1.702836462,-0.8558177755,5.951866667,-0.6390120445,-6.429,-0.4722242255,0.9904344887,0.1393213892,1.949821651
2023-12-22 00:00:00.000,THE,0.001985754759,0.02520961644,-0.008739997935,0.005853306806,-0.7865510066,1.348125058,1.662812045,0.02513077502,-1.617994651,-1.031659522,5.698933333,-0.6437130541,-6.667,-0.4754597486,0.9273994572,0.2242859844,1.644246638
2023-12-27 00:00:00.000,THE,0.0007895451129,0.02296375255,-0.009956809934,0.006697249507,-0.7896778528,1.202535298,1.366374135,0.02009790771,-1.988080474,-0.6410460024,6.084233333,-0.6345924547,-6.4527,-0.4964489555,0.9697024443,,3.777520542
2023-12-28 00:00:00.000,THE,0.005210057641,0.0252777206,-0.009195171764,0.006278216798,-0.7362323546,1.359870416,1.518235032,0.02300084691,-1.760733436,-0.8391652228,5.635933333,-0.6525578465,-7.1153,-0.5378825814,1.060948623,0.1989105467,4.137909799
2023-12-29 00:00:00.000,THE,0.006624070689,0.02610217821,-0.009250631387,0.006342910039,-0.7189523135,1.418520103,1.473320145,0.02213996895,-1.817599915,-0.7481700198,5.502233333,-0.6529756106,-7.270995806,-0.5383079397,0.9916975477,0.2996600565,1.623750076
2024-01-02 00:00:00.000,THE,-0.0001019598309,0.03480773317,-0.00672884862,0.005882513367,-0.7882299923,1.99738307,2.02592155,0.03259620691,-1.036686112,-1.033430669,5.004833333,-0.6831342887,-6.7147,-0.5344345004,0.2340132819,,6.052813955
2024-01-03 00:00:00.000,THE,-0.001671289416,0.03057100344,-0.007919093223,0.006258608333,-0.8003884618,1.706030968,1.741861957,0.03202732026,-1.079156752,-0.6678727513,5.454333333,-0.6627875456,-6.0564,-0.4924638746,0.2624299222,0.2484097342,5.8854855
2024-01-04 00:00:00.000,THE,-0.003132511155,0.02930951371,-0.007973031806,0.006146819118,-0.8111084138,1.620623771,1.704584941,0.03424128087,-0.9162249449,-0.6890109881,5.383766667,-0.662124854,-5.8096,-0.4778708676,0.269094315,0.3788547798,9.943468128
2024-01-05 00:00:00.000,THE,-0.002367762229,0.02724243242,-0.008323921443,0.006288818705,-0.7968121103,1.481986826,1.605791219,0.03339643007,-0.9814110085,-0.6228606683,5.544933333,-0.6465110212,-5.4967,-0.4537403257,0.288930572,0.1380853586,8.32261867
2024-01-08 00:00:00.000,THE,0.0003902072808,0.03052230854,-0.007040821794,0.005391214832,-0.7688377549,1.695903157,1.862290112,0.02972907443,-1.255760717,-1.96667024,4.855966667,-0.6922946837,-6.1957,-0.4878224975,0.2533723554,,2.907948688
2024-01-09 00:00:00.000,THE,-0.0002610514013,0.03184530001,-0.006606692429,0.005102098141,-0.759534703,1.779561739,1.942518535,0.02665589678,-1.483197893,-2.13138678,4.507733333,-0.7104256096,-6.1043,-0.4849121826,0.2573051814,0.1988661912,5.905044066
2024-01-10 00:00:00.000,THE,-0.0003112158714,0.03084879503,-0.007159667108,0.005384480799,-0.7550581557,1.712092588,1.827333371,0.02531490181,-1.576695015,-1.541578726,4.519533333,-0.7136765072,-6.0616,-0.4862162839,0.2437652611,0.3338916398,3.683562466
2024-01-11 00:00:00.000,THE,-0.0008605275495,0.03123906127,-0.006868623839,0.005256267463,-0.7526766219,1.743055825,1.870762455,0.02378345277,-1.68412641,-1.834596783,4.642133333,-0.7043993659,-6.082,-0.4851625294,0.246343311,0.1569848674,2.854366542
2024-01-12 00:00:00.000,THE,-0.001178736865,0.02951267703,-0.006929671887,0.005148681872,-0.757194396,1.637940565,1.821462718,0.02229693062,-1.78021392,-2.027744935,4.71,-0.6935739311,-5.8844,-0.4683687701,0.2420338722,0.1289226717,4.417503693
2024-01-15 00:00:00.000,THE,0.0003145467983,0.03134644587,-0.006463059411,0.005163650849,-0.7383200873,1.769128059,1.900453492,0.02198256625,-1.784045349,-1.733608853,4.1395,-0.7320264252,-6.1899,-0.4912715618,0.2489911888,,2.243707547
2024-01-16 00:00:00.000,THE,0.000770792367,0.03193069614,-0.006071293086,0.005017844,-0.7190015284,1.777933534,1.989568675,0.02107158896,-1.831545816,-1.784750407,4.123733333,-0.7332170157,-6.1852,-0.4902477283,0.2489864304,0.1394712985,2.887679808
2024-01-17 00:00:00.000,THE,0.002423016775,0.03512407593,-0.005607682389,0.005645344221,-0.6898043884,1.94734055,2.055518648,0.02151643727,-1.780376221,-0.5498194402,3.9311,-0.7455862141,-6.7924,-0.5215642208,0.2389372257,0.1836074861,3.075828495
2024-01-18 00:00:00.000,THE,0.001950339854,0.03414658159,-0.005750490868,0.005482139419,-0.6960301606,1.845343808,1.98562608,0.01929586276,-1.920479865,-0.759020738,4.127166667,-0.7317415687,-6.7126,-0.5153098385,0.2368424864,0.1678380273,4.791189986
2024-01-19 00:00:00.000,THE,0.004843726642,0.03424106625,-0.006206563914,0.00562657242,-0.6574835026,1.823366559,1.887704867,0.01944705449,-1.887354118,-0.4524776342,4.302633333,-0.7146227847,-6.9866,-0.5214383303,0.230807055,0.2957625463,2.833347963
2024-01-22 00:00:00.000,THE,0.006757767718,0.03544003745,-0.006111566148,0.005909178102,-0.6346786279,1.870478624,1.902519916,0.01952434067,-1.860501214,0.1188501884,4.4449,-0.7192246295,-7.3297,-0.5428636905,0.2380409318,,2.354448786
2024-01-23 00:00:00.000,THE,0.00940998922,0.0355181449,-0.006216340791,0.006286486061,-0.5935872262,1.847240516,1.868517613,0.01954876091,-1.837792305,0.876578724,4.349166667,-0.7235765947,-7.5837,-0.5534555356,0.2354921761,0.1905761582,2.546124409
2024-01-24 00:00:00.000,THE,0.007822780779,0.03332641343,-0.00659855038,0.005859753531,-0.6179030588,1.69396235,1.774051319,0.01688180455,-2.003269276,0.1243331616,4.341766667,-0.7264803649,-7.2781,-0.5375681928,0.2425265636,0.1614356965,1.895084919
2024-01-25 00:00:00.000,THE,0.009548073661,0.03579891425,-0.006225442053,0.006158339598,-0.5918610157,1.82774597,1.828297501,0.01714631966,-1.960384736,0.8029384321,4.2468,-0.7274305914,-7.7139,-0.5583905242,0.2418915753,0.1027586235,3.130350474
2024-01-26 00:00:00.000,THE,0.00880115143,0.03472818968,-0.006191462274,0.005950046151,-0.6069613228,1.74812179,1.831705048,0.01585771713,-2.025567933,0.3453568247,4.255533333,-0.7186769222,-7.4783,-0.5384183064,0.245830241,0.1144242538,1.419239783
2024-01-29 00:00:00.000,THE,0.007555513947,0.03332674411,-0.006393816889,0.005696990188,-0.6301478059,1.649262696,1.766658285,0.01535043821,-2.035273653,-0.09859350112,4.272566667,-0.7291487373,-7.1388,-0.5184839886,0.246326504,,1.323481238
2024-01-30 00:00:00.000,THE,0.005355507385,0.03056516783,-0.00680667587,0.005436690483,-0.6664630129,1.473835511,1.668417153,0.01744591158,-1.869702462,-0.6326678108,4.474866667,-0.7189114428,-6.5422,-0.481631493,0.2495479413,0.2807091386,2.564635435
2024-01-31 00:00:00.000,THE,0.007140914728,0.03013744999,-0.006888387642,0.00533724461,-0.6406332561,1.439013835,1.63595734,0.01420570282,-2.069347614,-0.7989845536,4.0562,-0.7364656684,-6.647801379,-0.4891240376,0.2599779807,0.4021706069,4.096151636
2024-02-01 00:00:00.000,THE,0.007600277894,0.03170949774,-0.005362002013,0.005193816186,-0.6322216096,1.524224219,1.90623236,0.03255765044,-0.8239548716,-1.072078806,3.750966667,-0.7455091172,-6.5945,-0.4818492793,0.1200964773,0.371404148,12
2024-02-02 00:00:00.000,THE,0.004294286907,0.03165018803,-0.004744625833,0.004829719644,-0.6912852934,1.512092562,2.007546145,0.03190506312,-0.8658796201,-1.877613915,3.9035,-0.7327753638,-6.287,-0.4567494269,0.1225220089,0.2421033102,10.956885793
2024-02-05 00:00:00.000,THE,0.003633235016,0.03305202835,-0.004297350389,0.005010614153,-0.7032775969,1.583708587,2.063324795,0.03181293249,-0.8702774153,-1.243069399,3.733033333,-0.7374902554,-6.2338,-0.4603673716,0.1259904415,,5.265923396
2024-02-06 00:00:00.000,THE,0.001628465394,0.03119613874,-0.004227589364,0.004690288892,-0.7350944924,1.465620842,2.050942534,0.03337131807,-0.7639814928,-1.971539098,3.873066667,-0.725080532,-5.7914,-0.4359873739,0.1343392159,0.2456085827,7.117966352
2024-02-07 00:00:00.000,THE,0.002629131806,0.03067349984,-0.003865424431,0.004461290803,-0.7186321628,1.428353874,2.092289767,0.03300163184,-0.7873692593,-2.265158469,3.725633333,-0.7259148947,-5.6361,-0.428029163,0.1332619402,0.132503382,3.778414772
2024-02-08 00:00:00.000,THE,0.002923485625,0.02872863281,-0.003252114741,0.004045076064,-0.7145276505,1.309191034,2.185063609,0.03548441695,-0.6202895426,-2.859911328,3.6454,-0.7191659574,-5.2215,-0.39988787,0.1363876739,0.3274133102,3.946430225
2024-02-09 00:00:00.000,THE,0.005819190417,0.02790881165,-0.002805097348,0.004002940272,-0.6554038725,1.257340258,2.215563731,0.03705936313,-0.5151141797,-2.387184794,3.4818,-0.7219885434,-5.2163,-0.3937284256,0.1289871761,0.2690362673,3.455733133
2024-02-12 00:00:00.000,THE,0.007412226508,0.03212196982,-0.002816793119,0.004676374247,-0.6230221544,1.494586274,2.185145054,0.03138935329,-0.8911784463,-0.958838591,3.435833333,-0.7139675751,-5.9639,-0.4393426587,0.1941150619,,1.64044012
2024-02-13 00:00:00.000,THE,0.00687720402,0.03233898513,-0.001989855377,0.004580763653,-0.6282091012,1.495136332,2.302578066,0.02851852505,-1.079044607,-1.052259449,3.152533333,-0.7183182384,-5.8586,-0.4289449477,0.2045929838,0.3801622781,7.186638995
2024-02-14 00:00:00.000,THE,0.007403450217,0.03203634188,-0.00113776444,0.004584403047,-0.606615377,1.44410988,2.440309918,0.02865590135,-1.066311348,-0.9784341668,3.0186,-0.7157187136,-5.7226,-0.418477104,0.2075946877,0.2410808078,12
2024-02-15 00:00:00.000,THE,0.005428414997,0.03266359635,-0.0009801473397,0.004549587665,-0.6370090066,1.441389175,2.461122152,0.02785407937,-1.115010547,-0.9796539396,3.2158,-0.6948110162,-5.714,-0.4150074803,0.2041225174,0.09251590809,3.146125313
2024-02-16 00:00:00.000,THE,0.005915671267,0.03408474416,-0.000866254198,0.00496072177,-0.6146354933,1.481097391,2.470888288,0.02583687023,-1.241918541,-0.291953242,3.138066667,-0.691719786,-5.9659,-0.4222048468,0.2055341558,0.2368368266,2.699496232
2024-02-19 00:00:00.000,THE,0.004622494835,0.03714963744,-0.0002818746743,0.005829347007,-0.632642525,1.599258542,2.512209456,0.02460521471,-1.315123173,1.018588248,3.106733333,-0.6810766038,-6.2811,-0.4411615673,0.20540483,,2.41225819
2024-02-20 00:00:00.000,THE,0.004794761775,0.03960372161,-0.001169434719,0.006230275339,-0.6183691852,1.687436638,2.315038446,0.02206667059,-1.472270833,1.572972762,3.0868,-0.6814972749,-6.6478,-0.4642566195,0.2225974323,0.4187462064,4.142393765
2024-02-21 00:00:00.000,THE,0.003477012882,0.04004998596,-0.001123962448,0.006493921976,-0.6449630143,1.675109534,2.280654148,0.02091169458,-1.537131815,1.87584985,2.917366667,-0.6950101094,-6.5647,-0.4591153127,0.2245726824,0.2096072568,1.517703346
2024-02-22 00:00:00.000,THE,0.00585451405,0.04159732578,-0.0005387457683,0.00715768789,-0.5753648628,1.716700936,2.336207236,0.02140410942,-1.495161126,2.728002463,2.828766667,-0.6953984428,-6.7371,-0.4692869424,0.2251135075,0.1145123165,1.645913967
2024-02-23 00:00:00.000,THE,0.005128432534,0.0389464433,-0.000456947904,0.006141209848,-0.584287998,1.539228835,2.288359998,0.02211945311,-1.439853868,1.086183576,2.9329,-0.6833113308,-6.3362,-0.4354334878,0.231677063,0.5034807194,3.379187619
2024-02-26 00:00:00.000,THE,0.005550266305,0.03650281358,-0.001114415531,0.005466517554,-0.5637864261,1.382520961,2.151208203,0.02189260076,-1.444423028,0.2812812108,2.940233333,-0.6786308038,-6.0139,-0.4123654917,0.2332739229,,2.09931255
2024-02-27 00:00:00.000,THE,0.006091506824,0.03606851968,-0.001382512329,0.005435716066,-0.5429674592,1.327071403,2.06639945,0.01960911146,-1.580378692,0.2766944283,2.844,-0.6802345506,-6.196,-0.4244533952,0.2300647198,0.3030090408,2.766901076
2024-02-28 00:00:00.000,THE,0.006236325446,0.03616975338,-0.00178813908,0.005380949441,-0.5314841617,1.299493762,1.989944366,0.01742920573,-1.705414868,0.226789204,2.807333333,-0.6790335822,-6.3361,-0.4391634051,0.2331962725,0.2596339568,2.150334084
2024-02-29 00:00:00.000,THE,0.004839509422,0.03684303301,-0.001518244635,0.005834141443,-0.5644972201,1.300705523,2.011353921,0.01675967172,-1.730911107,0.7862059363,2.574233333,-0.6862027196,-6.324003226,-0.4397169425,0.2318214165,0.2717876491,5.814877063
2024-03-01 00:00:00.000,THE,0.003486448832,0.02980314305,-0.001516985752,0.004832521724,-0.5973031674,0.9471380957,1.985634257,0.03645186955,-0.4688339095,-0.4649953237,2.6347,-0.6775012689,-5.3456,-0.3717137292,0.1810205785,0.3802773463,12
2024-03-04 00:00:00.000,THE,0.004346073879,0.02787674419,-0.002359491352,0.004377411845,-0.5641378462,0.8381667398,1.831579103,0.03700121627,-0.4296127882,-0.9896218453,2.611,-0.6774870449,-5.0573,-0.3571231571,0.2556593737,,4.6500187
2024-03-05 00:00:00.000,THE,0.002719777165,0.02672450895,-0.002438076488,0.004199444394,-0.6124193337,0.7704567813,1.797524547,0.03654168429,-0.4542704345,-1.155924394,2.725033333,-0.6688009439,-4.9051,-0.3478979086,0.2528328616,0.1306161557,4.010961257
2024-03-06 00:00:00.000,THE,0.004301264209,0.02900541536,-0.001998826809,0.004693284268,-0.5532420541,0.85786394,1.851149053,0.03392296157,-0.6156989615,-0.5112835105,2.5332,-0.6788158672,-5.3381,-0.3798121557,0.2717221446,0.2812634527,3.154501176
2024-03-07 00:00:00.000,THE,0.002829051076,0.02996352487,-0.001480375127,0.004660846145,-0.6058531247,0.8822891729,1.927595553,0.03242621858,-0.7067017563,-0.5486592005,2.5381,-0.6741705988,-5.3162,-0.378587552,0.2595790948,0.1418569555,2.632185887
2024-03-08 00:00:00.000,THE,0.002597506553,0.02902233849,-0.001711684245,0.004368414799,-0.6226843955,0.8311573834,1.893416872,0.03348571968,-0.636999095,-0.9015275499,2.635233333,-0.6633830065,-5.1496,-0.3596590003,0.2462122616,0.348410417,2.334262626
2024-03-11 00:00:00.000,THE,0.003519485039,0.03135904165,-0.001492085796,0.005109986906,-0.5824520017,0.9133017416,1.913853209,0.03239828905,-0.7031603299,-0.06438457653,2.446433333,-0.6755433024,-5.4483,-0.3793797203,0.2533632545,,1.567086171
2024-03-12 00:00:00.000,THE,0.004137141899,0.03071820477,-0.001434837909,0.004944791652,-0.5521268118,0.8741171517,1.89425596,0.03376533551,-0.6126878061,-0.3382507138,2.471033333,-0.6722490761,-5.2673,-0.3665704026,0.2522977634,0.2905321462,2
2024-03-13 00:00:00.000,THE,0.002850328028,0.03049231935,-0.001365894452,0.004966078929,-0.6099288501,0.8450905688,1.873201675,0.03288321382,-0.6639429763,-0.3305291028,2.432233333,-0.6735114148,-5.1361,-0.3600495902,0.2594520459,0.134508413,2.009979456
2024-03-14 00:00:00.000,THE,0.00299185238,0.02857917306,-0.002198826261,0.004524413468,-0.5977570578,0.7500328953,1.727547647,0.03283306486,-0.6630045449,-0.9194646835,2.502,-0.6648584308,-5.0039,-0.3494312446,0.2578162135,0.2577776361,2.158221442
2024-03-15 00:00:00.000,THE,0.001053803221,0.0266022885,-0.002731965002,0.004132149874,-0.6884583948,0.6523069536,1.626150095,0.03516360077,-0.5115621939,-1.409270829,2.629233333,-0.6515660002,-4.5503,-0.3097885727,0.2539375396,0.3674845691,2.800307758
2024-03-18 00:00:00.000,THE,-8.550008162e-05,0.02403981182,-0.003379246858,0.003900843261,-0.7469924424,0.5392760211,1.482138415,0.03892423711,-0.2703043136,-1.628851061,2.9546,-0.6329421285,-4.1375,-0.2823752395,0.2618585862,,3.123570427
2024-03-19 00:00:00.000,THE,0.0002052150288,0.02380307402,-0.003759195383,0.004076797839,-0.7289724184,0.5228696577,1.395849839,0.03840413634,-0.300317747,-1.274196769,2.915633333,-0.6327549531,-4.2568,-0.2875352227,0.2507560685,0.09663496647,3.425950463
2024-03-20 00:00:00.000,THE,0.0009845238286,0.02584925069,-0.0034312881,0.004188585995,-0.6790282537,0.5978237,1.422592822,0.03506907138,-0.5075660832,-1.026109638,2.651166667,-0.6482636552,-4.5362,-0.3080813705,0.2544246234,0.2887843579,2.803830114
2024-03-21 00:00:00.000,THE,0.0009994129188,0.02776505168,-0.002658887883,0.004502113827,-0.6827715509,0.6723985841,1.512561706,0.03159640573,-0.7231020828,-0.5721338831,2.5006,-0.6531333377,-4.8657,-0.3302252306,0.2606999257,0.2471048154,1.876072333
2024-03-22 00:00:00.000,THE,0.00153290343,0.02692919493,-0.003045796939,0.004430770436,-0.6417219203,0.6319775164,1.43129684,0.03105677867,-0.7522426947,-0.5902910404,2.595433333,-0.6420184363,-4.7963,-0.3170829099,0.2409110349,0.1885228032,2.936412271
2024-03-25 00:00:00.000,THE,0.0009388056417,0.02649924579,-0.003688960013,0.004461187707,-0.6792285042,0.5995324957,1.319017629,0.03139295808,-0.7271935113,-0.5078115693,2.766566667,-0.6316406159,-4.8096,-0.3135942338,0.2497627289,,1.186388719
2024-03-26 00:00:00.000,THE,0.003291992751,0.02821339469,-0.003322441554,0.004761963205,-0.5045268226,0.6604373121,1.344730647,0.02820106043,-0.9243875641,0.1378842793,2.543233333,-0.6433650527,-5.2277,-0.3394365712,0.2585426418,0.2398861393,2.130228882
2024-03-27 00:00:00.000,THE,0.003384856174,0.0281270558,-0.003479503972,0.004818771913,-0.4954054048,0.646839697,1.305774659,0.0274078522,-0.9700866969,0.3299859659,2.4762,-0.6478939604,-5.3396,-0.3506690483,0.2690248125,0.1501704683,11.703980244
2024-03-28 00:00:00.000,THE,0.004027939575,0.02859562304,-0.003398737757,0.004842431949,-0.4364314969,0.657044902,1.287356834,0.02782747023,-0.9391273635,0.467559659,2.5602,-0.6390055332,-5.441904,-0.358859522,0.2734524278,0.151825929,3.760337423
2024-04-02 00:00:00.000,THE,0.00590230877,0.01790996027,-0.004048738881,0.00512452693,-0.2612692933,0.2019738729,1.182093142,0.04932904258,0.4083645821,1.21439811,2.405233333,-0.6475673179,-4.3432,-0.2822423927,0.3628314672,,12
2024-04-03 00:00:00.000,THE,0.007485661003,0.0195831308,-0.003934268766,0.005642161395,-0.1076412655,0.2644299921,1.18113195,0.04566550791,0.1817138438,3.07501394,2.276166667,-0.6559572751,-4.8659,-0.3201894513,0.445985094,0.3092116528,5.085926559
2024-04-04 00:00:00.000,THE,0.007320903767,0.01849614265,-0.003855865694,0.005358870577,-0.1029325623,0.2124346464,1.17402362,0.04483043929,0.1350847784,1.800560142,2.346833333,-0.6480576377,-4.631,-0.307468297,0.4733761322,0.1414380358,3.514113756
2024-04-05 00:00:00.000,THE,0.006747550417,0.01961707685,-0.004507544608,0.005662184019,-0.1432878278,0.2529016538,1.07343141,0.04204542531,-0.03659392465,2.267074582,2.198966667,-0.6520052473,-4.9419,-0.3222170098,0.4637722319,0.2368444219,6.530554866
2024-04-08 00:00:00.000,THE,0.007190721752,0.01877350251,-0.005316449593,0.005812919085,-0.0898439855,0.2141259517,0.9514593965,0.04162211997,-0.05894632411,2.255177886,2.3247,-0.6449921578,-4.9902,-0.3229857076,0.5116493931,,3.680436935
2024-04-09 00:00:00.000,THE,0.008356497506,0.02011680968,-0.005406576944,0.006351721488,0.0455417798,0.2658513485,0.9195345852,0.03897525225,-0.2219295275,2.925254496,2.171866667,-0.6542209126,-5.4745,-0.3558358218,0.5302230056,0.2637288051,12
2024-04-10 00:00:00.000,THE,0.009144616166,0.02099084476,-0.005907804223,0.006726882599,0.154900679,0.2970729955,0.8486555341,0.03955792252,-0.1790798247,2.932283662,2.1302,-0.6577176208,-5.7194,-0.3760151383,0.5380791105,0.1820849324,2.575891503
2024-04-11 00:00:00.000,THE,0.007942086701,0.01877168681,-0.007761311335,0.007438974451,0.06362554884,0.1991043386,0.6130658637,0.04515292602,0.1848310196,3.31074027,2.3871,-0.6377750042,-5.5275,-0.3662209292,0.539393784,0.4914253799,4.785150921
2024-04-12 00:00:00.000,THE,0.007019395021,0.01800452493,-0.008587880547,0.007844524088,-0.001467329151,0.1620085687,0.5141421372,0.04754591,0.3453168015,3.002630118,2.375566667,-0.6333989495,-5.4489,-0.3558502202,0.5375225843,0.2127600143,5.771593146
2024-04-15 00:00:00.000,THE,0.005867951049,0.01607614931,-0.00859918537,0.00749624212,-0.1050602472,0.07541303836,0.5102732309,0.05071576607,0.5556020181,2.072078666,2.694366667,-0.6214404607,-4.7783,-0.3219759075,0.5492370115,,1.831008671
2024-04-16 00:00:00.000,THE,0.003349382742,0.01336138832,-0.009322271621,0.008211072978,-0.4138484668,-0.04375754347,0.4238592345,0.0581356259,1.03819235,2.38545028,3.275433333,-0.5851494342,-3.7833,-0.2640888737,0.5346939383,0.4057972878,12
2024-04-17 00:00:00.000,THE,0.003790880333,0.01435790477,-0.008547428987,0.007785099529,-0.3420562325,-0.006347844094,0.5110991404,0.05793884291,1.027702634,1.694099036,3.365966667,-0.5828416692,-3.871,-0.2794095836,0.5418675359,0.474517309,12
2024-04-18 00:00:00.000,THE,0.004671652562,0.01387938212,-0.00918538204,0.008698354062,-0.1904836048,-0.03120981316,0.4338390409,0.06221284657,1.303178216,2.168001143,3.817533333,-0.5514621274,-3.7257,-0.2740160612,0.5348583203,0.3013472433,4.873215321
2024-04-19 00:00:00.000,THE,0.004472991873,0.01471293398,-0.008268854112,0.008037483883,-0.2012519244,0.0002530468396,0.5364753503,0.0599757225,1.154122209,1.441002405,3.866166667,-0.5437239821,-3.8146,-0.2749188803,0.5317792746,0.1523397211,6.978763957
2024-04-22 00:00:00.000,THE,0.005961977007,0.01650926253,-0.007736791406,0.007537388911,0.09363103017,0.07285096505,0.5945006746,0.05455008268,0.8013670804,0.9690692612,3.385266667,-0.5878332281,-4.374,-0.3261350576,0.5554602958,,2.868382327
2024-04-23 00:00:00.000,THE,0.005989034693,0.01734572542,-0.007381822187,0.007365054859,0.1560493103,0.1049048466,0.6310721648,0.05142084886,0.5991956926,0.7636888222,3.177166667,-0.6031798785,-4.5683,-0.3437773995,0.5848724138,0.1758063264,2.3482797
2024-04-24 00:00:00.000,THE,0.005601056198,0.01660478568,-0.008023353381,0.007752317203,0.1772419609,0.06804353342,0.5531583766,0.05342297686,0.7315472638,0.9646065125,3.1491,-0.6079056463,-4.4438,-0.3458878764,0.6090056887,0.1054035845,2.20432329
2024-04-25 00:00:00.000,THE,0.004828833021,0.01633445478,-0.008293177516,0.007978784439,-0.015144679,0.05120784561,0.5187008697,0.05375892077,0.7560332294,1.048307511,3.2162,-0.6029472581,-4.4448,-0.3483596245,0.617674537,0.1616557041,1.149061486
2024-04-26 00:00:00.000,THE,0.006336744137,0.01839069361,-0.008441642443,0.00831711878,0.3988016875,0.1370042741,0.499920148,0.05155043361,0.614922312,1.225028992,2.817066667,-0.624159403,-5.015,-0.3769534494,0.6424990651,0.1539737743,2.085034346
2024-04-29 00:00:00.000,THE,0.006097224065,0.01887849504,-0.008524395553,0.008582346905,0.347656402,0.1536293333,0.4895876437,0.05237197374,0.6802667636,1.337685562,2.661266667,-0.6444021601,-4.9742,-0.3892464635,0.6544524209,,1.595336734
2024-04-30 00:00:00.000,THE,0.007379685434,0.01812461236,-0.01030561239,0.01016976927,0.707273881,0.1149673042,0.2829853699,0.05885479569,1.118050151,2.541337371,2.673333333,-0.6471283609,-5.164703226,-0.4029271978,0.6578434563,0.3314756608,1.910630646
2024-05-01 00:00:00.000,THE,0.01448969036,0.004849343602,-0.0112345195,0.01106388979,2.573613208,-0.5031183425,0.1743750755,0.06817080897,1.745341325,2.912000057,2.489033333,-0.6806863106,-4.7208,-0.3817877316,0.5286280877,0.08745631993,12
2024-05-02 00:00:00.000,THE,0.01147092602,0.004061828424,-0.01303881598,0.01305784465,1.792684819,-0.5553731774,-0.03362726895,0.07075885501,1.915616489,3.835554448,2.5546,-0.6792120984,-4.3042,-0.3562948492,0.5162801074,0.2752579027,5.19532278
2024-05-03 00:00:00.000,THE,0.01324880879,0.004575897212,-0.01334084082,0.01373230886,2.278088389,-0.5432666525,-0.06882747158,0.06645194007,1.624517962,3.237038171,2.354433333,-0.6903581554,-4.4836,-0.3626212154,0.5306149676,0.2922931629,4.851225995
2024-05-06 00:00:00.000,THE,0.01324880879,0.004575897212,-0.01334084082,0.01373230886,2.289455922,-0.5592514399,-0.0692573049,0.05678902297,0.9848692731,2.579635861,2.354433333,-0.6952494698,-4.4836,-0.3796991135,0.5403598667,,3.203030041
2024-05-07 00:00:00.000,THE,0.01176822843,0.004043477232,-0.01351112618,0.01414774836,1.906272318,-0.6011111931,-0.08937020618,0.04894622334,0.471833998,2.356050662,2.414366667,-0.6959527065,-4.3439,-0.3793173099,0.5446076683,0.2769208791,3.82404668
2024-05-08 00:00:00.000,THE,0.0127400787,0.004213576562,-0.01374715594,0.01452377713,2.179520887,-0.5968336545,-0.1170056108,0.03951343022,-0.1489349257,2.175218021,2.4258,-0.7021556485,-4.5099,-0.394918791,0.5574104664,0.1012004354,2.459180793
2024-05-09 00:00:00.000,THE,0.01328512993,0.003948184574,-0.01383566568,0.0144718895,2.334058104,-0.6224299848,-0.127425037,0.03204095231,-0.6413408195,1.864673464,2.518066667,-0.6954717278,-4.5667,-0.3975464721,0.550468975,0.2026802588,3.613546375
2024-05-10 00:00:00.000,THE,0.01551299557,0.005490469002,-0.01292228333,0.0131248353,2.928856027,-0.5507950659,-0.02218892402,0.0252768546,-1.087247122,1.161584283,2.366433333,-0.7019330734,-5.0533,-0.4181028093,0.5715086618,0.2118577412,3.073577397
2024-05-13 00:00:00.000,THE,0.01537479885,0.006048129115,-0.01284055019,0.01295117609,2.812102506,-0.5323967918,-0.0119053643,0.02281446802,-1.242986288,0.9924823222,2.263433333,-0.7167103115,-5.2208,-0.4325190724,0.6243527118,,1.35537204
2024-05-14 00:00:00.000,THE,0.01549302738,0.00664385062,-0.01276913309,0.01277393147,2.752744226,-0.5075194036,-0.003210729894,0.02076084554,-1.369225671,0.8394748479,2.23,-0.7194689884,-5.4949,-0.4482731509,0.6439067301,0.2644202306,1.882308457
2024-05-15 00:00:00.000,THE,0.01544719477,0.006259234072,-0.01211223998,0.01197403231,2.672555828,-0.5374234683,0.07236629524,0.01779805079,-1.553930838,0.4716716439,2.386033333,-0.7122229217,-5.2912,-0.440249414,0.6433558332,0.2324524586,3.818420287
2024-05-16 00:00:00.000,THE,0.01532593441,0.00590249495,-0.01213190382,0.01182119092,2.559668114,-0.5691574823,0.06938978765,0.01615160557,-1.648850275,0.3576929225,2.396,-0.7110794773,-5.2624,-0.4387476658,0.6429701487,0.3314398597,1.969771505
2024-05-17 00:00:00.000,THE,0.01609280913,0.005049078885,-0.01173263445,0.01134927564,2.66362218,-0.6204663935,0.1141246338,0.01474428839,-1.726705066,0.1176684912,2.458933333,-0.701013127,-5.0876,-0.4178064766,0.626994708,0.1919550111,4.18907265
2024-05-20 00:00:00.000,THE,0.01415672632,0.00368312078,-0.01253807134,0.01250161629,2.118408013,-0.6974733451,0.02109586541,0.01428953047,-1.739299217,0.5172048077,2.835433333,-0.6866294429,-4.6112,-0.3926660366,0.6059938488,,1.122476122
2024-05-21 00:00:00.000,THE,0.01374067531,0.002642213146,-0.01369502849,0.01413957885,1.973600937,-0.7552359752,-0.1116732672,0.01477820353,-1.690352028,1.106429886,2.9789,-0.6798536387,-4.3163,-0.3766786153,0.588269493,0.2833820919,3.328079464
2024-05-22 00:00:00.000,THE,0.01490329386,7.233751266e-05,-0.01467232013,0.01603333618,2.197117318,-0.8933684568,-0.2227229849,0.01585192986,-1.604210059,1.807027707,3.450366667,-0.6537964471,-3.9161,-0.3603843674,0.5472606357,0.3124179314,4.66243686
2024-05-23 00:00:00.000,THE,0.01367549587,-0.00104528065,-0.01430141069,0.01537272685,1.881177912,-0.9532391212,-0.1786093619,0.01752757226,-1.479402454,1.381057852,3.646,-0.6400937806,-3.5802,-0.3429186971,0.5445456723,0.3341360663,3.36523151
2024-05-24 00:00:00.000,THE,0.01472380522,-0.0002545937856,-0.01389137773,0.01457242454,2.09569574,-0.9106900366,-0.1297103614,0.01422076797,-1.68065449,0.936824708,3.380266667,-0.652165253,-3.8129,-0.3486954186,0.5551444701,0.1523856353,2
2024-05-27 00:00:00.000,THE,0.01472380522,-0.0002545937856,-0.01389137773,0.01457242454,2.046955139,-0.9115404635,-0.1281691077,0.0136228122,-1.702195788,0.8781926267,3.380266667,-0.6552658457,-3.8129,-0.358333305,0.5708647083,,1.361819869
2024-05-28 00:00:00.000,THE,0.01499078264,0.001003171972,-0.01312506295,0.01307296677,2.051731683,-0.8448163842,-0.03960603908,0.01341216115,-1.717595505,-0.003607385568,3.212266667,-0.66554919,-4.2772,-0.3879778629,0.6267795831,0.3438323353,2.279297615
2024-05-29 00:00:00.000,THE,0.01473450814,0.000664051328,-0.01285979607,0.01296041233,1.945316617,-0.8643304721,-0.00863119708,0.01377534463,-1.690887536,-0.225974908,3.4034,-0.6564283313,-4.2993,-0.3981530715,0.6323359301,0.1548865548,1.763480548
2024-05-30 00:00:00.000,THE,0.01353501695,-0.000187093819,-0.01324772159,0.01339676583,1.643902954,-0.9114406655,-0.05262353939,0.01460321423,-1.622478005,-0.0227643643,3.496366667,-0.6517039892,-3.7507,-0.3731061531,0.6387830044,0.2752368804,3.14562539
2024-05-31 00:00:00.000,THE,0.01084485258,-2.00492333e-05,-0.01255283024,0.01251339934,1.044398866,-0.903352614,0.02854154896,0.01370487341,-1.672891022,-0.8724683976,3.4121,-0.6514174724,-3.3353,-0.3400343138,0.6245103703,0.2697030416,2.499571924
2024-06-03 00:00:00.000,THE,0.0192120935,-0.01262472191,-0.01465270046,0.01616822116,2.790375328,-1.58191671,-0.2098698474,0.04345645143,0.3093184423,2.231661739,3.664666667,-0.6410681606,-2.0947,-0.2857732119,0.5470151778,,12
2024-06-04 00:00:00.000,THE,0.01994433991,-0.01152591354,-0.01352205645,0.01394951923,2.829866225,-1.520050151,-0.07826772241,0.04425637081,0.3696563743,0.2432865878,3.3265,-0.6633454488,-2.4494,-0.3065581292,0.5828551773,0.2540606508,12
2024-06-05 00:00:00.000,THE,0.02098997713,-0.01261564544,-0.01280601287,0.01294258832,2.924027944,-1.576164206,0.003681604504,0.04575783037,0.4726404864,-0.5241981469,3.486033333,-0.6579481034,-2.3333,-0.3070928363,0.5765495075,0.1396549479,4.50758184
2024-06-06 00:00:00.000,THE,0.02079242008,-0.01185361438,-0.01258586659,0.01244948533,2.765454018,-1.536093411,0.02868193702,0.04457304574,0.3971119161,-0.850930625,3.298133333,-0.6678366751,-2.4699,-0.3122405722,0.5913475909,0.09948138559,3.432324241
2024-06-07 00:00:00.000,THE,0.02174242712,-0.01114403124,-0.01242669939,0.01201040125,2.835212794,-1.500226838,0.04568805191,0.04268868898,0.2720573134,-1.104145616,3.1318,-0.6722781603,-2.6137,-0.3115080425,0.5996285012,0.1409783277,3.155103583
2024-06-10 00:00:00.000,THE,0.02062569733,-0.01217775921,-0.01322025429,0.0135233108,2.518871393,-1.5543063,-0.04698361912,0.03814173308,-0.03149212181,0.1178693307,3.456333333,-0.6632402746,-2.318,-0.308136455,0.5802698148,,2.337966837
2024-06-11 00:00:00.000,THE,0.02012367205,-0.01259343035,-0.01218413559,0.01155434969,2.349091139,-1.574587368,0.06986376435,0.03817276181,-0.02845500871,-1.356462774,3.4614,-0.6660093158,-2.0755,-0.2990066581,0.570722241,0.3727663848,12
2024-06-12 00:00:00.000,THE,0.01894134858,-0.01364258338,-0.01268326063,0.01284766052,2.047613343,-1.628459019,0.01019545439,0.03701673004,-0.1013462906,-0.3341182064,3.723566667,-0.6546936898,-1.5736,-0.280401944,0.5375152326,0.3776018437,2.792573833
2024-06-13 00:00:00.000,THE,0.01885100287,-0.01371849107,-0.01282032464,0.01307016319,1.903794643,-1.634511649,-0.007247024852,0.03542510678,-0.2054505823,-0.1783096936,3.764833333,-0.6534273536,-1.4525,-0.2784516312,0.5215375113,0.1587245979,2.009180391
2024-06-14 00:00:00.000,THE,0.02008778293,-0.01433371173,-0.01272388182,0.01304395288,2.039394307,-1.672203097,0.001184329696,0.03476467866,-0.2472020507,-0.2397789235,3.870433333,-0.6442862305,-1.5558,-0.2793281824,0.5186260873,0.1693164987,2
2024-06-17 00:00:00.000,THE,0.02209108082,-0.01242927113,-0.01217979417,0.01155691785,2.33489124,-1.565199264,0.06012934569,0.03415098949,-0.284563821,-1.412968911,3.353066667,-0.6937868298,-2.2456,-0.3273675106,0.6188785396,,2.120121865
2024-06-18 00:00:00.000,THE,0.02253673479,-0.01196127784,-0.01259782518,0.01214273575,2.356088739,-1.530284219,0.008466936693,0.0317470335,-0.4413944808,-0.9903336562,3.304633333,-0.7004493577,-2.3562,-0.336339868,0.6388452943,0.1999432928,2.32812044
2024-06-19 00:00:00.000,THE,0.02282572343,-0.01222410831,-0.01300101729,0.0128483152,2.211770762,-1.536384141,-0.04235109047,0.02902252306,-0.6197659227,-0.4338918092,3.433733333,-0.6975239309,-2.4521,-0.3474788723,0.6398556202,0.1544585535,2.404988423
2024-06-20 00:00:00.000,THE,0.02620650314,-0.01119411554,-0.01248609349,0.01177126706,2.536496203,-1.468562656,0.01392580188,0.02789494747,-0.6902691162,-1.204477874,3.129666667,-0.7170093939,-3.1951,-0.3872974461,0.7117184497,0.3493584467,2.243283449
2024-06-21 00:00:00.000,THE,0.02569113064,-0.01080917225,-0.0124720834,0.01178792147,2.395500819,-1.43451721,0.01190624305,0.02864776247,-0.6331314083,-1.130624145,3.037966667,-0.7185955088,-3.1719,-0.3806193999,0.721862779,0.388893218,2.184317363
2024-06-24 00:00:00.000,THE,0.02466210747,-0.01148771859,-0.0125589028,0.01203801031,2.226164699,-1.458192148,-0.001701291049,0.02829382006,-0.6517455808,-0.8370247476,3.255666667,-0.71859733,-2.9296,-0.3820297836,0.7039106993,,1.138985391
2024-06-25 00:00:00.000,THE,0.02321770048,-0.01271804152,-0.01270559874,0.01262983197,1.949029834,-1.512378263,-0.02231295787,0.02769866722,-0.6873707904,-0.2176970342,3.586666667,-0.701181746,-2.5549,-0.3679896131,0.6575273667,0.3419608329,1.874788485
2024-06-26 00:00:00.000,THE,0.02350324178,-0.01105828967,-0.01314093105,0.01293171709,1.913914943,-1.414412768,-0.0779431217,0.02756444577,-0.6928632239,0.1533775686,3.179066667,-0.7314784519,-2.9378,-0.3937170382,0.7192285802,0.6321132783,2.52517408
2024-06-27 00:00:00.000,THE,0.02278081591,-0.01042820203,-0.01323803179,0.01294795265,1.77145765,-1.371366464,-0.09263452718,0.02669065341,-0.7472137592,0.176147323,3.047133333,-0.7400368067,-3.0405,-0.4023512192,0.7422338605,0.1551213421,2.347545798
2024-06-28 00:00:00.000,THE,0.024788628,-0.00983885713,-0.01301161568,0.01251212854,1.971377322,-1.333188075,-0.06949142875,0.02453564128,-0.8898037972,-0.2509189441,2.9815,-0.7383523947,-3.5625,-0.4212371535,0.7867871004,0.2580719687,1.825257675
2024-07-01 00:00:00.000,THE,0.04856687332,-0.01326583193,-0.01419243447,0.01415192379,4.944489669,-1.504843373,-0.2177737059,0.05483620559,1.21767945,1.412072618,2.878766667,-0.7497593793,-3.5968,-0.4283414291,0.7445598561,,12
2024-07-02 00:00:00.000,THE,0.05028639522,-0.01250645487,-0.01455253507,0.01455298207,5.093076172,-1.460030307,-0.2658457031,0.05142619113,0.99021132,1.657932437,2.7563,-0.7560770457,-4.0411,-0.4544347957,0.7778956918,0.2184823875,4.741128255
2024-07-03 00:00:00.000,THE,0.05329100167,-0.01180628183,-0.01411532044,0.01365390265,4.976512559,-1.420342429,-0.2161763256,0.05028664158,0.9214157894,1.112872576,2.578733333,-0.7724240269,-4.4824,-0.4841570555,0.826979492,0.1652357953,8.140579245
2024-07-04 00:00:00.000,THE,0.05026149355,-0.011575489,-0.0142536337,0.01381913926,4.186503428,-1.405274023,-0.2379043837,0.0485307836,0.8147504543,1.359824969,2.5565,-0.7740479918,-4.221,-0.4748241776,0.8171019448,0.2015829555,3.471681519
2024-07-05 00:00:00.000,THE,0.05048399673,-0.0115787635,-0.01368552439,0.01293041065,3.908709836,-1.397462554,-0.1708935527,0.04848308554,0.8255834042,0.2075190916,2.5186,-0.7708490197,-4.2375,-0.4688160145,0.8220173389,0.216725469,2.78573753
2024-07-08 00:00:00.000,THE,0.05366018449,-0.0109065125,-0.01385962076,0.01310060877,3.952274194,-1.353443839,-0.195055477,0.05017260773,0.9637830033,0.3822356651,2.3594,-0.7909348494,-4.594,-0.4985098253,0.8729961321,,2.603444852
2024-07-09 00:00:00.000,THE,0.0543313815,-0.01073683369,-0.01305164344,0.01181207958,3.750857624,-1.336913466,-0.09823937532,0.05174867078,1.094564571,-1.22630646,2.259666667,-0.7998673946,-4.6199,-0.503837687,0.8903353364,0.2152609425,4.985636299
2024-07-10 00:00:00.000,THE,0.05641294148,-0.01032455659,-0.01254927259,0.01103114093,3.694134298,-1.307162661,-0.03873201637,0.05099124186,1.058554947,-2.039113228,2.171933333,-0.8115361406,-4.8049,-0.5211621668,0.9087838931,0.1863634514,6.116451546
2024-07-11 00:00:00.000,THE,0.05597393394,-0.01026571694,-0.01290128253,0.01156162279,3.435968953,-1.297064407,-0.08565860723,0.04948114064,0.9624508241,-1.311335344,2.155333333,-0.8130126951,-4.9284,-0.5308724465,0.9285679508,0.2667427059,2
2024-07-12 00:00:00.000,THE,0.05488257514,-0.01057471537,-0.0131280302,0.01182713569,3.167384453,-1.305631034,-0.1173121461,0.04602110001,0.7140516274,-0.9067986726,2.260766667,-0.8003926841,-4.8009,-0.5183225985,0.9202185299,0.268428628,2
2024-07-15 00:00:00.000,THE,0.05558836543,-0.01095241802,-0.01310214873,0.01178326003,3.067761365,-1.317898995,-0.1174610724,0.04757590701,0.8493310855,-0.8784117263,2.3069,-0.8142700325,-4.7728,-0.5325093291,0.9237642523,,2.53720631
2024-07-16 00:00:00.000,THE,0.04927389939,-0.01115569009,-0.0138351605,0.01288442867,2.484981616,-1.320472636,-0.2141298378,0.04476501486,0.6432856226,0.3625687227,2.399566667,-0.8132807427,-4.1393,-0.5087235398,0.8805795293,0.3832083898,2.172449492
2024-07-17 00:00:00.000,THE,0.05155463021,-0.01098530487,-0.01318223217,0.01191906155,2.557935047,-1.303168082,-0.1346686257,0.04620104493,0.7653123546,-0.7478559236,2.329066667,-0.8242020513,-4.3659,-0.5279221389,0.9111930037,0.3031324805,2.154067084
2024-07-18 00:00:00.000,THE,0.0480451771,-0.01098475307,-0.01320199293,0.01197037374,2.234386898,-1.269649885,-0.1408208565,0.0429666375,0.5171604772,-0.6752796624,2.366933333,-0.8245418532,-4.0558,-0.5196612267,0.8974886049,0.279738265,2
2024-07-19 00:00:00.000,THE,0.04978095448,-0.01072632825,-0.01295525367,0.0114929099,2.283338861,-1.242169026,-0.1125016474,0.04343012087,0.5533632667,-1.136703934,2.278166667,-0.8239254088,-4.2223,-0.5218266035,0.9182812799,0.1710829861,1.597327854
2024-07-22 00:00:00.000,THE,0.04998778148,-0.01057696939,-0.01301491769,0.01156235416,2.228307823,-1.21809015,-0.1239636714,0.04360371714,0.5704246661,-1.033040471,2.235933333,-0.841888632,-4.2903,-0.5406640833,0.9302490028,,1.206623016
2024-07-23 00:00:00.000,THE,0.05237681836,-0.009580674599,-0.01300437959,0.01148177261,2.314192171,-1.151033525,-0.1267173799,0.04373400284,0.5848425017,-1.095053846,2.0197,-0.8591504956,-4.5962,-0.5618916656,0.9705507572,0.1924534073,3.586739765
2024-07-24 00:00:00.000,THE,0.04907251044,-0.009502721022,-0.0138235108,0.01260981495,2.040287715,-1.12661615,-0.2370487753,0.04024839761,0.3184946201,0.1094964309,2.049966667,-0.8646002838,-4.4041,-0.5605498426,0.9591805376,0.3101721645,3.246457018
2024-07-25 00:00:00.000,THE,0.05184242027,-0.008417176198,-0.01349839319,0.01208283493,2.156458811,-1.067247492,-0.1973593113,0.0410028175,0.382014138,-0.4282870582,1.8034,-0.8807275647,-4.9009,-0.5893755192,1.020044457,0.1053601327,2.176792943
2024-07-26 00:00:00.000,THE,0.04926416685,-0.007670274398,-0.01391110143,0.01275041719,1.943521289,-1.022241502,-0.2566727169,0.03977078963,0.3009335537,0.2958982369,1.708033333,-0.8790660509,-4.8544,-0.5831340654,1.029878886,0.2587827722,4.254891105
2024-07-29 00:00:00.000,THE,0.04470812587,-0.007384223617,-0.01453297426,0.01352605314,1.626807806,-1.006528139,-0.3447986266,0.03613695081,0.01876270514,1.103917683,1.661866667,-0.8932944001,-4.4026,-0.570051173,1.011380398,,2.198875136
2024-07-30 00:00:00.000,THE,0.04307762095,-0.007032319889,-0.01524220634,0.01468955143,1.481679257,-0.9754047061,-0.4473633183,0.03632227883,0.04343460178,2.187352772,1.6048,-0.8995175161,-4.2972,-0.5710549647,1.023564619,0.3604995439,2.983320049
2024-07-31 00:00:00.000,THE,0.04044318783,-0.007344882143,-0.01549622175,0.01508186188,1.27639116,-0.9672195884,-0.4844038841,0.0341250288,-0.1294437285,2.432255777,1.6855,-0.9012656763,-4.0654,-0.5656006477,1.00342103,0.1895131993,3.640978853
2024-08-01 00:00:00.000,THE,0.04226518651,-0.008870976487,-0.01700832116,0.0181843839,1.329144587,-1.022323406,-0.6903233605,0.05787753933,1.87406182,5.089973282,2.007466667,-0.8858905469,-2.7324,-0.5126588398,0.7034199523,0.3783725897,12
2024-08-02 00:00:00.000,THE,0.04320467437,-0.00890863903,-0.01713567427,0.01856279336,1.329395484,-1.007299246,-0.7085188428,0.05778177138,1.869252189,3.526074353,2.041066667,-0.877559538,-2.7875,-0.511711506,0.7048660507,0.1888879224,4.794938502
2024-08-05 00:00:00.000,THE,0.04366174373,-0.008856719803,-0.01630817524,0.01683218284,1.304443075,-0.9842195249,-0.5978337349,0.05831604259,1.908972036,1.857498476,1.9243,-0.8878399793,-2.8849,-0.5259907752,0.7409363648,,3.544829156
2024-08-06 00:00:00.000,THE,0.03875588964,-0.00922061607,-0.01630027057,0.01698570876,1.005868231,-0.9742336203,-0.6046256328,0.05543603712,1.659300335,1.707216911,2.042633333,-0.8810687058,-2.304,-0.5052166118,0.6491641959,0.2783160392,3.098903839
2024-08-07 00:00:00.000,THE,0.03507525325,-0.009897776518,-0.01738561892,0.01948473835,0.7859971847,-0.9766816605,-0.7564135834,0.0515762041,1.330647063,2.572536702,2.313066667,-0.8690257305,-1.7459,-0.4856612446,0.561559653,0.2480643336,6.628746487
2024-08-08 00:00:00.000,THE,0.03150036382,-0.01091313615,-0.01800390543,0.02116955948,0.5836146453,-0.9943046554,-0.8417597816,0.04820445973,1.047014239,2.758683964,2.6155,-0.8549933545,-1.1013,-0.4636653165,0.4694947851,0.128217215,4.247007414
2024-08-09 00:00:00.000,THE,0.03395464769,-0.01136090225,-0.01827408631,0.02177568079,0.6832510328,-0.9922230518,-0.8804447075,0.04748266933,0.9830045444,2.462607129,2.7398,-0.8420336899,-1.3185,-0.4699444867,0.4838346907,0.1216052849,2
2024-08-12 00:00:00.000,THE,0.0360080255,-0.01159906472,-0.01924237814,0.02412068773,0.7590232234,-0.9759939336,-1.013415309,0.0497213015,1.165068749,2.755240626,2.787366667,-0.8430669067,-1.4289,-0.4763274863,0.5006558355,,1.73114381
2024-08-13 00:00:00.000,THE,0.03822049273,-0.0104801786,-0.01965937895,0.02468704864,0.8376261733,-0.9110450962,-1.071506888,0.05029130008,1.206517153,2.399133072,2.4848,-0.8598901862,-2.0515,-0.5059134817,0.5569624042,0.2902887469,7.195467578
2024-08-14 00:00:00.000,THE,0.04052115409,-0.01020794213,-0.01996835275,0.02517135511,0.9176476893,-0.8888946408,-1.114432133,0.04757146198,0.9750241659,2.140151835,2.4319,-0.8629250152,-2.3931,-0.5200245444,0.6064873461,0.1151869513,1.656142606
2024-08-15 00:00:00.000,THE,0.04011798499,-0.01030154828,-0.02014569627,0.02567940823,0.8683439714,-0.8809496844,-1.139815558,0.04402600106,0.6763731418,1.949111277,2.478566667,-0.8606851763,-2.322,-0.520006453,0.5946582867,0.1661131996,4.00451888
2024-08-16 00:00:00.000,THE,0.04019539838,-0.009878481177,-0.02041723602,0.02613684794,0.8430141503,-0.8524216496,-1.180560737,0.04218788456,0.5203519003,1.799776187,2.340866667,-0.8597238521,-2.5075,-0.5211538238,0.6354376795,0.1012601181,2
2024-08-19 00:00:00.000,THE,0.03639349467,-0.01035228178,-0.02057185545,0.02695560065,0.6479634516,-0.8539823857,-1.202846037,0.0409461367,0.4157620717,1.751946598,2.4065,-0.8558400422,-2.0291,-0.4886702077,0.5739999048,,1.702302796
2024-08-20 00:00:00.000,THE,0.03861873291,-0.008839937159,-0.01895637442,0.02275250647,0.7229365822,-0.7804732505,-0.9796067606,0.03892430315,0.2505041697,0.7826126286,1.994266667,-0.8732403994,-2.4308,-0.5000141994,0.6898449089,0.8290551855,6.231542778
2024-08-21 00:00:00.000,THE,0.03947217798,-0.009056404087,-0.018017212,0.02057515925,0.7333124078,-0.7652173909,-0.8521598471,0.03592208897,0.003593078054,0.2874098346,1.995633333,-0.8726697617,-2.492,-0.4974304383,0.7018786092,0.5561734805,3.229838513
2024-08-22 00:00:00.000,THE,0.0417169314,-0.007876641949,-0.01779370396,0.01974156875,0.8047116142,-0.7042665739,-0.8238139246,0.03307389545,-0.2301962919,0.04623776843,1.715433333,-0.8867757876,-2.9892,-0.5200842956,0.8136798658,0.3474708862,2.217543362
2024-08-23 00:00:00.000,THE,0.0412344193,-0.007513809043,-0.01812823194,0.02033473395,0.7736524271,-0.6803966696,-0.8721074904,0.02944848397,-0.5274596099,0.1035157533,1.6378,-0.8824529765,-2.9712,-0.5121088044,0.8336172882,0.08785670179,2.371712825
2024-08-26 00:00:00.000,THE,0.0412344193,-0.007513809043,-0.01812823194,0.02033473395,0.7537432365,-0.6767636988,-0.8743982571,0.02605524311,-0.8048574434,0.02036271004,1.6378,-0.87804859,-2.9712,-0.4916196255,0.8288563707,,1.869590684
2024-08-27 00:00:00.000,THE,0.03603721873,-0.009091646827,-0.01842111901,0.02143802125,0.5255470767,-0.7276769048,-0.9159464435,0.01876757288,-1.399289077,0.2113451637,2.0514,-0.8539868954,-2.1697,-0.4528202517,0.6728956464,0.2222230841,2
2024-08-28 00:00:00.000,THE,0.03369744186,-0.008899671561,-0.01835107473,0.02146433021,0.4163156976,-0.7101637562,-0.9076501974,0.01748697628,-1.497217951,0.1339809959,1.9623,-0.8578125509,-2.005,-0.4399220863,0.6649230515,0.1807040634,2
2024-08-29 00:00:00.000,THE,0.03136065585,-0.008934314357,-0.01828952799,0.02101223894,0.310813624,-0.6957980605,-0.8999527417,0.01680019887,-1.545952826,-0.09044580391,1.983733333,-0.8557140487,-1.6504,-0.4253894723,0.629353104,0.3226369435,1.795440813
2024-08-30 00:00:00.000,THE,0.0292832599,-0.009397000807,-0.01862933981,0.02209325984,0.217617738,-0.6984468487,-0.9480664815,0.01654343046,-1.556820752,0.1706806865,2.0629,-0.8437323258,-1.4101,-0.4083596494,0.5683841142,0.2970064563,2.162754126
2024-09-02 00:00:00.000,THE,0.02686026062,-0.006908513283,-0.01912092842,0.0234845424,0.1096737066,-0.6064791659,-1.015230741,0.03899220689,0.3269978338,0.6010509977,1.810733333,-0.8514341314,-1.4077,-0.3966189539,0.4889350635,,12
2024-09-03 00:00:00.000,THE,0.03011270327,-0.00617934941,-0.01927969346,0.02355540561,0.2407972056,-0.5755233804,-1.035756421,0.04084519656,0.4913328714,0.558523556,1.5643,-0.8614570345,-1.9649,-0.4166471065,0.5664623646,0.6254549613,12
2024-09-04 00:00:00.000,THE,0.03366634774,-0.005638860723,-0.01885176322,0.02231132667,0.3900623452,-0.5538886332,-0.9741448208,0.03992321182,0.4201892458,-0.007867793815,1.370666667,-0.8704151959,-2.4723,-0.4357134922,0.6050250971,0.2015312422,12
2024-09-05 00:00:00.000,THE,0.03315100292,-0.005986453662,-0.01899173848,0.02272796493,0.3633616959,-0.5604352914,-0.99158917,0.0382891302,0.2854956229,0.06524675818,1.4843,-0.8649805503,-2.3114,-0.4304606796,0.5765117744,0.08408178717,2.912427304
2024-09-06 00:00:00.000,THE,0.03028327322,-0.005998508873,-0.01906589247,0.02297226521,0.2322355344,-0.555550925,-0.9993753548,0.03730025781,0.205065245,0.1122057215,1.4371,-0.8586268516,-2.0535,-0.4128510208,0.5680868063,0.1309133568,3.094199198
2024-09-09 00:00:00.000,THE,0.02882438089,-0.00676913384,-0.01934276851,0.02429523425,0.1571150445,-0.5785432608,-1.035589941,0.03741586929,0.2168725987,0.7184013435,1.7491,-0.8341000724,-1.6391,-0.3949437984,0.5174113922,,3.307593967
2024-09-10 00:00:00.000,THE,0.03261874084,-0.00598717178,-0.0187033539,0.02194495826,0.3300174639,-0.5470471935,-0.9455869406,0.03490722229,0.005162383861,-0.4864315587,1.491966667,-0.8427584718,-2.1504,-0.413899474,0.5797774757,0.2540856356,5.120328527
2024-09-11 00:00:00.000,THE,0.02845589752,-0.007052559821,-0.01844965449,0.02152142075,0.1209283558,-0.5784084922,-0.9095777754,0.03208106491,-0.2337289551,-0.6443760739,1.7369,-0.827660885,-1.4818,-0.3859231092,0.5050783384,0.3569665177,2.643522117
2024-09-12 00:00:00.000,THE,0.02855598952,-0.007107380506,-0.01754739159,0.01962439206,0.1184811786,-0.5773799582,-0.7845952343,0.0297508101,-0.4293612,-1.516362829,1.647766667,-0.8320521453,-1.5411,-0.3901649344,0.5109191307,0.3119510928,3.697774999
2024-09-13 00:00:00.000,THE,0.0271697448,-0.00696068017,-0.01744325099,0.01933740315,0.03846784647,-0.5618129475,-0.770388469,0.02764130617,-0.6064447377,-1.511280389,1.6454,-0.8237102405,-1.3966,-0.3774435439,0.5021838596,0.2640171744,1.732948288
2024-09-16 00:00:00.000,THE,0.03008530778,-0.006956794142,-0.0163381714,0.01674353066,0.1752408529,-0.5597042756,-0.6192154451,0.02531363044,-0.8010858825,-2.680357315,1.5321,-0.822761988,-1.7174,-0.3944587974,0.5377411525,,1.425024913
2024-09-17 00:00:00.000,THE,0.02887290018,-0.006913682609,-0.0169014038,0.01831404886,0.1034666248,-0.5546250724,-0.7022832945,0.02446919769,-0.8686922933,-1.591962001,1.562066667,-0.8155073137,-1.6403,-0.3917373225,0.5409723043,0.2499589942,3.495996732
2024-09-18 00:00:00.000,THE,0.03118912246,-0.006482828742,-0.01685571344,0.0178457004,0.2123160591,-0.5371250361,-0.6969805365,0.02213836717,-1.061497687,-1.839233278,1.3604,-0.8230721637,-2.1135,-0.4128059472,0.565290895,0.3087944964,1.761829052
2024-09-19 00:00:00.000,THE,0.02885011873,-0.006585853466,-0.01392136867,0.01156188272,0.08429892645,-0.5400593599,-0.293588437,0.02131527232,-1.123356513,-4.811130671,1.317633333,-0.8241599667,-1.6844,-0.3985338909,0.5629264675,0.8341591539,8.529097693
2024-09-20 00:00:00.000,THE,0.02317907702,-0.006156098723,-0.01522185782,0.01408939009,-0.2216281101,-0.5221113047,-0.4794968437,0.01938634006,-1.278781872,-2.280876248,1.274166667,-0.8173080968,-1.2678,-0.3746234783,0.5467600344,0.3252940577,2.436020495
2024-09-23 00:00:00.000,THE,0.01806611414,-0.006961797698,-0.01565131434,0.01530507023,-0.4985810609,-0.5485318287,-0.5407459304,0.02043875858,-1.180803502,-1.577382696,1.464266667,-0.8006165677,-0.5628,-0.348401164,0.4146429576,,1.800096115
2024-09-24 00:00:00.000,THE,0.01856769293,-0.006714317167,-0.01557037914,0.01479486328,-0.4755870462,-0.5392246822,-0.5299783627,0.01916734484,-1.278958941,-1.571789355,1.408666667,-0.8000774559,-0.6662,-0.3519249809,0.4405210905,0.1764396753,2
2024-09-25 00:00:00.000,THE,0.0142136745,-0.007010870888,-0.01603563983,0.01623773349,-0.7132751489,-0.5490595971,-0.5998984395,0.0206689323,-1.144483222,-1.008303438,1.610266667,-0.7901335268,-0.0537,-0.3269898194,0.4239923611,0.1658078642,2.123107966
2024-09-26 00:00:00.000,THE,0.01439389011,-0.007843731014,-0.016528596,0.01757656495,-0.7060958005,-0.5801527984,-0.6774212726,0.02161529233,-1.056218828,-0.5532883237,1.819066667,-0.7800698866,0.1533,-0.3199218984,0.4290060689,0.3597188443,2.027984437
2024-09-27 00:00:00.000,THE,0.01576397364,-0.007604031134,-0.01680303745,0.01809859215,-0.6365438676,-0.5706466197,-0.7171893086,0.02052578788,-1.138933364,-0.3584170461,1.6972,-0.7777668332,-0.1129,-0.3223951533,0.4697107693,0.1351032461,2
2024-09-30 00:00:00.000,THE,0.0117193912,-0.007720641181,-0.01709776742,0.01888328724,-0.8654173902,-0.5742808892,-0.7592855521,0.02204254416,-1.003160141,-0.1038834762,1.871766667,-0.7633436467,0.4702,-0.3017524563,0.5446004562,,1.663769629
2024-10-01 00:00:00.000,THE,0.007957269893,-0.00360992896,-0.01714466105,0.02081877831,-1.069503109,-0.4086849524,-0.7608588192,0.04379063056,0.8190325573,0.4815770537,2.0497,-0.7556754107,0.4185,-0.3032098611,0.2222925877,0.1483866679,12
2024-10-02 00:00:00.000,THE,0.01112252428,-0.003169081533,-0.01694723863,0.01984846776,-0.900439372,-0.3886513819,-0.7329763732,0.03986942293,0.4903818751,0.2528767897,1.753,-0.7731865584,-0.0819,-0.324753762,0.3042147251,0.2468753171,4.87900117
2024-10-03 00:00:00.000,THE,0.008780082261,-0.003826484424,-0.017384631,0.02145037257,-1.023935403,-0.41651517,-0.7947265213,0.04156609766,0.6305214672,0.8065079015,2.005466667,-0.7567640655,0.4494,-0.303909945,0.2263714495,0.1750339675,3.61381501
2024-10-04 00:00:00.000,THE,0.008225148327,-0.004672164843,-0.017759415,0.02275410355,-1.05242967,-0.4531678066,-0.8473416073,0.04202750656,0.6674047134,1.231433337,2.301466667,-0.7338611802,0.7336,-0.283852253,0.3332640798,0.1143786029,4.092011802
2024-10-07 00:00:00.000,THE,0.008691630205,-0.004172396153,-0.01780113719,0.02287119406,-1.02681991,-0.4295043014,-0.8530282094,0.04110388296,0.5880594253,1.266537303,2.105,-0.760103125,0.5233,-0.2957964378,0.4193044061,,2.968604836
2024-10-08 00:00:00.000,THE,0.009856371856,-0.003609575743,-0.0166704623,0.01928211892,-0.9646727354,-0.4018620955,-0.6944690163,0.03489324233,0.07212618611,0.1619129574,1.760466667,-0.7813098559,0.1321,-0.3106542373,0.3793754276,0.3496449327,6.96511607
2024-10-09 00:00:00.000,THE,0.009481114595,-0.003352081711,-0.01645834048,0.0187167848,-0.9837127646,-0.3899644933,-0.6693681593,0.03301668747,-0.07873121702,0.06621540715,1.626733333,-0.7916574695,0.0256,-0.3155732429,0.4195731741,0.06765321482,2.325562623
2024-10-10 00:00:00.000,THE,0.008663787512,-0.004440990361,-0.01710353993,0.02097843836,-1.025886347,-0.4360184394,-0.7666055264,0.03523178757,0.1095269261,0.9074230436,2.119066667,-0.7650855565,0.6396,-0.2921414957,0.4384919465,0.1620490125,2.878392363
2024-10-11 00:00:00.000,THE,0.009080248857,-0.004179131854,-0.01691296177,0.02017934729,-1.003181814,-0.421305394,-0.7413552594,0.03297114501,-0.07811827591,0.6450412588,1.926366667,-0.7678886121,0.4404,-0.2942051748,0.4839602423,0.05796411463,2.073636661
2024-10-14 00:00:00.000,THE,0.008799144096,-0.004598250638,-0.01707788017,0.02092689887,-1.017308731,-0.4364324379,-0.7716095179,0.03303669024,-0.06918226222,0.8931780214,2.067833333,-0.7778764232,0.6729,-0.288729742,0.4674960499,,1.52138717
2024-10-15 00:00:00.000,THE,0.007822117503,-0.004479179929,-0.01679409037,0.02021515504,-1.067748595,-0.4282202188,-0.7352702795,0.03195899807,-0.1565765062,0.6084490153,1.9047,-0.7890625926,0.7922,-0.2856496781,0.4814079555,0.2008899834,3.401330617
2024-10-16 00:00:00.000,THE,0.008697630078,-0.003950589035,-0.01637098813,0.01878020789,-1.021914577,-0.3944316303,-0.6758211834,0.02874625236,-0.4229843098,0.05945318859,1.7736,-0.7997371915,0.5357,-0.2998330267,0.5116698024,0.2447452293,1.468410196
2024-10-17 00:00:00.000,THE,0.007787577141,-0.0046228909,-0.01632125946,0.01895079833,-1.070921643,-0.4217761872,-0.6705100965,0.02918054607,-0.3831446361,0.110435206,2.0853,-0.7825915195,0.8742,-0.2899245261,0.4842891701,0.1822941443,3.134076922
2024-10-18 00:00:00.000,THE,0.008581440738,-0.004133421596,-0.01600923065,0.01811728474,-1.030156745,-0.3904370343,-0.6293771275,0.02699956645,-0.5652575037,-0.1942649096,1.940233333,-0.7834748862,0.5771,-0.2969101393,0.5166044476,0.1023926362,2
2024-10-21 00:00:00.000,THE,0.00765908134,-0.004201397528,-0.01636213195,0.01893456,-1.079849503,-0.389015158,-0.6823092083,0.02701730058,-0.5620987639,-0.02465384119,2.028166667,-0.7865473885,0.7469,-0.292806844,0.614547944,,1.429502667
2024-10-22 00:00:00.000,THE,0.006970936833,-0.004513311242,-0.01686719106,0.02021838912,-1.117730616,-0.4012120886,-0.753498624,0.02810838372,-0.468932593,0.464894214,2.059833333,-0.7789237893,0.9269,-0.285332415,0.6841426438,0.16827552,8.692388727
2024-10-23 00:00:00.000,THE,0.006505940491,-0.004577350659,-0.01707773389,0.02092449984,-1.14379858,-0.4051094448,-0.7826396256,0.02848745523,-0.4363868515,0.7527482085,2.079566667,-0.7779036893,1.0627,-0.2780877797,0.7148578355,0.09879045497,1.66241271
2024-10-24 00:00:00.000,THE,0.006886282598,-0.004852129814,-0.01734094095,0.02181692824,-1.125459746,-0.4112098117,-0.8189639608,0.02881014316,-0.4090195419,1.252430273,2.1793,-0.7718218534,1.1383,-0.2734671553,0.717473333,0.3226624545,12
2024-10-25 00:00:00.000,THE,0.005763677867,-0.005804691193,-0.01808324373,0.02449040601,-1.187433243,-0.4518218163,-0.9221684235,0.03320274107,-0.04159238052,2.986551689,2.492066667,-0.7499635459,1.6819,-0.2467499368,0.7816714486,0.4515381162,5.299418818
2024-10-28 00:00:00.000,THE,0.006463412506,-0.005354717382,-0.01743236895,0.02305555262,-1.131352368,-0.4277221521,-0.831757325,0.03178913111,-0.1567761385,1.609883524,2.2887,-0.7691866199,1.4284,-0.2566411895,0.7742373942,,3.151976918
2024-10-29 00:00:00.000,THE,0.006371148724,-0.005503182476,-0.01681910828,0.02288323579,-1.124502713,-0.4372265207,-0.7466601988,0.03435894513,0.06265392407,1.353920174,2.219133333,-0.7745629487,1.4884,-0.25113118,0.7871925967,0.481530644,2.813017184
2024-10-30 00:00:00.000,THE,0.008229926961,-0.005148294184,-0.01637469531,0.02131532966,-1.018844557,-0.4134178354,-0.6852181478,0.03209218279,-0.1265417575,0.3150971525,1.900566667,-0.7911860734,1.0283,-0.264791579,0.6958415023,0.3900030029,3.53920176
2024-10-31 00:00:00.000,THE,0.009555608569,-0.00386173949,-0.01630450449,0.02032122561,-0.9442524526,-0.3360595333,-0.6754892799,0.02898103081,-0.3867689018,-0.2745638413,1.4203,-0.8139360943,0.263803,-0.291092692,0.6359191883,0.2407675265,3.120192702
2024-11-01 00:00:00.000,THE,0.003587399772,-0.0004594317502,-0.01409056904,0.01733096329,-1.256517006,-0.134128528,-0.3675715617,0.04476854547,0.9457248783,-2.029532234,1.3467,-0.8097041735,0.4068,-0.2776877937,0.629522891,0.4685484575,12
2024-11-04 00:00:00.000,THE,0.001911000204,-0.002003340486,-0.01429138942,0.01859918549,-1.321824464,-0.2138009217,-0.4019958984,0.04679018794,1.111202202,-1.081262183,1.638166667,-0.8010402593,1.085,-0.2386311182,0.8126534759,,4.769715864
2024-11-05 00:00:00.000,THE,0.002257651379,-0.002180125241,-0.01447023923,0.01895358907,-1.297836454,-0.2150382179,-0.4341570317,0.04749135102,1.162781139,-0.7933336567,1.6117,-0.799618984,1.1542,-0.229722045,0.8407891189,0.3374031989,12
2024-11-06 00:00:00.000,THE,0.001705087082,-0.002663551704,-0.01429532958,0.01857202319,-1.317092018,-0.2382700616,-0.4140998165,0.04653224622,1.074274171,-0.9298832725,1.624533333,-0.7981559174,1.3292,-0.2195710371,0.8864173444,0.334158719,3.289216437
2024-11-07 00:00:00.000,THE,0.00230309194,-0.004196038807,-0.01455706357,0.02033983149,-1.264975695,-0.3314041632,-0.4560619285,0.05079204377,1.422709681,0.07485222295,1.3577,-0.8080498881,1.5161,-0.2096493754,0.9538368855,0.387096753,7.154955453
2024-11-08 00:00:00.000,THE,0.001953718526,-0.007073643364,-0.01424378974,0.02149991051,-1.26885277,-0.5172630418,-0.4133800688,0.0560007423,1.843928283,0.6829752999,1.403366667,-0.7951762353,2.5382,-0.1581703043,1.046033927,0.4486312518,8.050901071
2024-11-11 00:00:00.000,THE,0.001257768696,-0.009730795096,-0.01529154989,0.02566001953,-1.286969695,-0.7034962303,-0.5667585479,0.06422007569,2.502554114,2.977332498,1.394433333,-0.7996814491,3.3943,-0.1132918767,1.084295121,,8.497655605
2024-11-12 00:00:00.000,THE,0.0006056735259,-0.007569596004,-0.01519353857,0.02454000808,-1.267593205,-0.5517021642,-0.554219533,0.05949160914,2.075401589,1.85350423,1.673433333,-0.7822129666,3.0772,-0.1214203427,1.101553715,0.6184404864,3.304936085
2024-11-13 00:00:00.000,THE,0.001176505306,-0.007297078741,-0.01531020527,0.02486883229,-1.193619163,-0.5380977002,-0.5756364888,0.05876483992,1.989930167,1.78607246,1.829266667,-0.7714041704,3.0172,-0.1200503653,1.093243561,0.2287595861,3.472722348
2024-11-14 00:00:00.000,THE,0.0007143985308,-0.009088639209,-0.01626375869,0.02992281161,-1.185763232,-0.6755952809,-0.7254558214,0.06629770287,2.571516104,3.618636711,2.3905,-0.7389595131,3.9753,-0.07624349428,1.109067645,0.4468715815,8.05911386
2024-11-15 00:00:00.000,THE,0.000570508883,-0.009137533233,-0.01656963374,0.03155028067,-1.168356343,-0.6795210006,-0.7602233505,0.06830546924,2.687267467,3.24373569,2.037366667,-0.7453564478,3.7432,-0.07861609249,1.131859654,0.5553297833,5.24275903
2024-11-18 00:00:00.000,THE,0.0008337520475,-0.0106124266,-0.01677064059,0.03263386203,-1.151821004,-0.7946552434,-0.7838422167,0.06827273367,2.636380562,2.820141339,2.062533333,-0.7462652505,4.167,-0.05292393564,1.125934413,,3.307208626
2024-11-19 00:00:00.000,THE,0.0003559753534,-0.01012824738,-0.01638693574,0.02951696181,-1.144494108,-0.7496101509,-0.7280057242,0.06114848463,2.038986794,1.576804377,1.918866667,-0.7487949755,3.8401,-0.06062252122,1.132872737,0.6697096767,2.245295653
2024-11-20 00:00:00.000,THE,0.000859115542,-0.01111563316,-0.01656873175,0.03215114066,-1.076792972,-0.8235538859,-0.7540598493,0.06528510903,2.332557341,2.007367908,2.235466667,-0.7304594392,4.2884,-0.03581829678,1.135918811,0.4289751516,4.87257986
2024-11-21 00:00:00.000,THE,0.001143598253,-0.01049817946,-0.01743341892,0.03595864038,-1.033858485,-0.76773264,-0.8746316179,0.06848091531,2.541848037,2.544886928,2.391766667,-0.7180872198,4.4509,-0.02535391647,1.138793756,0.5467731561,7.567353779
2024-11-22 00:00:00.000,THE,0.00182627711,-0.009374201463,-0.01692501719,0.03281748643,-0.9927934967,-0.6677056832,-0.7841320167,0.06213273242,2.021638438,1.531964215,2.2562,-0.714449775,3.8115,-0.04795687561,1.121020032,0.2272643002,2.487042732
2024-11-25 00:00:00.000,THE,0.002292520593,-0.01001047225,-0.01764274074,0.03604254895,-0.9623979819,-0.7167732167,-0.8693703316,0.06514566277,2.2220501,1.944125408,2.384733333,-0.7115656825,4.0996,-0.02582997243,1.117466525,,2.603924005
2024-11-26 00:00:00.000,THE,0.002746723381,-0.008611439786,-0.01805365737,0.03513720198,-0.926736799,-0.5881963542,-0.9212852835,0.06094188505,1.879583887,1.55285077,2.076333333,-0.7233191579,3.4428,-0.04869648497,1.094342347,0.5267484677,2.843613844
2024-11-27 00:00:00.000,THE,0.002125436726,-0.007770181512,-0.01778310509,0.0344896377,-0.9458430183,-0.5056628824,-0.8801215393,0.05932595226,1.740004358,1.288506055,1.9922,-0.7249684917,3.2045,-0.05394583046,1.114984114,0.2598542521,2.245264653
2024-11-28 00:00:00.000,THE,0.002291594743,-0.006995269041,-0.01808725837,0.0343683662,-0.9364905479,-0.4269710367,-0.9221948756,0.05668118562,1.528704998,1.148587346,1.736633333,-0.7343373808,2.8876,-0.06488207212,1.125097834,0.2699887288,1.716883
2024-11-29 00:00:00.000,THE,0.0009429769502,-0.007029347823,-0.0187921932,0.03586274595,-0.9926265225,-0.4210131128,-1.019857924,0.05595931154,1.462401629,1.266310379,1.830366667,-0.7202741374,3.0264,-0.0528458129,1.150200091,0.4344908521,3.615401113
2024-12-02 00:00:00.000,THE,-0.005448454105,-0.008100220225,-0.01734177564,0.03702901164,-1.254466326,-0.5124120768,-0.8111069557,0.07541322425,2.862227132,1.322524485,8.1342,-0.4038241578,4.2668,0.01806849255,1.287762741,,12
2024-12-03 00:00:00.000,THE,-0.006295263961,-0.008942413659,-0.01720839194,0.03727316393,-1.266153549,-0.5858734288,-0.7919904122,0.07473416776,2.756532415,1.258994844,7.981466667,-0.4091701608,4.777,0.05039855154,1.292846473,0.2470663716,5.392873961
2024-12-04 00:00:00.000,THE,-0.004539035639,-0.007257388505,-0.01661799648,0.03393748577,-1.180794809,-0.4142500091,-0.7061461,0.06799978553,2.229838907,0.6328078686,7.921033333,-0.4109106817,3.9698,0.02236142847,1.263449793,0.5157972283,12
2024-12-05 00:00:00.000,THE,-0.004548401253,-0.007214021419,-0.01583529361,0.03186901588,-1.182110048,-0.4009860666,-0.5876547967,0.0635765346,1.88976464,0.2057741065,7.660233333,-0.4229855289,3.8972,0.02643705718,1.264614486,0.4505288463,3.633240335
2024-12-06 00:00:00.000,THE,-0.003611222401,-0.00776257658,-0.01578672325,0.03122800468,-1.125840069,-0.4489289935,-0.577357283,0.05971501978,1.600450757,-0.01569610431,7.513433333,-0.4233568522,3.8785,0.03322498728,1.278236362,0.2142325401,3.390957206
2024-12-09 00:00:00.000,THE,-0.003617009339,-0.005678178264,-0.01520912392,0.02732749812,-1.09909947,-0.2192827642,-0.4927547722,0.04951314439,0.8810239862,-1.01346107,7.192566667,-0.4427648568,3.2018,0.01149337414,1.273444562,,2.80364333
2024-12-10 00:00:00.000,THE,-0.003563817837,-0.006314037566,-0.01535441732,0.02779373231,-1.075083427,-0.2760373035,-0.5099451707,0.04335930255,0.4510181872,-1.101719436,7.2601,-0.4380352688,3.3292,0.02356173905,1.305181774,0.3710367666,2.595102885
2024-12-11 00:00:00.000,THE,-0.002077111908,-0.005655839128,-0.01492432876,0.02562384299,-1.010481308,-0.1916697353,-0.4453493448,0.03537510873,-0.1009549849,-1.74981946,7.008433333,-0.4498874849,2.7898,0.003073443589,1.321930377,0.5968693063,2.278708705
2024-12-12 00:00:00.000,THE,-8.53991662e-05,-0.00466143142,-0.01363635742,0.02116331801,-0.9062698717,-0.06576559002,-0.2641760655,0.0291795752,-0.529674124,-3.033649545,6.277833333,-0.4859247002,1.9507,-0.0328714681,1.301418077,0.6215078557,4.570067052
2024-12-13 00:00:00.000,THE,0.001487564864,-0.003463531603,-0.01285193723,0.018564183,-0.8253130072,0.0875830743,-0.1521661776,0.02729245502,-0.6590581398,-3.301157864,5.853033333,-0.501090301,1.4045,-0.05422974679,1.262902522,0.2640361554,12
2024-12-16 00:00:00.000,THE,0.001626613587,-0.002189451196,-0.01196964092,0.0160027943,-0.7961645812,0.2566442651,-0.02689793995,0.02440152254,-0.8581402963,-3.085294601,5.622466667,-0.5139235001,0.9335,-0.06963687798,1.245407258,,3.039594046
2024-12-17 00:00:00.000,THE,0.001426616664,-0.003333797524,-0.01300186172,0.01849965252,-0.7719833684,0.1370840874,-0.1704934603,0.01763837904,-1.32434,-2.026080089,5.907333333,-0.4961467048,1.2456,-0.04930176369,1.376206607,0.6829115666,3.992708069
2024-12-18 00:00:00.000,THE,0.002982136366,-0.002657017848,-0.01292737797,0.01809986027,-0.6900367714,0.2414879666,-0.1582261354,0.01852507348,-1.258435766,-1.817738288,5.7824,-0.5032626634,0.8682,-0.06616090802,1.452133908,0.3839173672,3.215468793
2024-12-19 00:00:00.000,THE,0.001846454273,-0.003648252818,-0.01428894545,0.02197461187,-0.7074133226,0.1380547205,-0.348398691,0.01494906569,-1.503108002,-1.068742028,6.3092,-0.474348617,1.4347,-0.03442644801,1.469132277,0.442158806,12
2024-12-20 00:00:00.000,THE,0.0007320187765,-0.00537871988,-0.01481351102,0.02352519915,-0.7370647072,-0.07037952153,-0.4194385104,0.01513508741,-1.48412456,-0.7655442873,6.3252,-0.4673203325,1.8948,-0.006964633683,1.531482749,0.3240926953,8.87875256
2024-12-23 00:00:00.000,THE,-0.0004261831509,-0.006843156488,-0.01546958786,0.02733677437,-0.7747337202,-0.2532061127,-0.5089643051,0.01535237231,-1.46385054,-0.1624343113,6.9001,-0.4366955136,2.5817,0.03966389897,1.571744084,,5.278880714
2024-12-24 00:00:00.000,THE,0.0006678510575,-0.007050384577,-0.01566249167,0.0274990932,-0.7317354009,-0.270254578,-0.5376979985,0.01427306615,-1.526729087,-0.1045799435,6.917733333,-0.4353270926,2.5139,0.03931253915,1.623491882,0.195414433,5.060554196
2024-12-27 00:00:00.000,THE,-0.0004878977787,-0.007468925703,-0.01689156364,0.03092512593,-0.7775456358,-0.3184746276,-0.7098259457,0.01498998344,-1.466627618,0.4468953271,7.425166667,-0.4058440418,2.9458,0.06856605383,1.626104347,,3.153563323
2024-12-30 00:00:00.000,THE,-0.0003066614686,-0.008108639168,-0.0167594222,0.03082294549,-0.7700165762,-0.4003847848,-0.6809387206,0.01489291509,-1.461873909,0.4723083918,7.542133333,-0.4053887495,3.0322,0.07436608345,1.63765644,,3.133113678
2024-12-31 00:00:00.000,THE,-0.0002807002135,-0.007661292032,-0.01738329909,0.03216260008,-0.7606417656,-0.325075044,-0.7618593716,0.01789231858,-1.249237697,0.7116488756,7.827566667,-0.3900767941,2.910499677,0.06376657544,1.631011323,0.1770875321,2.666979214
2025-01-02 00:00:00.000,THE,-0.004653396649,-0.009670042831,-0.01667401067,0.03334557753,-0.9399568618,-0.6188036285,-0.6615157246,0.02410494176,-0.8261542513,0.9204281754,7.9154,-0.3893316458,3.8987,0.1204173763,1.920936686,,7.592117623
2025-01-03 00:00:00.000,THE,-0.003245579729,-0.008987739684,-0.01673222927,0.03185187592,-0.8849843064,-0.5091884934,-0.6702327277,0.02503402462,-0.7627919672,0.7251662498,7.6087,-0.4082254928,3.2976,0.06655643413,1.921397938,0.3371616007,4.715129403
2025-01-06 00:00:00.000,THE,-0.0007819157583,-0.007376744556,-0.01586358559,0.02725731153,-0.7740056551,-0.2434446069,-0.5461002254,0.02068567278,-1.054085384,0.04384852571,6.837066667,-0.4457063452,2.432,0.01102758083,1.902873879,,7.85466673
2025-01-07 00:00:00.000,THE,-0.0005283737897,-0.007907683179,-0.01596167049,0.02771834785,-0.7558740148,-0.320099808,-0.5647324359,0.02217313321,-0.952828926,0.2155975611,6.945733333,-0.4452090932,2.4916,-0.003432749498,1.909372553,0.1871576074,4.176452
2025-01-08 00:00:00.000,THE,-0.0006911667767,-0.006463840589,-0.01500169506,0.02408043214,-0.7647036028,-0.0562234824,-0.4235230807,0.01865906207,-1.18807466,-0.4013029742,6.4539,-0.4730934584,1.837,-0.04077773641,1.880522553,0.2509690675,6.286580417
2025-01-09 00:00:00.000,THE,0.001355167318,-0.006530445002,-0.01484027311,0.0236134755,-0.6630949802,-0.04613908405,-0.3971314745,0.01722487761,-1.282004193,-0.430968952,6.479366667,-0.4752292351,1.5825,-0.05649591153,1.84569065,0.2419871837,6.883898551
2025-01-10 00:00:00.000,THE,0.0006497384577,-0.006580522093,-0.01511081073,0.02373031567,-0.6976035952,-0.03120270283,-0.4362714669,0.02100566151,-1.026843291,-0.3472292249,6.3942,-0.4831445756,1.5392,-0.06269889808,1.839352018,0.4073636164,12
2025-01-13 00:00:00.000,THE,0.0007294128312,-0.00841875763,-0.01690057842,0.02967935607,-0.6799552588,-0.3956181592,-0.7141896717,0.02490191487,-0.7662587346,0.8645868013,7.0555,-0.4445455333,2.3251,-0.01026592891,1.83135606,,2.127961322
2025-01-14 00:00:00.000,THE,0.0005477602893,-0.007871918253,-0.01629916941,0.0272745801,-0.6857355877,-0.2678807456,-0.6187079313,0.02003958671,-1.094155665,0.3659939296,6.5727,-0.4739389069,2.1419,-0.0238197591,1.809038362,0.2408054195,1.876684964
2025-01-15 00:00:00.000,THE,3.070848294e-05,-0.007571467622,-0.01660920773,0.02820814966,-0.7036057999,-0.1913802796,-0.668959016,0.01683679499,-1.30882675,0.5315564128,6.675566667,-0.4690202474,2.1179,-0.0222109999,1.799396543,0.5733764305,2.575984653
2025-01-16 00:00:00.000,THE,0.001305187331,-0.00659078504,-0.01613877045,0.02655287489,-0.6404382568,0.03958663625,-0.5982118164,0.01609636862,-1.356476375,0.1452441428,6.631,-0.4737292489,1.6983,-0.04142022062,1.752052139,0.2229795633,2
2025-01-17 00:00:00.000,THE,0.0006600960027,-0.006302335732,-0.01643283556,0.02697561852,-0.6707816563,0.1201333943,-0.6446999733,0.02071930353,-1.045285425,0.1626010291,6.8071,-0.4663236239,1.6198,-0.04377806236,1.744928209,0.2442798937,1.794753903
2025-01-20 00:00:00.000,THE,0.0002452809984,-0.007631793011,-0.01615169571,0.02866693169,-0.6947931922,-0.1725069781,-0.5988762791,0.01622714866,-1.347916292,0.4664619138,7.1828,-0.4400798908,2.2311,0.008196278914,1.759981625,,2.313732753
2025-01-21 00:00:00.000,THE,-0.0008863141203,-0.01270408374,-0.01612367294,0.03163905529,-0.7570479129,-1.358052618,-0.5935148743,0.01658345112,-1.323422354,1.186240397,7.117366667,-0.4479228127,3.9344,0.1051210394,1.830606066,0.4809864896,4.299221452
2025-01-22 00:00:00.000,THE,0.0007537431533,-0.01492799722,-0.01559577312,0.03121606049,-0.6674112745,-1.887216194,-0.5046236897,0.01709156441,-1.289988035,1.04518244,6.6691,-0.4735148896,4.2068,0.1266658027,1.821781534,0.6266547158,2.737372782
2025-01-23 00:00:00.000,THE,0.001268172956,-0.01637018236,-0.01592607373,0.03260776845,-0.6389198611,-2.240549667,-0.5572986027,0.01751243302,-1.263101471,1.438398448,6.596166667,-0.4791344712,4.4297,0.1468634491,1.786394762,0.3309561957,6.462384957
2025-01-24 00:00:00.000,THE,0.0009064189547,-0.01752043623,-0.01623917618,0.03379998556,-0.659975247,-2.528960317,-0.6061789995,0.01729766816,-1.277515646,1.730202191,6.554733333,-0.4831299469,4.8143,0.1748073905,1.77970161,0.2460497278,3.435152567
2025-01-27 00:00:00.000,THE,0.002544937209,-0.01648732309,-0.01570498682,0.03117033983,-0.5586385842,-2.223541495,-0.5186152276,0.01798532669,-1.23373617,0.6870071463,6.162,-0.4990874122,4.1551,0.1573263954,1.7438972,,2.794650153
2025-01-28 00:00:00.000,THE,0.0008693231472,-0.01645339402,-0.01577590865,0.03116154819,-0.663206995,-2.220007796,-0.532576067,0.01623681148,-1.343096455,0.6255077792,6.182566667,-0.5024798754,4.302,0.1668061312,1.752961884,0.2181323044,3.446118454
2025-01-29 00:00:00.000,THE,-0.0007672228694,-0.01956983955,-0.01701122724,0.03697480305,-0.7713764977,-2.988808677,-0.7529006729,0.01651778428,-1.315700999,2.474648225,6.591633333,-0.4826327235,5.6646,0.2602187329,1.764474121,0.4716213466,3.757425354
2025-01-30 00:00:00.000,THE,-0.002360913324,-0.02253790522,-0.01678665199,0.03868843158,-0.880825405,-3.714206862,-0.7135836768,0.02187873445,-0.9517418913,2.583880069,6.458266667,-0.4926557795,6.7875,0.3402472605,1.773159409,0.4292799725,2.757220924
2025-01-31 00:00:00.000,THE,-0.00174594442,-0.02110195206,-0.01849143897,0.04244701759,-0.8450775144,-3.319184278,-1.024700989,0.01771750149,-1.222671838,3.119936054,6.848566667,-0.4689099003,6.5109,0.3252863675,1.730933947,0.5417361831,7.284775067
2025-02-03 00:00:00.000,THE,-0.002541819139,-0.02292690507,-0.01760399124,0.04244228056,-0.9080640609,-3.753715664,-0.861238747,0.03244831499,-0.2423619315,2.512604628,6.828166667,-0.4637084685,7.1426,0.3839743423,1.866268969,,12
2025-02-04 00:00:00.000,THE,-0.002729000537,-0.01800535014,-0.01721690301,0.03887379302,-0.9209305693,-2.435605875,-0.7865396307,0.02891020592,-0.4751628847,1.468007834,6.9259,-0.4559728455,5.5821,0.2787065434,1.853232192,0.4853907698,5.41845449
2025-02-05 00:00:00.000,THE,-0.004259885912,-0.0163003594,-0.01743901541,0.0395651553,-1.02562286,-1.973602031,-0.8259091287,0.02419125075,-0.7842789619,1.438506244,7.5354,-0.4172808223,5.6165,0.2847469217,1.857448603,0.5048557324,6.775214667
2025-02-06 00:00:00.000,THE,-0.004068637775,-0.01654500068,-0.01700700099,0.03834605101,-1.002037668,-2.012775865,-0.7383920635,0.02449908764,-0.7612898743,1.088342454,7.6032,-0.4103081946,5.7959,0.296857798,1.859253501,0.6733943348,3.414882783
2025-02-07 00:00:00.000,THE,-0.004028418449,-0.01589230077,-0.01783361164,0.040949188,-0.9875590429,-1.829653349,-0.8901689655,0.02519371607,-0.7139653958,1.441294794,8.081433333,-0.3790988851,5.7089,0.2917972509,1.871103208,0.2929230751,4.788559324
2025-02-10 00:00:00.000,THE,-0.005494967053,-0.01650820786,-0.01847758686,0.04470093153,-1.09439637,-1.970965941,-1.009179879,0.02773912398,-0.5450464717,1.978628236,8.687566667,-0.3320416954,6.6204,0.3683590523,1.881869794,,3.71524036
2025-02-11 00:00:00.000,THE,-0.00301934056,-0.01558302305,-0.01803675816,0.04368994481,-0.8879877672,-1.724509288,-0.9195617311,0.0250244004,-0.7237802479,1.610139512,8.986866667,-0.3107799424,5.7067,0.3062179121,1.876320135,0.243710829,4.609037684
2025-02-12 00:00:00.000,THE,-0.0003040396597,-0.009763017185,-0.01739595065,0.04187652424,-0.6578020079,-0.2516497302,-0.7900574856,0.02685061059,-0.6032168925,1.135232129,10.4359,-0.221261731,3.3201,0.1577171042,1.839971654,0.5364184087,9.387403849
2025-02-13 00:00:00.000,THE,-0.00108369374,-0.006038641364,-0.01659089019,0.04225360006,-0.7165907719,0.7051289481,-0.6266480689,0.03186539716,-0.2737230872,1.100634903,11.102166667,-0.1761728533,2.1545,0.09124790978,1.783625894,1.246482151,6.904351603
2025-02-14 00:00:00.000,THE,-0.0007305389369,-0.0079597505,-0.01581987718,0.04069175193,-0.6795343928,0.2079000806,-0.4669249915,0.03177941904,-0.2823820445,0.7362432619,10.741533333,-0.1888860707,2.6718,0.1365436257,1.799139546,0.2944047982,4.05166781
2025-02-17 00:00:00.000,THE,0.0002356730869,-0.009292661657,-0.01381488454,0.03608171013,-0.5821698062,-0.1364675244,-0.05411371179,0.04128051227,0.3421978256,-0.1845653816,10.0933,-0.2083404725,2.683,0.169928777,1.806383778,,2.229315258
2025-02-18 00:00:00.000,THE,0.001048666213,-0.01000728729,-0.0135478943,0.03439916547,-0.4948382322,-0.3240968986,0.01087041312,0.02734662224,-0.5849108253,-0.6341833425,10.1255,-0.2030938417,2.8742,0.1818310652,1.791999745,0.5139875567,2.80204454
2025-02-19 00:00:00.000,THE,0.001063241849,-0.008522996741,-0.0128382477,0.03229354666,-0.4806746681,0.05251883788,0.1700260112,0.03181357081,-0.2908658302,-1.209344298,9.897566667,-0.206672598,2.4345,0.1624492222,1.76539098,0.1970779453,2.061739609
2025-02-20 00:00:00.000,THE,0.001234780143,-0.008180014821,-0.01268275483,0.03027925016,-0.4508502929,0.1366831818,0.2151541531,0.02586360663,-0.6889106324,-1.675019894,9.541066667,-0.2192874052,2.3288,0.1654757391,1.769656525,0.3358355073,3.769615816
2025-02-21 00:00:00.000,THE,0.002043477203,-0.005924222893,-0.01212498182,0.02867015629,-0.3571043106,0.7102393499,0.3474295961,0.02644883105,-0.6526805257,-1.990347542,9.721666667,-0.2007082864,1.4734,0.1046438649,1.683980183,0.23563997,4.859249068
2025-02-24 00:00:00.000,THE,0.0005264801441,-0.006455115479,-0.01216636482,0.02966015277,-0.4970909692,0.5652872038,0.3519246734,0.02629930236,-0.6665205996,-1.628433516,9.8904,-0.1709561105,1.8936,0.1480416577,1.734087003,,1.267599756
2025-02-25 00:00:00.000,THE,0.001204956293,-0.004133482659,-0.01153520448,0.02655258467,-0.414182456,1.156086392,0.5054400684,0.03528529253,-0.0704781578,-2.122053885,9.138066667,-0.2167548849,1.0972,0.08881693818,1.541767659,0.1994855346,2.643423391
2025-02-26 00:00:00.000,THE,0.0005049132692,0.001247402912,-0.01019331545,0.02076804568,-0.477809007,2.533641162,0.8218703436,0.03183187159,-0.3008456059,-2.996025485,8.619833333,-0.2439906789,-0.1972,-0.00927234802,0.3099239886,0.638826449,10.040701811
2025-02-27 00:00:00.000,THE,0.0008683219568,-0.003388919083,-0.01142648219,0.02604944846,-0.4245563523,1.298879706,0.5596383081,0.02483013591,-0.7670341551,-1.652289726,9.541,-0.1793533981,1.0671,0.08526319177,1.367762727,0.4035657542,3.139820322
2025-02-28 00:00:00.000,THE,-0.0006824447599,-0.003223670663,-0.01120144363,0.02516133755,-0.5929376484,1.325897352,0.6267552168,0.02513363136,-0.7427952837,-1.608485723,9.3062,-0.1900485992,1.1783,0.0875792335,1.370156483,0.1122579642,2.118446905
2025-03-03 00:00:00.000,THE,-0.001012640141,-0.008683998572,-0.01057719615,0.02783074306,-0.6280935676,-0.07833147103,0.7896002038,0.04361808974,0.4920639085,-1.065074068,9.502066667,-0.1656259432,3.1213,0.236208894,1.504103828,,9.641726933
2025-03-04 00:00:00.000,THE,-0.0007064430605,-0.009386005695,-0.009772911447,0.02745613001,-0.5819003752,-0.2625471644,1.000919802,0.05713332062,1.389239861,-1.020149357,9.2882,-0.179276128,3.1391,0.2341111289,1.55466016,0.2519998107,12
2025-03-05 00:00:00.000,THE,0.0001523046321,-0.01032622625,-0.008566984138,0.02304662076,-0.460402677,-0.5054808494,1.313263841,0.06168308367,1.679770182,-1.543363647,8.168066667,-0.2491486894,3.0375,0.2248164423,1.63255126,0.2395804421,5.564119934
2025-03-06 00:00:00.000,THE,0.001023508831,-0.007603500509,-0.007293596005,0.01604822921,-0.3281425479,0.1890084097,1.649997129,0.05978730911,1.537881691,-2.318275186,6.583633333,-0.3528945894,2.1559,0.1550280867,1.476010958,0.4663877412,4.900643055
2025-03-07 00:00:00.000,THE,0.000336318823,-0.008015432469,-0.007873563123,0.0176886841,-0.4147468099,0.07842636457,1.535170673,0.04907343247,0.8200972642,-1.770986751,7.063033333,-0.318758495,2.4222,0.1705634797,1.473620335,0.08783293712,2.980872473
2025-03-10 00:00:00.000,THE,-0.0004616484666,-0.007777258814,-0.009049349132,0.01997296451,-0.5307471789,0.1331476841,1.270367736,0.04235437289,0.3739578093,-1.300809758,7.395066667,-0.2877764849,2.6468,0.1941938869,1.477662529,,2.86879744
2025-03-11 00:00:00.000,THE,-0.001274331047,-0.008691959495,-0.01016495752,0.02515489062,-0.6761004187,-0.1065229853,1.012328771,0.04459548577,0.5184710258,-0.5852233024,8.438233333,-0.2165406591,3.009,0.2189741849,1.480980074,0.3737099711,2.823869753
2025-03-12 00:00:00.000,THE,-0.001871647908,-0.009510660249,-0.009241269897,0.02228918112,-0.807808324,-0.3197522694,1.273884338,0.04548680756,0.5742042921,-0.8673309945,7.782833333,-0.2565592566,3.1727,0.2303130571,1.558874332,0.1475260484,2.449204966
2025-03-13 00:00:00.000,THE,-0.002005879266,-0.01102431018,-0.008098312989,0.02069149092,-0.8492392374,-0.7098189187,1.594862181,0.05415907107,1.140527024,-1.010187385,7.375533333,-0.2835335796,3.4204,0.2457811019,1.633715489,0.1414489073,1.924407644
2025-03-14 00:00:00.000,THE,-0.001039073636,-0.01314598358,-0.009604233362,0.02560432887,-0.6464200684,-1.263119931,1.217434971,0.05726415576,1.336520741,-0.2397923798,7.9477,-0.2442195229,3.9236,0.2792131298,1.671999301,0.473704367,3.509186503
2025-03-17 00:00:00.000,THE,-0.0002763324127,-0.0123350853,-0.009182166495,0.0243705068,-0.4749536848,-1.051695349,1.353426389,0.05643289688,1.271957133,-0.3466196858,7.920966667,-0.2398247944,3.5915,0.2681763087,1.628070567,,1.589982795
2025-03-18 00:00:00.000,THE,-5.565357271e-06,-0.01110663835,-0.009125064935,0.02347322802,-0.4003281653,-0.7335646254,1.397502318,0.0556634987,1.211828462,-0.4313448043,7.808466667,-0.2480245867,3.2082,0.2382225066,1.559537564,0.1037574134,1.35289072
2025-03-19 00:00:00.000,THE,-0.0007837489884,-0.01154654792,-0.01070220868,0.02820608953,-0.5728682099,-0.8480611376,0.9897286912,0.047270982,0.6586580194,0.6650080622,8.585433333,-0.1918779121,3.6453,0.2707474215,1.590095872,0.2714348712,3.625419206
2025-03-20 00:00:00.000,THE,0.0004120851354,-0.008957944659,-0.01062621572,0.02751235405,-0.2666600295,-0.1806397848,1.034160083,0.04458489416,0.480281888,0.6402549908,8.812233333,-0.1747841368,2.7852,0.207872001,1.448983329,0.07728284355,2.591148064
2025-03-21 00:00:00.000,THE,0.002551631009,-0.008383580453,-0.01085485021,0.02639831668,0.3037340415,-0.03536787346,0.9950702763,0.03908291213,0.1198687551,0.4631071406,8.4965,-0.196721374,2.3449,0.1724654347,1.366165371,0.1459913352,2.257475899
2025-03-24 00:00:00.000,THE,0.002368231174,-0.00638679092,-0.01116801326,0.02607742557,0.2711612999,0.477331793,0.9302347864,0.0339418287,-0.2162377028,0.4508656351,8.522266667,-0.1882651821,1.9067,0.1504258656,1.236707988,,2.782309263
2025-03-25 00:00:00.000,THE,0.003333256555,-0.007443243195,-0.01032205744,0.02445090485,0.5586450056,0.1986498035,1.207265821,0.0368504055,-0.02932229818,0.04583037968,8.188866667,-0.2111100539,1.9143,0.1512700669,1.231857855,0.1011838442,2.366149385
2025-03-26 00:00:00.000,THE,0.004060997282,-0.006997767205,-0.0104848205,0.02289685123,0.7795680796,0.3099755168,1.185380463,0.03213450099,-0.3323570418,-0.3382181304,7.705566667,-0.2404209002,1.6831,0.1358277501,1.168394642,0.1538545625,1.862234931
2025-03-27 00:00:00.000,THE,0.003371677551,-0.00681418279,-0.01051787136,0.02286767869,0.6082218073,0.3526115737,1.197737263,0.02947964092,-0.5014474376,-0.299014305,7.727033333,-0.2360797421,1.7629,0.141330838,1.198477693,0.08286111957,5.471757145
2025-03-28 00:00:00.000,THE,0.00397319867,-0.005808681673,-0.01029368723,0.02145130584,0.8010144466,0.6076714749,1.289352499,0.02780503249,-0.6062658819,-0.7694186139,7.375833333,-0.2603214098,1.3724,0.107761822,1.037043255,0.1032165039,5.704180874
2025-03-31 00:00:00.000,THE,0.002743366583,-0.00283599644,-0.01065545406,0.02124507827,0.4787526738,1.371437772,1.197591978,0.02219015551,-0.9668138505,-0.7638049737,7.545533333,-0.2420889759,0.529302667,0.0505704277,0.5445327618,,3.786193269
2025-04-01 00:00:00.000,THE,0.004376691454,-0.01647052659,-0.01249144751,0.02691703152,0.9909464372,-2.168921076,0.6391737948,0.04608984123,0.5888408226,1.017676127,8.0659,-0.2056632606,5.8465,0.4405252084,1.18483901,0.3578047759,12
2025-04-02 00:00:00.000,THE,0.005459825523,-0.01434224186,-0.01219218876,0.02436954585,1.345917942,-1.592749971,0.7518868532,0.0412878136,0.2755902758,0.2631631843,7.723733333,-0.2259685625,4.7792,0.3624302419,1.015377421,0.1499253098,4.675150685
2025-04-03 00:00:00.000,THE,0.004608439256,-0.0140698253,-0.0112466626,0.02173826839,1.117986895,-1.509249091,1.069710703,0.04148617206,0.2879654671,-0.5212932432,7.217966667,-0.2610273637,4.6676,0.3519141697,1.059587198,0.1250852651,3.794841942
2025-04-04 00:00:00.000,THE,0.006228714027,-0.011633056,-0.009006382634,0.01482713698,1.657776116,-0.8806698527,1.782779957,0.03458218562,-0.1582925567,-2.694709961,5.9768,-0.350740133,3.3172,0.2477691756,0.913790804,0.5264202166,6.65497218
2025-04-07 00:00:00.000,THE,0.007369825033,-0.009813922665,-0.009177437116,0.01349708795,2.035264836,-0.4173351367,1.727361756,0.02957802609,-0.4796036339,-2.959183902,5.417466667,-0.3843167875,2.552,0.1975346562,0.7961244362,,2.877869569
2025-04-08 00:00:00.000,THE,0.00627617391,-0.009112335618,-0.009244956755,0.01286828521,1.707390919,-0.2398821836,1.704712568,0.02586284373,-0.7159001631,-2.7183411,5.108033333,-0.4066574174,2.4645,0.1917637613,0.8188760967,0.2475307749,5.363386688
2025-04-09 00:00:00.000,THE,0.005933852979,-0.004741360996,-0.008114566287,0.00895118056,1.61533664,0.8633701504,2.064996496,0.02101009778,-1.025512453,-3.189129458,4.152766667,-0.4727669121,1.0582,0.089719721,0.4718361872,0.4484302386,5.472469754
2025-04-10 00:00:00.000,THE,0.004608568262,-0.005037535638,-0.007038176894,0.007625912063,1.215576042,0.7829915245,2.409334329,0.02372569588,-0.8406365434,-2.746604993,4.107466667,-0.4756776435,1.1888,0.09610618472,0.4704566401,0.3844577985,3.284635071
2025-04-11 00:00:00.000,THE,0.00613362832,-0.004712312849,-0.007484136282,0.008302585639,1.744941262,0.8601787055,2.273580458,0.02153810706,-0.9774532788,-2.13042026,4.2964,-0.4627377108,0.9772,0.07513423547,0.4327098635,0.3025748988,2.551053961
2025-04-14 00:00:00.000,THE,0.004652512896,-0.005936078186,-0.00854783695,0.01076614142,1.264076946,0.5484447664,1.934908816,0.02066894235,-1.027341283,-1.475603427,4.7583,-0.4230668294,1.6876,0.1299962324,0.5570281018,,2.164758874
2025-04-15 00:00:00.000,THE,0.006129934979,-0.005018982666,-0.008593196889,0.00986284402,1.773296389,0.7759193861,1.918462616,0.01881418856,-1.141242456,-1.455025063,4.496266667,-0.4438729351,1.0716,0.08130231262,0.4162891028,0.3002838615,4.324670708
2025-04-16 00:00:00.000,THE,0.00394030553,-0.006899881423,-0.008691844051,0.01158994772,1.048002494,0.2987087832,1.884123353,0.02103882228,-0.9859531385,-1.066742791,5.1868,-0.3927386446,2.1644,0.1537308661,0.6000734593,0.3780735903,2.256599062
2025-04-17 00:00:00.000,THE,0.004923591791,-0.006218906975,-0.008535718495,0.01096013902,1.392733484,0.46625115,1.932409184,0.02107842115,-0.9755876198,-1.058261927,5.075066667,-0.4036397264,1.8588,0.1232803728,0.5632480214,0.2680689503,1.923544843
2025-04-22 00:00:00.000,THE,0.004906700871,-0.006121784105,-0.00735387394,0.009191964212,1.401539752,0.4866427541,2.308669063,0.01918403237,-1.092567969,-1.213898095,4.815166667,-0.4267893414,1.7337,0.08928389247,0.529145372,,2.369530985
2025-04-23 00:00:00.000,THE,0.004239049659,-0.005982575547,-0.007301875635,0.00886694511,1.186714289,0.5169319196,2.328624121,0.01872649927,-1.114000994,-1.156601907,4.708633333,-0.4344678857,1.6675,0.07672545518,0.5205395076,0.1650425721,1.279039512
2025-04-24 00:00:00.000,THE,0.00435191677,-0.004542114965,-0.00690300991,0.007906117519,1.26435897,0.8714355313,2.460166397,0.01907534709,-1.082239927,-1.197220158,4.5133,-0.4507366263,1.273,0.03998947541,0.4237611992,0.2114365226,2.155533797
2025-04-25 00:00:00.000,THE,0.004936624564,-0.00516637577,-0.005394032789,0.005932250599,1.536699374,0.7061247807,2.946412936,0.02244791211,-0.8520446336,-1.392176767,4.126466667,-0.4810547701,1.2277,0.02456440219,0.44041798,0.3785672502,7.780858462
2025-04-28 00:00:00.000,THE,0.005250717818,-0.004532712011,-0.005201886345,0.005758835376,1.637875246,0.8563306324,2.971077811,0.02209381452,-0.8703753611,-1.295858179,4.218333333,-0.4713984296,1.137,0.01444675053,0.4027513255,,2.599199725
2025-04-29 00:00:00.000,THE,0.004783417438,-0.003510929663,-0.005235466867,0.005408931809,1.444249591,1.102231688,2.905555087,0.02249947941,-0.8387572434,-1.233761592,4.044433333,-0.4863874374,0.9121,-0.008512466404,0.3637036454,0.1248347375,2.249417897
2025-04-30 00:00:00.000,THE,0.003529202883,-0.00171457628,-0.00565586073,0.005521799316,0.9815478584,1.538261817,2.685317914,0.02337002932,-0.7744781094,-1.112816485,4.049166667,-0.4852444058,0.477896774,-0.04461702167,0.3050605687,0.3754055013,4.359338804
2025-05-01 00:00:00.000,THE,0.007099160856,-0.01216642196,-0.006821175143,0.006368353387,2.233517223,-1.074763411,2.271517344,0.02337513472,-0.7676572735,-0.8847023593,3.999433333,-0.4916752207,1.1313,-0.008470635278,0.4476483512,0.1833236721,12
2025-05-02 00:00:00.000,THE,0.006241327818,-0.01276113849,-0.007606050535,0.007340390391,1.879879294,-1.217077908,2.047763077,0.02302056468,-0.7853957238,-0.6470376082,4.069,-0.5013932802,1.4698,0.007105955788,0.4572995846,0.3061153933,8.30543989
2025-05-05 00:00:00.000,THE,0.006241327818,-0.01276113849,-0.007606050535,0.007340390391,1.84168236,-1.208984242,2.021390553,0.0223134495,-0.8281492686,-0.6041222663,4.069,-0.4984953936,1.4698,0.02579681541,0.4527892902,,3.42367618
2025-05-06 00:00:00.000,THE,0.006191714274,-0.01382854739,-0.00889884117,0.009265562199,1.785597193,-1.464581291,1.635160084,0.02340975751,-0.7501710862,-0.07432575974,4.401466667,-0.4763363075,1.8144,0.03755533573,0.4506216826,0.3703617251,9.349328441
2025-05-07 00:00:00.000,THE,0.007093301471,-0.01298167433,-0.008717707798,0.008740003046,2.046784253,-1.242282398,1.669402848,0.02284422284,-0.7877155951,-0.08170011113,4.2261,-0.4896149872,1.5731,0.03279677904,0.4466377561,0.1857808347,3.711637949
2025-05-08 00:00:00.000,THE,0.006483573065,-0.0146477694,-0.009498018782,0.01077361605,1.796546791,-1.637701304,1.406467646,0.02407332221,-0.7044763962,0.9035790775,4.849133333,-0.4472978958,2.082,0.08039026114,0.4537464057,0.4386870214,4.348296141
2025-05-09 00:00:00.000,THE,0.007159969787,-0.01300448626,-0.009210566562,0.009700765523,1.975649299,-1.219286687,1.469121631,0.02209205438,-0.8401804354,0.5496145047,4.4625,-0.4806185248,1.5462,0.03642763506,0.445742675,0.1377568477,2.847118513
2025-05-12 00:00:00.000,THE,0.006258952438,-0.01304042226,-0.009499664237,0.01002693474,1.640962145,-1.215634788,1.366015936,0.02144748041,-0.8860411047,0.8671818614,4.535366667,-0.4715817342,1.6563,0.05679093858,0.4367256293,,1.610499453
2025-05-13 00:00:00.000,THE,0.006762612283,-0.01341474023,-0.009867151519,0.01086347453,1.766886696,-1.29312016,1.231771867,0.021901621,-0.8579596526,1.262730002,4.687733333,-0.4630227375,1.7546,0.05575456665,0.435096442,0.3811185574,2
2025-05-14 00:00:00.000,THE,0.007731140003,-0.01346718172,-0.009656282629,0.01064685196,2.028629165,-1.294163453,1.284251599,0.02046410776,-0.9596431101,1.036859875,4.671066667,-0.4634289327,1.572,0.0388271877,0.4281146642,0.5204194359,1.985023335
2025-05-15 00:00:00.000,THE,0.00709376542,-0.01319258984,-0.009973391404,0.0108675581,1.782995065,-1.217036348,1.178685263,0.02029963164,-0.9744279622,1.065995747,4.509333333,-0.4771434753,1.6562,0.03978664032,0.4293978934,0.1205721236,1.830791556
2025-05-16 00:00:00.000,THE,0.006801323983,-0.01249638639,-0.01010453139,0.01083581697,1.656902603,-1.041800447,1.125944088,0.01964302372,-1.022521151,1.045243382,4.431233333,-0.4861961428,1.4588,0.01743604367,0.4271444336,0.1725309507,2.79902034
2025-05-19 00:00:00.000,THE,0.006950627046,-0.01315218175,-0.01016200014,0.01125524542,1.670509772,-1.189675677,1.092507895,0.02097978164,-0.9332742376,1.206069112,4.5695,-0.4717107363,1.6954,0.03972568319,0.4313549263,,3.177024404
2025-05-20 00:00:00.000,THE,0.00427393648,-0.01527336317,-0.01145076068,0.01444267282,0.8526827569,-1.67601503,0.7373948957,0.025861404,-0.600679354,2.781999856,5.1781,-0.4305533621,2.6332,0.09815632551,0.5012216097,0.5575340217,3.929775245
2025-05-21 00:00:00.000,THE,0.00647178274,-0.01312762067,-0.01155728762,0.01356106568,1.465524876,-1.151255283,0.7006270131,0.02277239206,-0.8180907911,1.975425914,4.7342,-0.4630138085,1.9014,0.04374163315,0.4557752512,0.255639006,3.132571438
2025-05-22 00:00:00.000,THE,0.005749537959,-0.01233259448,-0.01115224454,0.0124627351,1.189548073,-0.9533601165,0.7932592774,0.02052703999,-0.9776971059,1.304611803,4.427533333,-0.4880243212,1.7052,0.02403445779,0.4381543362,0.2405100966,2
2025-05-23 00:00:00.000,THE,0.006447333139,-0.01265558461,-0.01166381509,0.01353896582,1.352599681,-1.018605246,0.6512210162,0.02200724391,-0.8797205043,1.594803548,4.586033333,-0.4806027148,1.7452,0.0164949525,0.4372813573,0.3385280909,1.922876926
2025-05-26 00:00:00.000,THE,0.006447333139,-0.01265558461,-0.01166381509,0.01353896582,1.320742379,-1.00791351,0.6488460291,0.02188472629,-0.892803394,1.422639741,4.586033333,-0.4758404211,1.7452,0.01577078695,0.4394414051,,1.005949877
2025-05-27 00:00:00.000,THE,0.006059510542,-0.01274965131,-0.0113905229,0.01323044199,1.180104837,-1.019654414,0.7168176146,0.02134642106,-0.9342519002,1.183150584,4.632366667,-0.4744103847,1.8974,0.01532250404,0.4597634842,0.2080853324,2.42514473
2025-05-28 00:00:00.000,THE,0.006838947212,-0.01244336102,-0.01129333819,0.01295500235,1.356508865,-0.9381629025,0.7373628804,0.02029899497,-1.011659261,0.9863704519,4.540433333,-0.4781590208,1.7693,-0.00379686035,0.4553219309,0.2454176492,2
2025-05-29 00:00:00.000,THE,0.008191309231,-0.01190457079,-0.01061814062,0.0113997244,1.676811574,-0.7931080234,0.9006723511,0.01681160707,-1.246415762,0.3025531701,4.230933333,-0.5003485809,1.231,-0.0485215996,0.4294208269,0.4212695209,3.139509305
2025-05-30 00:00:00.000,THE,0.00733187879,-0.01157915423,-0.009631892814,0.009905572603,1.380391931,-0.6897450594,1.134098809,0.01470311554,-1.382405866,-0.4467364515,4.116633333,-0.5108638128,1.135301333,-0.0667092124,0.4179969241,0.2069462207,3.590049667
2025-06-02 00:00:00.000,THE,0.01125678858,-0.01997654217,-0.01095269082,0.01232001915,2.329705088,-2.507210846,0.7961858326,0.02963876907,-0.3368682809,0.6147474581,4.489966667,-0.4780844503,2.2181,0.001284835846,0.4676580527,,12
2025-06-03 00:00:00.000,THE,0.01077055138,-0.02050420875,-0.01130203351,0.01317525476,2.140415577,-2.581346632,0.7048186941,0.02949279972,-0.3431248147,1.00987271,4.732566667,-0.4643478105,2.4085,0.00350779723,0.4764637688,0.2533689761,11.40462322
2025-06-04 00:00:00.000,THE,0.01103066376,-0.0199611081,-0.011183385,0.01281945849,2.197176136,-2.359050628,0.7301851218,0.02942820677,-0.344116377,0.7470792154,4.522333333,-0.479063896,2.2863,-0.007600413001,0.478974846,0.3183267236,12
2025-06-05 00:00:00.000,THE,0.01005797718,-0.02027450545,-0.01144851022,0.01350336493,1.863214383,-2.354301573,0.6601337277,0.02859469718,-0.3994227047,1.109088005,4.7121,-0.4669408406,2.5862,0.00539596591,0.4954973497,0.314353852,4.608055671
2025-06-06 00:00:00.000,THE,0.01035662841,-0.02051804326,-0.01117878053,0.01298754707,1.858669486,-2.328025519,0.7254546579,0.02786954002,-0.4469416499,0.6877643583,4.703233333,-0.4714033674,2.5813,-0.00268364049,0.4896154967,0.1699691146,3.383800534
2025-06-09 00:00:00.000,THE,0.01071016833,-0.02008320892,-0.01090566737,0.01218129146,1.86905079,-2.173097362,0.7880100406,0.02589345669,-0.5810938175,0.05870348148,4.554733333,-0.4780773838,2.2398,-0.01635462821,0.4683568466,,2.874298273
2025-06-10 00:00:00.000,THE,0.0117674579,-0.02046276443,-0.01027963331,0.01130970071,2.027262012,-2.204964473,0.9342123184,0.02637456558,-0.5448086955,-0.6826277825,4.550266667,-0.4819689618,2.1291,-0.02775501542,0.4681905066,0.1862819336,7.747393326
2025-06-11 00:00:00.000,THE,0.0100071027,-0.02039554456,-0.01086732952,0.01234497983,1.575331763,-2.161321983,0.7831456558,0.02616954509,-0.5563640917,0.05510056755,4.653533333,-0.4766063439,2.4083,-0.01688045309,0.4764283506,0.1185098341,4.186324931
2025-06-12 00:00:00.000,THE,0.009940848308,-0.02106208142,-0.01129673275,0.01329899574,1.515538156,-2.254107124,0.6757564217,0.02725020258,-0.4791553268,0.7901713822,4.858533333,-0.4650979772,2.6048,-0.009490018632,0.4775324798,0.1603862258,2.358925028
2025-06-13 00:00:00.000,THE,0.009315896234,-0.02274387542,-0.01128351147,0.01399141791,1.343793947,-2.557858486,0.6772526289,0.02783861521,-0.437085181,1.31345687,5.333033333,-0.4367013415,3.1301,0.01349163526,0.4905940921,0.4853435322,4.92330451
2025-06-16 00:00:00.000,THE,0.0112490859,-0.02312589167,-0.01208126908,0.01529352518,1.708957476,-2.647751211,0.4841121082,0.02936598221,-0.3312116709,2.343707056,5.4681,-0.4307047466,2.9694,0.002290854929,0.4744150533,,1.503194967
2025-06-17 00:00:00.000,THE,0.01036290975,-0.02465527862,-0.01243830405,0.01673784572,1.527468415,-2.841929974,0.3981712277,0.03092626142,-0.2238836679,3.242361214,5.9504,-0.4020847824,3.5939,0.03193983493,0.4681150999,0.1820147053,2
2025-06-18 00:00:00.000,THE,0.01158497272,-0.02435833218,-0.01228783643,0.01617186118,1.758498915,-2.785398674,0.4341955097,0.02921472316,-0.3428046986,2.167256271,5.803666667,-0.4155970581,3.2609,0.008266811436,0.4674484129,0.1463549761,2.016933373
2025-06-19 00:00:00.000,THE,0.01096301773,-0.02792224605,-0.01368191185,0.02171565657,1.63459159,-3.37499298,0.09987686399,0.03764595517,0.2394971619,5.522023037,6.9832,-0.3384535869,4.688,0.08407464282,0.5006646871,0.4767764722,10.405771299
2025-06-20 00:00:00.000,THE,0.01254516673,-0.02748519884,-0.01376512195,0.02183952136,1.955960026,-3.180953853,0.0808656975,0.03817557568,0.2734447187,3.414907042,6.756433333,-0.3588510261,4.3373,0.05753023436,0.4794353691,0.4649012675,3.528729705
2025-06-23 00:00:00.000,THE,0.01097768698,-0.02613965235,-0.01337787569,0.02017450107,1.643276999,-2.845543051,0.1741857173,0.03451939956,0.01782926569,2.051484166,6.335466667,-0.3884953138,4.1413,0.04488458601,0.4716480963,,3.374268745
2025-06-24 00:00:00.000,THE,0.01348728625,-0.02066282191,-0.01092713857,0.0121849426,2.087899039,-1.834445797,0.7613539021,0.02308187728,-0.775508301,-0.6520528689,4.649533333,-0.5069401957,2.2072,-0.06832892314,0.4363549382,0.8828940596,8.541938837
2025-06-25 00:00:00.000,THE,0.01369633501,-0.02040783244,-0.0112193279,0.01241581771,2.116173218,-1.764111929,0.6879647404,0.0220300667,-0.8476227489,-0.5572166702,4.594666667,-0.5132710123,1.9889,-0.08647790269,0.4314509768,0.162305162,2
2025-06-26 00:00:00.000,THE,0.01581798781,-0.01820558314,-0.01089551438,0.01086967499,2.528759871,-1.367188481,0.7578405637,0.01939753868,-1.023371431,-1.006430952,4.0751,-0.5512255183,1.0975,-0.1411170021,0.4212473183,0.2454385445,1.664928775
2025-06-27 00:00:00.000,THE,0.01710968071,-0.01581542415,-0.01058269137,0.009874951003,2.768556637,-0.9478848247,0.8247387223,0.01780365337,-1.125987435,-1.24877501,3.648666667,-0.5834400806,0.5854,-0.1758058328,0.456263499,0.186774643,4.390985046
2025-06-30 00:00:00.000,THE,0.01464465899,-0.01484578455,-0.01004203382,0.008863763405,2.170855585,-0.7738576766,0.9462225926,0.01657010294,-1.202704087,-1.491015322,3.441433333,-0.5954498025,0.591003226,-0.1730598896,0.446901776,,1.989389329
2025-07-01 00:00:00.000,THE,0.01784961948,-0.0197282888,-0.01114035606,0.01079818761,2.730651311,-1.589118674,0.6822631836,0.02803050918,-0.3982591808,-0.903103626,3.814566667,-0.5708988883,1.5315,-0.1221518181,0.354854548,0.1743874258,12
2025-07-02 00:00:00.000,THE,0.02032869542,-0.01935631705,-0.01110376819,0.01043136633,3.104008993,-1.505657514,0.6866570683,0.0255947386,-0.5625334819,-0.9719998285,3.7406,-0.5764983788,1.1839,-0.1476798918,0.3506562811,0.1476284756,4.893471675
2025-07-03 00:00:00.000,THE,0.02000471058,-0.01902621269,-0.01128194644,0.01080349644,2.895855293,-1.417900899,0.6406911143,0.02578679213,-0.5435069871,-0.8147617491,3.7061,-0.5789582168,1.2147,-0.1540064076,0.3480975996,0.143106714,12
2025-07-04 00:00:00.000,THE,0.02112229657,-0.01945248406,-0.01103654564,0.01054820074,2.98760401,-1.460462848,0.6947922028,0.02606163732,-0.5185644164,-0.8459245235,3.766666667,-0.5796605329,1.1936,-0.1646090775,0.350523773,0.1139622631,3.226332537
2025-07-07 00:00:00.000,THE,0.01995144939,-0.01825881323,-0.01176413283,0.01149427704,2.620641023,-1.224943186,0.5216883615,0.0259585691,-0.5201341537,-0.5454086997,3.5617,-0.5901499484,1.1353,-0.1687048961,0.3593574816,,2.981106183
2025-07-08 00:00:00.000,THE,0.01523767777,-0.01760614641,-0.01202461212,0.0118822379,1.687740554,-1.104978948,0.4599602753,0.02548268473,-0.5479976355,-0.4216117578,3.463066667,-0.5998686827,1.4817,-0.1572797481,0.3821523421,0.09558546522,2.72103921
2025-07-09 00:00:00.000,THE,0.01608494261,-0.01796532113,-0.01216657599,0.01210609934,1.761870255,-1.138517846,0.4252726032,0.02467514572,-0.5994956187,-0.3587385559,3.573733333,-0.5948995194,1.5328,-0.1588753699,0.3841658934,0.1308594327,2.173871013
2025-07-10 00:00:00.000,THE,0.01554199153,-0.0187265369,-0.01208349235,0.01234845515,1.619146303,-1.226170367,0.4431431877,0.02532002666,-0.5485939491,-0.306792078,3.710166667,-0.5891053057,1.6685,-0.1564434584,0.4076113598,0.1478369783,4.065260048
2025-07-11 00:00:00.000,THE,0.01409759376,-0.01985910325,-0.01215467646,0.0129737918,1.329774862,-1.376052381,0.4240025334,0.02686208917,-0.4351431725,-0.1425554583,3.982266667,-0.5773329223,2.0789,-0.1435398145,0.4095006754,0.1140872266,2.779111584
2025-07-14 00:00:00.000,THE,0.01572393496,-0.01862808939,-0.01215480866,0.01246908795,1.527708481,-1.153194647,0.4224371511,0.02521435853,-0.5463455337,-0.2709664469,3.7107,-0.5921303989,1.7181,-0.1618301541,0.4057707348,,1.280304632
2025-07-15 00:00:00.000,THE,0.01594537588,-0.01796864076,-0.01183601189,0.01157752401,1.528111308,-1.029874553,0.4944522747,0.02289917878,-0.7046882986,-0.4854608892,3.554666667,-0.6067481887,1.4122,-0.1849794006,0.3834846034,0.2746107531,4.442377431
2025-07-16 00:00:00.000,THE,0.01320756997,-0.01841396534,-0.01168242595,0.01161073108,1.088350281,-1.086291373,0.5280706838,0.02390781441,-0.6279768013,-0.4308665649,3.621833333,-0.6061607341,1.7864,-0.173122371,0.4103346453,0.1158214125,2
2025-07-17 00:00:00.000,THE,0.01389034171,-0.01725335551,-0.01168007849,0.01118053562,1.158341349,-0.9002240976,0.5264869857,0.02196594886,-0.75956274,-0.488837524,3.391533333,-0.6238407058,1.5264,-0.1929994069,0.388877842,0.1859684088,0.9682191575
2025-07-18 00:00:00.000,THE,0.01503344306,-0.01691314349,-0.01153009425,0.01053755298,1.278737909,-0.8380881973,0.5596692257,0.02188251647,-0.7594038927,-0.6058820315,3.253666667,-0.6372857515,1.2289,-0.2168655294,0.3924208669,0.2220123666,2
2025-07-21 00:00:00.000,THE,0.01363288218,-0.01794048518,-0.01098020188,0.01015054486,1.055658047,-0.9696995566,0.6819334207,0.02332640501,-0.6521317133,-0.676259252,3.389566667,-0.6285971628,1.457,-0.2062917297,0.4041369177,,1.678043233
2025-07-22 00:00:00.000,THE,0.0144108182,-0.01732965453,-0.0111383219,0.01017189256,1.146868256,-0.8492553244,0.6401423902,0.02248255444,-0.7065376889,-0.6883575275,3.286166667,-0.639294903,1.3261,-0.2203212629,0.3922201819,0.1775054769,2
2025-07-23 00:00:00.000,THE,0.01568589619,-0.01666060653,-0.01078415316,0.009406998995,1.342156398,-0.7283548367,0.7169533597,0.02051819724,-0.8396710608,-1.735101734,3.151233333,-0.6502451843,0.9758,-0.2452109682,0.3850461374,0.2339883625,1.69707842
2025-07-24 00:00:00.000,THE,0.01882112344,-0.01554023406,-0.01018343433,0.008390334886,1.826266649,-0.5579385501,0.8460783264,0.01931849484,-0.9186089676,-2.481211196,2.939066667,-0.6669220767,0.4845,-0.2774483896,0.3945500633,0.4884790464,2
2025-07-25 00:00:00.000,THE,0.01944654927,-0.01543756713,-0.01026683521,0.008446720209,1.927356555,-0.5313124229,0.8184131547,0.01896616565,-0.9372166972,-2.057630021,2.9163,-0.6733423587,0.4482,-0.2864728019,0.3953950437,0.109708778,1.111122339
2025-07-28 00:00:00.000,THE,0.02041020337,-0.01570583237,-0.01088358251,0.009439999414,2.066801825,-0.5637016612,0.6731761015,0.01860488878,-0.9567234973,-1.021971419,3.050733333,-0.6635652449,0.4335,-0.2887056305,0.3964770105,,0.9212085323
2025-07-29 00:00:00.000,THE,0.0185939559,-0.01687975529,-0.01132522404,0.01044022802,1.792341028,-0.7323387871,0.569869144,0.01946292546,-0.8898220969,-0.2313103748,3.335366667,-0.6498036602,0.843,-0.2705685057,0.3785078764,0.1827529066,2.897448443
2025-07-30 00:00:00.000,THE,0.01872764302,-0.01643221713,-0.01154833201,0.01072932407,1.759379347,-0.6640324019,0.5175257023,0.01885285268,-0.9267125601,-0.0723660054,3.292933333,-0.6549622837,0.7587,-0.2810213298,0.3799465048,0.181435575,2
2025-07-31 00:00:00.000,THE,0.01771304564,-0.01676586025,-0.01147997804,0.01070490701,1.626239651,-0.7055911467,0.5264340349,0.01947492323,-0.8762528759,-0.08932945489,3.353633333,-0.654536298,0.9815,-0.2757877768,0.3572007975,0.2180558924,1.421815289
2025-08-01 00:00:00.000,THE,0.01754566867,-0.0154457765,-0.01159290302,0.01042084123,1.594940304,-0.5014193402,0.4936708862,0.02263172938,-0.6441939469,-0.3286103926,3.070566667,-0.675839863,1.0789,-0.276872836,0.2819737145,0.4591571875,12
2025-08-04 00:00:00.000,THE,0.01840979467,-0.01596457998,-0.01145109831,0.01032193741,1.651104366,-0.5708189008,0.5195844802,0.02237180083,-0.6566923901,-0.3925282118,3.210066667,-0.665072326,1.1415,-0.2767153456,0.2792729761,,5.238605304
2025-08-05 00:00:00.000,THE,0.01744877052,-0.01635830746,-0.01158117016,0.01068512738,1.424593252,-0.6235318772,0.4826163115,0.02292947796,-0.6106027673,-0.09211003122,3.319533333,-0.6610830077,1.3988,-0.2689676589,0.2728380269,0.3841652989,3.639370671
2025-08-06 00:00:00.000,THE,0.01871019088,-0.01487411213,-0.01094048246,0.009156293159,1.570032834,-0.4057586451,0.621078881,0.02126575378,-0.724493642,-1.295526226,2.914,-0.6839976359,0.868,-0.3022192502,0.2864205137,0.3271025971,3.741251492
2025-08-07 00:00:00.000,THE,0.01818881472,-0.01493097043,-0.01067680129,0.008832245709,1.424078632,-0.4109277588,0.678678741,0.02140240538,-0.7082899222,-1.429924496,2.903633333,-0.6848738556,0.9602,-0.3035361861,0.276201565,0.1904209767,3.178230611
2025-08-08 00:00:00.000,THE,0.01986860892,-0.01479899689,-0.01007180543,0.008010851521,1.608225763,-0.3884282585,0.8089165649,0.02180743976,-0.672691214,-1.94178156,2.8406,-0.690077557,0.8094,-0.3162599555,0.2839260274,0.2784874841,9.654765497
2025-08-11 00:00:00.000,THE,0.01821414996,-0.01445141539,-0.01044488321,0.008524661892,1.355783212,-0.3326671984,0.7145284193,0.02116835636,-0.7129205163,-1.339980014,2.840133333,-0.685370217,0.9676,-0.3072915053,0.274354397,,1.675310302
2025-08-12 00:00:00.000,THE,0.02018313961,-0.01397488004,-0.009950194186,0.00772288779,1.632664947,-0.2608319677,0.81507738,0.02050157848,-0.7552683565,-1.949090376,2.687766667,-0.6947283451,0.6245,-0.3258818275,0.2994599799,0.3103012969,3.357048696
2025-08-13 00:00:00.000,THE,0.01963954875,-0.01457371149,-0.01003087098,0.007945295718,1.518783831,-0.3418980846,0.7850472326,0.0207832075,-0.7287536488,-1.615722252,2.8254,-0.6878516256,0.7923,-0.3216085748,0.2811202227,0.1044516867,2
2025-08-14 00:00:00.000,THE,0.02098819198,-0.01356922416,-0.0101579868,0.007679334734,1.686940711,-0.1930217297,0.7517844167,0.0195941122,-0.8092503755,-1.699091205,2.620066667,-0.6998940723,0.5044,-0.3385269083,0.3046585548,0.3292581357,3.319179277
2025-08-15 00:00:00.000,THE,0.02207293962,-0.0142511924,-0.009720482226,0.007201793183,1.804639614,-0.2883458041,0.840807967,0.02031014001,-0.7512896692,-1.971329723,2.659033333,-0.6976569278,0.5029,-0.339334225,0.3052837358,0.9497472733,5.076965303
2025-08-18 00:00:00.000,THE,0.02175333991,-0.01486961827,-0.009241739108,0.006747254701,1.692115866,-0.371375634,0.9411041538,0.02010787233,-0.760836997,-2.142734976,2.778266667,-0.6839462494,0.6702,-0.3224387765,0.2887204144,,1.700049124
2025-08-19 00:00:00.000,THE,0.02194171721,-0.01440499103,-0.009530925514,0.006934326363,1.653261752,-0.296559567,0.8595078026,0.01922373677,-0.8202819895,-1.709260612,2.694133333,-0.6890860755,0.5355,-0.3283498622,0.3062681647,0.2716445259,2
2025-08-20 00:00:00.000,THE,0.01909311671,-0.01504455656,-0.009765719937,0.007517011583,1.23642642,-0.3812646853,0.7974843927,0.01950001248,-0.7962962708,-1.078047497,2.878633333,-0.6763254961,0.9316,-0.3070046891,0.2797422083,0.1590020985,2.18096848
2025-08-21 00:00:00.000,THE,0.01831307773,-0.01585078894,-0.01010429938,0.00835518196,1.099816588,-0.4882445958,0.7112276808,0.02058631018,-0.7151430695,-0.3504203917,3.101933333,-0.6619537539,1.2225,-0.2902234445,0.2673607864,0.2496175596,2.327746183
2025-08-22 00:00:00.000,THE,0.01691124224,-0.01587173578,-0.009890220907,0.008270826494,0.8762147317,-0.4861916245,0.7469981658,0.02103631021,-0.683451012,-0.3770981428,3.12458,-0.6603251133,1.37969,-0.280099934,0.2660497317,0.2506551563,2
2025-08-25 00:00:00.000,THE,0.01691124224,-0.01587173578,-0.009890220907,0.008270826494,0.8423122631,-0.4801618755,0.7387174894,0.02079516996,-0.7024702199,-0.3722617828,3.12458,-0.6517866584,1.37969,-0.2676182236,0.2743991716,,1.865679212
2025-08-26 00:00:00.000,THE,0.01526902925,-0.01616151457,-0.009601329329,0.007826578545,0.6217327265,-0.5185316477,0.7977100897,0.02101153737,-0.6886458546,-0.6985109946,3.16038,-0.6501944409,1.60927,-0.2562627573,0.2934567558,0.1824198328,2
2025-08-27 00:00:00.000,THE,0.01841228814,-0.01497542058,-0.009160520548,0.006956337852,0.9975862066,-0.3411555916,0.8843510481,0.01925755488,-0.8177541093,-1.288710325,2.903946667,-0.6618105684,1.11884,-0.2747826334,0.2764331366,0.2753852585,3.332331274
2025-08-28 00:00:00.000,THE,0.01927814414,-0.01421651186,-0.008833113777,0.00611368758,1.102228786,-0.2251566524,0.9567159917,0.01698142226,-0.9764192339,-1.812225546,2.63664,-0.6742674161,0.66322,-0.2909038697,0.3018692491,0.3394569999,12
2025-08-29 00:00:00.000,THE,0.02029550314,-0.01368256119,-0.00875613873,0.005944003568,1.217372726,-0.141552917,0.9661242151,0.01665669614,-0.9923293992,-1.778259869,2.535693333,-0.6789008672,0.478234333,-0.2945328948,0.324936056,0.1272591199,3.059141998
2025-09-01 00:00:00.000,THE,0.01580096711,-0.01041809614,-0.009388338346,0.006703950694,0.6245325357,0.3470103412,0.8190144091,0.0198539945,-0.7535819481,-1.052667045,2.552256667,-0.6687411438,0.76004,-0.2653782599,0.200630097,,12
2025-09-02 00:00:00.000,THE,0.01641675536,-0.009783077215,-0.009380716742,0.006505181544,0.7002138943,0.4574509158,0.8182576704,0.01882440165,-0.8223418805,-1.145828984,2.38639,-0.6770810246,0.54876,-0.2769594896,0.2142745799,0.1318306748,5.16456894
2025-09-03 00:00:00.000,THE,0.01645415573,-0.009997254814,-0.009346522873,0.006562205508,0.67924549,0.4326848801,0.8130980874,0.01907324608,-0.7984207215,-1.034766583,2.451993333,-0.6717664932,0.68009,-0.2696876473,0.2092389427,0.1323108653,4.719638131
2025-09-04 00:00:00.000,THE,0.01625783343,-0.009815726059,-0.009509231493,0.006955867156,0.6386000407,0.4715314214,0.7709799866,0.01841030646,-0.8404294484,-0.6185111404,2.427573333,-0.6711002459,0.62912,-0.2699025903,0.2157439845,0.2116696156,4.901082732
2025-09-05 00:00:00.000,THE,0.01703465985,-0.01044455505,-0.009427862448,0.006816808106,0.7081003794,0.3839587461,0.7778977121,0.0168825908,-0.9448229733,-0.7168451051,2.50808,-0.6655302523,0.54231,-0.2726369343,0.2175096825,0.2991431873,2.592754391
2025-09-08 00:00:00.000,THE,0.01390091736,-0.01113527804,-0.009852419648,0.007757396322,0.2880877129,0.2866905227,0.6820716402,0.01765061705,-0.8836164941,0.5800423385,2.776743333,-0.6405969706,1.04341,-0.2406814244,0.2024594861,,2.517086893
2025-09-09 00:00:00.000,THE,0.01413756116,-0.01082557502,-0.009852059623,0.007641458931,0.2996076605,0.3395127408,0.6759254489,0.01721898494,-0.90980161,0.4502273554,2.713323333,-0.6439428742,0.97329,-0.2473932028,0.1996621567,0.1602765174,2.89435344
2025-09-10 00:00:00.000,THE,0.01374745844,-0.01063770491,-0.009931353078,0.007718367194,0.2360856177,0.3843605255,0.6543553141,0.01699982519,-0.9211052064,0.6488189767,2.699876667,-0.6418353176,0.98439,-0.247161393,0.2015193763,0.09392560269,1.223313928
2025-09-11 00:00:00.000,THE,0.01660030964,-0.009743916496,-0.009586686795,0.006996121103,0.5759810284,0.5459492256,0.7286826937,0.0159224302,-0.994525709,-0.3699291673,2.470163333,-0.6512785579,0.44069,-0.2705523476,0.2301491358,0.1396584923,3.624741848
2025-09-12 00:00:00.000,THE,0.01655707191,-0.00990842875,-0.009794191803,0.007262043748,0.5534778777,0.528943135,0.6738838686,0.01570165732,-1.006219678,0.07069332832,2.489543333,-0.6483861455,0.5487,-0.265066561,0.223437218,0.2092676383,9.203813819
2025-09-15 00:00:00.000,THE,0.01815690738,-0.009284343265,-0.009595543495,0.006771171689,0.7390483024,0.6495390799,0.7175345286,0.01509275041,-1.046431967,-0.6164400637,2.313023333,-0.6486470139,0.23245,-0.2731503016,0.2488992088,,1.757518423
2025-09-16 00:00:00.000,THE,0.01842493109,-0.009266873386,-0.009862610084,0.0069343791,0.7618120383,0.652189568,0.6519291714,0.01491510737,-1.055811846,-0.3449986298,2.302293333,-0.6496695622,0.18504,-0.2802757011,0.2624512606,0.1798692028,2
2025-09-17 00:00:00.000,THE,0.01770416493,-0.009039742525,-0.009962903261,0.00698143269,0.6503518422,0.6995959631,0.6205361151,0.01449752413,-1.083078801,-0.2917112351,2.205703333,-0.6520772401,0.16692,-0.2834404357,0.2755427019,0.1360299549,1.602893798
2025-09-18 00:00:00.000,THE,0.01515855869,-0.008767077104,-0.01032811522,0.00755944732,0.3224057479,0.7506975304,0.5373659843,0.01382854562,-1.127373816,0.5479722463,2.190143333,-0.6490531476,0.37889,-0.2744654238,0.2587180892,0.312933847,3.76132464
2025-09-19 00:00:00.000,THE,0.0159821557,-0.007758737928,-0.00989143299,0.006728828661,0.4153322984,0.9294632721,0.6328528402,0.01405330604,-1.108320909,-0.6657314526,1.905643333,-0.6625894768,0.12124,-0.2882111641,0.2702484052,0.2672246385,3.787955709
2025-09-22 00:00:00.000,THE,0.01566426888,-0.007453224649,-0.009611636463,0.006299844712,0.3654733608,0.9861994368,0.7052757864,0.01461864151,-1.064588502,-1.267280936,1.86547,-0.6541565873,0.10211,-0.2840407529,0.2852318616,,1.512033057
2025-09-23 00:00:00.000,THE,0.01425200988,-0.007984591902,-0.009819682949,0.006669006422,0.1853314057,0.8948506456,0.6514171867,0.01425285325,-1.08679524,-0.5735670049,1.989126667,-0.6473430759,0.34343,-0.2778246369,0.2610492951,0.1934890764,1.671480989
2025-09-24 00:00:00.000,THE,0.01417181112,-0.007028984406,-0.009554118921,0.006159352979,0.1678472847,1.066482074,0.7196091782,0.01477236079,-1.04667628,-1.461823513,1.70293,-0.661132266,0.08709,-0.2912631227,0.2860251145,0.2920420549,2
2025-09-25 00:00:00.000,THE,0.01272383858,-0.007800057869,-0.00987336534,0.006758528714,-0.01968691887,0.927379525,0.6380771725,0.01397055851,-1.09951249,-0.1938112251,1.960963333,-0.6444233855,0.415,-0.2756670857,0.2887956528,0.3580876657,2
2025-09-26 00:00:00.000,THE,0.01257851275,-0.007311464005,-0.01013028898,0.007097196777,-0.04561900918,1.013244706,0.5741566634,0.01348218667,-1.125202552,0.4783854512,1.859516667,-0.6501683602,0.34486,-0.2789301503,0.2827832588,0.2856160516,4.001434336
2025-09-29 00:00:00.000,THE,0.01420221645,-0.007046882258,-0.00969936247,0.006495570119,0.1579266777,1.059178794,0.6738737011,0.01310402197,-1.142865329,-0.8149121907,1.808103333,-0.6440481198,0.10586,-0.2818181261,0.2973003812,,1.967219028
2025-09-30 00:00:00.000,THE,0.01372488647,-0.005972810594,-0.009317283084,0.005755084682,0.08888674105,1.249503409,0.7674512451,0.01258157123,-1.170420999,-2.586196418,1.4748,-0.6630314065,-0.119072581,-0.2983606223,0.3368187392,0.4629676117,3.163712812
2025-10-01 00:00:00.000,THE,0.008363088162,-0.001629877013,-0.009233604839,0.006115345459,-0.6660050662,2.013144499,0.775864806,0.01968461197,-0.6618985067,-1.473649202,1.53101,-0.6580391042,0.12735,-0.2878298088,0.3255934487,0.2898172164,12
2025-10-02 00:00:00.000,THE,0.009931717585,-0.001464875531,-0.009072927195,0.005920752739,-0.459403642,2.018753131,0.8150752083,0.01942457125,-0.6745752848,-1.744504734,1.428613333,-0.6649975814,-0.05635,-0.295891367,0.3393971786,0.1542104893,5.081690017
2025-10-03 00:00:00.000,THE,0.008804669762,-0.001486151022,-0.008870848702,0.005719900501,-0.645405149,1.975840402,0.8598495714,0.0191317269,-0.6904616936,-1.935980695,1.488503333,-0.6625968134,0.0742,-0.2901762308,0.3424531547,0.3292799151,3.506640769
2025-10-06 00:00:00.000,THE,0.00588299542,-0.003067263904,-0.00971631253,0.007151728815,-1.108323191,1.673479472,0.6508910419,0.01732229744,-0.8130853363,0.6163276782,2.017653333,-0.631112965,0.91071,-0.2430906711,0.3099274842,,3.663079297
2025-10-07 00:00:00.000,THE,0.005729765342,-0.003558356752,-0.01004962135,0.007574202081,-1.134656914,1.540159308,0.5665275788,0.01659453164,-0.8584063948,1.260414402,2.19021,-0.6279604391,1.06189,-0.2410108709,0.3009080118,0.5257574857,9.879056898
2025-10-08 00:00:00.000,THE,0.007324969715,-0.002937979307,-0.009715507726,0.006938577551,-0.8961477259,1.638248629,0.6505918218,0.01621950475,-0.8790199388,0.2642513235,1.95089,-0.645281211,0.65963,-0.2616772969,0.2983565611,0.2808088058,3.538570815
2025-10-09 00:00:00.000,THE,0.006989475671,-0.003016597173,-0.009418091907,0.00653017299,-0.9518367435,1.609209647,0.7304472342,0.01638805769,-0.8613758079,-0.3662764003,1.896986667,-0.6506067331,0.64046,-0.2612371022,0.3169753248,0.2458726892,3.760132769
2025-10-10 00:00:00.000,THE,0.007128537272,-0.002783335028,-0.009291110007,0.006373875,-0.9341072332,1.605440358,0.7567000143,0.01558402186,-0.9120560256,-0.5811536641,1.921233333,-0.6514527034,0.60666,-0.263225028,0.3360640723,0.3970888873,2.613863574
2025-10-13 00:00:00.000,THE,0.007731578204,-0.002262782605,-0.009160919409,0.006086189682,-0.8455557971,1.668453928,0.7916694969,0.0158664574,-0.8872130938,-1.062212408,1.692296667,-0.6636436759,0.36826,-0.26873904,0.3801294421,,1.437807024
2025-10-14 00:00:00.000,THE,0.00686954284,-0.003145083229,-0.009354995114,0.006499589592,-0.9812009324,1.490460708,0.7415352659,0.01536543905,-0.9170445266,-0.1904439267,1.902736667,-0.6590464202,0.67697,-0.2589413219,0.3580670471,0.2936660872,2
2025-10-15 00:00:00.000,THE,0.006049768226,-0.003029616899,-0.009423297768,0.006550524497,-1.112577588,1.473100407,0.7239438035,0.01507497856,-0.9325215424,-0.0706192384,1.931053333,-0.6614999144,0.72127,-0.2593826016,0.3487285671,0.1509178761,2
2025-10-16 00:00:00.000,THE,0.004938967044,-0.003560781048,-0.009665423534,0.006987451467,-1.291110169,1.371881868,0.6589215072,0.01486208406,-0.9424214682,0.7949673977,2.122216667,-0.6529987967,1.0211,-0.246942427,0.319339176,0.2100024026,1.809613581
2025-10-17 00:00:00.000,THE,0.005797678087,-0.003315981599,-0.009511620757,0.006822000564,-1.152217372,1.384068118,0.7008749141,0.01475999869,-0.9441966848,0.4793055699,2.04057,-0.660094311,0.87942,-0.2565968113,0.3359378747,0.2734326591,1.993023682
2025-10-20 00:00:00.000,THE,0.005314551428,-0.003127977902,-0.009418133134,0.006682100801,-1.224275448,1.409716655,0.7268505277,0.014748297,-0.9395729854,0.3073630576,2.057253333,-0.6581817131,0.87797,-0.2526801869,0.3449007102,,1.092875474
2025-10-21 00:00:00.000,THE,0.00478310534,-0.003656877113,-0.009710140707,0.007117242999,-1.30177135,1.331402583,0.6443903636,0.01408759371,-0.9796962819,1.222993994,2.210803333,-0.6558269499,1.02784,-0.25034296,0.3401722062,0.3086112838,2.734550125
2025-10-22 00:00:00.000,THE,0.005450367483,-0.003026057416,-0.009557913376,0.006676416968,-1.195372564,1.395971656,0.6887411992,0.01333583061,-1.024653217,0.2133393708,1.98467,-0.6659127958,0.68242,-0.267433445,0.3658971284,0.3560796541,2
2025-10-23 00:00:00.000,THE,0.005812823795,-0.003036169779,-0.01004183201,0.007315926459,-1.136747112,1.382596321,0.5468964309,0.01315580408,-1.030000673,1.514482692,2.029823333,-0.658769087,0.73181,-0.2650347864,0.3748008502,0.2744631557,2
2025-10-24 00:00:00.000,THE,0.006132776461,-0.002817729287,-0.009875100644,0.007044570501,-1.08745083,1.402624671,0.5926436266,0.01289434364,-1.040399621,0.8231348531,1.94371,-0.6627382543,0.6039,-0.2693731591,0.3892370893,0.1472421019,2
2025-10-27 00:00:00.000,THE,0.005228845564,-0.002104598853,-0.009745801909,0.006746493699,-1.223035259,1.495721722,0.631141454,0.01395806086,-0.9602133934,0.205568058,1.870056667,-0.6631260627,0.49541,-0.2688065905,0.381394775,,2.05808193
2025-10-28 00:00:00.000,THE,0.004881998416,-0.002344545438,-0.009816613045,0.006853354262,-1.274257811,1.454907981,0.6107457697,0.01363556362,-0.9764558648,0.4544219747,1.960806667,-0.6639817059,0.56787,-0.2671766707,0.3768546079,0.1160525124,2.703385966
2025-10-29 00:00:00.000,THE,0.004780707502,-0.002881164695,-0.01002200832,0.007247494566,-1.287222964,1.335982978,0.5485728624,0.01338076502,-0.9862111416,1.198011817,2.063493333,-0.6609587304,0.75077,-0.257905042,0.364220261,0.2419494043,2.795799271
2025-10-30 00:00:00.000,THE,0.006487584803,-0.002185056547,-0.009791533683,0.006700159792,-1.025030417,1.394955081,0.6187969763,0.01287941375,-1.012955932,-0.02487221684,1.797023333,-0.676453722,0.33529,-0.274546639,0.4243327191,0.2685900764,2.878300811
2025-10-31 00:00:00.000,THE,0.005324334003,-0.00177429624,-0.009766962444,0.006576997355,-1.199660464,1.45053156,0.6297943176,0.01304946524,-0.9935555619,-0.3543051958,1.674493333,-0.6834549261,0.324080333,-0.2705792407,0.4151940271,0.1928122324,2.20311456
2025-11-03 00:00:00.000,THE,-0.0003052047143,0.004774675803,-0.009344263508,0.007004548904,-2.044088509,2.400781933,0.7685119315,0.02191797672,-0.3758754359,0.55272941,1.81846,-0.6729923628,-0.03354,-0.2727706339,0.6005009891,,12
2025-11-04 00:00:00.000,THE,-0.0009003598933,0.004234771234,-0.009649946818,0.007703633775,-2.096419419,2.300726909,0.6726345479,0.02074664611,-0.4507834399,2.496671848,2.069586667,-0.6647758276,0.3806,-0.2540932137,0.5532311654,0.1954333346,5.680039034
2025-11-05 00:00:00.000,THE,-0.0001261941171,0.004604522455,-0.00948439599,0.007281406459,-1.95610389,2.359578948,0.7286046418,0.01983430464,-0.5080024864,1.077603618,1.832376667,-0.6789525012,0.05524,-0.2653914012,0.5805223372,0.4219553768,12
2025-11-06 00:00:00.000,THE,-0.0008011315493,0.004641093144,-0.009455330453,0.007182126141,-2.023219115,2.354147786,0.7377087253,0.01942161296,-0.5313540615,0.9114799077,1.809953333,-0.6784498369,0.05426,-0.260529779,0.5837360968,0.1184272629,4.18047762
2025-11-07 00:00:00.000,THE,-0.0001746457286,0.004680501861,-0.009163796141,0.006778263195,-1.906376261,2.327986484,0.8300088607,0.01896000893,-0.5583184795,-0.2069723846,1.652973333,-0.685696163,-0.04968,-0.2631311366,0.6069268307,0.2239320124,3.248372454
2025-11-10 00:00:00.000,THE,-0.0008866540812,0.004662129122,-0.009022073038,0.006663625152,-2.001230821,2.312994868,0.8704558386,0.01817609605,-0.6089251785,-0.5524776335,1.632593333,-0.6791648819,-0.01096,-0.2486855647,0.6131782958,,2.776375425
2025-11-11 00:00:00.000,THE,-0.0008717368511,0.004395481659,-0.009159028358,0.006998079427,-1.987424456,2.246172538,0.8202232828,0.01753542925,-0.6515393668,0.3263998715,1.757026667,-0.6771375491,0.15839,-0.2407632854,0.5818134786,0.3382899309,2
2025-11-12 00:00:00.000,THE,-0.0009190212996,0.004463045471,-0.008974351278,0.0067140949,-1.985913734,2.229682322,0.8746136758,0.01743782972,-0.6558122953,-0.6900554984,1.69376,-0.681560724,0.07275,-0.2433976134,0.5866330907,0.2765681413,2
2025-11-13 00:00:00.000,THE,-0.0004811434911,0.004714185104,-0.008951276405,0.00652953093,-1.900201859,2.220792961,0.8757547366,0.01764949433,-0.6371002396,-1.378373084,1.560536667,-0.6860856202,-0.13059,-0.2487239856,0.6161573727,0.2187311596,1.4066927
2025-11-14 00:00:00.000,THE,-0.001893289625,0.003808875728,-0.009118620358,0.006993304666,-2.007981935,2.053524339,0.8134653861,0.01679851342,-0.6980430774,0.1985227327,1.767673333,-0.6725886959,0.24367,-0.2270781755,0.5558778409,0.1458396757,2
2025-11-17 00:00:00.000,THE,-0.001101946662,0.003526511274,-0.009310484876,0.007466459401,-1.888642284,1.97538776,0.7430533776,0.01672954009,-0.700898503,1.795920922,1.98089,-0.6512173708,0.5057,-0.2008640029,0.5536748507,,2.4339444
2025-11-18 00:00:00.000,THE,-0.001207012439,0.003259440417,-0.009258563469,0.007582970016,-1.821171728,1.921287905,0.754668795,0.01668602205,-0.703550568,1.951242088,2.070426667,-0.650654518,0.63317,-0.1955749433,0.5408315061,0.2172943578,2.38522905
2025-11-19 00:00:00.000,THE,-0.0001901530444,0.003636368033,-0.008974272734,0.007056863474,-1.640949859,1.939293059,0.8446106517,0.01638139588,-0.7254220766,0.14396897,1.836956667,-0.6642389826,0.32704,-0.2104866628,0.532545811,0.1165171887,2
2025-11-20 00:00:00.000,THE,-0.0005810215128,0.003753135597,-0.009049427621,0.007216384395,-1.649908916,1.918482604,0.8135629458,0.01716866537,-0.6589102065,0.6278780283,1.93889,-0.655582818,0.40098,-0.2012441794,0.5292609375,0.2946473444,2
2025-11-21 00:00:00.000,THE,-0.001935500527,0.003632714676,-0.008572046257,0.006843427012,-1.792826367,1.851522703,0.9724622097,0.01966027034,-0.444984336,-0.5692226028,2.04811,-0.6476121312,0.58007,-0.1881512594,0.5191689465,0.6967906254,6.365850453
2025-11-24 00:00:00.000,THE,-0.001193182325,0.004281936831,-0.008289524668,0.006334061662,-1.644210102,1.86223225,1.065181199,0.01801913561,-0.5801241507,-2.071720796,1.810153333,-0.6511471327,0.25056,-0.1922690097,0.5405055496,,0.8532071009
2025-11-25 00:00:00.000,THE,-0.0008043551447,0.004570157614,-0.008128987812,0.006019770661,-1.546153494,1.865358768,1.116912228,0.01744282567,-0.6255759658,-2.674392701,1.77341,-0.6574708927,0.16896,-0.1961655362,0.549895313,0.1901439577,1.877629268
2025-11-26 00:00:00.000,THE,-0.00199176549,0.004660375166,-0.00806391848,0.005976029056,-1.631733406,1.85979083,1.137592862,0.01768332057,-0.5998415535,-2.343546753,1.777956667,-0.6589546897,0.19923,-0.1942041593,0.5494487797,0.1683860024,3.359497879
2025-11-27 00:00:00.000,THE,-0.0005821416003,0.004938482514,-0.007952876902,0.005680356761,-1.438648628,1.837225178,1.171551102,0.01558173218,-0.7982169277,-2.635888874,1.692216667,-0.660826938,-0.02324,-0.199676613,0.5662951132,0.4024972209,1.984723068
2025-11-28 00:00:00.000,THE,-0.002476842521,0.005161415507,-0.007759720547,0.005385134838,-1.624560105,1.837311589,1.234905364,0.01555227953,-0.8144391668,-2.739428845,1.718474409,-0.6569632303,0.102853226,-0.1887003151,0.5783032021,0.1904645665,2
2025-12-01 00:00:00.000,THE,-0.01322824787,0.009890787187,-0.006343608725,0.00478060486,-2.857940475,2.370363575,1.736452081,0.02436943272,0.05821384605,-3.236750429,3.829546667,-0.5330853448,-0.30029,-0.1973752728,0.7793842577,,12
2025-12-02 00:00:00.000,THE,-0.01285587993,0.009605547583,-0.006021089056,0.004597502671,-2.733495377,2.264308457,1.838129769,0.02328380105,-0.03594888144,-2.774101506,3.76156,-0.5413213211,-0.2781,-0.1954537782,0.7713714545,0.2813440971,4.973093794
2025-12-03 00:00:00.000,THE,-0.01111220165,0.009250172848,-0.006144990256,0.004594191313,-2.539033239,2.123148788,1.777793808,0.02171859284,-0.1880395167,-2.259211525,3.82703,-0.5403874899,-0.37901,-0.1992040162,0.7715993339,0.4409127029,12
2025-12-04 00:00:00.000,THE,-0.008059090612,0.009469665924,-0.005449007803,0.003774735616,-2.151675504,2.086692077,2.010704046,0.02127682268,-0.2267685544,-2.839780972,3.51692,-0.5558829344,-0.70226,-0.2098098963,0.7898105099,0.3709390501,12
2025-12-05 00:00:00.000,THE,-0.009094938153,0.009350351719,-0.005385108818,0.003763108962,-2.221253751,2.074467988,2.012955278,0.02012117545,-0.3452942587,-2.32123014,3.53059,-0.554985286,-0.58573,-0.1980927798,0.8316593527,0.1399420308,2.957475499
2025-12-08 00:00:00.000,THE,-0.0103105596,0.009388887263,-0.005073019486,0.003737961392,-2.298574294,2.065551021,2.102144297,0.02026839058,-0.3237022079,-1.995860328,3.488776667,-0.5529481739,-0.4958,-0.1790927595,0.8190288571,,3.410893794
2025-12-09 00:00:00.000,THE,-0.01185337243,0.008488011748,-0.005307477836,0.004155374813,-2.356462214,1.928940703,1.992921056,0.01957348848,-0.3960758234,-1.4054274,3.66098,-0.5472341691,-0.17571,-0.1599467212,0.7347271216,0.2391246557,3.291073308
2025-12-10 00:00:00.000,THE,-0.01072660128,0.009226807261,-0.004574570814,0.003626336362,-2.113518066,1.981004015,2.225548277,0.0190653289,-0.4483681117,-1.668347206,3.546413333,-0.5573021695,-0.39555,-0.1728019629,0.8014812489,0.9079309842,12
2025-12-11 00:00:00.000,THE,-0.01145032344,0.009049363558,-0.004808210988,0.00392752461,-2.041080595,1.947627256,2.113303528,0.01908491094,-0.4437478656,-1.265395354,3.662026667,-0.5500605529,-0.29708,-0.163373596,0.7833898673,0.316533892,2.269337674
2025-12-12 00:00:00.000,THE,-0.0135279547,0.009074664896,-0.005278971769,0.004439805302,-2.085839982,1.971774264,1.923702096,0.01856756634,-0.5011327323,-0.7783268647,3.84181,-0.5384455457,-0.0848,-0.147055428,0.7194242811,0.3023758477,2.412017963
2025-12-15 00:00:00.000,THE,-0.01322343279,0.009156056444,-0.005214873974,0.00440685993,-1.938113265,1.968646538,1.92323108,0.01889561526,-0.4652588432,-0.7309581491,3.813526667,-0.5343456887,-0.06448,-0.1299405251,0.7287140894,,3.267523542
2025-12-16 00:00:00.000,THE,-0.0136179068,0.009307658389,-0.004657313628,0.00395477993,-1.87738061,1.957110064,2.092378249,0.01817054514,-0.5469561451,-0.9891095885,3.667713333,-0.5470598519,-0.068,-0.1285166267,0.71979894,0.2693823285,2.078345174
2025-12-17 00:00:00.000,THE,-0.01439977279,0.008895690416,-0.004749763663,0.004031478727,-1.860778938,1.848298867,2.037190492,0.01607348802,-0.7787545966,-0.8506070725,3.684556667,-0.5480364858,0.07593,-0.1225344174,0.6823916174,0.3246236378,2.302964705
2025-12-18 00:00:00.000,THE,-0.01516778863,0.008522800932,-0.00491495914,0.004177929767,-1.836355533,1.776865168,1.960720853,0.01516912051,-0.8784662439,-0.6626032306,3.681423333,-0.5467915588,0.20645,-0.1121006121,0.7121695649,0.1172405456,2.505117543
2025-12-19 00:00:00.000,THE,-0.01576803847,0.008167424531,-0.005008438131,0.00438525052,-1.862373408,1.73025492,1.910919664,0.01393819603,-1.014240588,-0.4039788484,3.73176,-0.544346413,0.39122,-0.09887364234,0.6809118841,0.2538704383,2.029404548
2025-12-22 00:00:00.000,THE,-0.01231753989,0.008189929585,-0.004694456363,0.004003749222,-1.597302879,1.697870068,2.004229313,0.01280220558,-1.137930463,-0.7220011239,3.728813333,-0.5418845507,0.00939,-0.1139801937,0.6493581835,,1.095407221
2025-12-23 00:00:00.000,THE,-0.01259654064,0.008156340373,-0.004933380685,0.004095656967,-1.617611014,1.653149592,1.908619347,0.01227736961,-1.193468879,-0.558515326,3.69828,-0.547304754,0.03372,-0.1103936713,0.6430555666,0.2546219737,2.184929357
2025-12-24 00:00:00.000,THE,-0.01254622426,0.007741456865,-0.005068840643,0.004334938551,-1.583728469,1.602223116,1.852481269,0.01198453253,-1.220471595,-0.1620068015,3.794093333,-0.5450516312,0.1092,-0.1110251949,0.6056780338,0.09779143841,1.607120708
2025-12-29 00:00:00.000,THE,-0.01412898137,0.00741060958,-0.005232864354,0.004614657123,-1.709679336,1.550894337,1.784677853,0.01202473164,-1.207283441,0.3810561253,3.881536667,-0.5401295182,0.33725,-0.09180598801,0.6539519458,,1.701264313
2025-12-30 00:00:00.000,THE,-0.01156939382,0.00779901261,-0.004900706468,0.004143548199,-1.481965567,1.579702721,1.88737087,0.01185491814,-1.216767594,-0.3148743843,3.769423333,-0.550877393,-0.02715,-0.1144681056,0.5437886723,0.307452946,12
2025-12-31 00:00:00.000,THE,-0.01466183405,0.007578872013,-0.005035111272,0.004413673076,-1.649644723,1.514750384,1.826410186,0.01128777061,-1.271048398,0.4283786755,3.800883333,-0.5525649605,0.374269677,-0.09813826296,0.6601477612,0.1870304266,2
2026-01-02 00:00:00.000,THE,-0.02296406819,0.008555014962,-0.00410652065,0.004524477318,-2.252141928,1.564551667,2.129631157,0.01929087441,-0.397469161,1.024479468,3.85971,-0.5453890275,0.5873,-0.0884325539,0.698427271,,12
2026-01-05 00:00:00.000,THE,-0.01754565949,0.009409276562,-0.003523583886,0.003810922374,-1.767251747,1.607111513,2.304792531,0.01842337334,-0.4915464506,-1.182680199,3.701513333,-0.5523026392,-0.09643,-0.1331087202,0.4636095659,,4.710716271
2026-01-06 00:00:00.000,THE,-0.02122433399,0.009174311855,-0.003753829937,0.00414817355,-1.94982438,1.532868724,2.198709628,0.01779715979,-0.5599025543,0.03059600543,3.775483333,-0.5511863156,0.27355,-0.1173296442,0.6006408496,0.1561122343,3.292796284
2026-01-07 00:00:00.000,THE,-0.02640420334,0.008572522249,-0.003879624914,0.004603119724,-2.194945861,1.432108338,2.132115752,0.01838284377,-0.49494328,1.705957377,3.836226667,-0.5519356387,0.87855,-0.09156806265,0.8012897516,0.3191174365,3.054547481
2026-01-08 00:00:00.000,THE,-0.0226955904,0.008568350053,-0.003461086917,0.004287033243,-1.815167036,1.398429637,2.258247085,0.01817482569,-0.5144210958,0.4449848948,3.749883333,-0.557467747,0.61327,-0.1090281776,0.7493399218,0.1589407225,4.063897
2026-01-09 00:00:00.000,THE,-0.02665169573,0.007458535778,-0.003761856157,0.004955352296,-1.952918809,1.281673108,2.136546297,0.02008113302,-0.3076181318,2.774612773,3.868996667,-0.5526631404,1.18304,-0.07657022039,0.9372440836,0.3937732683,3.776912518
2026-01-12 00:00:00.000,THE,-0.03889221111,0.006684603528,-0.004233984516,0.006371247801,-2.577284734,1.200973755,1.961675815,0.02468747199,0.1884881983,6.944449245,4.048776667,-0.5422842692,2.56075,0.01232358642,1.032731544,,1.607843909
2026-01-13 00:00:00.000,THE,-0.05089724959,0.008158683294,-0.00435066342,0.006870489594,-3.113690925,1.304686587,1.908019958,0.02781807143,0.5235968703,4.540498295,4.10314,-0.5428149019,3.50232,0.0669971955,1.040229701,0.3678870247,6.60178436
2026-01-14 00:00:00.000,THE,-0.05696481945,0.006699391365,-0.004421285887,0.007869126465,-3.282335923,1.139639794,1.872186379,0.03282211153,1.061333163,4.434998317,4.230483333,-0.5400634788,4.27151,0.1098518638,1.039632833,0.4069241668,8.184567809
2026-01-15 00:00:00.000,THE,-0.06050397253,0.003921350038,-0.00507536613,0.01093144156,-3.296876765,0.8779786184,1.638630765,0.04182787225,2.02553011,5.976980393,4.753796667,-0.5106069958,5.3201,0.1768279494,1.141472401,1.095108413,7.715484314
2026-01-16 00:00:00.000,THE,-0.0718762996,0.003671744213,-0.006775938809,0.01785007585,-3.762202981,0.830060236,1.052300095,0.05325010676,3.22525581,7.499936015,6.305453333,-0.4231342628,7.18101,0.2967301315,1.166510775,1.387644054,12
2026-01-19 00:00:00.000,THE,-0.06310765001,0.004160469438,-0.005911157392,0.01460869685,-3.265393625,0.8363233499,1.341203073,0.0446879136,2.247796152,2.736389634,5.833556667,-0.4481450854,5.97588,0.2447557639,1.14254507,,2.406843404
2026-01-20 00:00:00.000,THE,-0.06153910887,0.005090238074,-0.006494810457,0.01357829904,-3.184176448,0.872479962,1.134242076,0.03785567807,1.504052936,1.961582307,5.47837,-0.4725660296,5.72971,0.2294312099,1.113061747,0.7609678784,5.53965796
2026-01-21 00:00:00.000,THE,-0.07951982123,0.003044022637,-0.008326722838,0.01929271576,-3.997845766,0.7033006717,0.4961457774,0.04672748877,2.411266361,3.10757952,6.053496667,-0.44394024,8.63213,0.4131247555,1.204924162,0.7433535702,6.358615148
2026-01-22 00:00:00.000,THE,-0.07533536866,0.004343338127,-0.007862206796,0.01725405515,-3.644041099,0.7742660718,0.6517566565,0.04292029989,1.982713261,2.032072868,5.723936667,-0.464419686,7.63191,0.3561434019,1.202265753,0.1893868291,2.427323789
2026-01-23 00:00:00.000,THE,-0.08568281302,0.003081036058,-0.007857151569,0.01990993078,-3.911674956,0.6749853397,0.6478079328,0.05181301018,2.86636706,2.263064781,5.82295,-0.4597921983,9.28391,0.4723283316,1.245071981,0.5191886061,3.937702302
2026-01-26 00:00:00.000,THE,-0.09188465612,0.00453305683,-0.007392012434,0.01965791974,-3.92812183,0.7604414468,0.8084636565,0.05432859699,3.062617158,1.886265724,5.638186667,-0.4683936686,9.61938,0.5271527814,1.239060143,,3.174232925
2026-01-27 00:00:00.000,THE,-0.09404681929,0.006005662071,-0.007136352077,0.01857814246,-3.760897495,0.843410032,0.8965466469,0.05152715005,2.718154429,1.480120509,5.409926667,-0.4856674032,9.54221,0.5226032906,1.227468035,0.3177282449,3.08953585
2026-01-28 00:00:00.000,THE,-0.08328128075,0.005624311409,-0.007897544926,0.01853857424,-3.11021601,0.8054548113,0.6181893591,0.04519650765,2.051700808,1.3229979,5.58794,-0.4802972862,8.50684,0.4526029629,1.246809234,0.3993968035,4.955513453
2026-01-29 00:00:00.000,THE,-0.07549744798,0.004526924758,-0.009549865077,0.02184050944,-2.676136769,0.7286483515,-0.001955247847,0.04364663196,1.882596007,1.704225535,6.255846667,-0.4426599881,8.22445,0.44483818,1.269175318,0.5684435535,2.938805657
2026-01-30 00:00:00.000,THE,-0.07410659607,0.004452144579,-0.01084122693,0.02431248117,-2.527930778,0.716112729,-0.5032701681,0.04561026649,2.053257944,1.885211984,6.429393333,-0.4341488256,8.327567857,0.4636556893,1.274411967,0.509576297,3.182725835
2026-02-02 00:00:00.000,THE,-0.0443667292,0.006012676531,-0.006858443037,0.01339224341,-1.373470257,0.8072970558,1.015219148,0.03073816758,0.6113424669,0.1175949443,5.618646667,-0.4759435706,3.36182,0.1371051622,1.067072959,,12
2026-02-03 00:00:00.000,THE,-0.03992853234,0.006190542651,-0.006635922656,0.01329752517,-1.189618014,0.8037914581,1.102075748,0.03092797345,0.6266022262,0.04599343378,5.71218,-0.4715950101,2.93804,0.1035916061,1.045194293,0.2111815151,12
2026-02-04 00:00:00.000,THE,-0.0431128199,0.006307652209,-0.007098094701,0.01397188428,-1.283507703,0.8077282272,0.9214283051,0.02850316277,0.3932953111,0.08265526043,5.87294,-0.4610687,3.14357,0.1134254988,1.035223121,0.4376237595,3.574878793
2026-02-05 00:00:00.000,THE,-0.04218760628,0.005631590078,-0.007117503453,0.0155297159,-1.228366418,0.7553944026,0.918577399,0.03167631227,0.694783951,0.2653260071,6.243376667,-0.4346221712,3.29679,0.1273732083,1.063805702,0.3618502622,10.601054331
2026-02-06 00:00:00.000,THE,-0.05013482486,0.005659687875,-0.008054886956,0.01800443146,-1.491026937,0.7528580851,0.5292147946,0.03395023372,0.9076972001,0.622430116,6.558186667,-0.4121710131,4.30299,0.1990361722,1.101885891,0.2085190119,2.971606045
2026-02-09 00:00:00.000,THE,-0.03533113491,0.005619986756,-0.008341382368,0.01706078159,-0.9376233381,0.7457559354,0.4024735965,0.03487295281,0.9911873196,0.3739139728,6.353543333,-0.4095262789,2.59683,0.09074283072,1.013463244,,3.153745732
2026-02-10 00:00:00.000,THE,-0.03014035707,0.007865336063,-0.008260223938,0.01579965993,-0.7375792711,0.8902078778,0.4317719228,0.03563778941,1.061600346,0.03059073246,6.178876667,-0.4205142447,1.59944,0.01846195972,0.775809477,0.2845633402,5.898255358
2026-02-11 00:00:00.000,THE,-0.02979169811,0.007579447746,-0.008636577852,0.0162859672,-0.712184231,0.865848436,0.2578406976,0.03497547226,0.9960947949,0.04286234383,6.169476667,-0.4185314309,1.67531,0.0222277183,0.7928212425,0.2197138123,2.029320098
2026-02-12 00:00:00.000,THE,-0.03399001978,0.00755802038,-0.008855074861,0.0160897144,-0.8493239064,0.8580782936,0.1525549868,0.03147684656,0.6693195392,-0.1236966689,5.975033333,-0.4239755831,2.12918,0.0611630507,0.9038137951,0.4916598442,2.847082609
2026-02-13 00:00:00.000,THE,-0.03338178259,0.00735706578,-0.008596485915,0.01552884484,-0.8133164843,0.834839561,0.2624240064,0.02933852939,0.4643626829,-0.4476290725,5.85047,-0.4249345801,2.01553,0.06194759389,0.9111068518,0.345192038,1.880336635
2026-02-16 00:00:00.000,THE,-0.02796835464,0.007956827668,-0.007650871088,0.01274486535,-0.6060898274,0.8607423034,0.6868197423,0.02467434248,0.02271553183,-1.541120914,5.48859,-0.4297706045,1.21322,0.03179995079,0.751235003,,2.441089719
2026-02-17 00:00:00.000,THE,-0.0236793325,0.008099553955,-0.007023503761,0.01090665559,-0.4403940513,0.8582956037,0.9675367203,0.02161687299,-0.2671318912,-1.99263315,5.10092,-0.4534918528,0.86175,0.006195005793,0.6226347341,0.5747544016,3.655742132
2026-02-18 00:00:00.000,THE,-0.02484295033,0.007072396847,-0.008684624705,0.01493201993,-0.4713360414,0.7782295276,0.1989474638,0.02912893711,0.4479034079,-0.555608392,5.79445,-0.4082722942,1.12331,0.0253656401,0.7197595373,0.9387312419,5.298433093
2026-02-19 00:00:00.000,THE,-0.0215007025,0.005809713437,-0.009874687226,0.01950530235,-0.3390429726,0.6867509926,-0.3540447037,0.03279764414,0.7948788578,0.8423668848,6.76934,-0.3401558993,1.20571,0.04078692343,0.8272750799,0.4338628243,6.067402633
2026-02-20 00:00:00.000,THE,-0.01889733899,0.00709355542,-0.008762175042,0.01546932975,-0.2345016261,0.7611205699,0.1550035832,0.02676113761,0.2230922864,-0.4192287554,6.116506667,-0.3787655214,0.56344,-0.003569885437,0.5651154126,0.6747200016,3.130300446
2026-02-23 00:00:00.000,THE,-0.01704903133,0.007361671148,-0.009212191545,0.01636658088,-0.1573703676,0.7621387375,-0.05510383728,0.02725340257,0.2720067173,-0.1131048168,6.239603333,-0.3595588544,0.47727,-0.002206705356,0.5155358415,,1.614384678
2026-02-24 00:00:00.000,THE,-0.01291640565,0.007090495598,-0.008879114215,0.01520150957,0.003628377406,0.7364007686,0.09468677214,0.02866312006,0.4050631001,-0.4332726305,5.896263333,-0.3815067645,0.18604,-0.02332766497,0.4274570454,0.2931271357,6.368884377
2026-02-25 00:00:00.000,THE,-0.01145223159,0.006771676093,-0.008782467907,0.01631035992,0.06642013422,0.705703517,0.1353631469,0.02959208257,0.4918844682,-0.01301048733,6.246266667,-0.3562604038,0.09668,-0.02962002853,0.4734663617,0.4230613951,12
2026-02-26 00:00:00.000,THE,-0.01238044497,0.00631821983,-0.00895302129,0.0178928404,0.04087454409,0.6576956236,0.05311755797,0.02815500307,0.3628503896,0.544943839,6.681746667,-0.3216277209,0.28497,-0.01419994023,0.5165062315,0.2878172265,4.381277883
2026-02-27 00:00:00.000,THE,-0.00741904162,0.005503086504,-0.008546502103,0.01703333839,0.2289527242,0.5974679804,0.240125848,0.02764600309,0.3316594386,0.2732362035,6.515976667,-0.3289880634,0.206669677,-0.02137319405,0.5169912923,0.2940720653,3.782673698
2026-03-02 00:00:00.000,THE,-0.02825934632,-0.01657159743,-0.009811284059,0.04701489483,-0.5187776388,-0.8475339122,-0.3463973283,0.07219414719,4.818658683,11.377329367,10.105523333,-0.05958260683,9.95941,0.7794496788,1.538581891,,12
2026-03-03 00:00:00.000,THE,-0.02847927691,-0.02990979708,-0.01527196699,0.08905098055,-0.5336113617,-1.728622271,-2.877109108,0.1015145028,7.595810134,10.090816891,13.85194,0.2109394764,15.87315,1.266377565,1.645510053,3.392551763,12
2026-03-04 00:00:00.000,THE,-0.03535227248,-0.01660025481,-0.01239159362,0.05667906664,-0.7807125768,-0.8541736219,-1.502824187,0.0552553008,2.762286041,2.09425437,10.861933333,-0.005559425821,11.89565,0.9298644359,1.488000066,2.283938409,12
2026-03-05 00:00:00.000,THE,-0.0308539127,-0.01603023959,-0.01437981455,0.06496488096,-0.5970386996,-0.825643933,-2.394806366,0.04400717667,1.734467594,2.246707645,12.17445,0.09351932171,11.6094,0.9015799535,1.489832921,0.4144554188,5.803027194
2026-03-06 00:00:00.000,THE,-0.01563056974,-0.01096776036,-0.01877171219,0.07646265471,-0.006431299474,-0.4961841684,-4.338433403,0.03719116077,1.131556756,2.466851024,14.321283333,0.2535852296,7.96172,0.5965840998,1.398894879,1.22035474,12
2026-03-09 00:00:00.000,THE,-0.0135433743,-0.008219159615,-0.0222901286,0.08739205765,0.08422210815,-0.3202375795,-5.696274365,0.04141739286,1.515497143,2.528421656,15.807926667,0.3826383733,7.31382,0.540513129,1.433111872,,6.605122727
2026-03-10 00:00:00.000,THE,-0.008296062239,-0.008320689707,-0.0169778951,0.05719808933,0.296967999,-0.3351607322,-3.16878603,0.02520479107,0.0783001403,0.9693838713,11.969363333,0.0960182322,5.28052,0.3746692526,1.479750288,0.7211273142,4.693369285
2026-03-11 00:00:00.000,THE,-0.007921859743,-0.007793500048,-0.01735502851,0.06708233687,0.320749093,-0.3064907011,-3.247086272,0.02491745001,0.0650656523,1.251690367,14.418786667,0.276095935,5.24989,0.3694346765,1.352817644,0.225488505,3.592754853
2026-03-12 00:00:00.000,THE,-0.004574510375,-0.007343650401,-0.01796786444,0.07026173276,0.4609850211,-0.2857918912,-3.40923364,0.02560381744,0.1417377347,1.24887644,15.284536667,0.3466927625,4.81401,0.332816427,1.312466498,0.4612571632,2.275719157
2026-03-13 00:00:00.000,THE,-0.003338144554,-0.008462020025,-0.01780352629,0.06698178208,0.5187172613,-0.3751301235,-3.256671448,0.02311305674,-0.08035190777,1.015151835,14.723603333,0.3070018216,4.65669,0.3170929583,1.301235513,0.2812806735,1.989653475
2026-03-16 00:00:00.000,THE,-0.00428588079,-0.008866647464,-0.01897183555,0.06777319056,0.4897728325,-0.4138321294,-3.621055521,0.02500218634,0.1087057298,0.9512650689,14.409326667,0.2897307691,5.01673,0.353357691,1.294365014,,1.989748332
2026-03-17 00:00:00.000,THE,-0.002627339318,-0.007549107869,-0.01952388238,0.06860024055,0.5641480571,-0.3304237184,-3.722358794,0.02864817642,0.4685345959,0.8937659664,14.625863333,0.3040336467,4.42915,0.3082840963,1.203445639,0.1221326843,1.649462402
2026-03-18 00:00:00.000,THE,-0.003847323442,-0.009847817258,-0.0205382132,0.0843245194,0.523222627,-0.5130871087,-3.976429321,0.02399685967,0.02422997674,1.371921391,16.990266667,0.4785963446,5.75409,0.4145110357,1.306773041,0.8621390876,2.278559903
2026-03-19 00:00:00.000,THE,-0.001007926364,-0.006205729873,-0.02570822458,0.08889332209,0.6446737178,-0.2485906049,-5.641971655,0.07146886384,4.631371284,1.410139572,17.87126,0.5463109462,4.7745,0.335306102,1.092794391,3.32448214,12
2026-03-20 00:00:00.000,THE,0.002477822304,-0.005870215354,-0.02393673977,0.07971299414,0.792954934,-0.2344826537,-4.717348385,0.05756090175,3.147742216,0.9535291914,17.04363,0.4864799834,3.64319,0.2445282603,0.9188597264,0.2135698308,4.162876216
2026-03-23 00:00:00.000,THE,0.003643644154,-0.002714436711,-0.02273021896,0.06867358527,0.8468431031,0.007730046386,-4.127447408,0.0656907979,3.827163569,0.4678123371,15.777666667,0.3992313314,1.74168,0.09676206109,0.6321905904,,1.862126526
2026-03-24 00:00:00.000,THE,0.00294260803,-0.002595420705,-0.0221186317,0.06366570208,0.8213963116,0.01057066595,-3.794810928,0.04829083161,2.157974158,0.2059218508,13.97983,0.2618092941,1.67791,0.09612122976,0.6677579456,0.3497648554,2.785064524
2026-03-25 00:00:00.000,THE,0.00214999561,-0.001955945082,-0.02181555472,0.06606623919,0.7935510083,0.05546221133,-3.587704614,0.04050482313,1.443501752,0.2273759534,14.45931,0.296687203,1.51493,0.08496247202,0.5659189932,0.2840711147,1.710333863
2026-03-26 00:00:00.000,THE,0.002744015154,-0.002316401797,-0.02283704248,0.07304931823,0.8215742177,0.01822807414,-3.781491268,0.04222917813,1.583034019,0.4583724509,16.0521,0.4235895692,1.78803,0.1083957364,0.6020583965,0.1156875668,2.838331609
2026-03-27 00:00:00.000,THE,0.002228703887,-0.0009823948211,-0.02288463097,0.06866620062,0.8024909952,0.1220644557,-3.684701834,0.0429292028,1.649915679,0.155718859,15.07998,0.3559225328,1.17724,0.05894251829,0.4776282458,0.1487057152,2.033311995
2026-03-30 00:00:00.000,THE,-0.0001992566394,-0.001116410706,-0.0220409651,0.06627758374,0.7058208023,0.1037173592,-3.34994418,0.04251731732,1.611537332,-0.1127047427,14.739503333,0.3463119672,1.52248,0.08698238276,0.5352963249,,1.443435117
2026-03-31 00:00:00.000,THE,-0.0006430669191,-0.001386432711,-0.01980495921,0.05603473651,0.6912545236,0.07426233314,-2.668554042,0.03001549057,0.5089360029,-1.323611449,12.940363333,0.2038604211,1.740099333,0.1087221028,0.6295071994,0.101615338,1.729561551
2026-04-01 00:00:00.000,THE,0.001591518341,-0.01597354847,-0.01932321227,0.05360126197,0.7817993659,-1.191648321,-2.493382882,0.02731450088,0.2729042903,-1.717324033,11.7166,0.1065246012,7.06791,0.5380065283,0.9796926142,0.156557123,12
2026-04-02 00:00:00.000,THE,0.001299343162,-0.01908228435,-0.01958042104,0.05841979184,0.769688046,-1.461416915,-2.519964759,0.02570498558,0.1317861544,-1.095188279,12.702686667,0.1878759013,8.42871,0.646386502,1.085413394,0.1207560459,4.523463834
2026-04-07 00:00:00.000,THE,0.001254357151,-0.02183251557,-0.02062460694,0.06878128076,0.7675698677,-1.69718785,-2.74745843,0.030012416,0.5118472217,-0.04758224509,14.401246667,0.3331299069,10.12044,0.7753667278,1.040081968,,4.26771157
2026-04-08 00:00:00.000,THE,0.00287661637,-0.01744851134,-0.01705669908,0.0482571368,0.8325159708,-1.315286233,-1.789550881,0.02541259665,0.1028592778,-2.192550648,11.314766667,0.08848467291,6.69879,0.503240302,0.8909262914,0.3909506559,12
2026-04-09 00:00:00.000,THE,0.001075175325,-0.01897656513,-0.0164500755,0.04813779917,0.7599735105,-1.445856703,-1.616988213,0.02613871289,0.1663017576,-1.890952294,11.550923333,0.1108856395,7.14114,0.5374851795,0.8864700465,0.1503666091,5.582671246
2026-04-10 00:00:00.000,THE,0.0003368537212,-0.0183643976,-0.01510549789,0.04315926355,0.7302370446,-1.388070963,-1.262760638,0.02672977691,0.216829449,-2.209986485,10.793433333,0.05231759289,6.77437,0.5043324336,0.8903661242,0.1097493549,6.701737061
2026-04-13 00:00:00.000,THE,-0.002116120295,-0.02003486594,-0.01607756186,0.04881166405,0.6320992488,-1.527114135,-1.496533265,0.02667111715,0.2095579231,-1.462718633,11.57701,0.1216087392,8.09188,0.6013697166,0.7902518487,,4.322000821
2026-04-14 00:00:00.000,THE,-0.0003318180628,-0.01843755076,-0.01448030958,0.04034198093,0.7071352732,-1.383784796,-1.083845372,0.02756786953,0.2860131517,-2.028090042,10.08188,0.0005197849031,6.59529,0.4831539137,0.7359366115,0.06881583339,2.533223387
2026-04-15 00:00:00.000,THE,0.002249051973,-0.01641089331,-0.01328345962,0.03415113942,0.8100767371,-1.208382518,-0.7774490095,0.02274848402,-0.1415192922,-2.232713537,9.337136667,-0.06184715685,5.50599,0.39249486,0.6749111734,0.2869117873,2.005559982
2026-04-16 00:00:00.000,THE,0.002309500113,-0.01564790831,-0.01463047965,0.03716995173,0.812272182,-1.143224736,-1.107681176,0.02070347555,-0.3225904078,-1.696120031,9.696596667,-0.03366579664,5.4485,0.3808087907,0.5684107001,0.1246891222,2.650180386
2026-04-17 00:00:00.000,THE,0.004624160486,-0.01355997891,-0.01314386785,0.02848329479,0.904127578,-0.9661320537,-0.7290724397,0.02232138482,-0.1803824589,-2.071321704,8.101166667,-0.1642923324,4.1246,0.2675702346,0.4950844303,0.2261942984,6.340273584
2026-04-20 00:00:00.000,THE,0.00242930275,-0.01429826764,-0.01333601559,0.03001802737,0.8166959977,-1.031523551,-0.7711107904,0.02027174404,-0.3627122476,-1.697512725,8.348983333,-0.1431644109,4.70696,0.2976189469,0.4335315359,,1.472779826
2026-04-21 00:00:00.000,THE,0.002576487302,-0.01643324341,-0.01488814902,0.03625588231,0.8223443237,-1.216534826,-1.15114595,0.02166102364,-0.240493878,-1.169904861,9.02274,-0.09400358823,5.74995,0.3705703951,0.4116254929,0.2967558761,3.989418784
2026-04-22 00:00:00.000,THE,0.003811893412,-0.01626661128,-0.0159018997,0.03892484783,0.8711707406,-1.202152294,-1.394486595,0.02145952354,-0.2579998928,-0.9338065066,9.343606667,-0.07379373259,5.85374,0.3685862856,0.4073174423,0.1338775127,1.752487473
2026-04-23 00:00:00.000,THE,0.003067920536,-0.01697550451,-0.01606877196,0.04136299067,0.8415871231,-1.26101068,-1.424586335,0.02138017981,-0.264771257,-0.691653178,9.91119,-0.03157368651,6.40225,0.4001991457,0.4168045417,0.1674455492,1.870326976
2026-04-24 00:00:00.000,THE,0.004344477142,-0.01527010601,-0.01624660416,0.03896333423,0.8918244979,-1.112403232,-1.457008728,0.02128237455,-0.272993107,-0.7916794909,9.798376667,-0.04535817072,5.8015,0.3424177734,0.3955540818,0.3268796305,2.165448915
2026-04-27 00:00:00.000,THE,0.003943156918,-0.01530259616,-0.01632656315,0.04050285898,0.8758467207,-1.114587707,-1.464358343,0.02052655994,-0.3389573176,-0.6040010603,9.862443333,-0.03475459348,5.95597,0.3377944729,0.3623779805,,1.688244418
2026-04-28 00:00:00.000,THE,0.004038091135,-0.01557511988,-0.01529966893,0.03716743454,0.8800284449,-1.13679673,-1.196950748,0.0198100017,-0.4011396236,-0.7855815566,9.536996667,-0.06641763113,5.91424,0.3269372416,0.3569679449,0.1268430047,2.580932787
2026-04-29 00:00:00.000,THE,0.003278183694,-0.01826413185,-0.01745416292,0.04799349342,0.8503340043,-1.364211864,-1.719646212,0.02217060673,-0.1915826418,0.174914112,11.245676667,0.05846712208,7.68052,0.4448833434,0.3821744651,0.4095420146,2.12802581
2026-04-30 00:00:00.000,THE,0.004292949082,-0.01790262069,-0.01674162619,0.04644531832,0.8910146121,-1.328169873,-1.526552685,0.02091351136,-0.3024642636,0.1419134925,11.198826667,0.05269783228,7.172,0.3962852734,0.3631561342,0.1492488708,2.231246817
2026-05-01 00:00:00.000,THE,0.00329917809,-0.03258018479,-0.01709133533,0.04668532082,0.8519083131,-2.567511854,-1.598063262,0.04271965403,1.622437845,0.2797170764,10.999976667,0.03636369051,9.17491,0.5289951345,0.4502650482,0.1094223634,12
2026-05-04 00:00:00.000,THE,0.00329917809,-0.03258018479,-0.01709133533,0.04668532082,0.8522126479,-2.532375667,-1.582590124,0.04148503456,1.49879605,0.338145449,10.999976667,0.0623424154,9.17491,0.5801224073,0.4398636282,,4.581403313
2026-05-05 00:00:00.000,THE,0.004386828162,-0.03433226456,-0.01839870791,0.05281965761,0.8961408812,-2.658620913,-1.884867362,0.04513611734,1.805188644,1.054125481,11.572593333,0.09870846129,10.00374,0.6263493981,0.4630145775,0.3156790166,4.470411724
2026-05-06 00:00:00.000,THE,0.003717991541,-0.03062256287,-0.01667792805,0.0425004214,0.8698624947,-2.339327207,-1.448753297,0.03809569299,1.174483682,-0.04683069004,9.805056667,-0.05353635887,8.53535,0.4978749645,0.4547399301,0.3120330985,6.755181519
2026-05-07 00:00:00.000,THE,0.004621589266,-0.03063122716,-0.01665034316,0.04185271231,0.9066799244,-2.349522267,-1.429535679,0.03670474337,1.045262704,0.0300719272,9.672736667,-0.06436696501,8.21466,0.5066035387,0.4557644301,0.1054463904,3.10683026
2026-05-08 00:00:00.000,THE,0.00426601745,-0.0310245945,-0.01702574199,0.04328374082,0.8929235244,-2.381524443,-1.50719748,0.03731049602,1.090406235,0.3079907059,9.762566667,-0.05743552944,8.39579,0.5540721448,0.4403484862,0.142476868,3.96777498
2026-05-11 00:00:00.000,THE,0.004073741219,-0.0335296619,-0.01795146556,0.04952292445,0.8809178484,-2.580230635,-1.714026942,0.03942860092,1.265073587,1.37931388,10.871766667,0.04954598945,9.50706,0.6609947058,0.4324711132,,1.4532086
2021-01-04 00:00:00.000,TTF,-0.0638446981,0.02073539595,-0.003929604704,0.007888951444,,,,,,,3.338156667,,1.5094,,,,
2021-01-05 00:00:00.000,TTF,-0.04399800482,0.02234359354,-0.002944042274,0.005758628844,,,,,,,3.199093333,,0.14157,,,,
2021-01-06 00:00:00.000,TTF,-0.041887025,0.0213949025,-0.002197809548,0.005150681307,,,,,,,3.071136667,,0.07165,,,,
2021-01-07 00:00:00.000,TTF,-0.0551188437,0.02049067546,-0.003457293337,0.00738168619,,,,,,,3.49771,,1.04072,,,,
2021-01-08 00:00:00.000,TTF,-0.06764205407,0.02023666711,-0.00400644036,0.00828070176,,,,,,,3.470366667,,1.76085,,,,
2021-01-11 00:00:00.000,TTF,-0.09083668212,0.01822894298,-0.00394373146,0.0108848135,,,,,,,3.821573333,,3.30938,,,,
2021-01-12 00:00:00.000,TTF,-0.1463515253,0.01865789575,-0.005127440505,0.01831309472,,,,,,,4.07105,,6.9063,,,,
2021-01-13 00:00:00.000,TTF,-0.09141548084,0.01984299883,-0.003631520754,0.009664609841,,,,,,,3.56917,,2.95575,,,,
2021-01-14 00:00:00.000,TTF,-0.0904663238,0.02041744785,-0.003509663086,0.008209607858,,,,,,,3.14546,,2.72113,,,,
2021-01-15 00:00:00.000,TTF,-0.08064009042,0.02144505967,-0.003057648545,0.007138594903,,,,,,,3.041783333,,1.97205,,,,
2021-01-18 00:00:00.000,TTF,-0.06546737173,0.02185026249,-0.002915115842,0.005871894444,,,,,,,2.895433333,,1.06088,,,,
2021-01-19 00:00:00.000,TTF,-0.07071296556,0.02066208789,-0.004417007277,0.007890811145,,,,,,,3.237733333,,1.6703,,,,
2021-01-20 00:00:00.000,TTF,-0.06669371797,0.02034824818,-0.004237569521,0.006994850342,,,,,,,3.032366667,,1.45195,,,,
2021-01-21 00:00:00.000,TTF,-0.06464890714,0.0190600978,-0.004701499227,0.007469982339,,,,,,,3.184673333,,1.25565,,,,
2021-01-22 00:00:00.000,TTF,-0.08520012646,0.01879434189,-0.005340025153,0.01036957323,,,,,,,3.443046667,,2.64775,,,,
2021-01-25 00:00:00.000,TTF,-0.07071642496,0.0193101172,-0.004885923939,0.008346168482,,,,,,,3.21834,,1.64487,,,,
2021-01-26 00:00:00.000,TTF,-0.06054756836,0.01933116582,-0.004639831853,0.007529812436,,,,,,,3.158973333,,1.10255,,,,
2021-01-27 00:00:00.000,TTF,-0.05861471021,0.01816414769,-0.004480168981,0.007533780354,,,,,,,3.231146667,,1.05115,,,,
2021-01-28 00:00:00.000,TTF,-0.07414915087,0.0168237587,-0.00512200666,0.009463167453,,,,,,,3.386113333,,2.05795,,,,
2021-01-29 00:00:00.000,TTF,-0.06422994386,0.01983190996,-0.004910510197,0.008078872131,,,,,,,3.132286667,,1.531154286,,,,
2021-02-01 00:00:00.000,TTF,-0.03234530039,0.01995467013,-0.002711818512,0.005566574069,1.811872298,0.04080265351,1.475526513,,,-1.038175312,2.90232,,-0.22402,,,,12
2021-02-02 00:00:00.000,TTF,-0.03301604956,0.01971470768,-0.002371937885,0.005484975199,1.611915099,-0.1389199348,1.591009463,,,-1.017846992,2.95363,,-0.18966,,,,12
2021-02-03 00:00:00.000,TTF,-0.0273687637,0.02062837025,-0.002148809142,0.004726169488,1.720357659,0.5614096271,1.464616042,,,-1.223264727,2.79356,,-0.64602,,,,7.309392983
2021-02-04 00:00:00.000,TTF,-0.02490603981,0.02069206932,-0.001769390412,0.00478908779,1.678804823,0.5951343308,1.664504976,,,-1.16154464,3.00158,,-0.73494,,,,4.080469923
2021-02-05 00:00:00.000,TTF,-0.0246278984,0.02017063692,-0.001901102317,0.004740291692,1.563122467,0.1683897335,1.460994824,,,-1.164549045,3.004743333,,-0.69999,,,,4.480506104
2021-02-08 00:00:00.000,TTF,-0.03456782811,0.01849790568,-0.002162331665,0.005511047953,1.089857706,-1.178764324,1.092851632,,,-0.8277271661,3.26215,,0.05044,,,,3.682140117
2021-02-09 00:00:00.000,TTF,-0.02856174458,0.01846243929,-0.002244373087,0.005517075283,1.256536832,-1.154188094,0.9732602013,,,-0.7692101241,3.237123333,,-0.31075,,,0.3509785637,2.300820501
2021-02-10 00:00:00.000,TTF,-0.02231052231,0.01927935037,-0.002305123853,0.005139870766,1.373395423,-0.4570581255,0.8167985796,,,-0.8215336366,3.098383333,,-0.74921,,,0.1953704115,2.533423657
2021-02-11 00:00:00.000,TTF,-0.01731179339,0.01967016794,-0.001813797942,0.004328070952,1.487061452,-0.1325151436,1.027051143,,,-1.526636009,2.75999,,-1.15723,,,0.2293443289,4.284710912
2021-02-12 00:00:00.000,TTF,-0.01692791733,0.01960119992,-0.001749476222,0.004442552665,1.271623629,-0.1868226825,1.004550336,,,-1.332854575,2.872026667,,-1.11764,,,0.1604913782,1.422551588
2021-02-15 00:00:00.000,TTF,-0.005669814667,0.02136497649,-0.00106812337,0.003925970525,1.507932023,1.287754307,1.38444294,,,-1.50412948,2.70198,,-1.83004,,,,3.396448388
2021-02-16 00:00:00.000,TTF,-0.00804158415,0.02147577363,-0.001162419768,0.004109885389,1.423374496,1.325353398,1.29717988,,,-1.248802729,2.782073333,,-1.69824,,,0.1016101877,2.183691851
2021-02-17 00:00:00.000,TTF,-0.007416810227,0.02215753698,-0.0008587546172,0.00379030466,1.472795528,1.82649582,1.45447607,,,-1.332066839,2.618436667,,-1.8318,,,0.2972852624,3.472463315
2021-02-18 00:00:00.000,TTF,-0.009888579634,0.02005374035,-0.00139667651,0.004377339554,1.338154117,0.05106286266,1.155395104,,,-0.8961995853,2.948693333,,-1.55817,,,0.3163154773,3.429777601
2021-02-19 00:00:00.000,TTF,-0.007529111649,0.02145523276,-0.0006746215136,0.003878088308,1.296917215,1.174152271,1.429503575,,,-1.079301192,2.742633333,,-1.78699,,,0.306333215,2.31175038
2021-02-22 00:00:00.000,TTF,-0.004500988308,0.02325488376,-9.209312972e-05,0.003730513718,1.352884811,2.570910037,1.709649257,,,-1.056825756,2.634236667,,-1.97637,,,,1.5026281
2021-02-23 00:00:00.000,TTF,-0.00584399898,0.02224816219,-0.0003153275805,0.003757177155,1.266048938,1.578292649,1.500660635,,,-1.01527491,2.711053333,-1.290038297,-1.85894,-1.311120261,,0.3118936043,1.617257949
2021-02-24 00:00:00.000,TTF,-0.003656010002,0.02220648351,-0.0001358602286,0.003615617536,1.288659539,1.475794083,1.62846017,,,-1.027718322,2.676753333,-1.350792144,-1.95722,-1.315969246,,0.4029114101,1.216443643
2021-02-25 00:00:00.000,TTF,-0.002437092315,0.02443360489,0.0006180940045,0.003734048476,1.228743745,2.716875745,2.073447801,,,-0.8644362335,2.649513333,-1.385185239,-2.20251,-1.398306568,,0.4456050243,3.983545818
2021-02-26 00:00:00.000,TTF,-0.002392970636,0.02543430784,0.0007018103818,0.003741050248,1.145061977,3.259215582,1.877435693,,,-0.7847285677,2.642643333,-1.355315291,-2.28487,-1.389213758,,0.1331787701,1.506789676
2021-03-01 00:00:00.000,TTF,-0.002665331977,0.01981818007,0.001130701225,0.003810183458,1.063952957,-0.3795313761,1.967375632,,,-0.7742357164,2.774866667,-0.9113421366,-1.76142,-1.071038912,,,12
2021-03-02 00:00:00.000,TTF,-0.001933897944,0.02105275978,0.001581524699,0.003845949127,1.058022196,0.3544534883,1.977685202,,,-0.8214435257,2.767723333,-0.9127232178,-1.92503,-1.127126511,,0.2141754179,7.230262816
2021-03-03 00:00:00.000,TTF,-0.001156308716,0.02312875916,0.001865635116,0.004020062163,1.032221977,1.588563299,2.018557597,,,-0.4814321468,2.768013333,-0.892153532,-2.148,-1.210902511,,0.2086780735,5.92766405
2021-03-04 00:00:00.000,TTF,-0.0004369651704,0.02147520371,0.001734758334,0.003947903757,0.940069609,0.5553125016,1.794686329,,,-0.5284957928,2.882553333,-0.5273879262,-2.0577,-1.130842634,,0.1366059048,3.123618636
2021-03-05 00:00:00.000,TTF,0.0002905872567,0.02007279498,0.001257434369,0.004084609297,0.9066470994,-0.2822306957,1.469657549,,,-0.2397980754,3.070603333,0.05366358003,-2.02987,-1.087853132,,0.1277749414,8.077873916
2021-03-08 00:00:00.000,TTF,0.0002683821832,0.02160983726,0.00157365906,0.004169220591,0.860354373,0.6397886333,1.483999275,,,-0.04075895181,3.094303333,0.1554003219,-2.21284,-1.103522725,,,4.235102246
2021-03-09 00:00:00.000,TTF,-0.0001461468325,0.01904085817,0.0006826473717,0.004474306096,0.8414025858,-0.9157115458,1.048916201,,,0.5481009033,3.27421,0.743742625,-1.87747,-0.8909521165,,0.4976671889,7.986846964
2021-03-10 00:00:00.000,TTF,-0.00150349644,0.01737829188,-0.0003954634062,0.005187350481,0.8085927256,-1.900333442,0.6059086534,,,2.238320767,3.403963333,1.176875119,-1.66244,-0.7448925165,,0.4541899505,5.470248339
2021-03-11 00:00:00.000,TTF,-0.0009568023856,0.01593586557,-0.000858233898,0.00574549392,0.8090946824,-2.659565081,0.4384816291,,,3.793889287,3.531613333,1.543099844,-1.53935,-0.6714294937,,0.1614263272,2.805240622
2021-03-12 00:00:00.000,TTF,-0.0009734715438,0.01561383715,-0.001472962676,0.006587340808,0.7822068132,-2.636323295,0.2134904877,,,4.744377357,3.71314,2.043279241,-1.53964,-0.6606228294,,0.4321449011,3.066727318
2021-03-15 00:00:00.000,TTF,5.134610131e-05,0.01605731474,-0.001323003989,0.006136039763,0.7888585672,-2.21048755,0.274719268,,,2.546060889,3.557096667,2.021516639,-1.65918,-0.7012104289,,,2.066876688
2021-03-16 00:00:00.000,TTF,0.0009884262418,0.0173014968,-0.0005543142975,0.005327531355,0.7935640906,-1.461017933,0.5861533236,,,1.183902816,3.376256667,1.261421799,-1.80608,-0.7669754162,,0.343130615,2.582281913
2021-03-17 00:00:00.000,TTF,-0.002230459292,0.01580864167,-0.001081100279,0.005900440646,0.6986628438,-2.163815295,0.3689832216,,,1.731829249,3.479,1.566609429,-1.47552,-0.5021117348,,0.1144968794,2.241951599
2021-03-18 00:00:00.000,TTF,-0.001033066902,0.01687966864,-0.0005562073458,0.005307126678,0.7092378806,-1.535595748,0.5954709297,,,0.8979882459,3.335673333,1.016796834,-1.6337,-0.6053958014,,0.1592767231,3.259728673
2021-03-19 00:00:00.000,TTF,7.297093293e-05,0.01692433879,-0.0002033676698,0.004978186982,0.7248846206,-1.46748449,0.7364150653,,,0.4661373236,3.231316667,0.6378987294,-1.67579,-0.6257271347,,0.1367955455,3.09187302
2021-03-22 00:00:00.000,TTF,-0.001218470096,0.01540547581,-0.0005517176785,0.005463950833,0.6903109992,-2.118613064,0.5713854342,,,0.9504779679,3.440366667,1.310877764,-1.4931,-0.3999876887,,,2.038362504
2021-03-23 00:00:00.000,TTF,-0.001270210701,0.01443357581,-0.0006434418613,0.005961243123,0.6845202998,-2.486711807,0.5225271253,,,1.391294604,3.6082,1.818222163,-1.376,-0.2713287307,,0.2992041579,1.729388969
2021-03-24 00:00:00.000,TTF,-0.001509600837,0.01435435523,-0.0004263327671,0.005841019543,0.674351751,-2.374130519,0.6253548793,,,1.131223668,3.6383,1.866437059,-1.3123,-0.1644342397,,0.3188303647,2
2021-03-25 00:00:00.000,TTF,-0.002696459627,0.01437536245,-0.0003372415399,0.005943299488,0.6444841882,-2.236627785,0.682880084,,,1.134730022,3.6233,1.726115933,-1.2116,-0.07305969763,,0.6589165975,2.258407891
2021-03-26 00:00:00.000,TTF,-0.00465277288,0.01319046582,-0.000637360612,0.006159521386,0.6008494475,-2.612219734,0.5351238439,,,1.264643118,3.638366667,1.696696136,-1.0543,0.06912398929,,0.3424666157,3.5850702
2021-03-29 00:00:00.000,TTF,-0.002502195869,0.01389966679,0.0003997897514,0.005569006954,0.6481245991,-2.171123881,1.042504248,,,0.524143264,3.6291,1.570972489,-1.2,0.1095676652,,,1.298491273
2021-03-30 00:00:00.000,TTF,-0.002521515151,0.01234951353,-0.0006039269542,0.006500638408,0.6499380747,-2.396617891,0.5457952804,,,1.499777351,3.7493,1.865056334,-1.0655,0.4169523437,,0.6007611986,2.203738283
2021-03-31 00:00:00.000,TTF,-0.003002372013,0.0121923924,-0.0003311477319,0.006765439121,0.6378412156,-2.47193761,0.6870604407,,,1.674196951,3.9308,2.24887437,-1.039095667,0.67340934,,0.390693916,2.384951437
2021-04-01 00:00:00.000,TTF,-0.001215457311,-0.004449517039,-0.001034438115,0.007666273041,0.6818070846,-8.182590387,0.3267539082,,,2.567930405,4.057,2.430509648,1.7132,5.315947719,,0.2055349921,12
2021-04-06 00:00:00.000,TTF,-0.002471230915,-0.005747109164,-0.001308938076,0.009183694784,0.6472088166,-5.968536086,0.1875576876,,,3.824362903,4.5428,3.303333019,2.2184,5.064806496,,,5.589170683
2021-04-07 00:00:00.000,TTF,-0.002062268593,-0.005774154791,-0.0009216417388,0.008194736089,0.6601569627,-4.752589968,0.3806329817,,,2.042107859,4.256266667,2.23868944,1.9346,3.592511276,,0.2976333138,12
2021-04-08 00:00:00.000,TTF,-0.002528703075,-0.005525751346,-0.0006204177774,0.00778025053,0.6478731722,-4.021028051,0.5416661658,,,1.467230267,4.145366667,1.85823071,1.871,3.025395913,,0.1092609833,3.482495605
2021-04-09 00:00:00.000,TTF,-0.003434522647,-0.005408759696,-0.000560905014,0.007813566446,0.623630261,-3.559073038,0.5681925313,,,1.378926711,4.161066667,1.794933549,1.8973,2.726319448,,0.1082373519,2.449533729
2021-04-12 00:00:00.000,TTF,-0.003993385813,-0.007164913768,-0.0007214865128,0.009140644186,0.6131251706,-3.49006938,0.4782877196,,,2.440131142,4.528766667,2.327667451,2.4107,2.902012385,,,2.892966502
2021-04-13 00:00:00.000,TTF,-0.003185340613,-0.007511221255,-0.0004225021884,0.008880890372,0.6399352293,-3.236707979,0.6297367929,,,1.855933134,4.4451,1.984683509,2.4062,2.569220094,,0.1558733329,2
2021-04-14 00:00:00.000,TTF,-0.003719972618,-0.007774679609,-0.0003278666702,0.008883556186,0.6261633846,-3.027154446,0.6756437125,,,1.631372831,4.4802,1.903434555,2.4273,2.335086875,,0.5737738334,2
2021-04-15 00:00:00.000,TTF,-0.00420077797,-0.009199646642,-0.000829411901,0.01023146011,0.6135103799,-2.993974563,0.4023989211,,,2.417717554,4.759866667,2.265417499,2.7771,2.388571667,,0.161755888,3.899081024
2021-04-16 00:00:00.000,TTF,-0.003671758366,-0.00951656805,-0.001109201687,0.01096877159,0.6302775613,-2.837068666,0.2497012606,,,2.497094096,4.906733333,2.343528172,2.8901,2.280439383,,0.1055127945,2
2021-04-19 00:00:00.000,TTF,-0.004102022581,-0.01058411196,-0.001413072216,0.0120441747,0.6193388973,-2.785972544,0.08448991346,,,2.718818151,5.0855,2.40240699,3.1733,2.194609692,,,1.568085038
2021-04-20 00:00:00.000,TTF,-0.004242866288,-0.01077965926,-0.001436751297,0.01202068944,0.6166600922,-2.650899512,0.07109952252,,,2.218744527,5.0556,2.147916363,3.2037,2.033204003,,0.1954850308,2.55016665
2021-04-21 00:00:00.000,TTF,-0.004410321003,-0.01103791717,-0.001666929564,0.01236586873,0.6131091293,-2.541912615,-0.0548514642,,,2.076893764,5.0575,1.99447885,3.2416,1.902247583,,0.1403628086,1.435672795
2021-04-22 00:00:00.000,TTF,-0.004174505338,-0.01110365065,-0.001754320164,0.01264398419,0.6202526951,-2.429342335,-0.1024531382,,,1.952210039,5.129133333,1.976092147,3.2771,1.817525768,,0.1861016788,2
2021-04-23 00:00:00.000,TTF,-0.003157899602,-0.006507781421,-0.0009696533672,0.008924377403,0.6501638516,-1.903254657,0.3316692607,,,0.1391280886,4.4727,1.008346691,2.2619,1.234270975,,0.7735853675,7.50835573
2021-04-26 00:00:00.000,TTF,-0.004274577098,-0.008070662492,-0.001218324925,0.009723311515,0.609361541,-1.989313131,0.191158484,,,0.4341536006,4.479533333,0.9281362368,2.5731,1.274209749,,,0.5396627617
2021-04-27 00:00:00.000,TTF,-0.003433631272,-0.01222669229,-0.001884884141,0.01389179087,0.6305026845,-2.296982234,-0.1827571158,,,2.283864341,5.3651,2.118310909,3.5262,1.663374632,,0.7582877629,5.162748179
2021-04-28 00:00:00.000,TTF,-0.003515380433,-0.01159536925,-0.001971967068,0.01416807873,0.6224529949,-2.155604448,-0.2305762395,,,2.099525322,5.4537,2.111021262,3.4405,1.527036806,,0.1467850828,6.204721728
2021-04-29 00:00:00.000,TTF,-0.003800975548,-0.01327859756,-0.002098103096,0.01614991806,0.6081199293,-2.225031823,-0.3004724959,,,2.660296201,5.9662,2.652152928,3.913,1.684194586,,0.4122123005,2.488740605
2021-04-30 00:00:00.000,TTF,-0.004024270126,-0.0156384858,-0.003119743553,0.01999147688,0.5959799089,-2.341754788,-0.8799305708,,,3.736283359,6.523133333,3.106357841,4.587502581,1.913860747,,0.7326519226,5.118680563
2021-05-03 00:00:00.000,TTF,-0.003093840511,-0.0363195757,-0.004304339636,0.02028397539,0.6208097781,-3.916664972,-1.545727242,,,2.9067899,6.523133333,2.79725636,5.1901,2.013691078,,,12
2021-05-04 00:00:00.000,TTF,-0.00222984764,-0.03464851941,-0.004101033423,0.01871792567,0.643371224,-3.452774656,-1.400022831,,,1.951079532,6.33,2.314762699,4.821,1.718939547,,0.6942439534,10.484065524
2021-05-05 00:00:00.000,TTF,-0.003826381886,-0.03614459788,-0.004563138267,0.02090704399,0.586774556,-3.316909701,-1.635693861,,,2.270181771,6.742,2.573395832,5.305,1.823157264,,0.2349732209,10.233593339
2021-05-06 00:00:00.000,TTF,-0.002852577979,-0.03663281298,-0.004848857947,0.02182065017,0.6136130833,-3.135392835,-1.760359164,,,2.145552296,6.935133333,2.547859107,5.4237,1.779439235,,0.1609821644,5.324589634
2021-05-07 00:00:00.000,TTF,-0.003187164324,-0.03413744843,-0.005374243004,0.02046488634,0.5979587718,-2.795806931,-2.00872637,,,1.564079084,6.590966667,2.016326898,4.9596,1.509004786,,0.452222654,12
2021-05-10 00:00:00.000,TTF,-0.002761080154,-0.03458241926,-0.0061692466,0.02300078701,0.607212517,-2.690043138,-2.382783495,,,1.945577497,7.0518,2.269699197,5.4055,1.577497184,,,4.658197886
2021-05-11 00:00:00.000,TTF,-0.002833466162,-0.03508550888,-0.006947358686,0.02512171195,0.6002096307,-2.589187476,-2.706959064,,,2.152876482,7.2963,2.30026756,5.8034,1.652115999,,0.3438451023,5.629305322
2021-05-12 00:00:00.000,TTF,-0.003461601446,-0.03500521662,-0.006899353653,0.02475377643,0.5751475593,-2.446761652,-2.563144955,,,1.79627177,7.425233333,2.215022039,5.8283,1.571588776,,0.5251392479,2.207963164
2021-05-13 00:00:00.000,TTF,-0.003620003172,-0.03587327424,-0.007131473665,0.02624031211,0.5657634491,-2.369769951,-2.557094833,,,1.874629197,7.4842,2.112360655,6.0418,1.590167194,,0.7359812288,3.486150224
2021-05-14 00:00:00.000,TTF,-0.005120056663,-0.03689840532,-0.007194386142,0.02756164436,0.5122776638,-2.314739843,-2.456653707,,,1.905211158,7.7828,2.210946754,6.5009,1.701091843,,0.2830301963,2.529056568
2021-05-17 00:00:00.000,TTF,-0.005886593593,-0.03433652748,-0.006508907183,0.02413475007,0.483449622,-2.115166928,-2.032013196,,,1.099318076,7.236666667,1.604100451,6.0325,1.410237217,,,2.028576745
2021-05-18 00:00:00.000,TTF,-0.005419781624,-0.03287524513,-0.005182385563,0.02056466442,0.4958108377,-1.958388723,-1.362724593,,,0.3854077215,6.795233333,1.193985464,5.4279,1.108599742,,0.867610674,4.856151437
2021-05-19 00:00:00.000,TTF,-0.005940415888,-0.02996790781,-0.00365513148,0.01624598217,0.4752045915,-1.754210504,-0.6622901978,,,-0.442089046,5.875633333,0.4579523053,4.6357,0.7413293998,,0.6936470701,5.263782222
2021-05-20 00:00:00.000,TTF,-0.005409850127,-0.03491376225,-0.004714779152,0.0214186411,0.4899665508,-1.9421489,-1.102866858,,,0.455126932,6.9428,1.250623091,5.7492,1.184336433,,0.2907216905,4.776496456
2021-05-21 00:00:00.000,TTF,-0.006056217361,-0.0364416409,-0.004871639944,0.02283143502,0.4651074295,-1.932794941,-1.137704287,,,0.6582237978,7.0901,1.322706473,6.0066,1.256102918,,0.2938473968,8.099370618
2021-05-24 00:00:00.000,TTF,-0.006122984221,-0.03674064406,-0.005253646119,0.02356272341,0.4599824243,-1.886455862,-1.264011313,,,0.7306365335,7.1067,1.237061591,5.9965,1.198632097,,,0.8112670834
2021-05-25 00:00:00.000,TTF,-0.005277701277,-0.04103250353,-0.00671471582,0.03090644715,0.4858525605,-2.010465328,-1.818586506,,,2.316699201,8.1246,1.965914803,7.0617,1.662208451,,0.5640769228,3.89774172
2021-05-26 00:00:00.000,TTF,-0.004851726989,-0.04140068543,-0.006730641663,0.03135465234,0.4973700866,-1.970141139,-1.763779053,,,2.282636452,8.242,1.937136253,7.1264,1.643959576,,0.1607124509,10.902803654
2021-05-27 00:00:00.000,TTF,-0.004535736158,-0.03846156478,-0.005688124549,0.02661577378,0.5051151204,-1.77874413,-1.302539765,,,0.9556409505,7.528166667,1.30576646,6.2994,1.18132085,,0.2965892855,2.161196682
2021-05-28 00:00:00.000,TTF,-0.005640537568,-0.03876717916,-0.006043703226,0.02753414313,0.4641241638,-1.730033585,-1.410075171,,,1.113891807,7.5326,1.267701921,6.441498667,1.21497028,,0.1762383361,2
2021-06-01 00:00:00.000,TTF,-0.001257077484,-0.06246862943,-0.00686104049,0.03109969177,0.6123565977,-2.621304822,-1.662562908,,,1.950232343,8.441866667,1.87335126,7.7405,2.045508006,,,12
2021-06-02 00:00:00.000,TTF,-0.0017131764,-0.06338576232,-0.006352402076,0.03112139985,0.5925726592,-2.537180796,-1.440792763,,,1.71229218,8.5009,1.816944921,7.7838,1.945239556,,0.2824340876,12
2021-06-03 00:00:00.000,TTF,-0.001259068635,-0.06478616767,-0.006348277927,0.03177545068,0.6045139106,-2.479035134,-1.41333044,,,1.673288589,8.7258,1.890856938,8.0031,1.96069387,,0.2664543426,12
2021-06-04 00:00:00.000,TTF,-0.001673185647,-0.06403806043,-0.006344926179,0.03099112621,0.5862447859,-2.345714303,-1.361527284,,,1.329735205,8.6043,1.705412056,7.9525,1.825191408,,0.1564253091,4.340691521
2021-06-07 00:00:00.000,TTF,-0.001888712014,-0.06404068022,-0.007175252575,0.03322315297,0.5750664688,-2.250086748,-1.62391779,,,1.708198787,8.854433333,1.777753338,8.219,1.859226732,,,3.12856748
2021-06-08 00:00:00.000,TTF,-0.001579085165,-0.07043133213,-0.007083471841,0.03822474768,0.5823699609,-2.371948231,-1.548873815,,,2.599798948,9.962766667,2.475307008,9.2683,2.330993284,,0.4291832283,7.252857189
2021-06-09 00:00:00.000,TTF,-0.001214747651,-0.0691872116,-0.007640281861,0.0387233617,0.5915916284,-2.230054494,-1.697338981,,,2.280800568,9.912933333,2.25625944,9.2262,2.150551028,,0.09040841611,2.391608045
2021-06-10 00:00:00.000,TTF,-0.001628650329,-0.06854506911,-0.007801621039,0.03807320985,0.573412692,-2.120061923,-1.705835805,,,1.827727705,9.8543,2.06471877,9.189,1.995930748,,0.138065097,2.772776351
2021-06-11 00:00:00.000,TTF,-0.001839197055,-0.06733088855,-0.007555066987,0.03651094209,0.5625642125,-2.001332895,-1.582808566,,,1.346674593,9.5966,1.78217675,8.9893,1.787898189,,0.1420662164,2
2021-06-14 00:00:00.000,TTF,-0.002560469919,-0.07050341536,-0.007753873398,0.03976133686,0.5337342305,-2.026058388,-1.60448167,,,1.740994136,10.1615,2.040851875,9.6932,2.031918662,,,1.441616572
2021-06-15 00:00:00.000,TTF,-0.002891134699,-0.06968780452,-0.007466796696,0.03841300122,0.5189680682,-1.931646642,-1.507504932,,,1.334772547,9.8525,1.718413488,9.3773,1.75055121,,0.09157113445,2
2021-06-16 00:00:00.000,TTF,-0.003136493813,-0.07138614514,-0.007548418179,0.04037688054,0.5073483373,-1.9119548,-1.51715011,,,1.497636547,10.071833333,1.765321813,9.6385,1.784121231,,0.2308296725,1.177958078
2021-06-17 00:00:00.000,TTF,-0.002615527143,-0.07121076164,-0.00751139259,0.04005244359,0.5232147664,-1.841212773,-1.449044921,,,1.298553886,10.134633333,1.720403329,9.707,1.731012368,,0.2819196548,1.791529819
2021-06-18 00:00:00.000,TTF,-0.002538747706,-0.07169005016,-0.008404081048,0.04298538245,0.5231092934,-1.796817726,-1.681734037,,,1.618328316,10.4875,1.855364132,10.1812,1.873078197,,0.1404488728,2.885892139
2021-06-21 00:00:00.000,TTF,-0.002341932255,-0.07138872293,-0.008298133758,0.04262467972,0.5273567672,-1.733352244,-1.663450235,,,1.508477538,10.460233333,1.719561746,10.1274,1.722572406,,,1.837627181
2021-06-22 00:00:00.000,TTF,-0.002758046155,-0.0730598585,-0.009463459163,0.04781215855,0.5094944998,-1.722871153,-1.999865715,,,2.271201222,11.127433333,2.037785594,10.6723,1.88804379,,0.2520219806,7.232441734
2021-06-23 00:00:00.000,TTF,-0.001527412205,-0.07435924701,-0.01007510061,0.05041014379,0.5513688103,-1.70729544,-2.143385381,,,2.45519662,11.441566667,2.13642971,11.1358,2.032376763,,0.1879338813,5.491164167
2021-06-24 00:00:00.000,TTF,-0.003896854443,-0.07429391903,-0.01073102275,0.05274499384,0.4623407684,-1.663013045,-2.272913595,,,2.536222161,11.594766667,2.092402165,11.4184,2.043051663,,0.323693674,6.211741048
2021-06-25 00:00:00.000,TTF,-0.002985305672,-0.07422196552,-0.01111966733,0.05398326989,0.4829468993,-1.628957121,-2.299752405,,,2.293023259,11.6748,2.013458831,11.4631,1.945860561,,0.1526702835,2
2021-06-28 00:00:00.000,TTF,-0.003055148708,-0.07498104185,-0.01141568801,0.05491777895,0.4694711226,-1.609683382,-2.302110679,,,2.074892094,11.745833333,1.979768266,11.5476,1.912784625,,,2.757696448
2021-06-29 00:00:00.000,TTF,-0.003116227864,-0.07798334975,-0.01245662867,0.06169092168,0.456675886,-1.660924771,-2.507577909,,,2.685313067,12.5351,2.319492663,12.3507,2.179786155,,0.53077343,2.856993937
2021-06-30 00:00:00.000,TTF,-0.00298780315,-0.08283124341,-0.01276822325,0.0681991608,0.4491374846,-1.729081517,-2.497696692,,,3.008865327,13.658666667,2.762538071,13.5532,2.566236473,,0.4251972212,6.790296166
2021-07-01 00:00:00.000,TTF,0.0007292644808,-0.09222742279,-0.01474071124,0.07137675058,0.5767058731,-1.912823335,-2.916977533,,,2.739483207,14.004166667,2.685424414,13.9905,2.537380473,,0.6086955593,12
2021-07-02 00:00:00.000,TTF,0.001054620092,-0.09381974269,-0.0148236451,0.07308509173,0.5803094387,-1.885109373,-2.851795569,0.05325280849,,2.417667545,14.317066667,2.603713667,14.1516,2.39930171,,0.5073445795,11.39892378
2021-07-05 00:00:00.000,TTF,0.002043791017,-0.1002889638,-0.01563020744,0.08398415206,0.6494774159,-1.981780673,-2.989587117,0.0514087738,,2.929497778,15.910933333,3.08204191,15.7207,2.780561828,,,5.043338772
2021-07-06 00:00:00.000,TTF,0.002008948982,-0.08524064673,-0.01482035824,0.06408073694,0.6470417361,-1.594222984,-2.732505233,0.0447941505,,0.9964219622,12.535866667,1.298849029,12.3083,1.28748673,,1.48137294,12
2021-07-07 00:00:00.000,TTF,0.002009774907,-0.07898080463,-0.01446406129,0.05703414542,0.6486984559,-1.419245825,-2.573135091,0.045163899,,0.4055276963,11.325033333,0.7262227019,11.219,0.8386329646,,0.534392489,5.035158618
2021-07-08 00:00:00.000,TTF,0.00232772387,-0.08366959719,-0.01505209653,0.063612755,0.6641910628,-1.479381013,-2.65546188,0.04130924485,,0.8263951734,12.440233333,1.186010807,12.1974,1.172810358,,0.2416684694,3.976119505
2021-07-09 00:00:00.000,TTF,0.00301249892,-0.09553153341,-0.01557948433,0.0792553392,0.6947187883,-1.682624898,-2.687217977,0.03884118984,,1.896762357,15.0284,2.24584237,14.7465,2.051643594,,0.6950621195,4.264535291
2021-07-12 00:00:00.000,TTF,0.002483672782,-0.08815545453,-0.01486737979,0.06802151547,0.6629602867,-1.489594515,-2.473084841,0.0347451196,,0.8871307394,13.262133333,1.319251482,13.0496,1.289331489,,,2.366545449
2021-07-13 00:00:00.000,TTF,0.00188674364,-0.09036772602,-0.01517529343,0.07187208493,0.6241371691,-1.497398221,-2.500005948,0.03179370735,,1.084993253,13.736633333,1.445048817,13.5843,1.415180982,,0.2728835786,1.311190633
2021-07-14 00:00:00.000,TTF,0.001153826303,-0.08629238401,-0.01465888986,0.06611543336,0.5742925789,-1.382195319,-2.387337295,0.03050643228,,0.5665728835,12.795066667,0.993521108,12.7993,1.069232777,,0.2226367069,2.221588895
2021-07-15 00:00:00.000,TTF,0.0005044228021,-0.08458212023,-0.01369731569,0.06239396714,0.5451283145,-1.318240611,-2.101639697,0.02856770752,,0.2069283773,12.428633333,0.8241271587,12.356,0.8880247604,,0.4806877966,4.642596786
2021-07-16 00:00:00.000,TTF,0.001469489015,-0.09138086195,-0.0141888279,0.07025166806,0.6261251101,-1.413192584,-2.147078784,0.02756472261,,0.7822996454,13.7175,1.324406307,13.5293,1.279205595,,0.4300514368,1.659955654
2021-07-19 00:00:00.000,TTF,0.001469900983,-0.09607311706,-0.01438813853,0.0752823294,0.6336251644,-1.463354051,-2.167911889,0.02581621663,,1.156941743,14.5104,1.582222743,14.4343,1.543517187,,,1.081801624
2021-07-20 00:00:00.000,TTF,0.002178216293,-0.0957570888,-0.01382335587,0.07269467981,0.7101238788,-1.423189847,-2.012912867,0.02495100118,,0.8333607839,14.3401,1.438700677,14.1452,1.369532407,,0.3702899707,1.883190756
2021-07-21 00:00:00.000,TTF,0.001785755139,-0.09518953002,-0.01405742026,0.07345271204,0.7510839817,-1.380396245,-2.018175385,0.02399137291,,0.8497452465,14.438966667,1.420787018,14.335,1.386966108,,0.3750414613,1.639163549
2021-07-22 00:00:00.000,TTF,0.001588943998,-0.09561387095,-0.0138364988,0.07271360901,0.7469002285,-1.357481808,-1.926484938,0.02346348716,,0.6990105977,14.477866667,1.387331321,14.3897,1.36028595,,0.3138654388,1.139373859
2021-07-23 00:00:00.000,TTF,0.001312438492,-0.09117653028,-0.01417254385,0.06958358653,0.7749434107,-1.251072292,-1.93334839,0.02184279869,,0.2540921151,13.8189,1.064412145,13.7578,1.080239272,,0.402850863,2
2021-07-26 00:00:00.000,TTF,0.0004270996473,-0.09648763272,-0.014425503,0.07658613107,0.6901826547,-1.315549856,-1.925736079,0.02002341033,,1.090121011,15.019333333,1.514949109,15.1405,1.555034,,,1.268253168
2021-07-27 00:00:00.000,TTF,0.0007158121015,-0.09614215771,-0.01451553222,0.0768827228,0.7444143619,-1.281278119,-1.895829845,0.0191209914,,1.063242853,15.112366667,1.498326581,15.3076,1.570465169,,0.3178374549,2.498322455
2021-07-28 00:00:00.000,TTF,-0.0004403481534,-0.1001478854,-0.01552743583,0.08687068277,0.5400267254,-1.322270129,-2.051518038,0.01417800451,,2.556171245,16.370833333,2.024524354,16.9581,2.211145867,,0.7764751082,3.954756754
2021-07-29 00:00:00.000,TTF,-0.002412154564,-0.100972058,-0.01654899188,0.09342246494,0.156122922,-1.308949344,-2.182390478,0.01410886121,,3.092063941,16.951633333,2.165432893,17.8584,2.425678091,,0.7412479319,5.206569134
2021-07-30 00:00:00.000,TTF,0.0008954632231,-0.09838260775,-0.01692941595,0.09073733928,0.8970934534,-1.241712172,-2.183718146,0.01163649702,,2.120936306,16.5253,1.84872982,16.9679,1.908117774,,0.668084115,6.032636326
2021-08-02 00:00:00.000,TTF,-0.003177682541,-0.09538359336,-0.01759759736,0.0930146813,-0.1312554492,-1.173806936,-2.235568991,0.05440241477,,2.072821403,17.7621,2.289452035,18.6402,2.450823828,,,12
2021-08-03 00:00:00.000,TTF,-0.003612094138,-0.09132282833,-0.01763087545,0.08879014138,-0.3425538391,-1.088733204,-2.173033387,0.04789594608,,1.382953419,16.947333333,1.795358397,17.8957,1.997343976,,0.4176005934,5.315594924
2021-08-04 00:00:00.000,TTF,-0.00401530894,-0.08896593313,-0.01902582026,0.09246872793,-0.5652088696,-1.031955391,-2.347484624,0.04120321375,,1.676363392,16.958233333,1.71658857,17.9355,1.90547763,,0.6197749527,12
2021-08-05 00:00:00.000,TTF,-0.002075420193,-0.08671100476,-0.02091744915,0.09740997108,0.09139375954,-0.9791603701,-2.591130308,0.03582053629,,1.951541625,17.013833333,1.663280701,17.6712,1.712995174,,0.8153021426,12
2021-08-06 00:00:00.000,TTF,-0.001144459552,-0.08578903965,-0.02214128194,0.09911399027,0.4435272171,-0.9497042311,-2.714518894,0.03100797781,,1.930725566,16.8783,1.539482995,17.1979,1.473723791,,0.5174446755,6.65935246
2021-08-09 00:00:00.000,TTF,0.0004667708965,-0.08790099795,-0.02209431898,0.101642408,1.129820604,-0.9677799002,-2.597053751,0.0258380909,,1.940249727,17.284266667,1.616201925,17.308,1.424107822,,,2.987019372
2021-08-10 00:00:00.000,TTF,0.0002947932468,-0.08737787612,-0.02247642774,0.1023239453,1.04599565,-0.9453383031,-2.59738578,0.02802693507,,1.75564755,17.6398,1.686629234,17.7802,1.533304143,,2.141457761,12
2021-08-11 00:00:00.000,TTF,-6.679482021e-05,-0.0879560942,-0.02368691332,0.1084864466,0.8779217949,-0.9422354285,-2.678713897,0.01975568013,,2.047508321,18.3843,1.920392989,18.868,1.867108449,,1.064239771,5.065230926
2021-08-12 00:00:00.000,TTF,0.0008626663426,-0.08509934068,-0.02371538833,0.10588336,1.226510963,-0.8882495465,-2.578492121,0.0183422803,,1.586427377,17.761166667,1.568330619,18.1709,1.525429662,,0.3415165884,2.874586485
2021-08-13 00:00:00.000,TTF,0.001327720776,-0.08128145336,-0.02353571796,0.1013523969,1.405103203,-0.8219579589,-2.494523482,0.01885029161,,1.105331412,16.807933333,1.129118072,16.9693,1.047557458,,0.3309189338,4.971793079
2021-08-16 00:00:00.000,TTF,0.001145460466,-0.08626581534,-0.0247456843,0.1148730877,1.257577181,-0.8856691567,-2.570916674,0.0172030275,,2.071504556,18.731866667,1.871196843,18.9147,1.698796791,,,2.620645946
2021-08-17 00:00:00.000,TTF,0.001036867446,-0.08447956351,-0.02438917071,0.1097293052,1.168176522,-0.8463867139,-2.464442887,0.01524959351,,1.445297942,17.951233333,1.452765312,18.143,1.335480042,,0.290938659,2.619609181
2021-08-18 00:00:00.000,TTF,0.001439503095,-0.0845715794,-0.02306855395,0.1005554788,1.280610026,-0.8359926181,-2.234230409,0.01273836638,,0.6371616717,17.302766667,1.117092436,17.36,0.9841844002,,0.8176667817,3.201255923
2021-08-19 00:00:00.000,TTF,0.002120174306,-0.07822177011,-0.02143564413,0.08530341447,1.498789006,-0.7324304917,-1.946536047,0.01962432109,,-0.5972743205,14.689266667,-0.03077371681,14.695,-0.0548799847,,0.7892211085,6.744897502
2021-08-20 00:00:00.000,TTF,0.003595396773,-0.08097566417,-0.02121458819,0.08662626564,1.978987996,-0.7689415386,-1.859007612,0.0177776462,,-0.5675916927,15.6277,0.3761418996,15.36,0.2024497422,,0.5740256879,2.015255681
2021-08-23 00:00:00.000,TTF,0.004531109516,-0.08200144153,-0.02169931013,0.0884804901,2.293040655,-0.7746882859,-1.874880997,0.01972525567,,-0.5056228627,16.079933333,0.4875613558,15.49,0.1441775055,,,1.19231597
2021-08-24 00:00:00.000,TTF,0.004427638822,-0.08840825255,-0.02198290707,0.09817198795,2.135780891,-0.8550186824,-1.864618725,0.01792599191,,0.2829343398,18.199866667,1.485314086,17.785,1.103444001,,0.4123046248,3.439755242
2021-08-25 00:00:00.000,TTF,0.004923550357,-0.09035681484,-0.02202720935,0.1005569372,2.286481815,-0.8696628492,-1.830183199,0.01629606136,,0.4559739084,18.562666667,1.604533094,18.215,1.250379322,,0.3368039471,2.075180131
2021-08-26 00:00:00.000,TTF,0.004787073138,-0.09118132602,-0.02211205892,0.1024397314,2.203083542,-0.8680377456,-1.797525258,0.01347161123,,0.6078256571,18.7749,1.642562166,18.415,1.301831596,,0.2340791126,1.403400138
2021-08-27 00:00:00.000,TTF,0.004750164816,-0.09781312077,-0.02208780593,0.1095660742,2.114481344,-0.949810553,-1.757772957,0.01872217628,,1.433144922,20.6328,2.459315485,20.2762,2.076531408,,0.3830056537,2.079024985
2021-08-31 00:00:00.000,TTF,0.004235836917,-0.1064664379,-0.02220340134,0.1202896314,1.930768666,-1.057306304,-1.731645894,0.02394050872,,2.588534275,23.1198,3.403793745,22.6314,2.940268697,,,2.388595747
2021-09-01 00:00:00.000,TTF,-0.0003092048741,-0.08396580913,-0.02170523722,0.1080506468,0.3790078037,-0.7339470835,-1.626533572,0.06499950112,,0.8343637334,22.3005,2.595143093,21.9743,2.34617611,,0.2784153923,12
2021-09-02 00:00:00.000,TTF,-0.001570966132,-0.08560629424,-0.02250598186,0.1154035125,-0.03109278786,-0.7461167661,-1.670576029,0.06207462393,,1.554484016,23.522033333,2.852407864,23.3682,2.707287292,,0.2484498679,7.970666111
2021-09-03 00:00:00.000,TTF,-0.0004773218215,-0.08456555894,-0.022948533,0.1159019379,0.3243879145,-0.722973833,-1.677521349,0.05557488981,,1.46186571,23.284466667,2.495136819,22.9567,2.32329822,,0.1973085611,5.208481081
2021-09-06 00:00:00.000,TTF,0.0005701473904,-0.08529366802,-0.02373709113,0.1205364503,0.6662216409,-0.7262538523,-1.735484978,0.05165087858,,1.80878699,23.897733333,2.506803797,23.4975,2.344130342,,,3.637720146
2021-09-07 00:00:00.000,TTF,-6.511002404e-05,-0.08827087272,-0.0243466015,0.1286570562,0.4696628389,-0.7577363307,-1.791462357,0.04995574984,,2.401065905,25.068933333,2.701523682,24.6352,2.568303415,,0.4821417919,3.380859539
2021-09-08 00:00:00.000,TTF,0.0004761198364,-0.08515557309,-0.02618744049,0.1373712341,0.6424107071,-0.7067213444,-1.950443616,0.04631722512,,2.794768845,25.096033333,2.436022212,24.5199,2.289712585,,0.7610869158,10.903765293
2021-09-09 00:00:00.000,TTF,0.0004507461867,-0.0864982754,-0.02656823554,0.141184358,0.6298801231,-0.7164880972,-1.9719315,0.04336395099,,2.558297841,25.8975,2.486649196,25.3561,2.384810506,,0.1430718405,6.548887308
2021-09-10 00:00:00.000,TTF,2.550687412e-05,-0.09180822539,-0.0257383445,0.145415147,0.4884330692,-0.7782981806,-1.848372498,0.04378065427,,2.404792356,27.653866667,2.784784108,27.2006,2.744748045,,0.4661149734,7.462783814
2021-09-13 00:00:00.000,TTF,-2.057261117e-05,-0.09632693471,-0.02599625764,0.1580958264,0.469260475,-0.830835083,-1.85858534,0.04816202929,,2.778008886,30.330133333,3.209785565,29.939,3.242614198,,,4.237029303
2021-09-14 00:00:00.000,TTF,-0.001299827892,-0.1037034195,-0.0261619841,0.1728561701,0.04369373264,-0.9267949581,-1.862511727,0.05031156671,,3.008578113,34.2228,3.791746227,33.857,3.874140694,,0.3694509232,6.647099217
2021-09-15 00:00:00.000,TTF,-0.001123320614,-0.1105030995,-0.02631801747,0.1851921607,0.100952999,-1.010951055,-1.866418828,0.05375956626,,2.925640345,37.5906,3.92703108,37.3787,4.051298862,,0.3194876551,5.643148642
2021-09-16 00:00:00.000,TTF,-0.001757589287,-0.09435175931,-0.02500020096,0.1491789922,-0.1105911379,-0.7937305227,-1.71367575,0.03327567111,,1.040193217,29.5617,1.831154052,29.4824,1.879621696,,0.8895123407,5.53465913
2021-09-17 00:00:00.000,TTF,-0.0009869136558,-0.1057562997,-0.02529305615,0.1688016022,0.1336745624,-0.9391777732,-1.713299419,0.04100003171,,1.649679876,34.323933333,2.595305818,34.2063,2.658993714,,0.3680568429,2.23658514
2021-09-20 00:00:00.000,TTF,-0.001712485074,-0.1194788523,-0.02544459469,0.1967298018,-0.1080625577,-1.112371732,-1.703542907,0.05786535386,,2.417743727,41.415366667,3.511375302,41.5274,3.648041627,,,3.233237596
2021-09-21 00:00:00.000,TTF,-0.0008509336337,-0.1193998442,-0.02470971432,0.1909705779,0.1703594485,-1.102647517,-1.59284849,0.05353874059,,1.892130602,40.909933333,2.942939097,40.8163,3.001456453,,0.4654301231,9.883528786
2021-09-22 00:00:00.000,TTF,-0.0006267701063,-0.1128676631,-0.02507005012,0.1781954576,0.23699716,-1.002223233,-1.604611286,0.03797380719,,1.297252057,38.350633333,2.269781636,38.1741,2.295007623,,0.7646406087,3.29025219
2021-09-23 00:00:00.000,TTF,0.001512012361,-0.1047750392,-0.02571153693,0.1664927853,0.9280125999,-0.8931647801,-1.656098287,0.0262428196,,0.8237998458,35.644033333,1.757798957,34.9784,1.705128398,,0.7517393279,4.815837488
2021-09-24 00:00:00.000,TTF,0.001714521227,-0.1004895821,-0.02739464094,0.1641720345,0.9670699067,-0.8297033996,-1.786028778,0.03197508634,,0.6709458465,35.4004,1.645757586,34.7582,1.601151712,,0.9435401891,8.823036539
2021-09-27 00:00:00.000,TTF,0.002178901994,-0.1006476888,-0.03060656391,0.1865847977,1.088061471,-0.8227438299,-2.046689021,0.03616497074,,1.355668265,38.8026,1.935449204,38.35,1.929624684,,,2.912461041
2021-09-28 00:00:00.000,TTF,0.002974968707,-0.1050048218,-0.03016699474,0.1928241023,1.302859348,-0.8812735544,-1.952725746,0.02827831885,,1.458967166,41.5807,2.142201375,40.4012,2.053135499,,0.3634511579,7.247735663
2021-09-29 00:00:00.000,TTF,0.004345107713,-0.1082097649,-0.03114060171,0.2076663183,1.671580859,-0.9279796806,-2.008157812,0.03003723503,,1.844960851,45.188833333,2.40273309,43.7115,2.301662291,,0.7786625719,3.500453574
2021-09-30 00:00:00.000,TTF,0.005275398582,-0.1112446347,-0.03254934746,0.2263233249,1.988720878,-0.9737890207,-2.086922028,0.03395877612,0.05745896052,2.260339026,48.836566667,2.62639625,46.9607,2.51080853,,0.677790394,7.741943266
2021-10-01 00:00:00.000,TTF,0.001138689071,-0.06847844774,-0.0312105645,0.2123585273,0.6828559387,-0.3762215115,-1.933326097,0.1084889644,5.266648576,1.548505878,48.7281,2.394976651,47.5188,2.374437643,,0.267547697,12
2021-10-04 00:00:00.000,TTF,0.0007357660253,-0.06671627984,-0.03194154721,0.212855806,0.5459928135,-0.3552914678,-1.949743123,0.09665427574,3.668980095,1.435157533,49.032066667,2.176374098,48.1737,2.190312867,,,6.430676087
2021-10-05 00:00:00.000,TTF,0.00106080503,-0.08303362088,-0.03364455599,0.273245838,0.6369606759,-0.5959951697,-2.051163089,0.1000668528,3.49856119,3.373072206,69.675566667,3.948532859,68.4939,3.9858833,,1.061086423,12
2021-10-06 00:00:00.000,TTF,0.000270660514,-0.08861985829,-0.02923340361,0.2450893504,0.3739841716,-0.680600189,-1.656577506,0.09647479809,3.010081241,1.875574846,65.717466667,2.975253308,64.5953,2.992642296,,1.945169971,12
2021-10-07 00:00:00.000,TTF,0.001199261033,-0.08563401823,-0.02670906856,0.2145859278,0.6493211123,-0.6352156773,-1.408713525,0.0904342563,2.519213007,0.8117393167,59.323966667,2.192512811,57.9862,2.17673749,,0.5389652924,3.851488795
2021-10-08 00:00:00.000,TTF,0.00113272267,-0.07503565142,-0.02566883117,0.1774373816,0.6224912996,-0.4728679029,-1.294734498,0.0696853329,1.447733585,-0.3731237327,48.3433,1.272596901,46.995,1.23792061,,0.469000305,2.526430176
2021-10-11 00:00:00.000,TTF,-0.0002527112494,-0.07102142813,-0.02682217805,0.1739994648,0.1753986524,-0.4087014527,-1.366243674,0.0586713101,0.9187400725,-0.5562204397,45.815066667,0.9861662275,44.8401,0.975977296,,,1.786364771
2021-10-12 00:00:00.000,TTF,0.0004401946281,-0.07095464194,-0.02842078639,0.1848395786,0.390917166,-0.4072695764,-1.470574682,0.05096192211,0.5582989399,-0.2706652574,47.5401,1.060737456,46.3726,1.040177951,,0.2753624712,2.724972407
2021-10-13 00:00:00.000,TTF,0.0001417200246,-0.07864114595,-0.02924391199,0.2103172635,0.2867388266,-0.5306338182,-1.511395909,0.05852518169,0.8969117883,0.5471057845,54.6021,1.509542885,53.4443,1.503035538,,0.6186927292,2.544276716
2021-10-14 00:00:00.000,TTF,0.0003775035156,-0.07867668899,-0.03109645155,0.2290843243,0.3558643765,-0.5274257234,-1.631330626,0.04806495388,0.4099186037,1.136383724,58.7888,1.74357037,58.0308,1.773532838,,0.363999103,3.032785118
2021-10-15 00:00:00.000,TTF,0.001196058308,-0.06679018636,-0.02982265989,0.1861494347,0.6175011917,-0.3242884826,-1.50618232,0.03760815013,-0.07185524773,-0.4039076662,46.5547,0.8319601892,45.4908,0.8172567553,,0.8012433791,4.264446032
2021-10-18 00:00:00.000,TTF,0.0008108017108,-0.0687131702,-0.03214838134,0.1952139258,0.4945920516,-0.3519936969,-1.659548222,0.04081051094,0.07617554957,-0.1701866714,47.971266667,0.8420513611,46.9565,0.8334560059,,,2.330821966
2021-10-19 00:00:00.000,TTF,0.0009856185007,-0.06853820128,-0.03282218199,0.2010428679,0.5463874108,-0.3429904144,-1.682122673,0.03837752888,-0.03717777194,-0.005734892404,48.5222,0.8405915852,47.4778,0.8308051415,,0.4333606214,8.959755805
2021-10-21 00:00:00.000,TTF,0.0009439347939,-0.06776712555,-0.03162282673,0.188345127,0.5228882559,-0.3256114325,-1.563237288,0.03403484359,-0.2397112797,-0.4863253591,45.866766667,0.6086531594,44.7116,0.5866578441,,,1.745978221
2021-10-22 00:00:00.000,TTF,0.0004237049295,-0.06680725752,-0.03152225633,0.1858423999,0.3408030451,-0.3034949617,-1.52374513,0.03249062118,-0.3106510313,-0.5736656397,45.266966667,0.5551999254,44.2994,0.5467162991,,0.1144861046,1.587588126
2021-10-25 00:00:00.000,TTF,-3.654822144e-05,-0.06594876559,-0.03208803241,0.1869791581,0.1660941646,-0.2844014657,-1.534198858,0.03493699646,-0.19290608,-0.5506330034,44.943633333,0.4355243763,44.3395,0.4547887015,,,1.364163511
2021-10-26 00:00:00.000,TTF,-0.0003093474844,-0.06453673908,-0.03271684955,0.1878688267,0.05811310331,-0.2516704231,-1.53933878,0.03592013648,-0.1449212413,-0.5753665379,44.283,0.3445560295,43.548,0.3517007303,,0.2549622422,1.768265099
2021-10-27 00:00:00.000,TTF,-0.00111438349,-0.06030711021,-0.0323943288,0.1850880034,-0.2515697613,-0.1714854719,-1.477586833,0.03622069327,-0.1296373122,-0.7663810101,43.071366667,0.206474991,42.409,0.2171200448,,0.4014335428,6.287427885
2021-10-28 00:00:00.000,TTF,-0.001124056555,-0.04958282652,-0.03016274689,0.1533177007,-0.2628298191,0.02339557204,-1.310965469,0.04526888556,0.3066851279,-2.063812998,33.725433333,-0.5783356101,33.1311,-0.5820046278,,0.8113186332,7.458526744
2021-10-29 00:00:00.000,TTF,-0.001370232517,-0.04145621476,-0.02736014287,0.1139668902,-0.3621577145,0.1754189899,-1.094973195,0.05804888509,0.9232637959,-3.290188874,24.900633333,-1.314017367,24.456,-1.323654066,,0.6826196139,6.095404666
2021-11-01 00:00:00.000,TTF,-0.03292010126,-0.01205276238,-0.02403441303,0.1053414783,-12,0.7185966478,-0.8610884036,0.07558235585,1.762611834,-2.804905802,27.912,-1.127147456,27.0812,-1.165542523,,,12
2021-11-02 00:00:00.000,TTF,-0.03000201775,-0.01120511595,-0.02520915454,0.1188524458,-7.418390615,0.741057312,-0.9304657495,0.07623219918,1.75190205,-1.928500255,31.749866667,-0.8150765686,30.843,-0.8494420101,,0.2693102332,8.779405911
2021-11-03 00:00:00.000,TTF,-0.02841692859,-0.01326942347,-0.02774214655,0.1473018351,-5.772658976,0.7101954377,-1.093042689,0.07990682721,1.884993092,-0.9820455714,38.139066667,-0.2803240043,37.3762,-0.2872274348,,0.4897422037,12
2021-11-04 00:00:00.000,TTF,-0.03081195581,-0.01453219664,-0.02646360518,0.1293869958,-5.527962931,0.6929928299,-0.9937271685,0.06982405588,1.366594686,-1.332444288,33.9907,-0.6523491573,33.2309,-0.6677510032,,0.1923988013,12
2021-11-05 00:00:00.000,TTF,-0.03431610072,-0.01407685553,-0.02557266447,0.1277989374,-5.495442785,0.7049043897,-0.9337375689,0.06758843888,1.240811433,-1.327768497,35.128933333,-0.412055542,34.3671,-0.4150302269,,0.2022506848,4.598204162
2021-11-08 00:00:00.000,TTF,-0.03166989553,-0.01519287662,-0.02704310074,0.1396561228,-4.489157428,0.6880048464,-1.020140785,0.0672134489,1.205897269,-0.9062268963,37.660933333,-0.06526046815,37.0861,-0.03992237733,,,3.18877058
2021-11-09 00:00:00.000,TTF,-0.03198871454,-0.01380792077,-0.02363998133,0.1196808255,-4.174115378,0.7174128969,-0.7836660528,0.05965407424,0.8407236879,-1.403794416,33.899833333,-0.2726922962,32.7147,-0.2822491162,,0.7241816316,12
2021-11-10 00:00:00.000,TTF,-0.03330996881,-0.0139129209,-0.02490411633,0.1214935467,-4.045629504,0.7193136487,-0.8652971141,0.05704552594,0.7122972792,-1.218678427,32.191033333,-0.3934996266,31.5047,-0.3679423236,,0.3004656918,4.123521713
2021-11-11 00:00:00.000,TTF,-0.02763865793,-0.01388258089,-0.02457103336,0.1280806495,-3.084170892,0.7275469435,-0.8368138063,0.05828602176,0.7639913964,-0.9350830337,36.096366667,-0.1330815034,35.4289,-0.1113046638,,0.2901519836,2.995282315
2021-11-12 00:00:00.000,TTF,-0.02634064299,-0.01368441122,-0.02464635736,0.1271184706,-2.798767022,0.7394696739,-0.8361298773,0.05556260058,0.6309898663,-0.8792163988,35.817933333,-0.09974368523,34.9665,-0.091856059,,0.155633645,3.646020363
2021-11-15 00:00:00.000,TTF,-0.02748785831,-0.013870384,-0.02493492705,0.1413525567,-2.822638877,0.7445176108,-0.8494534453,0.06043314268,0.8533446042,-0.4063083938,41.264266667,0.3268638382,40.4431,0.3301526052,,,1.738165941
2021-11-16 00:00:00.000,TTF,-0.02867896125,-0.01412053217,-0.0269047717,0.1743667396,-2.843783529,0.7472202348,-0.9667723061,0.0728655933,1.42597828,0.6969458162,52.514866667,0.9684081907,51.6658,0.9687186024,,0.2415553601,4.546104106
2021-11-17 00:00:00.000,TTF,-0.03127654124,-0.01401951525,-0.02660619302,0.1718178225,-3.006982941,0.7569261868,-0.9429587014,0.06901343677,1.224794265,0.645855737,52.863833333,0.959234333,51.9017,0.9540747117,,0.2600992365,2.101067754
2021-11-18 00:00:00.000,TTF,-0.03550918512,-0.01351900051,-0.02665487264,0.1670827941,-3.311583923,0.7747893582,-0.93638252,0.06240914042,0.9032252165,0.5531492896,51.6783,0.8762151116,50.6499,0.8678108128,,0.2784834192,2.299685201
2021-11-19 00:00:00.000,TTF,-0.02992646412,-0.01373449149,-0.02525323903,0.1507422883,-2.59584863,0.7786600567,-0.8330318038,0.05439845445,0.5234939813,0.07498096604,46.200166667,0.5799695669,45.1429,0.5713576164,,0.2691625894,3.544121565
2021-11-22 00:00:00.000,TTF,-0.028287968,-0.01281973867,-0.02558843845,0.1502882529,-2.347699564,0.8040470275,-0.84342816,0.05179786324,0.3991204463,0.128586709,44.637133333,0.5555372518,43.3048,0.537302892,,,1.206442905
2021-11-23 00:00:00.000,TTF,-0.03040549015,-0.0126201168,-0.02673108236,0.1651224549,-2.472511869,0.8160210912,-0.910674642,0.05543921687,0.567003399,0.7840805716,49.723,0.8203404752,48.427,0.8034856474,,0.15798911,1.40353405
2021-11-24 00:00:00.000,TTF,-0.02477879979,-0.01249811516,-0.02721286211,0.1648597775,-1.878880079,0.8259516449,-0.9349339136,0.04977264608,0.2975723916,0.8613571872,50.4931,0.8410406575,49.3916,0.8345539415,,0.7508622967,2.623879718
2021-11-25 00:00:00.000,TTF,-0.02317103901,-0.01222520287,-0.02712045511,0.1562120359,-1.690969565,0.8384981955,-0.9163223596,0.04518088223,0.07967959896,0.5877554057,48.795466667,0.7440665291,47.5973,0.7333983124,,0.6643372667,1.947645532
2021-11-26 00:00:00.000,TTF,-0.02682572167,-0.01197237171,-0.02615756785,0.1488250174,-1.979575653,0.8503487567,-0.8439015204,0.04318365648,-0.01525661652,0.3501303382,45.8596,0.6066771168,44.7942,0.6036331,,0.853100923,3.713440122
2021-11-29 00:00:00.000,TTF,-0.02474406617,-0.01274417677,-0.02649306053,0.1585004809,-1.748543957,0.8419631457,-0.8574210321,0.04621532717,0.1290389087,0.834375327,50.943666667,0.9046687567,50.0857,0.909761963,,,1.530101224
2021-11-30 00:00:00.000,TTF,-0.02746414211,-0.01278767377,-0.02632069802,0.152884453,-1.945070445,0.8482274189,-0.8404669658,0.04202853469,-0.07170405836,0.4727997146,48.917366667,0.8225194517,48.2927,0.837845643,,0.1340343467,2.048319218
2021-12-01 00:00:00.000,TTF,-0.1941132211,0.002386403089,-0.02418186113,0.1377632055,-12,1.157790998,-0.70355334,0.1022429257,2.820528506,-0.449270229,14.535833333,-0.7933775551,49.8104,0.9075344101,,0.3948873907,12
2021-12-02 00:00:00.000,TTF,-0.183812882,0.002133750655,-0.0246178135,0.135682583,-8.47838769,1.156791815,-0.7290711409,0.09491605033,2.366674167,-0.6519512343,15.007066667,-0.7608148822,46.583,0.7437265846,,0.3740300377,5.080081789
2021-12-03 00:00:00.000,TTF,-0.1670593087,0.002641696485,-0.02531323365,0.1334496591,-6.014419271,1.171397809,-0.763178823,0.09066076307,2.102490021,-0.7440750019,16.5294,-0.6548922227,41.5973,0.5194708873,,0.3887089594,6.403349861
2021-12-06 00:00:00.000,TTF,-0.1488651378,0.002171034579,-0.02641140808,0.1393960359,-4.623718374,1.166316155,-0.8208647206,0.09228734156,2.124356803,-0.410756466,19.088633333,-0.409268687,38.7108,0.5155496445,,,4.417775791
2021-12-07 00:00:00.000,TTF,-0.1340483021,0.001759761117,-0.02920673111,0.1643148897,-3.77035606,1.162085151,-0.9860023574,0.1099408171,2.852333033,1.062740095,24.5967,-0.09632651291,38.1861,0.5291550465,,0.8444330571,12
2021-12-08 00:00:00.000,TTF,-0.1147290255,0.00192710141,-0.03373705369,0.2050797183,-2.975478481,1.16931354,-1.253971394,0.1413259423,4.084336783,3.405479821,32.852766667,0.3304224399,35.7048,0.4196658709,,1.191773681,12
2021-12-09 00:00:00.000,TTF,-0.1229509197,0.002046012459,-0.03306524695,0.2078143959,-3.075953258,1.175519578,-1.199570299,0.131488378,3.396628929,2.836920732,31.672533333,0.2687368666,36.7665,0.4669971088,,1.099151456,3.550202961
2021-12-10 00:00:00.000,TTF,-0.111255517,0.001882865327,-0.0349134894,0.232879944,-2.620931364,1.176019412,-1.3098943,0.1468919937,3.81094078,3.513554504,37.112733333,0.5558901734,35.2064,0.4044315614,,0.5047725647,3.63262863
2021-12-13 00:00:00.000,TTF,-0.1313646865,0.001855152518,-0.03623570499,0.2597468418,-3.052710816,1.178948698,-1.374221107,0.1444881653,3.484520291,3.713515111,40.1619,0.8093378195,43.5392,0.8966818544,,,2.981644125
2021-12-14 00:00:00.000,TTF,-0.1628593193,0.002215058872,-0.03633700371,0.2817861945,-3.709425711,1.189983775,-1.370211323,0.1418383895,3.206464579,3.461627298,40.406033333,0.8646715724,54.8575,1.479034858,,0.8549681344,5.779815701
2021-12-15 00:00:00.000,TTF,-0.1800978642,0.002086717805,-0.03500983276,0.2705342177,-3.895340335,1.190538608,-1.280780648,0.1221358022,2.402135979,2.36333841,38.128733333,0.7551401313,58.8994,1.654623522,,0.3922973821,3.407691185
2021-12-16 00:00:00.000,TTF,-0.1716716283,0.00208258394,-0.03705335589,0.2875071539,-3.448946889,1.19361545,-1.39683237,0.1227422139,2.354387978,2.370704223,43.442733333,1.023321462,58.2463,1.581522432,,0.3501458536,12
2021-12-17 00:00:00.000,TTF,-0.1505245631,0.001674731155,-0.03865914159,0.3024484928,-2.806564419,1.183275427,-1.482385976,0.1233414442,2.310048383,2.290976911,47.572866667,1.236998555,53.4413,1.330668802,,0.3502456026,2
2021-12-20 00:00:00.000,TTF,-0.1338226197,0.002067770132,-0.04366552123,0.3466998498,-2.3466061,1.188952781,-1.767334442,0.1312725305,2.499900916,2.715235539,56.532033333,1.767347858,53.3484,1.367312397,,,1.902931405
2021-12-21 00:00:00.000,TTF,-0.1077766857,0.002146553464,-0.05474980574,0.5266492576,-1.742417616,1.188109225,-2.43772475,0.2098336175,4.848848594,4.955282988,88.880966667,3.419416122,53.1215,1.355383543,,2.396159279,12
2021-12-22 00:00:00.000,TTF,-0.06997873682,0.002174958396,-0.05636242696,0.542974546,-0.9418940088,1.186299812,-2.547233167,0.2037382962,4.243101978,3.385433536,93.727233333,3.416680912,34.4545,0.4940249197,,0.6696035004,9.539847773
2021-12-23 00:00:00.000,TTF,-0.05416290785,0.002129441872,-0.04872477799,0.3966757152,-0.6092525721,1.183026571,-2.064042475,0.1287531667,1.953716892,1.35725401,70.007433333,2.088304855,19.7933,-0.1791817309,,1.40071065,4.344460477
2021-12-24 00:00:00.000,TTF,-0.03581303698,0.003124442479,-0.04359608094,0.2942194118,-0.2306044971,1.200257468,-1.748795165,0.09639606522,1.067461589,0.3862002938,53.826066667,1.313737014,9.4674,-0.6361451299,,0.7320026954,2.720384202
2021-12-27 00:00:00.000,TTF,-0.05124659422,0.003251304441,-0.04379107912,0.3018490766,-0.5351500106,1.199503724,-1.768471349,0.07504001285,0.4984921232,0.3995253312,53.151033333,1.328007821,16.9169,-0.2093339818,,,2.384196217
2021-12-28 00:00:00.000,TTF,-0.03945621144,0.003852326644,-0.0435695379,0.3082717868,-0.2888552911,1.208177437,-1.751640334,0.07550334013,0.5081956558,0.3991109969,56.562833333,1.4669972,13.1849,-0.3579321202,,0.3393664188,4.998038183
2021-12-29 00:00:00.000,TTF,-0.02872517659,0.003096806352,-0.04424727971,0.2821592953,-0.06577479261,1.188933811,-1.768863095,0.07985976913,0.6205538173,0.1210525362,52.286833333,1.246569411,7.4036,-0.6158386486,,0.6484194919,2.471783148
2021-12-30 00:00:00.000,TTF,-0.03288546984,0.004085208635,-0.04150371888,0.2322196297,-0.1445614055,1.20486747,-1.591442565,0.07173177108,0.4023092839,-0.3690464756,41.7398,0.7730020553,7.8844,-0.5886778785,,0.2149150754,4.50108232
2021-12-31 00:00:00.000,TTF,-0.02895269896,0.005351409169,-0.03435602111,0.1544154488,-0.05943185876,1.225648676,-1.162511479,0.07299419649,0.433976574,-1.13123651,29.491266667,0.2475491925,3.649704194,-0.7668741458,,0.6794083808,3.639171167
2022-01-03 00:00:00.000,TTF,-0.04302004563,0.005766744401,-0.03349732898,0.2062105453,-0.338995106,1.228897255,-1.106013057,0.1176438366,1.620054511,-0.6749177319,39.966233333,0.7390037572,7.209,-0.5349885797,0.5695106334,,12
2022-01-04 00:00:00.000,TTF,-0.03515642194,0.004657197717,-0.03591283118,0.2281841037,-0.1727218844,1.20158705,-1.249418355,0.1159770509,1.553610233,-0.5229146897,43.5446,0.8996436252,5.8336,-0.5740921002,0.6203658282,0.29620675,12
2022-01-05 00:00:00.000,TTF,-0.04470349541,0.004102800332,-0.03787854334,0.246112259,-0.3602689452,1.185756139,-1.365118723,0.1175216245,1.574171274,-0.4094172497,46.893333333,1.03644955,9.0276,-0.413457534,0.6979025807,0.517546507,7.667680917
2022-01-06 00:00:00.000,TTF,-0.04661954529,0.004322926575,-0.03798574065,0.2535167914,-0.391651341,1.186895899,-1.367739153,0.1126849375,1.427095365,-0.3879271945,48.923966667,1.111387935,9.5572,-0.38634066,0.7140399662,0.1840911075,3.292356124
2022-01-07 00:00:00.000,TTF,-0.04152582224,0.005172944701,-0.03409222207,0.2184654362,-0.2803128878,1.199941093,-1.12230877,0.1000922182,1.082775958,-0.7857137328,43.431266667,0.8731579296,7.175,-0.4841694475,0.6521727246,0.5519108373,10.25392545
2022-01-10 00:00:00.000,TTF,-0.03346263234,0.004494291639,-0.03462668492,0.2118478893,-0.1093868678,1.181270538,-1.142457555,0.0967045977,0.9858144222,-0.8644295622,41.855366667,0.8352932691,5.5568,-0.5007535255,0.7037729569,,2.795121197
2022-01-11 00:00:00.000,TTF,-0.0463058155,0.005031266773,-0.03174634241,0.1790326707,-0.3651003945,1.18699184,-0.9596646081,0.09379658289,0.9029006385,-1.189461474,36.446166667,0.6106182217,7.675,-0.3802380509,0.7881379461,0.4336665989,2.757773981
2022-01-12 00:00:00.000,TTF,-0.06154111439,0.005022002624,-0.0276759554,0.1373597357,-0.66789643,1.181307853,-0.7005558938,0.1008977503,1.081979644,-1.536673794,29.533166667,0.3153940414,9.7947,-0.2685298075,0.8490597571,0.568265999,3.575256991
2022-01-13 00:00:00.000,TTF,-0.1191587402,0.004991332226,-0.02738212892,0.1380681379,-1.831088461,1.174539437,-0.6747748221,0.09988978719,1.047186516,-1.383963127,27.561266667,0.2290301238,20.8397,0.2526811699,0.9308107085,0.2821072751,5.39602059
2022-01-14 00:00:00.000,TTF,-0.09935848587,0.005211093996,-0.02833423038,0.1520256785,-1.39030474,1.143534606,-0.7318202956,0.0887665293,0.7496129619,-1.138612363,30.749233333,0.3742892488,17.7366,0.1132816136,0.9339874998,0.3495195612,1.892064319
2022-01-17 00:00:00.000,TTF,-0.07325597793,0.005454469013,-0.02769105925,0.1381064385,-0.8428801245,1.123940911,-0.6863993703,0.08909112629,0.7538811584,-1.172248683,29.0999,0.3671897862,11.575,-0.1104174711,0.8920191187,,1.133973079
2022-01-18 00:00:00.000,TTF,-0.08616630031,0.005351010222,-0.02785292159,0.1429437635,-1.087608504,1.098275125,-0.6861814514,0.08621170726,0.6744539088,-1.029208269,29.6278,0.4132220682,14.546,0.06472702575,0.9375637376,0.082851354,2
2022-01-19 00:00:00.000,TTF,-0.0811068445,0.005455920748,-0.02692484917,0.123455881,-0.9691049894,1.086851334,-0.6264918122,0.09103802293,0.7973100633,-1.103941114,25.919866667,0.2575321644,12.7116,-0.0116790096,0.9311730302,0.1320517735,1.992371879
2022-01-20 00:00:00.000,TTF,-0.0613025769,0.005038567847,-0.0284344041,0.1404437246,-0.5605575435,1.06604017,-0.718136795,0.0849113418,0.6321624039,-0.9133454438,29.769066667,0.4291395081,9.678,-0.1667899691,0.9163583732,0.2582406258,6.25910757
2022-01-21 00:00:00.000,TTF,-0.05683479784,0.004584948632,-0.02936845946,0.1600521861,-0.462359479,1.040976513,-0.7737517277,0.07811161849,0.4504900076,-0.7255504734,33.877666667,0.6209737587,9.6091,-0.1624463504,0.9604363755,0.2353147335,3.489397159
2022-01-24 00:00:00.000,TTF,-0.04910613318,0.002715848603,-0.03177560764,0.2051193121,-0.2997406586,0.9908258235,-0.9188558298,0.07613133464,0.3964594777,0.04533945261,43.043666667,1.112629968,10.3027,-0.05369979141,1.067349415,,3.165851317
2022-01-25 00:00:00.000,TTF,-0.04576284661,0.003423065596,-0.03288413111,0.2062100264,-0.223069121,0.9910420394,-0.9872429953,0.07672130115,0.4104682325,0.1405223115,43.7494,1.161522888,9.1859,-0.0898227385,1.077284555,0.316067721,2.522988414
2022-01-26 00:00:00.000,TTF,-0.03027387806,0.003125338316,-0.03357976144,0.2038700528,0.08705477959,0.9768299486,-1.021240679,0.08403865785,0.6026801511,0.1959067539,44.5659,1.201836017,5.807,-0.2622694856,1.037520184,0.5216301609,2.092742788
2022-01-27 00:00:00.000,TTF,-0.02093747575,0.003242400411,-0.03427436143,0.2003669527,0.2715497137,0.9746030575,-1.044840921,0.09164323555,0.8017942035,0.2573054447,44.985133333,1.207125994,3.6421,-0.3835327619,0.9745618311,0.4411058221,2.972990135
2022-01-28 00:00:00.000,TTF,-0.01907880983,0.003056367334,-0.03461869624,0.1836015799,0.3094237071,0.9708925245,-1.055048362,0.1152568726,1.42506461,-0.02619139456,43.047633333,1.11267526,3.2272,-0.3998742275,1.000425003,1.034517636,3.035163733
2022-01-31 00:00:00.000,TTF,-0.0187358639,0.003442641716,-0.03375109077,0.1553895401,0.3184571204,0.975333029,-0.9962650185,0.1277806591,1.742435154,-0.6873102668,36.3327,0.8457105654,2.8681975,-0.3645913764,0.9983696794,,3.004012936
2022-02-01 00:00:00.000,TTF,-0.01903986539,0.004079730881,-0.02517730189,0.126082164,0.3153910591,0.9825566118,-0.4604588891,0.1498198442,2.299169661,-1.436805925,30.7878,0.5737632461,3.0695,-0.3354076453,0.7024801058,0.5027878812,12
2022-02-02 00:00:00.000,TTF,-0.01457516852,0.003538667039,-0.02586082602,0.1312528525,0.402491756,0.9695840022,-0.4955620078,0.1478835611,2.202006117,-1.164753207,31.981033333,0.6224304929,2.151,-0.3785995569,0.6449795198,0.08482987093,5.05948754
2022-02-03 00:00:00.000,TTF,-0.01259981695,0.003404134412,-0.02656228158,0.1457313137,0.4420655617,0.9602049732,-0.5363106614,0.1403545183,1.967437418,-0.7019960595,35.2079,0.7698132372,1.9927,-0.3868856355,0.6094409998,0.3166359555,4.141247253
2022-02-04 00:00:00.000,TTF,-0.008977424706,0.003264879702,-0.02651343921,0.1403223282,0.5138573384,0.953473865,-0.5281726258,0.1508988383,2.20426185,-0.7788583882,35.4202,0.774141145,1.1443,-0.4402461429,0.4901184732,0.694656918,3.160997338
2022-02-07 00:00:00.000,TTF,-0.00593232077,0.003393786017,-0.0248141731,0.1261001528,0.5751940171,0.9514760913,-0.4182094372,0.1506283865,2.156278996,-1.175112179,33.1529,0.6863657925,0.542,-0.4369685494,0.3524065779,,2.648333901
2022-02-08 00:00:00.000,TTF,-0.007866156334,0.003423922263,-0.02407054935,0.119513742,0.5412364921,0.9489340799,-0.3673498668,0.1442349168,1.959137367,-1.30759512,31.557133333,0.6183106292,0.735,-0.407221952,0.4166889801,0.2182390857,2.83054782
2022-02-09 00:00:00.000,TTF,-0.01324759659,0.003268999025,-0.02366099433,0.1144750322,0.4403017592,0.9424384335,-0.3373682413,0.1429806428,1.898334242,-1.388338862,30.4814,0.5711472412,1.4666,-0.3394042367,0.607292053,0.1567639187,5.357109615
2022-02-10 00:00:00.000,TTF,-0.007683459992,0.003207588713,-0.02211236612,0.1051642962,0.5487319544,0.9399051245,-0.2395516829,0.1496413558,2.033129903,-1.562747293,29.804,0.5357538709,0.909,-0.3782128095,0.4771563745,0.6557960105,4.792534549
2022-02-11 00:00:00.000,TTF,-0.00545172557,0.003362282683,-0.02246507856,0.1055331881,0.5918034708,0.931375391,-0.256613652,0.1564894585,2.165797677,-1.424568496,30.755666667,0.5851420125,0.1733,-0.429366399,0.2951163848,0.4117144554,2.75049434
2022-02-14 00:00:00.000,TTF,-0.008532452919,0.00296855026,-0.02331730999,0.109048671,0.534625757,0.8990196402,-0.3073038522,0.1574118219,2.149668449,-1.209739283,31.613666667,0.6721680256,1.0339,-0.3250107224,0.4966702279,,1.70941369
2022-02-15 00:00:00.000,TTF,-0.007104083076,0.004037699144,-0.02043951418,0.07776326074,0.5642297871,0.886728312,-0.1234076798,0.1579791261,2.125885229,-2.030017771,23.697066667,0.3043198802,0.2257,-0.3954909777,0.3011236965,0.3320882463,6.245923967
2022-02-16 00:00:00.000,TTF,-0.007566203914,0.003483472918,-0.02065529462,0.08714186364,0.5578670714,0.8547904774,-0.1317286571,0.1421255414,1.720044232,-1.52726243,25.889233333,0.4243562017,0.3957,-0.3748532222,0.3657212995,0.5564390853,7.632597346
2022-02-17 00:00:00.000,TTF,-0.007537756635,0.002928292634,-0.02249424259,0.10975071,0.5614520172,0.8241937095,-0.2406249799,0.1240346468,1.279572715,-0.804160356,30.440933333,0.6454162203,0.6705,-0.3416967191,0.4513834371,0.8263518272,12
2022-02-18 00:00:00.000,TTF,-0.00908740448,0.002950540392,-0.02312125023,0.1052929214,0.5333987403,0.808877022,-0.2737743104,0.1209629298,1.198152097,-0.8916184246,28.5827,0.5568142955,0.8846,-0.3164731998,0.5170441007,0.3223165583,3.416285138
2022-02-21 00:00:00.000,TTF,-0.00436142865,0.003156544017,-0.0233193549,0.101950133,0.6443128489,0.7965027524,-0.2837670437,0.119161721,1.147643625,-0.9165503534,27.434066667,0.6848058403,-0.0561,-0.522912735,0.3440561277,,2.124627005
2022-02-22 00:00:00.000,TTF,-0.00463479724,0.002624681597,-0.02519277185,0.1100551043,0.6622786802,0.7706247183,-0.4043136189,0.1364658261,1.539334712,-0.6397420735,30.408866667,0.9206629478,0.0711,-0.4910384348,0.3480849751,0.67343821,3.675990042
2022-02-23 00:00:00.000,TTF,-0.003803080661,0.002307701232,-0.02511079417,0.1117270252,0.680634041,0.746028125,-0.3944699505,0.1626776795,2.126831227,-0.5246180638,34.649966667,1.21014447,0.1539,-0.4604487487,0.3700689882,0.9133387379,5.031569315
2022-02-24 00:00:00.000,TTF,-0.009045442226,-0.0005466392015,-0.02554333886,0.1723803688,0.5741243312,0.6756751935,-0.426193893,0.1476378377,1.749766726,1.326565138,54.333366667,2.399208162,4.9402,0.5881874266,1.202850189,1.189233461,7.083926741
2022-02-25 00:00:00.000,TTF,-0.009168853745,0.0004400564468,-0.02320379168,0.1234385779,0.5738543924,0.6780344879,-0.2693289076,0.1214794546,1.136871255,-0.07106017961,37.3885,1.328373424,2.7785,0.1110121674,1.198612539,0.2298530054,5.140642949
2022-02-28 00:00:00.000,TTF,-0.009361081512,-0.001075061078,-0.0266486841,0.1538017832,0.5721941832,0.6439521603,-0.4998026079,0.02871100859,-0.9682826218,1.224377135,41.791733333,1.76263992,4.552996774,0.5942370854,1.209203938,,2.375972389
2022-03-01 00:00:00.000,TTF,-0.008255883505,-0.01423319485,-0.02265034289,0.2229160055,0.5971553243,0.4513693728,-0.2230536624,0.1332435832,1.401148693,4.429505708,61.980733333,3.068539074,17.9857,3.836536425,1.546328192,0.602324256,12
2022-03-02 00:00:00.000,TTF,-0.00567282804,-0.02566444255,-0.0253680708,0.35414296,0.6523265466,0.2825647308,-0.4138217268,0.18714691,2.604659006,7.335532071,99.015166667,5.254950666,39.2876,8,1.631416803,0.8844097725,12
2022-03-03 00:00:00.000,TTF,-0.01556325126,-0.0325979682,-0.0199660598,0.2110348938,0.4496998884,0.1799004724,-0.02638606271,0.1125328002,0.8920146624,1.288436308,61.380266667,2.611686356,40.8195,6.998875767,1.61555572,1.513948157,12
2022-03-04 00:00:00.000,TTF,-0.01858572311,-0.09318974629,-0.02296096919,0.2816588098,0.3905076688,-0.6986651597,-0.2493985471,0.1255978617,1.177379282,2.325911957,54.908466667,2.186782571,98.3911,8,1.690347544,0.7771506359,12
2022-03-07 00:00:00.000,TTF,-0.02387149112,-0.09550650535,-0.02929687641,0.291759045,0.284831596,-0.7280484261,-0.7416463476,0.1076890906,0.772280102,2.12609821,54.115333333,2.178628162,108.7026,8,1.661627879,,12
2022-03-08 00:00:00.000,TTF,-0.03317137285,-0.08659765972,-0.02876937581,0.3093905637,0.09681060969,-0.5965321589,-0.691756926,0.09608906503,0.5112814521,2.066263112,61.493766667,2.576684682,108.0392,7.337992936,1.619911614,0.4978245798,12
2022-03-09 00:00:00.000,TTF,-0.02234440247,-0.04359309074,-0.02598992786,0.2258479209,0.3271850506,0.02228000211,-0.465725247,0.06061439175,-0.2796451764,0.7815509475,55.546966667,2.192043975,52.0106,2.767591827,1.601936169,0.5391695446,12
2022-03-10 00:00:00.000,TTF,-0.01860159897,-0.04613659123,-0.02491261883,0.1755676685,0.4094303184,-0.01677179434,-0.3819224704,0.05447562445,-0.4157068208,0.115219901,41.625333333,1.386281433,41.8715,2.083038813,1.681124723,0.3595332147,4.032904341
2022-03-11 00:00:00.000,TTF,-0.01315571693,-0.04417354314,-0.02874865656,0.2004613427,0.526796699,0.008972992791,-0.7007884147,0.043350842,-0.6630353298,0.3814460767,45.947233333,1.610057258,41.2032,2.010328737,1.676929707,0.4823068658,5.708932681
2022-03-14 00:00:00.000,TTF,-0.002335250868,-0.04915128595,-0.02636244111,0.1586029316,0.7561294869,-0.06611190121,-0.5030435895,0.04266570191,-0.6757166267,-0.1802973834,34.295633333,1.000053314,34.6368,1.59202841,1.714296335,,3.584138531
2022-03-15 00:00:00.000,TTF,-0.004057967318,-0.04748897671,-0.02582037116,0.1543004081,0.7212846722,-0.04574852334,-0.4561652926,0.04664703027,-0.5837101985,-0.2682705307,31.5261,0.8456184343,32.8041,1.471594088,1.714460182,0.2026741372,2.761436801
2022-03-16 00:00:00.000,TTF,-0.002159040238,-0.0414041968,-0.02217555053,0.1446098868,0.7626866145,0.03914082941,-0.1413184716,0.03489333422,-0.8456111692,-0.4221792061,33.780733333,0.9584400646,27.201,1.140818344,1.740223752,0.4941318971,2.955258074
2022-03-17 00:00:00.000,TTF,-0.002295963467,-0.03096672743,-0.02148362552,0.1529326957,0.7612797679,0.1882197085,-0.0758764373,0.03334475093,-0.8764548802,-0.3710761764,40.380666667,1.296061849,22.1184,0.8472326684,1.758047637,0.2396659905,2.562430757
2022-03-18 00:00:00.000,TTF,-0.001583011515,-0.02833791069,-0.02268235097,0.1363889209,0.7781068277,0.2239432775,-0.1719395166,0.03885984609,-0.7481504585,-0.652704068,35.124333333,1.009473331,19.6171,0.7080695983,1.735063367,0.3514807741,2.340772493
2022-03-21 00:00:00.000,TTF,0.0009304897063,-0.02220487684,-0.02114141642,0.1136078752,0.8327884874,0.3123358252,-0.03253904163,0.05511449505,-0.3788400067,-0.9952194068,31.9311,0.8453762645,14.0486,0.4011147182,1.733404969,,0.8311964953
2022-03-22 00:00:00.000,TTF,0.001846477606,-0.02020245099,-0.02098937529,0.1208346269,0.8520503623,0.3389821334,-0.01239467927,0.04989072598,-0.4956171578,-0.906343567,35.6302,1.040142931,13.3471,0.3589125915,1.74264879,0.1084780509,1.327485286
2022-03-23 00:00:00.000,TTF,0.0002315200092,-0.02327551221,-0.02183583321,0.1458791222,0.8178708029,0.2893691034,-0.07929659611,0.04221371514,-0.6676518346,-0.5786482152,44.1912,1.485975358,17.2757,0.5670154461,1.767643012,0.2178291093,1.363297897
2022-03-24 00:00:00.000,TTF,0.000838661548,-0.02493166374,-0.02198772505,0.1194028568,0.8308401378,0.2600927695,-0.08544522319,0.05893180925,-0.286269784,-0.9973996422,35.451566667,0.9975500842,17.0454,0.5476081825,1.787841858,0.3494160681,1.085959553
2022-03-25 00:00:00.000,TTF,0.00244292137,-0.0243603279,-0.02120357035,0.1025248447,0.8642950018,0.264399505,-0.009132135125,0.06829951486,-0.07266720849,-1.253162995,30.6099,0.7403102077,15.3214,0.4531717878,1.767485107,0.1393032903,1.384721514
2022-03-28 00:00:00.000,TTF,0.001198441813,-0.01893557095,-0.01921151314,0.1226884584,0.8378393842,0.3433380415,0.1755883904,0.05118435328,-0.4622678288,-0.8810769222,39.7102,1.276131664,13.8736,0.3662670546,1.71200537,,1.739867518
2022-03-29 00:00:00.000,TTF,-2.939760441e-05,-0.01691907557,-0.01958118081,0.133878879,0.8120913633,0.3693491761,0.1500500889,0.04363389184,-0.6331147816,-0.7237010444,41.848466667,1.398124122,12.2084,0.2689037066,1.711545477,0.2438827856,1.636323777
2022-03-30 00:00:00.000,TTF,-0.002167087179,-0.01879484074,-0.01987681916,0.1638616185,0.7672343027,0.3364773345,0.1308838831,0.04721340412,-0.548976598,-0.2888812958,49.968333333,1.831515995,15.92,0.4631709329,1.697767572,0.2632571539,1.724958651
2022-03-31 00:00:00.000,TTF,0.001876712312,-0.01678876037,-0.01971718962,0.1818880536,0.8527327691,0.3644302717,0.1531033376,0.0549388793,-0.370203651,0.0001812388141,57.193766667,2.178795816,14.493603667,0.3794165433,1.745410891,0.2397812009,2.440197428
2022-04-01 00:00:00.000,TTF,-0.0006733650045,-0.05127011022,-0.0196194195,0.1446932113,0.7987733351,-0.182456378,0.170072191,0.0707230823,-0.006834282248,-0.4841403693,45.407466667,1.507666355,45.9422,2.08913637,1.568585926,0.4455857203,12
2022-04-04 00:00:00.000,TTF,0.0009123296576,-0.04654092255,-0.01857730245,0.1259567355,0.8323112104,-0.1123811126,0.2743078602,0.07076252675,-0.005909044293,-0.7483920891,42.842,1.376337247,40.7409,1.743756674,0.5423782767,,4.027392317
2022-04-05 00:00:00.000,TTF,0.001006081865,-0.04138494976,-0.02044399347,0.1149018516,0.8343605481,-0.0352100604,0.1096356518,0.07610962024,0.1174711839,-0.8846164792,40.780666667,1.259065331,36.3984,1.476020107,0.4284953403,0.5190814825,5.928877649
2022-04-06 00:00:00.000,TTF,0.001161307147,-0.03735975097,-0.02100268353,0.1073905208,0.8375559669,0.02483666113,0.06566599853,0.0824097534,0.2628906383,-1.012196268,38.875033333,1.145692559,34.0524,1.318661647,0.4341360777,0.3347596183,5.231737972
2022-04-07 00:00:00.000,TTF,0.0007208304961,-0.0351954854,-0.02039910033,0.09742453121,0.8282717868,0.05484328299,0.1308450051,0.08366593832,0.2913045823,-1.506077777,36.495633333,1.003011882,31.9059,1.184907289,0.4128083891,0.2039325407,4.355517536
2022-04-08 00:00:00.000,TTF,0.00262877882,-0.03149393238,-0.02172951918,0.08950974148,0.8683272933,0.1104223635,0.0128210484,0.09276716795,0.5020146514,-1.807287133,32.3506,0.7846176859,27.5711,0.9528847884,0.417701212,0.2982972658,3.085989281
2022-04-11 00:00:00.000,TTF,0.003156132782,-0.02622823401,-0.02137374289,0.07483042696,0.878706852,0.1921808701,0.05483576633,0.107733959,0.848916156,-2.141167518,28.610066667,0.599669445,22.1688,0.6437220324,0.3301207438,,1.41411939
2022-04-12 00:00:00.000,TTF,0.003182886688,-0.02624427754,-0.02169494956,0.07299004561,0.878292869,0.1866966426,0.0319046402,0.1096322596,0.8895028832,-2.092664359,27.956066667,0.5641520789,21.8751,0.6159691269,0.3571154722,0.2949573497,2.770977755
2022-04-13 00:00:00.000,TTF,0.0009555276248,-0.02400592843,-0.02016978414,0.06067226638,0.8306072731,0.2197993178,0.1883811483,0.1240849596,1.222473966,-2.256542068,25.8122,0.4459599509,20.8132,0.5454445137,0.3462035605,0.834031368,3.230697591
2022-04-14 00:00:00.000,TTF,0.00201551198,-0.01562489953,-0.01856524242,0.03958231708,0.8521826793,0.3581641694,0.3544357153,0.1445634986,1.691775143,-2.621985298,16.031266667,-0.07825843516,10.597,0.006987717657,0.4390377896,0.251467114,2.879886917
2022-04-19 00:00:00.000,TTF,0.001285228702,-0.01840426846,-0.0185843823,0.04557014373,0.8359756365,0.3078223006,0.3619220421,0.1240267865,1.199787002,-1.998254019,19.674466667,0.1294844731,14.136,0.1609245363,0.2488374078,,2.588101536
2022-04-20 00:00:00.000,TTF,-0.0008102022449,-0.0162297717,-0.0171018437,0.03475389279,0.7913860143,0.3420473306,0.519844622,0.1398921362,1.55997697,-2.043385665,16.008133333,-0.06706544927,12.8985,0.08536522058,0.2647280653,0.7298596454,2.497309798
2022-04-21 00:00:00.000,TTF,-0.0002918394094,-0.01811551705,-0.01646747475,0.03665818692,0.794601647,0.3065515519,0.594326509,0.1304699075,1.329583433,-1.723507111,19.2003,0.09653425951,16.2403,0.2535872499,0.2586951082,0.3791923061,2.50849483
2022-04-22 00:00:00.000,TTF,0.001743419707,-0.01558388978,-0.01547371413,0.0304902682,0.8298028521,0.3485487536,0.705559252,0.1297133796,1.303262411,-1.674847754,16.7535,-0.03144788378,12.9296,0.08004023753,0.2041879364,0.1809917013,1.921574859
2022-04-25 00:00:00.000,TTF,0.0003967750076,-0.01600866217,-0.01509540281,0.02813842395,0.7944124183,0.3385142887,0.7550743313,0.1243681026,1.171898674,-1.539661732,14.624533333,-0.1334422838,12.703502581,0.04239385554,0.3131555446,,1.741619943
2022-04-26 00:00:00.000,TTF,-0.001382196737,-0.02323154165,-0.01593448381,0.04492017615,0.7502009799,0.2026813179,0.6797926872,0.08408959047,0.239956368,-1.0197418,23.006366667,0.337502696,20.405703226,0.4413208862,0.2232203706,1.235817334,2.853592013
2022-04-27 00:00:00.000,TTF,-0.000546630595,-0.02914369817,-0.0170392709,0.06249348294,0.7600450195,0.08822836499,0.5754305687,0.05924524102,-0.3326698912,-0.5527272039,30.5504,0.7538638143,27.4511,0.7994905967,0.2650602325,0.7303104753,3.631980677
2022-04-28 00:00:00.000,TTF,-0.002942216851,-0.02258749145,-0.01696945699,0.05032829517,0.7035757733,0.2065780739,0.5917640332,0.07045304017,-0.07319117222,-0.7694606536,24.0027,0.3810896,22.3576,0.5173392994,0.2400253041,0.3159988768,8.164570303
2022-04-29 00:00:00.000,TTF,-0.0007906044847,-0.02477046845,-0.01568047561,0.04309301634,0.7414115701,0.1613424443,0.736526799,0.07703683838,0.07925401633,-0.8530732811,20.504933333,0.1891786315,21.39420129,0.4659624302,0.3213600309,0.3250808061,3.746201899
2022-05-02 00:00:00.000,TTF,-0.002092099909,-0.03493268239,-0.01612369367,0.04341718499,0.7074818102,-0.0381589079,0.6989300677,0.08115761539,0.1745979937,-0.7659534201,20.504933333,0.2835140843,23.49,0.5760627939,0.1608378657,,12
2022-05-03 00:00:00.000,TTF,-0.001318602423,-0.03898787808,-0.0143755265,0.04089229096,0.7175804275,-0.1218159947,0.8938905915,0.08052498526,0.1594772388,-0.7592468145,22.233433333,0.4239977474,24.745,0.6508042508,0.1478341309,0.3347673777,7.523538943
2022-05-04 00:00:00.000,TTF,4.36522872e-06,-0.03686860334,-0.01742636125,0.04707237096,0.7389334539,-0.08675053919,0.5763582725,0.07510017887,0.03275590778,-0.5547404523,22.864666667,0.4888212592,25.6088,0.7951175333,0.1448129732,0.5245815458,12
2022-05-05 00:00:00.000,TTF,-0.0001117236548,-0.03613273447,-0.01822308573,0.04792158899,0.7303121144,-0.07727795409,0.4988095634,0.07421381705,0.01198872488,-0.4604987157,22.850933333,0.4779784879,26.3504,0.8263648632,0.1509367237,0.2254024355,3.881483927
2022-05-06 00:00:00.000,TTF,0.006142517653,-0.03056701689,-0.01728142044,0.03938976303,0.851138539,0.0265225535,0.6080978809,0.07829282517,0.1074034438,-0.7186379573,19.200733333,0.2281340843,20.4376,0.4676678759,0.1502248164,0.2902647946,5.595457625
2022-05-09 00:00:00.000,TTF,0.005028329999,-0.03350571256,-0.01750009868,0.04159944683,0.8196834807,-0.03695842524,0.5920258102,0.06762076684,-0.1431287779,-0.5656102843,19.5378,0.3461584847,19.1811,0.7641080837,0.136720565,,4.23509824
2022-05-10 00:00:00.000,TTF,0.006009687758,-0.0363327814,-0.0178709756,0.04662623681,0.8304142642,-0.1001970214,0.5591160946,0.05964599195,-0.3302441257,-0.2357624926,22.274,0.5728819488,21.2405,1.000695745,0.140889498,0.3857827677,3.117650122
2022-05-11 00:00:00.000,TTF,0.008038539838,-0.0345003885,-0.02038611099,0.05130601193,0.8629492264,-0.0701336901,0.2906202924,0.06086777319,-0.3006331636,0.1746859186,21.016066667,0.4935138284,20.4241,0.9596716052,0.1111926662,0.5505264424,9.193511441
2022-05-12 00:00:00.000,TTF,0.008824811892,-0.0459700267,-0.02124848891,0.06917529179,0.8700615891,-0.3120235201,0.2032901685,0.05239942796,-0.4997650468,1.825358953,30.171433333,1.21444105,27.5877,1.67249379,0.08611216344,0.757940201,9.996867644
2022-05-13 00:00:00.000,TTF,0.01053951847,-0.04118375752,-0.0198067663,0.05900544443,0.8951673034,-0.2224075455,0.3725452119,0.04796697654,-0.6031517407,1.070064183,27.291766667,0.9779139745,22.6926,1.1562529,0.0915779745,0.2518917269,3.365804224
2022-05-16 00:00:00.000,TTF,0.01030458923,-0.03553086881,-0.02070540137,0.05546837888,0.8817399766,-0.1143762552,0.282194979,0.05120977474,-0.5245229315,0.9232001025,23.546766667,0.71227774,19.1607,0.8643158281,0.1515262311,,2.574436963
2022-05-17 00:00:00.000,TTF,0.01573218373,-0.04013503417,-0.02022678385,0.06243252537,0.9816123469,-0.2182556093,0.3460720725,0.04542356561,-0.6602524959,1.666444401,28.8565,1.175232776,20.8195,1.04280386,0.2200180572,0.395536558,2.873423723
2022-05-18 00:00:00.000,TTF,0.01663853604,-0.04397266624,-0.01945658761,0.06451563801,0.9887062035,-0.307201168,0.4440671793,0.04167969056,-0.7470432816,1.676216055,29.8608,1.263172573,22.6826,1.236581496,0.1316085807,0.4336807599,3.047271436
2022-05-19 00:00:00.000,TTF,0.01576680369,-0.0385147937,-0.02056862332,0.05842294953,0.9607648428,-0.1972674963,0.3260307726,0.04508700965,-0.6634708965,0.9566600137,25.4401,0.8706680247,18.9801,0.8130636306,0.1330622636,0.361960537,2.141611926
2022-05-20 00:00:00.000,TTF,0.01261727943,-0.03354718788,-0.02088492644,0.05241412341,0.8880274788,-0.09710174316,0.2980511967,0.05057700625,-0.5307023674,0.3304987257,22.146633333,0.5904721553,15.92,0.4719807478,0.1174390015,0.336368986,2.46568905
2022-05-23 00:00:00.000,TTF,0.01406363795,-0.03455410775,-0.02006392352,0.05011494074,0.919972935,-0.1267836687,0.4028795008,0.04872393883,-0.5733800338,0.05852667941,22.0614,0.6403980785,14.9669,0.346491054,0.2144309167,,1.548708543
2022-05-24 00:00:00.000,TTF,0.01873043621,-0.03501582225,-0.01965832949,0.05009866314,1.022012924,-0.1444441526,0.4608663812,0.04635787096,-0.6281976743,-0.03211033296,22.481766667,0.6910647478,14.1374,0.2448377348,0.229832236,0.2476356898,1.852497288
2022-05-25 00:00:00.000,TTF,0.01993011525,-0.03707442919,-0.0195719949,0.05229457323,1.049401332,-0.1981137092,0.4813435644,0.04438552731,-0.6734370587,0.0980539095,24.296,0.8579137931,14.9378,0.3255537422,0.1542310878,0.1476195609,2.094762002
2022-05-26 00:00:00.000,TTF,0.02078579089,-0.03430933597,-0.01979698311,0.04957956762,1.065338207,-0.1448027802,0.4640627986,0.04674380995,-0.6148718258,-0.2673544061,23.108466667,0.7359008765,12.6935,0.05782726576,0.1807528034,0.2149321376,2.28834551
2022-05-27 00:00:00.000,TTF,0.02379745362,-0.03784718951,-0.02045815917,0.05638083095,1.128172946,-0.235532932,0.3944588668,0.04613346219,-0.6276691514,0.6479792441,26.995466667,1.089631692,13.3535,0.130885124,0.2471225312,0.2524132991,8.006518123
2022-05-30 00:00:00.000,TTF,0.02137096292,-0.0353933581,-0.0212028985,0.05646027097,1.059287728,-0.1907227629,0.3139157346,0.04681970671,-0.609319281,0.6160382178,25.601366667,1.097552003,12.4254,-0.009114705778,0.2755228711,,4.151697405
2022-05-31 00:00:00.000,TTF,0.02083482182,-0.03269460244,-0.02116711687,0.05247102204,1.037845183,-0.1399811677,0.3283714244,0.04925359463,-0.5490434157,0.04400173757,23.914833333,1.022155194,11.434204,-0.1407251675,0.2683205404,0.6350742035,3.151844143
2022-06-01 00:00:00.000,TTF,0.03608572793,-0.0395610773,-0.02194784161,0.04763973433,1.397460603,-0.3142943902,0.2411810592,0.06703281766,-0.1196399791,-0.6426118805,20.520466667,0.6929123443,8.5005,-0.4964831749,0.2114428447,0.5626594133,12
2022-06-02 00:00:00.000,TTF,0.03608572793,-0.0395610773,-0.02194784161,0.04763973433,1.39512687,-0.3284140755,0.2506491859,0.0655315609,-0.1555886188,-0.7206440079,20.520466667,0.6887923742,8.5005,-0.4939987382,0.2114428447,0.1015779857,4.581319071
2022-06-03 00:00:00.000,TTF,0.03608572793,-0.0395610773,-0.02194784161,0.04763973433,1.42035696,-0.3532470629,0.2598859194,0.06408999887,-0.1900908138,-0.7265259783,20.520466667,0.6841877293,8.5005,-0.4986006774,0.2362893312,0.1057514964,3.323850798
2022-06-06 00:00:00.000,TTF,0.03340544785,-0.03432191196,-0.02112476466,0.04012352426,1.401370746,-0.2391033556,0.373824481,0.07134911359,-0.01388336772,-1.759831976,18.153566667,0.5265952156,5.286,-0.9811579162,0.3631098703,,4.514657416
2022-06-07 00:00:00.000,TTF,0.03614667467,-0.03349854493,-0.02117647869,0.03922577561,1.546750691,-0.2367319963,0.3773250433,0.07046692744,-0.03526329716,-1.905964439,17.778833333,0.5037232359,3.8394,-1.223946247,0.4126390354,0.2514594619,12
2022-06-08 00:00:00.000,TTF,0.0369193183,-0.03612346477,-0.02067831202,0.03782936041,1.627651041,-0.3209662984,0.4518994655,0.06799142402,-0.09539195868,-2.027322132,18.686766667,0.6503034836,4.1098,-1.193010677,0.4146196577,0.4393960729,12
2022-06-09 00:00:00.000,TTF,0.02720712937,-0.04234475011,-0.02134755578,0.04588634417,1.341315979,-0.5172630307,0.3754845235,0.05760485747,-0.3483104374,-0.8149172722,21.8287,1.08040955,10.405,-0.2224789442,0.2282132262,0.7787629216,5.445569642
2022-06-10 00:00:00.000,TTF,0.03175322707,-0.04186922571,-0.0216045646,0.04576776792,1.518751925,-0.5237784712,0.3523390265,0.05785795838,-0.3413229025,-0.7852941031,21.604833333,1.039623182,8.8172,-0.4763774754,0.2957081618,0.1752522915,2.632897844
2022-06-13 00:00:00.000,TTF,0.03076028641,-0.03936907439,-0.02191412642,0.04597799386,1.467121629,-0.4705156332,0.3220026633,0.05776876155,-0.3427192962,-0.6996325324,20.5999,0.9438446709,8.2845,-0.5835705306,0.2928616987,,2.384440384
2022-06-14 00:00:00.000,TTF,0.01855723646,-0.04989782698,-0.02160693544,0.05852813791,1.003252289,-0.786531514,0.3732706984,0.0500839329,-0.5302438473,1.154172361,26.841966667,1.857259453,18.4025,1.032823116,0.1788148722,0.6895893467,5.651380832
2022-06-15 00:00:00.000,TTF,0.006082386151,-0.05910807271,-0.02257944291,0.07828757537,0.5357032213,-1.062076618,0.2521620625,0.05787997618,-0.3375353981,3.862030166,36.1235,3.195579157,31.0037,3.064413,0.1349743294,0.7065374486,6.031462473
2022-06-16 00:00:00.000,TTF,0.006218196665,-0.06259687027,-0.02432307258,0.09381264854,0.5280456369,-1.164996949,0.02331142163,0.05928457743,-0.3022375463,4.682760953,37.330133333,3.235476391,38.3384,4.106542153,0.07401902402,1.218295163,7.414593192
2022-06-17 00:00:00.000,TTF,0.005820457395,-0.0631632675,-0.02417434408,0.09543366033,0.5018509282,-1.182125348,0.0517346702,0.05582857264,-0.3866938208,3.357756274,35.6628,2.87007713,38.6604,3.883755038,0.06265530018,0.6365383981,4.367494175
2022-06-20 00:00:00.000,TTF,0.004522378098,-0.06445872429,-0.02632040655,0.1089487941,0.444392833,-1.222988444,-0.2379032802,0.06577734395,-0.1403228649,3.457151995,36.9007,2.952271162,40.8171,3.960499,0.07089040802,,4.904722442
2022-06-21 00:00:00.000,TTF,0.005759080408,-0.06487630647,-0.02734499006,0.109706186,0.479700255,-1.239027659,-0.3741163554,0.0684729735,-0.07339159924,2.664435849,38.965133333,3.126975781,41.0877,3.764347361,0.0675008685,0.5692380679,2.906707621
2022-06-22 00:00:00.000,TTF,0.008191843779,-0.06995030275,-0.02842313557,0.1145844801,0.5595548682,-1.390700797,-0.5191685418,0.07708876493,0.14019145,2.402891304,43.2945,3.550003504,41.85,3.642330193,0.08771333103,0.4935693712,2.997930089
2022-06-23 00:00:00.000,TTF,0.01005388822,-0.07313936241,-0.03059307374,0.1293082027,0.61630294,-1.486083594,-0.8195398039,0.08891661504,0.4334912395,2.597511612,47.7931,3.933718792,45.4127,3.896856939,0.1141324734,0.7311015284,6.429636944
2022-06-24 00:00:00.000,TTF,0.01053978459,-0.07322357935,-0.03319019355,0.1431559717,0.622363693,-1.487437729,-1.181644102,0.09953620652,0.6964914373,2.621459714,47.630833333,3.695124307,43.9078,3.503958045,0.1208079403,1.049250581,4.038332468
2022-06-27 00:00:00.000,TTF,0.01154470774,-0.07405816143,-0.03306852553,0.1440370378,0.6472730986,-1.510539523,-1.15559111,0.09783081171,0.6519997611,2.190128485,47.7584,3.567365179,44.2419,3.405605102,0.1183148392,,2.330189272
2022-06-28 00:00:00.000,TTF,0.01218931315,-0.0743413603,-0.03264369987,0.1423496264,0.6587410609,-1.521188465,-1.086585008,0.09514317454,0.5804645641,1.828271004,48.402266667,3.466936025,43.9116,3.215562315,0.125445659,0.2465764738,1.721510586
2022-06-29 00:00:00.000,TTF,0.009226426312,-0.07045407868,-0.03310497429,0.142448432,0.5331732086,-1.410155154,-1.144030518,0.09114243355,0.4765493651,1.609789146,48.722866667,3.323297359,46.2876,3.329485378,0.1045244291,0.6975311709,3.277593026
2022-06-30 00:00:00.000,TTF,0.01414104552,-0.07796266172,-0.03277803609,0.153417552,0.7093192924,-1.627014614,-1.088967952,0.09881982359,0.663248846,1.702964843,57.1604,4.028926994,51.4912,3.710758754,0.1217234751,0.3789783872,2.538160083
2022-07-01 00:00:00.000,TTF,0.01339937073,-0.08606012702,-0.03481787894,0.1568262075,0.6676777628,-1.857587186,-1.37287982,0.1037175408,0.7798596044,1.592880428,56.532166667,3.718541824,52.6501,3.624700964,0.08629827984,0.314511476,12
2022-07-04 00:00:00.000,TTF,0.00811013816,-0.08566740004,-0.03685052432,0.1661494741,0.4485298623,-1.843342528,-1.65326447,0.1116431638,0.9709324421,1.637040272,61.990366667,4.003411646,59.8511,4.118309718,0.08756651639,,8.44957071
2022-07-05 00:00:00.000,TTF,0.006213283591,-0.08251382975,-0.03758511725,0.1650131691,0.3657149733,-1.748788674,-1.743667504,0.1092561315,0.9039383432,1.439605486,59.687133333,3.550071927,58.3515,3.720713404,0.08497047264,0.3659948663,12
2022-07-06 00:00:00.000,TTF,0.005933689768,-0.06844385688,-0.04271305786,0.1809348721,0.3419955323,-1.337287251,-2.459907463,0.1257911742,1.308147612,1.659232683,54.817333333,2.948137534,54.3839,3.165249471,0.08307015189,1.275221997,12
2022-07-07 00:00:00.000,TTF,0.006055314975,-0.06230616162,-0.04386657451,0.1834023006,0.3330402839,-1.158482915,-2.589217448,0.1268400483,1.323309646,1.55886748,55.4758,2.8861531,54.9886,3.076126144,0.08114089297,0.9592890862,12
2022-07-08 00:00:00.000,TTF,0.007427153097,-0.05161249785,-0.04489773147,0.1780821758,0.3932887041,-0.8480155435,-2.696127245,0.1275873787,1.330837393,1.314151832,43.178966667,1.82495816,42.9434,2.004906753,0.07945841542,0.5656844963,12
2022-07-11 00:00:00.000,TTF,0.01362701006,-0.04842893113,-0.04388333335,0.1682754209,0.7463761299,-0.7568843568,-2.514583253,0.1181778437,1.086507349,0.9890730272,40.467566667,1.557262328,37.9492,1.545976495,0.08870288065,,2.884000187
2022-07-12 00:00:00.000,TTF,0.01057841145,-0.05378766265,-0.04281761214,0.1705104795,0.5634924924,-0.9128303528,-2.332985475,0.1062717469,0.7826525982,0.9770663917,47.022266667,2.039824964,43.2755,1.93236891,0.08566658941,0.4122800157,5.893757799
2022-07-13 00:00:00.000,TTF,0.008809839712,-0.05782993666,-0.0433182094,0.1797600698,0.4444244981,-1.011037933,-2.373235596,0.1010650632,0.6467060031,1.186806078,51.5006,2.331408377,48.793,2.307627944,0.08632659283,0.2497118398,3.164413125
2022-07-14 00:00:00.000,TTF,0.01000749174,-0.05659820565,-0.04230793365,0.1735806997,0.5153391115,-0.9672943453,-2.206266425,0.09312441359,0.4428952028,0.9529498059,48.7008,2.055850156,45.9513,2.028943933,0.08508455567,0.2714905781,2.212574574
2022-07-15 00:00:00.000,TTF,0.01050717844,-0.05422231981,-0.03962903158,0.153243436,0.542745138,-0.876562598,-1.817247374,0.08083952774,0.1304749843,0.1944593322,42.3458,1.541722934,39.4437,1.500355617,0.08935278736,0.5469796219,2.628050818
2022-07-18 00:00:00.000,TTF,0.01617368181,-0.05437763409,-0.04046847257,0.1573615157,0.9462065986,-0.8558711943,-1.916141322,0.08096374952,0.1283229632,0.2638638678,42.322233333,1.483336551,36.0152,1.174513875,0.09294466769,,2.206275843
2022-07-19 00:00:00.000,TTF,0.01615164444,-0.05495480376,-0.04115319549,0.1590043941,0.9310240151,-0.8493945275,-1.991685369,0.08229641401,0.1564124449,0.2438917741,41.862333333,1.415315948,35.9712,1.139424359,0.09171269821,0.210047373,1.721953356
2022-07-20 00:00:00.000,TTF,0.01861497284,-0.05218357818,-0.04263689418,0.1660382057,1.101031957,-0.7595965206,-2.17346354,0.08786882023,0.2915137445,0.4965790404,40.642366667,1.297153413,33.5393,0.9381420966,0.08862901446,0.2497477351,2.484730845
2022-07-21 00:00:00.000,TTF,0.01073775812,-0.05149664318,-0.04285431325,0.164717445,0.4929693919,-0.7299351763,-2.179186152,0.0867171078,0.2565708222,0.3506684649,39.156466667,1.168387631,36.0704,1.107447799,0.08535836281,0.2304216818,3.642525882
2022-07-22 00:00:00.000,TTF,0.01058369874,-0.05054761289,-0.043920395,0.1686615957,0.4683565454,-0.6919901332,-2.297371621,0.0870391758,0.2587053556,0.528563828,39.6366,1.178603233,37.25,1.166284912,0.08616586742,0.1506924485,5.710599301
2022-07-25 00:00:00.000,TTF,0.008149793608,-0.05606320011,-0.04363610387,0.1818000383,0.2692151576,-0.8233497181,-2.229888526,0.0752681563,-0.04884247904,1.469544996,47.2542,1.655316868,46.61,1.753760502,0.08722960864,,3.994121369
2022-07-26 00:00:00.000,TTF,0.005192736955,-0.06276061065,-0.0448729086,0.2018771236,0.0291453205,-0.9818017896,-2.365991225,0.06866450853,-0.2256916152,2.912409529,58.9424,2.440678975,60.1995,2.666154412,0.08173780964,0.5615187814,10.738359647
2022-07-27 00:00:00.000,TTF,0.004491906576,-0.07316040278,-0.04373243541,0.2074074932,-0.03434041186,-1.228840022,-2.157017765,0.06080474634,-0.4298258085,2.801526898,67.017533333,2.922206797,71.035,3.316067472,0.08049510435,0.4567218496,2.83904792
2022-07-28 00:00:00.000,TTF,0.00243315955,-0.06749984749,-0.04487333451,0.2024742049,-0.2016566071,-1.067156096,-2.254464344,0.06404760038,-0.3478551641,2.05274395,60.790833333,2.392356096,65.1994,2.773856598,0.07939533818,0.3373644686,2.593186912
2022-07-29 00:00:00.000,TTF,0.001351333988,-0.05598634648,-0.04370828442,0.1804443234,-0.2938584714,-0.761565464,-2.06867429,0.06415287636,-0.3480041385,0.4561323397,50.510633333,1.644750995,54.563,1.985746439,0.0718777091,0.7261485993,3.65264508
2022-08-01 00:00:00.000,TTF,0.0005062817744,-0.05309845965,-0.04345033719,0.1789214311,-0.3726308777,-0.6758296449,-2.021107443,0.08555210085,0.2022284857,0.2888461525,52.534066667,1.683796837,56.6568,2.009419342,0.06054823071,,12
2022-08-02 00:00:00.000,TTF,-0.0003042246483,-0.05051227279,-0.04305464882,0.1741977519,-0.443663509,-0.601992489,-1.935175616,0.08475895011,0.1766011484,-0.0962637544,51.067333333,1.532984306,55.1249,1.842931026,0.0594285297,0.2558580243,9.500823055
2022-08-03 00:00:00.000,TTF,-0.001134723603,-0.04376583599,-0.0440821306,0.1732628082,-0.5139947093,-0.4304152998,-2.029188085,0.08718007057,0.234221797,-0.1885865922,43.856833333,1.040160746,47.7249,1.336317203,0.05675169565,0.2422526064,12
2022-08-04 00:00:00.000,TTF,0.001240218839,-0.04116636036,-0.04773901847,0.1878836788,-0.3316655011,-0.3610583586,-2.45577796,0.09628844756,0.4669358685,0.8080356818,41.599833333,0.8805426728,45.4179,1.170865019,0.05650550233,0.6923342476,12
2022-08-05 00:00:00.000,TTF,0.001160328487,-0.03928660402,-0.04706296828,0.1767237445,-0.3448646385,-0.3118884193,-2.306288318,0.09611856842,0.4565164134,0.0009638366271,39.4216,0.7230388345,42.5125,0.966182559,0.05476657525,0.3798716987,6.055633318
2022-08-08 00:00:00.000,TTF,0.002260206027,-0.03602059647,-0.04810354662,0.1789999437,-0.2637619621,-0.2306428729,-2.392758592,0.09738915269,0.484010429,0.1817889112,36.359233333,0.4142079584,37.8676,0.5502578132,0.05599871725,,3.484715584
2022-08-09 00:00:00.000,TTF,0.004743685489,-0.03143473295,-0.04856365402,0.1731782655,-0.07111100937,-0.1166373806,-2.408316495,0.1020162457,0.6005788217,-0.226925253,32.628166667,0.1638354931,32.9076,0.2220191349,0.05591229848,0.434958837,8.47453915
2022-08-10 00:00:00.000,TTF,0.008812736694,-0.03108493118,-0.04794315781,0.1662003054,0.2494199354,-0.1058792765,-2.321862645,0.1034758963,0.633331459,-0.7344376699,34.863133333,0.2850585016,32.2472,0.1623427713,0.05927332172,0.5587940379,5.016041239
2022-08-11 00:00:00.000,TTF,0.01159554696,-0.02102123056,-0.0482903877,0.1588960512,0.4676277466,0.1436400021,-2.28403377,0.111839253,0.8510006602,-1.221877892,24.766466667,-0.3416303929,20.5056,-0.5683487255,0.06472737333,0.4530214159,7.318926754
2022-08-12 00:00:00.000,TTF,0.01132150873,-0.02266214799,-0.04585170694,0.1458052686,0.4352753404,0.1045272619,-1.965852151,0.09967375834,0.5175975654,-1.997437073,26.281933333,-0.2547899117,22.3352,-0.4603282204,0.06815480534,0.5774060754,12
2022-08-15 00:00:00.000,TTF,0.011108782,-0.02693231546,-0.04572162759,0.1513253584,0.4084339496,0.002886068431,-1.965898814,0.09091011734,0.2746970826,-1.408477492,32.534466667,0.07277591822,29.2465,-0.09837844823,0.07363130042,,5.133135827
2022-08-16 00:00:00.000,TTF,0.0132599745,-0.02560990275,-0.04650391015,0.1499394143,0.5738812859,0.0402237131,-2.03735188,0.0949784721,0.3789467469,-1.476652912,31.3548,-0.01360593779,25.4692,-0.3438486351,0.07952630408,0.3370036979,3.404921921
2022-08-17 00:00:00.000,TTF,0.01048291627,-0.0231578077,-0.04653993738,0.1492479661,0.332051627,0.106658129,-2.001200305,0.09235267226,0.3010583274,-1.456907086,29.3165,-0.1460051045,24.406,-0.4145142791,0.05213243226,0.1971317054,2.962304874
2022-08-18 00:00:00.000,TTF,0.01056376862,-0.02084974056,-0.04693425008,0.1462979173,0.3273062307,0.1703946619,-2.01893785,0.09875099897,0.4705633173,-1.553782495,27.809566667,-0.2484547131,23.2083,-0.4982666685,0.05723251495,0.5298733594,3.553575923
2022-08-19 00:00:00.000,TTF,0.01094225923,-0.0164489585,-0.04586434934,0.1346426887,0.3478805679,0.2922958712,-1.882658755,0.1083959961,0.7310689059,-2.062290908,23.284566667,-0.5336272352,18.0946,-0.8218122731,0.06617319079,0.6465603128,3.107085327
2022-08-22 00:00:00.000,TTF,0.008514831036,-0.02345921262,-0.04364278658,0.1274166706,0.1335477871,0.1158185515,-1.619416653,0.1123699985,0.8356794216,-2.174472661,36.699566667,0.2723310529,34.352,0.1762607978,0.069524672,,2.220137938
2022-08-23 00:00:00.000,TTF,0.01205991394,-0.02292976859,-0.04183653879,0.1214029034,0.4212088103,0.1389295204,-1.412401376,0.09703666724,0.4007036047,-2.147188376,33.975133333,0.09424007935,28.0683,-0.2274884539,0.0556060799,0.6849922446,4.85075483
2022-08-24 00:00:00.000,TTF,0.008349472431,-0.02554071336,-0.04222713075,0.1323476819,0.08422788997,0.07090659354,-1.44002704,0.09210369475,0.2559765264,-1.392226169,40.891833333,0.5230553035,37.8134,0.3831785014,0.04913632791,0.7420187462,3.791416802
2022-08-25 00:00:00.000,TTF,0.01084746379,-0.02059377508,-0.04500189687,0.1446881572,0.287671983,0.2200393559,-1.710909933,0.09099627683,0.2219173141,-0.7576572261,36.304233333,0.223481556,31.9546,0.0009041117549,0.05767492517,0.4787095667,11.649935006
2022-08-26 00:00:00.000,TTF,0.02538458987,-0.0232854788,-0.04412518529,0.1448835934,1.66046612,0.1493876116,-1.584504183,0.09024859907,0.1977901078,-0.6824821766,42.6963,0.6204789573,23.591,-0.5382999174,0.09293605163,0.3573570995,8.593602737
2022-08-29 00:00:00.000,TTF,0.02538458987,-0.0232854788,-0.04412518529,0.1448835934,1.663806634,0.1572056069,-1.519906155,0.08663188375,0.0922834787,-0.6168944911,42.6963,0.6166231151,23.591,-0.5531898481,0.09348521978,,4.037452307
2022-08-30 00:00:00.000,TTF,0.03555070195,-0.03863505314,-0.04686376853,0.1679999252,2.591472027,-0.3136840171,-1.769971391,0.04659306746,-1.040869958,0.6681812451,53.602766667,1.335453428,31.4826,-0.0358197676,0.07866979097,1.540700899,12
2022-08-31 00:00:00.000,TTF,0.01770515848,-0.04919176153,-0.04130645603,0.1555499401,0.8114768282,-0.6636587639,-1.179053494,0.03458920644,-1.378571834,0.04206388061,57.537933333,1.589877754,53.282904333,1.398291716,0.06256292565,0.6141106028,4.711508086
2022-09-01 00:00:00.000,TTF,0.00342508056,-0.045720997,-0.04307441332,0.1841443321,-0.556378231,-0.5586247312,-1.338666422,0.06254144133,-0.5881614735,1.686615937,66.904,2.170796315,64.7719,2.128511158,0.03130218719,0.4052305741,12
2022-09-02 00:00:00.000,TTF,0.006228698353,-0.03452976098,-0.04258116544,0.1755011441,-0.3041918905,-0.1796964369,-1.265169428,0.05714522166,-0.7435920758,1.130006087,42.785233333,0.5814645846,42.8903,0.6725262637,0.03897774527,0.4381854093,12
2022-09-05 00:00:00.000,TTF,0.008893993848,-0.03801482824,-0.04668490003,0.2040350477,-0.0567943565,-0.3100521129,-1.623462602,0.06360312549,-0.5637401752,2.832152056,58.254333333,1.653944708,54.4506,1.491464278,0.04122981948,,3.990317454
2022-09-06 00:00:00.000,TTF,0.006275092722,-0.02792793239,-0.04525140757,0.1738293975,-0.3183056638,0.07238106881,-1.460637634,0.07057226917,-0.3691403128,0.9214525449,43.312233333,0.6436260704,39.7267,0.4902654417,0.04382477045,0.4308213944,5.766236552
2022-09-07 00:00:00.000,TTF,0.0106704494,-0.01595039737,-0.0448194494,0.1554134976,0.1021869894,0.5509148569,-1.393246606,0.08259696544,-0.03137936119,0.02725446084,25.485066667,-0.5719051758,17.8157,-1.014776568,0.05949505411,0.3818842049,3.537447603
2022-09-08 00:00:00.000,TTF,0.009736867698,-0.01707740278,-0.04055303973,0.1343113268,0.0009550549005,0.5127821439,-0.9781348202,0.08484133128,0.02899146538,-1.005874938,26.9034,-0.4840636924,19.4415,-0.9069904252,0.05352358028,0.3028366218,12
2022-09-09 00:00:00.000,TTF,0.01086256047,-0.02231851281,-0.03975643976,0.1343322451,0.1092052811,0.3116543669,-0.8777916223,0.08180837086,-0.06310327224,-0.9159475982,31.6935,-0.1573027103,23.2879,-0.6415358709,0.03969307134,0.1655651396,2.417377077
2022-09-12 00:00:00.000,TTF,0.01357867718,-0.02419851797,-0.03737845385,0.1230872654,0.3790628496,0.2437894616,-0.6481016227,0.07759981724,-0.1881500951,-1.400823144,32.576733333,-0.09993464955,21.9838,-0.7424838056,0.03886146574,,3.243657827
2022-09-13 00:00:00.000,TTF,0.01272443548,-0.02848013733,-0.04001095416,0.1498749526,0.2814505009,0.0797878239,-0.8744094716,0.07404651341,-0.2922081692,-0.01787263565,36.957666667,0.2056132405,27.8969,-0.331020665,0.03195971289,0.4633584991,2.196381235
2022-09-14 00:00:00.000,TTF,0.01230336211,-0.02898207898,-0.04452735337,0.193440785,0.2298441109,0.06759808224,-1.241240256,0.08003762034,-0.1233682327,2.053740431,40.791033333,0.4715006521,31.6273,-0.07311422912,0.03169263303,0.6297536541,3.883298342
2022-09-15 00:00:00.000,TTF,0.01970960202,-0.02240500226,-0.0448384592,0.1786685715,0.9870717658,0.3425085819,-1.252382834,0.08287456429,-0.04706950347,1.144453292,31.238933333,-0.227647594,17.9876,-1.057666212,0.05102029285,0.2526440582,4.525297948
2022-09-16 00:00:00.000,TTF,0.02572226729,-0.02961252353,-0.04250702347,0.167458186,1.593103231,0.05668285393,-1.022755708,0.06872247716,-0.4628357748,0.5806648497,38.504133333,0.2950835364,21.1338,-0.8309730704,0.05216270416,0.2599397091,2.347744668
2022-09-19 00:00:00.000,TTF,0.03107106764,-0.02611845479,-0.04180039072,0.1532529331,2.115618612,0.2079689912,-0.9409667226,0.06652193858,-0.5328977298,-0.05899539259,31.757866667,-0.2363931968,13.7329,-1.384649113,0.08139643966,,1.733307213
2022-09-20 00:00:00.000,TTF,0.02530760046,-0.02560239524,-0.04475421028,0.1792886104,1.473845608,0.2374529665,-1.166280791,0.07308382445,-0.3471368292,1.012201124,33.8026,-0.1032842869,16.5956,-1.183465848,0.06347158667,0.3346862107,2.515200071
2022-09-21 00:00:00.000,TTF,0.03211002801,-0.02326405699,-0.04222937064,0.158541711,2.136466504,0.3430914296,-0.9465019216,0.0746567105,-0.3081170079,0.02266652907,29.027833333,-0.4613852226,9.4078,-1.685275665,0.1000106478,0.2480260553,1.893202355
2022-09-22 00:00:00.000,TTF,0.03434092458,-0.02492061448,-0.04100092181,0.1498580842,2.303177063,0.2824176348,-0.8383431481,0.0728412528,-0.3683022682,-0.4619603173,32.425933333,-0.223956765,9.7358,-1.653610756,0.09822813746,0.220825513,1.53972491
2022-09-23 00:00:00.000,TTF,0.04315569458,-0.02412997498,-0.03988077914,0.1449492626,3.102165206,0.3244499994,-0.7438031886,0.07614947443,-0.2766923959,-0.7570602525,29.590466667,-0.4391709739,3.4091,-2.079294032,0.1668457176,0.1088259013,2.015876444
2022-09-26 00:00:00.000,TTF,0.04517435499,-0.02128222802,-0.03910314245,0.1313793593,3.156016114,0.4538552758,-0.6755192786,0.07700699071,-0.2477509389,-1.413863601,25.7098,-0.7620980395,-0.4077,-2.386560192,0.2230618764,,1.679966603
2022-09-27 00:00:00.000,TTF,0.03559368259,-0.02045486953,-0.0399909795,0.1368489897,2.135317945,0.4981638738,-0.7406301374,0.07776972,-0.2229107741,-1.081250048,28.737333333,-0.5355346688,5.5814,-1.939805166,0.1471486403,0.2074820536,2.324920389
2022-09-28 00:00:00.000,TTF,0.03530343616,-0.01996179048,-0.04070037337,0.1453017594,2.051899149,0.5286103534,-0.7868213434,0.08207214595,-0.09306666887,-0.6576014034,27.5357,-0.6336744919,4.0141,-2.023095573,0.158327274,0.1895281495,3.340093542
2022-09-29 00:00:00.000,TTF,0.04036049594,-0.01953286869,-0.03786443412,0.1250034261,2.448940154,0.5566892691,-0.5543588793,0.07993712161,-0.1545733737,-1.532106821,25.3001,-0.8240912382,0.7231,-2.224379826,0.1987394821,0.3262775393,2.068232405
2022-09-30 00:00:00.000,TTF,0.05649206061,-0.01632437588,-0.03758408145,0.1164239219,3.774875833,0.7056589411,-0.5269113561,0.0814229689,-0.1093722521,-1.761851808,19.796733333,-1.266062339,-12.154097419,-3.068207707,0.4405940999,0.1862313684,2.189359386
2022-10-03 00:00:00.000,TTF,0.01967728033,-0.009845038497,-0.03557914959,0.1194785062,0.5028068603,0.9984137892,-0.3698205826,0.1020048149,0.498496777,-1.442930486,14.373533333,-1.661267758,7.4105,-1.662290917,0.1443522566,,12
2022-10-04 00:00:00.000,TTF,0.02077898988,-0.008784743536,-0.03358321996,0.1036300073,0.5834061968,1.053423644,-0.215865966,0.1029665925,0.5222664397,-1.948554272,13.433433333,-1.701426026,4.8712,-1.815833558,0.1678999911,0.2727872007,6.573980882
2022-10-05 00:00:00.000,TTF,0.02242952361,-0.01014790934,-0.03685487685,0.121553436,0.7090369607,1.001286651,-0.4623513365,0.100508881,0.4440271147,-1.064398095,16.742066667,-1.426112999,6.136,-1.699069162,0.1474752708,0.3218674435,8.247062422
2022-10-06 00:00:00.000,TTF,0.02052010576,-0.007435630423,-0.03500166494,0.1064402578,0.536411107,1.128627223,-0.3190225295,0.1042529374,0.5506698783,-1.625120883,12.2973,-1.77313761,1.876,-1.960993004,0.1798780255,0.285991532,3.191334025
2022-10-07 00:00:00.000,TTF,0.03271921289,-0.003265418134,-0.03311893998,0.09265764402,1.548833914,1.320779429,-0.1751656051,0.1100966636,0.7189672628,-2.014917488,6.5765,-2.174273395,-9.83,-2.699353041,0.6879621201,0.239060692,6.440315753
2022-10-10 00:00:00.000,TTF,0.03938775792,-0.003474465418,-0.03537473821,0.09731432455,2.076331968,1.316127634,-0.3447277139,0.10909286,0.6826776131,-1.595345944,6.370466667,-2.161093861,-13.372,-2.851646155,0.8108101693,,6.535110616
2022-10-11 00:00:00.000,TTF,0.04042360265,-0.003521527235,-0.03453486082,0.08969637701,2.110776579,1.318930095,-0.2802602678,0.1085876362,0.6613405185,-1.715734692,6.197933333,-2.152437971,-13.694,-2.786336994,0.8259029823,0.1820898899,4.09143564
2022-10-12 00:00:00.000,TTF,0.03522328046,-0.008694367641,-0.03438552377,0.08942360236,1.635204307,1.09224554,-0.268455703,0.1018927097,0.4541145981,-1.569853891,14.987766667,-1.464037052,-4.0024,-2.109684324,0.2989842118,0.346853446,3.104705371
2022-10-13 00:00:00.000,TTF,0.03679068451,-0.01201977353,-0.03359733937,0.08611024808,1.732005918,0.9503839051,-0.2080356468,0.09795239496,0.3292241314,-1.508646895,17.5174,-1.272202319,-0.832,-1.881247542,0.2348903253,0.2918243241,8.213440545
2022-10-14 00:00:00.000,TTF,0.04715580707,-0.004922016627,-0.03382929102,0.08286023906,2.541329608,1.280198878,-0.2249034379,0.1029416264,0.4743888533,-1.526034916,10.0371,-1.824584103,-13.458,-2.599331444,0.6339060883,0.2827343835,3.047827219
2022-10-17 00:00:00.000,TTF,0.074611955,-0.006404373666,-0.03244894855,0.07551177313,4.649234715,1.219187547,-0.1199481379,0.1055021805,0.5463855834,-1.663460541,10.2548,-1.81655695,-22.5021,-3.005800934,0.8390806341,,3.321460263
2022-10-18 00:00:00.000,TTF,0.08497003551,-0.005881352127,-0.03107333353,0.07235508244,5.032898479,1.249849048,-0.01612805733,0.1056162793,0.543833049,-1.621145017,6.501666667,-2.083413405,-25.7243,-3.065187798,1.028445492,0.2790967957,2.935037097
2022-10-19 00:00:00.000,TTF,0.07243564384,-0.003645094847,-0.03113734426,0.06893931597,3.708218379,1.358496068,-0.02137199461,0.1034794829,0.4721037739,-1.571738012,3.8912,-2.255312753,-22.2388,-2.767310697,1.104092005,0.3504892649,3.310427758
2022-10-20 00:00:00.000,TTF,0.07281703925,-0.002712726734,-0.03408390663,0.08294755784,3.518139779,1.406679146,-0.2436896585,0.1067361836,0.5668360915,-0.99426583,1.7587,-2.374180173,-25.584,-2.847299629,1.212048401,0.4724042172,4.62870915
2022-10-21 00:00:00.000,TTF,0.09484177662,-0.003549412506,-0.03381745186,0.08253678236,4.68935279,1.373285997,-0.2208824233,0.1084894134,0.615624299,-0.9380932948,2.436533333,-2.265684858,-32.0793,-3.074111476,1.215156979,0.3172360637,2.558676016
2022-10-24 00:00:00.000,TTF,0.1307800913,-0.005245340665,-0.0326210932,0.0735658706,6.321739754,1.300700495,-0.127527163,0.1157832947,0.8363795783,-1.235713394,2.8339,-2.020396914,-39.1505,-3.272527552,1.219132611,,2.564891402
2022-10-25 00:00:00.000,TTF,0.1158388955,-0.003908499311,-0.03390742891,0.07763550044,4.699838306,1.368814521,-0.221250784,0.1126241131,0.7332652966,-0.9724475644,1.870066667,-2.046638279,-36.0944,-2.9693128,1.262792979,0.3644368659,2.655108477
2022-10-26 00:00:00.000,TTF,0.1072242885,-0.002838167279,-0.03452409049,0.08185040033,3.894973293,1.424187961,-0.2648850504,0.107127253,0.5593362653,-0.6987440519,1.473333333,-2.027440791,-33.5326,-2.734756105,1.27653072,0.428745253,1.86043382
2022-10-27 00:00:00.000,TTF,0.09593688712,-0.002687774921,-0.0347119109,0.08299729741,3.15617654,1.436008273,-0.2761566553,0.1019464885,0.3952795818,-0.5734857332,2.038966667,-1.959188381,-30.8796,-2.528002888,1.253843987,0.1228070077,1.775507352
2022-10-28 00:00:00.000,TTF,0.0962382629,-0.002131964315,-0.03540945373,0.0843098509,3.019635136,1.467609118,-0.3241841694,0.1025893332,0.4111129143,-0.4389443101,1.775233333,-1.945323819,-33.1742,-2.555856618,1.277171948,0.1336771004,2.880578634
2022-10-31 00:00:00.000,TTF,0.1538291392,-0.0002554792228,-0.03262719114,0.06904756638,5.179538412,1.560006988,-0.1145851065,0.1219524558,1.004012616,-1.348904789,-0.1578333333,-2.022849554,-47.917900667,-3.04285278,1.446820859,,2.800784538
2022-11-01 00:00:00.000,TTF,0.02173683822,0.001769554547,-0.02790145274,0.05920154384,-0.1164613293,1.657513993,0.2369556456,0.09874650784,0.2808422705,-1.915886562,-0.8221666667,-2.031848529,-7.5402,-1.326875536,1.118891447,0.5250772184,12
2022-11-02 00:00:00.000,TTF,0.01895731662,0.0001494017759,-0.03090129839,0.07290795595,-0.2185425407,1.582987296,0.01660989767,0.09822875956,0.2602701189,-0.8362821232,0.5059333333,-1.907818701,-5.536,-1.2222186,0.7958680767,0.4358785624,7.674911157
2022-11-03 00:00:00.000,TTF,0.02082023858,0.0005122682468,-0.02954233978,0.0694651219,-0.1520905881,1.602802815,0.1182116891,0.09143799737,0.04576257663,-1.008481568,1.346933333,-1.827273121,-5.548,-1.2069103,0.6907348968,0.2170528867,3.617184418
2022-11-04 00:00:00.000,TTF,0.03009945553,0.001901888222,-0.03007411662,0.0663275185,0.1811263534,1.669884242,0.08041453744,0.08679989286,-0.1023474772,-1.330881833,-0.8638333333,-1.92739704,-10.4309,-1.381675048,1.116313999,0.3659617779,3.804823419
2022-11-07 00:00:00.000,TTF,0.03369398052,0.003131418294,-0.02894973129,0.05999001307,0.3057820887,1.727869498,0.1639467489,0.08017487494,-0.3115144542,-1.964977521,-3.8581,-1.985731691,-13.4845,-1.432284548,1.410821652,,2.691981357
2022-11-08 00:00:00.000,TTF,0.02840790244,0.001757144555,-0.02944130363,0.06180841368,0.1090494403,1.659932337,0.1284817184,0.06814147509,-0.6863881219,-1.565379288,-1.761033333,-1.819552207,-9.9666,-1.265301336,1.209975659,0.1833619518,2.721057965
2022-11-09 00:00:00.000,TTF,0.02700465787,0.00120618068,-0.02966585121,0.06146946954,0.05546643299,1.632912967,0.112797622,0.0595288116,-0.9537888382,-1.514042344,-1.2634,-1.735414919,-8.8844,-1.197385375,1.154912609,0.2931259136,3.024040813
2022-11-10 00:00:00.000,TTF,0.02615123153,0.002331747124,-0.02918607604,0.05773986467,0.0225108393,1.683338579,0.1486903752,0.05472614477,-1.102274674,-1.784225774,-3.1298,-1.799745843,-10.2772,-1.233253155,1.460631538,0.1667355705,2.756441662
2022-11-11 00:00:00.000,TTF,0.03115649806,0.002628254931,-0.02874364451,0.05532074786,0.2017604886,1.683495812,0.1821242994,0.04185480489,-1.50210963,-1.881708054,-3.7173,-1.809763762,-11.4194,-1.262804238,1.509642422,0.5272007199,5.837225349
2022-11-14 00:00:00.000,TTF,0.02337536556,-0.0002511335252,-0.03295099923,0.07322783121,-0.0816100389,1.531057162,-0.1240724683,0.05569814999,-1.069181093,0.1947425035,-1.351033333,-1.599051356,-7.6378,-1.075849788,1.181171081,,1.622436621
2022-11-15 00:00:00.000,TTF,0.02280606512,-0.00117854112,-0.03451782208,0.08095974668,-0.1027891477,1.470495746,-0.2367808683,0.06114842963,-0.9002544106,1.09447024,-1.078466667,-1.542979052,-6.9154,-1.030475262,1.07248032,0.2684852818,1.97561661
2022-11-16 00:00:00.000,TTF,0.02453586,0.0004894293234,-0.03155057444,0.06755880125,-0.04088585664,1.547232409,-0.01797156198,0.05036806413,-1.237793151,-0.3846936991,-1.796566667,-1.532251465,-9.149,-1.093505723,1.31417357,0.4307221186,4.721148805
2022-11-17 00:00:00.000,TTF,0.02727808215,0.0008660498858,-0.03303485763,0.07399792722,0.0617178035,1.567439787,-0.1252644292,0.05118563737,-1.214071493,0.3243016545,-3.093633333,-1.568562812,-10.6775,-1.135042723,1.419886454,0.3192145204,8.980935489
2022-11-18 00:00:00.000,TTF,0.02671524751,0.001578480898,-0.03147769184,0.06581148302,0.04404786559,1.597263457,-0.009357627157,0.04463484799,-1.420543246,-0.5697185698,-2.984066667,-1.549297519,-10.7327,-1.129320515,1.431720036,0.2908649514,2.307683842
2022-11-21 00:00:00.000,TTF,0.02281475987,0.002344354535,-0.03281617072,0.07362557188,-0.09429519048,1.612036496,-0.105763287,0.04436760835,-1.428274299,0.3580845513,-2.8462,-1.471922903,-10.3462,-1.083356539,1.489172545,,2.655697738
2022-11-22 00:00:00.000,TTF,0.02315006705,0.002609459455,-0.03424868486,0.0850876514,-0.0789875004,1.602532159,-0.208029715,0.04392811547,-1.442849899,1.740647461,-2.9232,-1.442135388,-11.3308,-1.102745943,1.469022462,0.4429554495,3.531867797
2022-11-23 00:00:00.000,TTF,0.01767223291,0.001112888354,-0.03545792294,0.09402867406,-0.2735966219,1.510272557,-0.2929295707,0.0453968085,-1.384618796,2.535218046,-0.0737,-1.27470221,-7.2468,-0.9347364751,0.9760864653,0.2864524593,2.979690956
2022-11-24 00:00:00.000,TTF,0.02134327623,0.001160150085,-0.03427333005,0.0853258287,-0.1348299547,1.493035002,-0.2035349429,0.03966694331,-1.55038134,1.335673235,-2.746433333,-1.378365293,-9.3965,-1.002303195,1.459626803,0.2428136352,2.963017713
2022-11-25 00:00:00.000,TTF,0.01854942953,0.002267892685,-0.03374780605,0.08726801982,-0.2343255881,1.525550046,-0.1626770444,0.03725526046,-1.61096851,1.476457364,-2.954033333,-1.381241389,-9.236,-0.9907421628,1.541158777,0.2804597437,6.298088538
2022-11-28 00:00:00.000,TTF,0.01763345277,0.002287082045,-0.03331182347,0.08472684044,-0.2635475349,1.506556495,-0.1288087593,0.03396385768,-1.696759843,1.190768923,-2.449866667,-1.313730788,-8.5341,-0.9422828935,1.487566619,,1.995186397
2022-11-29 00:00:00.000,TTF,0.01025365747,0.001279939494,-0.03491285329,0.0956852585,-0.5270486148,1.442212342,-0.2442096721,0.03476874602,-1.654814302,2.181369046,-0.6778,-1.211340896,-5.0469,-0.7974473584,1.144068955,0.4126074741,3.128407788
2022-11-30 00:00:00.000,TTF,0.01750353269,0.0005045024804,-0.03691664434,0.106715347,-0.2615105159,1.390887156,-0.3897861725,0.04482873202,-1.335264026,2.776066834,-1.3509,-1.215379191,-7.5383,-0.8864177145,1.153709982,0.3608768584,2.224550206
2022-12-01 00:00:00.000,TTF,0.002907856338,0.002418735351,-0.03276097717,0.09671762269,-0.7947956786,1.465466463,-0.08605712926,0.06543204321,-0.6977781546,1.559996134,47.3658,0.956712326,-3.6864,-0.7277644963,1.524986393,0.3471737401,12
2022-12-02 00:00:00.000,TTF,0.00347360501,0.002001295378,-0.03443055552,0.1021508506,-0.772702372,1.432900738,-0.2082580047,0.06831438101,-0.6035119269,1.773868416,47.252966667,0.9449641892,-4.1892,-0.7419364868,1.736262144,0.4969492069,6.46328315
2022-12-05 00:00:00.000,TTF,0.00413938245,0.001626948799,-0.03424833727,0.09655375852,-0.7474729333,1.401882726,-0.1955104851,0.06890260209,-0.5793242606,1.204218899,44.033633333,0.8292363751,-4.1599,-0.7138862271,1.683657877,,4.345612617
2022-12-06 00:00:00.000,TTF,0.00259255672,0.001394995616,-0.03417376857,0.09779601865,-0.8033226632,1.377411925,-0.1906839436,0.0659651762,-0.6640090905,1.170800962,45.3861,0.904264863,-3.2754,-0.6667962428,1.525539128,0.2231000285,5.72025116
2022-12-07 00:00:00.000,TTF,0.001484347997,0.0007622102463,-0.03534315839,0.1120144477,-0.8419041665,1.335747573,-0.2760806267,0.07218584693,-0.4655442654,1.977890495,52.070766667,1.217114138,-2.3239,-0.6222626078,1.297990904,0.2967143333,4.647890657
2022-12-08 00:00:00.000,TTF,0.004857264758,0.001268606513,-0.03482248282,0.09697004491,-0.7167418594,1.34756597,-0.2386591713,0.06813487608,-0.5858765209,0.8235308276,41.572466667,0.7378301121,-3.7027,-0.6676060993,1.690321699,0.4250794173,10.947200775
2022-12-09 00:00:00.000,TTF,0.00148257836,0.001486255402,-0.03595537221,0.1069945925,-0.8363287925,1.291209572,-0.3222649677,0.07032997375,-0.5119679246,1.381600683,47.376633333,0.9986145587,-2.6665,-0.6211239059,1.434702402,0.1477909347,11.340803918
2022-12-12 00:00:00.000,TTF,0.004148186132,0.002132909601,-0.03532657865,0.09872882096,-0.735996768,1.239607587,-0.2828259403,0.06933384711,-0.5371823691,0.7387431861,42.881833333,0.8039727504,-4.3415,-0.6805815486,1.72529219,,1.947557615
2022-12-13 00:00:00.000,TTF,0.001613990495,0.001821285046,-0.03560905753,0.09917627222,-0.8240019189,1.204053815,-0.3107193741,0.06880132181,-0.5526623455,0.7148601651,42.2314,0.7832263559,-2.4633,-0.5909795222,1.120980036,0.1384475459,1.80651906
2022-12-14 00:00:00.000,TTF,0.001770749095,0.0025405688,-0.03521033746,0.09361139298,-0.8135444933,1.200094464,-0.2900123743,0.06488014362,-0.6807489772,0.2126490167,37.297466667,0.5655371218,-2.8313,-0.6016815593,1.160242059,0.3501731944,12
2022-12-15 00:00:00.000,TTF,-0.001318902263,0.002615119917,-0.0353269311,0.0958920786,-0.9208895607,1.174030734,-0.3094756945,0.06452374436,-0.6863440768,0.3470632346,39.346333333,0.6642443787,-1.0691,-0.5172467526,0.4713619099,0.1521380004,2.959604792
2022-12-16 00:00:00.000,TTF,0.002865476916,0.003318670763,-0.03245299442,0.08007206614,-0.7639132172,1.175295686,-0.09238134607,0.04793263734,-1.231538765,-1.099831554,33.612866667,0.3947877053,-3.4025,-0.6132936163,1.254110062,0.5152550466,3.311324361
2022-12-19 00:00:00.000,TTF,0.004112129134,0.004453837298,-0.02836147712,0.06241280971,-0.7148972457,1.194445516,0.2199890877,0.03546137114,-1.636710452,-2.751410865,29.1795,0.2038980269,-4.7624,-0.6819041863,1.531706781,,2.082788873
2022-12-20 00:00:00.000,TTF,0.005938318885,0.00414205735,-0.02978116994,0.06868133208,-0.6480239507,1.146886925,0.1063583743,0.03535403507,-1.626688025,-2.093611958,30.279566667,0.2544538718,-5.2551,-0.711387723,1.702586536,0.2935069225,1.219179711
2022-12-21 00:00:00.000,TTF,0.008845903094,0.005291086275,-0.0274952972,0.05509025178,-0.5442090399,1.178524129,0.2816207088,0.02962897188,-1.799784919,-3.124367956,25.116433333,0.01512137555,-6.2994,-0.7649978402,1.692532746,0.290702826,2.489990979
2022-12-22 00:00:00.000,TTF,0.006942654597,0.005402395518,-0.02517161518,0.04259205234,-0.6132732473,1.137793908,0.462261993,0.02993631165,-1.773512901,-3.354586002,19.723566667,-0.2351125054,-5.5572,-0.7211688771,1.696460226,0.576498881,3.695405371
2022-12-23 00:00:00.000,TTF,0.01881639351,0.006845195264,-0.02238884688,0.03010746405,-0.1898719128,1.13863176,0.6816799313,0.02663599263,-1.864161552,-3.270156237,14.763,-0.4728861908,-8.8745,-0.8689869227,1.791667088,0.7140356419,3.920633356
2022-12-27 00:00:00.000,TTF,0.01881639351,0.006845195264,-0.02238884688,0.03010746405,-0.1935203661,1.099555995,0.6775045253,0.02600228371,-1.864521082,-2.541791414,14.763,-0.4734785872,-8.8745,-0.9324176288,1.788740621,,3.016389688
2022-12-28 00:00:00.000,TTF,0.01881507372,0.007145892415,-0.02116514854,0.02703215581,-0.1952003408,1.081452521,0.7714550882,0.02416596654,-1.903109855,-2.237386004,14.523,-0.4798950801,-9.4317,-0.9704247724,1.795332848,0.3130380423,3.904074007
2022-12-29 00:00:00.000,TTF,0.02057425417,0.007253957407,-0.021165717,0.02712914223,-0.1348719207,1.063319249,0.7625421455,0.02507629633,-1.853233688,-1.909726511,14.6548,-0.4702488579,-9.3742,-0.9562201525,1.767956986,0.2606048253,2.274317758
2022-12-30 00:00:00.000,TTF,0.024901774,0.00844218459,-0.01947826701,0.02237275267,0.01649694306,1.078921853,0.8829791523,0.02313125552,-1.894649588,-1.827291383,13.2549,-0.5413955057,-10.349096129,-1.001057636,1.864033861,0.4523513092,8.910004405
2023-01-02 00:00:00.000,TTF,0.02143318468,0.00862822572,-0.01887237765,0.02408609598,-0.1123506587,1.055526471,0.9219910208,0.03351884466,-1.545523643,-1.560174748,13.2549,-0.5537665648,-10.436,-1.045879737,1.276343517,,12
2023-01-03 00:00:00.000,TTF,0.01766472304,0.01191070242,-0.0179556879,0.02002081167,-0.2510432781,1.144141251,0.9862717701,0.0332971682,-1.537960089,-1.518275018,10.907166667,-0.6622490123,-10.4974,-1.009054967,1.118792955,0.1397642142,4.796685528
2023-01-04 00:00:00.000,TTF,0.01637967885,0.01627136716,-0.01522475257,0.01364784534,-0.2976668291,1.271368737,1.19904665,0.03259672553,-1.545578413,-1.552760049,9.199433333,-0.7358780166,-11.4817,-1.049922886,1.023991394,0.4711511023,4.440584341
2023-01-05 00:00:00.000,TTF,0.01101244036,0.01350619784,-0.01694774578,0.01808536849,-0.4904828416,1.19111168,1.066855805,0.03193359073,-1.551578052,-1.263692071,11.0058,-0.6453002955,-8.8976,-0.9113115108,0.9547619263,0.3770249564,3.697509886
2023-01-06 00:00:00.000,TTF,0.01301223888,0.01519804606,-0.01737829636,0.01923478485,-0.4160568019,1.241403539,1.029918324,0.03136473713,-1.554478495,-1.113470246,11.991333333,-0.6036621408,-10.6406,-0.9594600992,0.9762718081,0.3078115422,2.804292173
2023-01-09 00:00:00.000,TTF,0.01076977041,0.01392408033,-0.0187059275,0.02305187812,-0.4973565076,1.190266558,0.9181330479,0.03231192096,-1.511008449,-0.9121463393,13.597033333,-0.5448817326,-9.9046,-0.9074214992,0.9358686422,,2.938762833
2023-01-10 00:00:00.000,TTF,0.01401576321,0.01555457193,-0.01740188219,0.01875564557,-0.3809145207,1.229873994,1.01099921,0.03067471181,-1.547737607,-0.9597929883,11.4206,-0.6477375181,-10.639,-0.9383469946,0.9716425976,0.227874805,4.838655137
2023-01-11 00:00:00.000,TTF,0.01434100886,0.01680446622,-0.01696135128,0.01674993077,-0.3713149018,1.270967013,1.039915015,0.03459846875,-1.413875632,-0.9513092501,9.802133333,-0.7186540224,-11.0626,-0.9504295152,0.9759630309,0.2350738879,6.332311083
2023-01-12 00:00:00.000,TTF,0.01268976638,0.01676457377,-0.01610441376,0.01677284689,-0.4340186538,1.261387775,1.099243752,0.03198109813,-1.481445761,-0.8766530266,12.206633333,-0.601110369,-10.5672,-0.9180384589,0.9317401731,0.5742890335,4.67850885
2023-01-13 00:00:00.000,TTF,0.009536469445,0.01976766381,-0.01527684269,0.01501294309,-0.5507229625,1.316897214,1.157675647,0.03480598654,-1.38309101,-0.8815897904,11.564933333,-0.632082995,-10.2284,-0.9040889862,0.848655793,0.5196304786,3.202033116
2023-01-16 00:00:00.000,TTF,0.01443368356,0.02509609114,-0.01376113067,0.01208093738,-0.3769585055,1.427530972,1.261641843,0.04360289878,-1.107031548,-0.9513067528,10.5942,-0.6821788615,-12.1309,-0.9973520902,0.8655521823,,3.587154457
2023-01-17 00:00:00.000,TTF,0.009523845704,0.02279774127,-0.01652425513,0.01714742938,-0.5594214018,1.342491236,1.044987594,0.04022212811,-1.202345198,-0.6895056702,11.528133333,-0.6367456143,-10.8751,-0.9404613843,0.826723081,0.5390394887,2.308518385
2023-01-18 00:00:00.000,TTF,0.006809634703,0.02279864372,-0.01865123668,0.02081687279,-0.6616309083,1.339805366,0.8773027989,0.04029561765,-1.192375175,-0.422854619,11.5644,-0.6295155962,-10.7201,-0.9284461138,0.7729468237,0.48151196,5.493596617
2023-01-19 00:00:00.000,TTF,0.01042046964,0.02412984684,-0.01904483697,0.02074012524,-0.5338263984,1.365162032,0.8413843986,0.04238397038,-1.121299982,-0.3494826069,11.1104,-0.643085236,-12.0266,-0.9784782509,0.8146134732,0.1329065071,3.064167704
2023-01-20 00:00:00.000,TTF,0.009007864176,0.02202447297,-0.02276274169,0.02940803887,-0.5901610418,1.300907139,0.5546518636,0.04853437171,-0.929112879,0.603777611,12.1237,-0.5959215164,-11.8695,-0.9698006657,0.8052529547,0.5560900888,3.721716088
2023-01-23 00:00:00.000,TTF,0.01017904084,0.02419251736,-0.02252392369,0.02782001666,-0.5508444255,1.370690383,0.5724565563,0.05265042139,-0.7986214743,0.801994315,10.805266667,-0.6664816263,-12.1804,-0.993293834,0.8111082527,,3.029025531
2023-01-24 00:00:00.000,TTF,0.009436493154,0.02625323657,-0.01903363154,0.02012353046,-0.5818155979,1.43255783,0.8429676773,0.04558937197,-1.003854362,-0.2385303384,9.9223,-0.7070963638,-11.7795,-0.9733464507,0.7868006648,0.4275894416,2.866134602
2023-01-25 00:00:00.000,TTF,0.009789624225,0.0284466798,-0.01778410011,0.01847467305,-0.5719986688,1.493739084,0.9392769337,0.04451493779,-1.030967187,-0.4838649434,10.736233333,-0.6622617561,-12.1705,-0.98670443,0.790413686,0.296252384,2.766744029
2023-01-26 00:00:00.000,TTF,0.009447224943,0.02973480593,-0.01626340785,0.01490201181,-0.5866734621,1.535138119,1.056744858,0.04125517506,-1.124588563,-1.167892548,8.978133333,-0.7399558219,-12.4502,-0.9909548828,0.8020422156,0.440645146,1.833971201
2023-01-27 00:00:00.000,TTF,0.00525568585,0.02968529381,-0.01648899292,0.01497781196,-0.7405026845,1.549689712,1.040256439,0.04071327456,-1.134413171,-1.053969875,8.3956,-0.77022853,-12.0616,-0.970995968,0.7573495178,0.1532561782,3.674369109
2023-01-30 00:00:00.000,TTF,0.009220233517,0.02985382954,-0.01653864703,0.01515805987,-0.5925958588,1.563096714,1.037931307,0.03980866255,-1.157355207,-0.9303896927,8.0256,-0.7976066579,-12.7894,-1.015210803,0.801310219,,1.585432981
2023-01-31 00:00:00.000,TTF,0.008567239378,0.0279403502,-0.01676303564,0.01565804433,-0.6156297505,1.503421937,1.02018373,0.03625299943,-1.262856337,-0.7343753263,8.555166667,-0.7639773268,-12.251403929,-0.9863074425,0.8116790556,0.1933082189,4.347220009
2023-02-01 00:00:00.000,TTF,0.01036874288,0.02510681553,-0.01685130273,0.01774523469,-0.5487126581,1.415936834,1.011990485,0.04073352401,-1.116823723,-0.1765345932,8.3822,-0.7646868512,-11.5264,-0.9435859737,0.8963971644,0.1881913308,12
2023-02-02 00:00:00.000,TTF,0.01341223679,0.02629762458,-0.01565749813,0.01510503373,-0.4363588336,1.461088576,1.098523098,0.03851549673,-1.180654004,-0.7655634969,7.227633333,-0.81817459,-12.1809,-0.9673838025,0.9130215891,0.1322721362,9.661791008
2023-02-03 00:00:00.000,TTF,0.01000948547,0.02442066201,-0.01595743678,0.01620137089,-0.5618607798,1.411086836,1.067763617,0.03981809992,-1.134954819,-0.5354566512,7.492433333,-0.8067720279,-11.1242,-0.9142259808,0.89249699,0.1635049838,4.030192326
2023-02-06 00:00:00.000,TTF,0.009557894117,0.0235433158,-0.01571242845,0.01526813571,-0.5781493746,1.365250424,1.080737543,0.0376844259,-1.200573391,-0.729859975,6.785333333,-0.8242154426,-10.5989,-0.8942048729,0.8862327192,,3.080487913
2023-02-07 00:00:00.000,TTF,0.01043968904,0.02838133887,-0.01477442886,0.01389049035,-0.5453608834,1.527500726,1.136674204,0.03707880923,-1.218234239,-0.9976693119,7.3357,-0.7839173472,-12.126,-0.9683687869,0.8743001289,0.119515015,2.825371308
2023-02-08 00:00:00.000,TTF,0.01178169482,0.02830409581,-0.01395658652,0.01287260072,-0.4970655134,1.529160647,1.200802848,0.03462285669,-1.29728131,-1.14690704,7.333666667,-0.7672500103,-12.1563,-0.9620761288,0.8836217477,0.1176249176,3.634104394
2023-02-09 00:00:00.000,TTF,0.01082922931,0.0280452144,-0.01424572549,0.01316950928,-0.5317844348,1.524808253,1.180083569,0.03523814241,-1.271566432,-0.9829773998,7.008433333,-0.7755456687,-11.7405,-0.931720995,0.8815750631,0.2867129019,2.049286298
2023-02-10 00:00:00.000,TTF,0.007209911847,0.02748352427,-0.0141710658,0.01323531161,-0.6651642936,1.510881617,1.173838625,0.03431328708,-1.293392467,-0.9086218658,7.0675,-0.7727605782,-10.9109,-0.8904839239,0.8497991475,0.09742858035,2.491318339
2023-02-13 00:00:00.000,TTF,0.008954574388,0.02908402239,-0.01282506808,0.01147181035,-0.599837048,1.545177474,1.269454791,0.03297775724,-1.328295473,-1.240964394,6.658666667,-0.7595157557,-11.2791,-0.9191771765,0.9121010419,,2.105028545
2023-02-14 00:00:00.000,TTF,0.004307278739,0.02846816143,-0.01296968872,0.01152085614,-0.7635666654,1.504180634,1.245602397,0.03256270676,-1.332261065,-1.156397743,6.448533333,-0.7537347048,-10.3573,-0.8690966653,0.8694027818,0.1033803045,2.026587752
2023-02-15 00:00:00.000,TTF,0.002982722981,0.0253500258,-0.01339318429,0.01226038606,-0.8035520783,1.380808085,1.207996024,0.03185946813,-1.349209151,-0.9872468809,6.480333333,-0.7363558004,-9.1853,-0.8054941304,0.8675454348,0.3089364517,2.471039717
2023-02-16 00:00:00.000,TTF,0.008733292385,0.0272514529,-0.01273880986,0.01089108381,-0.583090821,1.427120221,1.256334583,0.03118010754,-1.374647854,-1.19976555,5.754633333,-0.7644849183,-10.4778,-0.8707059594,0.9126007604,0.2140572995,2.437601853
2023-02-17 00:00:00.000,TTF,0.01002941802,0.02962279984,-0.01193503744,0.01012770376,-0.5326662965,1.487675671,1.31659249,0.03280705365,-1.316519196,-1.243684327,5.272433333,-0.7855498096,-10.9783,-0.8940453067,0.9207198322,0.1719739351,2.26346476
2023-02-20 00:00:00.000,TTF,0.005120120124,0.02909431568,-0.01237511518,0.01065405326,-0.7137881168,1.451382633,1.273844652,0.03351013676,-1.283661116,-1.021306818,5.811433333,-0.7379926449,-9.9648,-0.8556043902,0.8978215825,,1.603746009
2023-02-21 00:00:00.000,TTF,0.005218541897,0.02978624912,-0.01241823559,0.01073698155,-0.7097088125,1.455925455,1.259038178,0.03402156674,-1.267960053,-1.031824305,5.8279,-0.737263614,-10.0369,-0.8586911777,0.8985650573,0.1553897902,1.774027775
2023-02-22 00:00:00.000,TTF,0.001560113834,0.02905893569,-0.01212064055,0.01041702476,-0.8409172976,1.413831251,1.272559643,0.03173592768,-1.340636107,-1.317379939,5.965866667,-0.7214930589,-9.3508,-0.8156073715,0.8775529478,0.2205240671,3.087496355
2023-02-23 00:00:00.000,TTF,0.001839165113,0.02811955513,-0.01211890583,0.009980430059,-0.8284599134,1.366515264,1.261860072,0.02812384413,-1.486994029,-1.455108604,5.616633333,-0.7334010906,-9.2456,-0.803160668,0.8809589857,0.3117216231,2.999140557
2023-02-24 00:00:00.000,TTF,0.001238220999,0.02728093645,-0.01231269948,0.0100639869,-0.8460688612,1.324705986,1.243279392,0.02738371108,-1.501632137,-1.341360312,5.428566667,-0.7416229755,-9.0715,-0.793770502,0.8909854355,0.1041410585,2.338030989
2023-02-27 00:00:00.000,TTF,0.006688106321,0.03034498115,-0.01128102977,0.009151749771,-0.6450452472,1.411904269,1.304370577,0.03118848637,-1.357547317,-1.597314357,5.167733333,-0.7454652425,-10.2399,-0.8744394406,0.9437258299,,1.561026445
2023-02-28 00:00:00.000,TTF,0.00430419314,0.03145606668,-0.01074764479,0.008662786708,-0.729415757,1.43436698,1.342981156,0.03157918728,-1.332971923,-1.626769456,5.0882,-0.7420942424,-10.175996774,-0.87419029,0.9436865632,0.1016826325,1.832245011
2023-03-01 00:00:00.000,TTF,0.005718204813,0.02416574862,-0.01222190365,0.01157752563,-0.6744963149,1.180876766,1.232459325,0.03999832652,-1.022574505,-0.3009373273,5.738266667,-0.694723473,-8.1286,-0.7564213095,0.9633770967,0.7206539288,12
2023-03-02 00:00:00.000,TTF,0.005071404238,0.02452070613,-0.01178096627,0.01128413622,-0.6949059787,1.181921923,1.25903373,0.04076655755,-0.9904840841,-0.3562465173,5.761666667,-0.6868300933,-7.9851,-0.7439938896,0.9653465725,0.1497473542,5.823853768
2023-03-03 00:00:00.000,TTF,0.005319081457,0.02554327998,-0.01140828414,0.01069460223,-0.6829734595,1.206537869,1.282864365,0.04520405528,-0.8300056065,-0.5578891924,5.299466667,-0.7133105662,-8.1004,-0.7526439452,0.9649671469,0.589527734,12
2023-03-06 00:00:00.000,TTF,0.008949630808,0.02598771975,-0.01107737369,0.01058019221,-0.5470636292,1.212995298,1.303503158,0.048414185,-0.7167630871,-0.5459096533,4.7188,-0.7415092524,-8.3941,-0.7935807041,0.9995608769,,3.405050896
2023-03-07 00:00:00.000,TTF,0.006424332784,0.02535636699,-0.01215155512,0.01197080385,-0.6319372028,1.18349667,1.220747763,0.04887256732,-0.7018032054,0.3803975264,4.990166667,-0.7223394084,-8.0954,-0.7801915613,0.990508345,0.3014241814,3.178843991
2023-03-08 00:00:00.000,TTF,0.006876010488,0.02680981975,-0.01131119336,0.01081503578,-0.6075341963,1.225713473,1.278499875,0.04693805569,-0.7708542154,-0.2853648092,4.773133333,-0.7292938417,-8.2501,-0.7888022655,0.9913858686,0.4124449794,6.646085299
2023-03-09 00:00:00.000,TTF,0.006697853948,0.02505366428,-0.01282293325,0.01265413154,-0.6074886137,1.158025566,1.151938942,0.04307782913,-0.9109132852,1.328955724,5.068833333,-0.7075078519,-8.458,-0.794752955,0.9979875274,0.6420103369,3.940316983
2023-03-10 00:00:00.000,TTF,0.00442899218,0.0196518376,-0.01530097155,0.01685038682,-0.6802677918,0.9622583935,0.9544020866,0.04163696615,-0.9648878305,4.8867367,5.6984,-0.6733752438,-7.4535,-0.7384763328,0.9947022713,0.5063189191,9.641823449
2023-03-13 00:00:00.000,TTF,0.005302237728,0.02265027126,-0.01397468942,0.01409834232,-0.6393637575,1.062939692,1.038917079,0.03962484181,-1.037246158,1.708664056,5.1665,-0.7008923274,-7.7578,-0.7793956724,1.006564998,,3.874724346
2023-03-14 00:00:00.000,TTF,0.006089078451,0.02456485056,-0.01280440327,0.01251179004,-0.600326609,1.129366442,1.120097174,0.04262645455,-0.9267314668,0.716781939,4.880733333,-0.7163124708,-8.0758,-0.8002843911,1.015041083,0.1566993395,2.931310264
2023-03-15 00:00:00.000,TTF,0.00766960903,0.02551171378,-0.01274962126,0.01240215316,-0.5329412447,1.106798777,1.112170959,0.04611919458,-0.8010050086,0.6182240416,4.490333333,-0.7346644588,-8.3002,-0.8104209014,1.007595988,0.163549852,2.433689513
2023-03-16 00:00:00.000,TTF,0.007248754762,0.02420910097,-0.01401497308,0.01419530849,-0.5395287515,1.036188825,1.01053374,0.0450973622,-0.8382192327,1.595105036,4.451966667,-0.733056723,-8.236,-0.7984335708,1.00227431,0.1823388727,2.302812938
2023-03-17 00:00:00.000,TTF,0.00901831408,0.02698768214,-0.01291243323,0.01260346925,-0.4678311811,1.11346702,1.0770404,0.04617929697,-0.7969354613,0.6170265398,3.9692,-0.7657823355,-8.8342,-0.8326704556,1.006538425,0.1879464575,2.56940919
2023-03-20 00:00:00.000,TTF,0.009423340869,0.03070448224,-0.01158192263,0.01161765863,-0.4444434206,1.209471093,1.164271366,0.04894260004,-0.6949538627,0.04879964704,3.705966667,-0.7804147169,-9.4349,-0.8883111005,1.040265122,,1.690215064
2023-03-21 00:00:00.000,TTF,0.007868931902,0.0294128098,-0.0130564781,0.01346899884,-0.4887817491,1.141241581,1.058785995,0.04845326329,-0.711822586,1.00463729,3.891966667,-0.7672622998,-9.6633,-0.9042561245,1.052063531,0.1266719513,1.636129165
2023-03-22 00:00:00.000,TTF,0.009053274927,0.03014609599,-0.0126271964,0.01275684629,-0.4422345438,1.150133515,1.088680004,0.04795039619,-0.7307029188,0.5420061863,3.3048,-0.7962816023,-9.8982,-0.9170443015,1.070563611,0.2282271689,5.242413438
2023-03-23 00:00:00.000,TTF,0.007196437271,0.02838047596,-0.01391359633,0.01425892548,-0.5050013795,1.065782841,0.9819886157,0.04699716011,-0.764638663,1.285487868,3.6693,-0.769899258,-9.5981,-0.8925491904,1.060718267,0.155048599,3.704720417
2023-03-24 00:00:00.000,TTF,0.007933218702,0.03023093159,-0.01332404503,0.01354404262,-0.4735078961,1.086638295,0.9924181851,0.04865257455,-0.7043743868,0.7933166496,3.3919,-0.789709949,-9.7878,-0.9022850863,1.061889873,0.05750315801,2.060535804
2023-03-27 00:00:00.000,TTF,0.005246900048,0.03000686074,-0.01237687371,0.01211687285,-0.5655177959,1.038928986,1.038426177,0.04235098807,-0.9235017344,-0.03273499037,3.560633333,-0.7777160281,-9.4275,-0.904621042,1.316755122,,1.9951871
2023-03-28 00:00:00.000,TTF,0.005148186138,0.03096170128,-0.01246697294,0.01225909958,-0.5605321595,1.031572191,1.024775046,0.04086162676,-0.9705704664,-0.009690313238,3.571566667,-0.7762397154,-9.8025,-0.9307179589,1.31418084,0.1070075278,1.407558432
2023-03-29 00:00:00.000,TTF,0.004017781582,0.03196547032,-0.01199359672,0.01207964798,-0.591129445,1.036480899,1.038171932,0.03870856679,-1.039883293,-0.2035000542,4.350066667,-0.724099126,-9.9597,-0.9411047765,1.319053242,0.135341693,2.887429119
2023-03-30 00:00:00.000,TTF,0.005311885527,0.0350050253,-0.01179961578,0.01238138437,-0.5343041658,1.091691931,1.03423016,0.03820533549,-1.049794624,-0.1406826732,5.027733333,-0.6781636874,-11.4647,-1.019653176,1.315363693,0.2701142039,3.191332283
2023-03-31 00:00:00.000,TTF,0.005496476239,0.03237229065,-0.01179455979,0.01139699548,-0.5187835688,0.9831572259,1.03092912,0.02986776329,-1.334800538,-0.8483107534,4.878233333,-0.6919996542,-11.329401333,-1.009952443,1.31526199,0.4032081456,3.767228841
2023-04-03 00:00:00.000,TTF,0.009271092908,0.01737722495,-0.01644850712,0.01854369217,-0.374309498,0.5152628983,0.734299295,0.06010473941,-0.2629467039,4.095555227,5.157033333,-0.6763864698,-9.0666,-0.9048476383,1.073010453,,12
2023-04-04 00:00:00.000,TTF,0.01246602465,0.02042109998,-0.01680553864,0.02016665139,-0.249309502,0.6027396424,0.7076675531,0.06909052691,0.05905492534,3.829328787,5.292866667,-0.6676156334,-10.4978,-0.9921035491,1.088590864,0.3450460662,12
2023-04-05 00:00:00.000,TTF,0.01131306014,0.01896620644,-0.01477667796,0.01682723979,-0.2767698552,0.5565831507,0.8256180308,0.06106696827,-0.2187313122,1.428754241,5.5252,-0.6497636681,-9.4326,-0.9339902796,1.065536327,0.2746347273,5.499640001
2023-04-06 00:00:00.000,TTF,0.01029191035,0.02232594865,-0.01460021621,0.01636361607,-0.2991006613,0.6421250118,0.8276675909,0.06075733951,-0.2226234089,1.095076306,4.641233333,-0.7006896183,-10.0942,-0.9671022238,1.115631072,0.2208786473,5.402817897
2023-04-11 00:00:00.000,TTF,0.01485674121,0.02374592531,-0.01512642088,0.0173129731,-0.1102752354,0.6695467399,0.7903972414,0.06031707245,-0.2299859679,1.391365335,4.372833333,-0.7277863539,-11.7436,-1.099800467,1.150473936,,2.804839481
2023-04-12 00:00:00.000,TTF,0.01410569277,0.02720413592,-0.01524074656,0.01824699135,-0.1228309757,0.7691428196,0.7806911279,0.06333093284,-0.1126852979,1.627997979,4.157933333,-0.7383040148,-13.401,-1.196530998,1.190868056,0.1204237368,3.648758818
2023-04-13 00:00:00.000,TTF,0.01283596097,0.02766374584,-0.01517770133,0.0186870587,-0.1520519801,0.7857374295,0.7838702188,0.06406198689,-0.07599624034,1.714662961,4.218333333,-0.7304512879,-13.2402,-1.180316274,1.19316191,0.1612750288,2.152189451
2023-04-14 00:00:00.000,TTF,0.01478890324,0.0290508739,-0.01476935487,0.01873430697,-0.03657842258,0.8329629045,0.8090703761,0.06348733063,-0.08853650791,1.544433898,4.3731,-0.7244006303,-13.81,-1.209078213,1.191894851,0.08478861819,1.748690784
2023-04-17 00:00:00.000,TTF,0.0129341734,0.02849852734,-0.01444442864,0.01820673168,-0.08996459718,0.8169002152,0.8291212363,0.05957014894,-0.2281339643,1.198148947,4.239766667,-0.7436660534,-13.828,-1.239018771,1.196449439,,1.823179579
2023-04-18 00:00:00.000,TTF,0.01131567828,0.02644741111,-0.01454119996,0.0176213313,-0.144146562,0.7457245206,0.8231948957,0.0538329677,-0.4402794938,0.8860214158,4.251733333,-0.7463458951,-13.0045,-1.196791256,1.185825524,0.07861663541,2
2023-04-19 00:00:00.000,TTF,0.0112776309,0.02858047476,-0.01357300024,0.01740698835,-0.1183434053,0.8132837668,0.8829584942,0.05582715992,-0.3595454073,0.7448684811,4.2256,-0.7462943537,-13.3732,-1.219997291,1.196563281,0.1309724172,12
2023-04-20 00:00:00.000,TTF,0.01157729465,0.02697094987,-0.01329585859,0.0164336836,-0.06569771268,0.7605523238,0.8958169309,0.05049482438,-0.5632828284,0.3421238835,4.253,-0.7407168921,-12.9228,-1.187898466,1.200711149,0.1207340638,12
2023-04-21 00:00:00.000,TTF,0.01172955051,0.02545368365,-0.01319752585,0.01626681233,0.0425600778,0.7089412186,0.8963473506,0.04903708815,-0.6157659703,0.2166475326,4.6041,-0.7244784577,-12.9022,-1.182946273,1.19711377,0.1737861427,4.236008239
2023-04-24 00:00:00.000,TTF,0.01176252737,0.02760775172,-0.01286771734,0.01633844752,0.05958567841,0.7862711533,0.9167157609,0.04842462529,-0.6347550083,0.1977576519,4.642766667,-0.7347190441,-12.9432,-1.21011089,1.275466965,,1.228074412
2023-04-25 00:00:00.000,TTF,0.01185552665,0.02979493923,-0.01255667243,0.01660782357,0.08122170297,0.8675313139,0.9360448549,0.047038572,-0.6828239701,0.2410650085,4.555333333,-0.7429496796,-13.699,-1.255034058,1.296879207,0.1824738484,2.182402489
2023-04-26 00:00:00.000,TTF,0.01125002724,0.03480988596,-0.01284502246,0.01914458143,0.01201622643,1.055134799,0.9185493651,0.05290116812,-0.4532199038,1.15673241,4.824666667,-0.7263906665,-15.4325,-1.348313082,1.316971135,0.3134121216,5.008266106
2023-04-27 00:00:00.000,TTF,0.01257738371,0.03753607444,-0.01332169127,0.02089650137,0.2190665856,1.159389743,0.8861412389,0.0533458922,-0.4327881429,1.706839309,4.2695,-0.757036252,-17.1644,-1.431883626,1.331851046,0.3225867008,3.550799665
2023-04-28 00:00:00.000,TTF,0.01327075303,0.03729010177,-0.01342455711,0.0214312905,0.3553884183,1.159828043,0.8696801986,0.05262774156,-0.4570561927,1.75516037,4.111633333,-0.7718714436,-17.162099355,-1.422925015,1.355864613,0.1596972047,3.109056097
2023-05-02 00:00:00.000,TTF,0.03073193151,0.01071389832,-0.01620226312,0.02429366151,2.996725774,0.1373777401,0.6942214287,0.07476297174,0.3939228483,2.689151481,5.201533333,-0.7500374972,-16.3402,-1.394869714,1.240715177,,12
2023-05-03 00:00:00.000,TTF,0.02983016801,0.01251979134,-0.01578293145,0.02411832258,2.821484288,0.2020827594,0.717792497,0.07285223486,0.319622301,2.267172289,5.066966667,-0.7638228104,-16.5882,-1.404967814,1.253962521,0.1215605282,4.769189049
2023-05-04 00:00:00.000,TTF,0.0335144341,0.01263905474,-0.0150152009,0.02365144434,3.32284301,0.2019864421,0.7612363737,0.07091740274,0.2435568931,1.87341888,4.920566667,-0.7728165054,-16.8551,-1.459264331,1.256692217,0.2173113635,10.050741563
2023-05-05 00:00:00.000,TTF,0.0322161694,0.01262096305,-0.01505648819,0.02329421013,3.102210064,0.1975709817,0.7558024452,0.06587938385,0.04929505936,1.6902708,4.988633333,-0.768561606,-16.5941,-1.427053561,1.262558215,0.2406799344,5.878933138
2023-05-08 00:00:00.000,TTF,0.0322161694,0.01262096305,-0.01505648819,0.02329421013,3.012964812,0.1912279252,0.7482259632,0.0635742238,-0.04094721376,1.505343699,4.988633333,-0.7831425136,-16.5941,-1.580648263,1.272754334,,3.753003695
2023-05-09 00:00:00.000,TTF,0.03671503672,0.01554296324,-0.01484493435,0.02459765492,3.545024983,0.3064336464,0.7560827431,0.06308291088,-0.06216989551,1.831878191,5.126533333,-0.7809456231,-18.0668,-1.672855443,1.293843853,0.2739468727,3.404609932
2023-05-10 00:00:00.000,TTF,0.0357022619,0.01893450402,-0.01541604962,0.02705454137,3.269794054,0.4473452647,0.7176226115,0.06595779343,0.04615837828,2.418209163,4.647166667,-0.8130986347,-19.0424,-1.728364519,1.314606739,0.2666520292,2.992652599
2023-05-11 00:00:00.000,TTF,0.03678609947,0.01973360771,-0.01558844951,0.02729147422,3.320857679,0.4783857076,0.7001455411,0.06317442401,-0.06369353632,2.121864069,4.568266667,-0.8150946339,-19.2168,-1.724448062,1.319388309,0.1798854921,2.017674739
2023-05-12 00:00:00.000,TTF,0.03497959027,0.02320074701,-0.015029854,0.02879483633,2.990421562,0.6307003314,0.722612612,0.06382613476,-0.04203057294,2.247230521,3.2078,-0.9112075571,-19.3419,-1.717051891,1.33964605,0.4839001818,3.054180142
2023-05-15 00:00:00.000,TTF,0.03100771276,0.02164501564,-0.01275998898,0.02382186218,2.410578884,0.5606717685,0.8441367754,0.05183419546,-0.5062361967,0.6697464159,2.5298,-0.9650686737,-16.8774,-1.573437236,1.351197057,,3.564573064
2023-05-16 00:00:00.000,TTF,0.03172706525,0.02040546018,-0.01130172248,0.02120326459,2.452677535,0.5016485286,0.9227419685,0.04678442296,-0.7007503787,-0.04815796187,2.6616,-0.9590103333,-15.7185,-1.501796041,1.345263535,0.4891685059,4.316287453
2023-05-17 00:00:00.000,TTF,0.03428776549,0.02132021438,-0.01214306886,0.02422285209,2.686483999,0.5355548383,0.8711305892,0.04996051023,-0.5781526007,0.6876834016,3.019633333,-0.9354373298,-17.5111,-1.599076808,1.344732869,0.4003848053,4.261397386
2023-05-18 00:00:00.000,TTF,0.0337886373,0.02340568491,-0.01235196611,0.02702495381,2.55302974,0.6360038503,0.8516470278,0.05372409533,-0.4340968705,1.337520797,3.113766667,-0.9242400663,-17.9078,-1.603902237,1.349975308,0.4377789413,2.945025582
2023-05-19 00:00:00.000,TTF,0.0356926048,0.02364238258,-0.01423056799,0.0289054744,2.691948538,0.6342818577,0.7393242763,0.05715962026,-0.3036001537,1.68870388,3.171133333,-0.9245416026,-18.3299,-1.617825202,1.35051196,0.694933062,3.673957723
2023-05-22 00:00:00.000,TTF,0.04173301606,0.0223897203,-0.01484404291,0.03114357121,3.261569375,0.5611199759,0.7005853617,0.05990868753,-0.1994830612,2.069399722,3.465966667,-0.9241560928,-18.8308,-1.667087255,1.342091975,,2.599445111
2023-05-23 00:00:00.000,TTF,0.04537053719,0.02399453786,-0.01432728504,0.03149517768,3.479690462,0.6274627771,0.7272826972,0.05659310308,-0.3297054092,1.927649884,3.139166667,-0.9513292257,-19.7034,-1.710501944,1.356017222,0.3718870344,2.460962602
2023-05-24 00:00:00.000,TTF,0.05663187924,0.02472364937,-0.01408419506,0.03407705381,4.421374226,0.6572731184,0.7381430551,0.05935734976,-0.2247312952,2.372593942,3.103133333,-0.9537701683,-20.782,-1.761543679,1.357193213,0.3467191092,2.714698162
2023-05-25 00:00:00.000,TTF,0.06399799166,0.02468447675,-0.01285034263,0.03476189104,4.757302189,0.6550244231,0.8044630216,0.0597768064,-0.2102213851,2.269148209,2.577666667,-0.9831746507,-19.6148,-1.676159457,1.359404388,0.4663319939,4.204071415
2023-05-26 00:00:00.000,TTF,0.05753879034,0.02440410121,-0.011537784,0.03199278677,3.781110908,0.6477340916,0.8740984211,0.05183109835,-0.5160572435,1.405811983,2.076333333,-1.017979467,-17.9134,-1.567978226,1.366724645,0.4892656539,2.447028831
2023-05-30 00:00:00.000,TTF,0.05468512192,0.02416578819,-0.01061764228,0.02991570246,3.315969962,0.6364293286,0.921178901,0.04807114605,-0.6588664441,0.8010357273,1.707866667,-1.046288446,-17.5039,-1.527283875,1.39405008,,2.924445761
2023-05-31 00:00:00.000,TTF,0.05903317819,0.02141257773,-0.01079849825,0.02953841787,3.488976435,0.4830923796,0.9094703066,0.04702599393,-0.6961703813,0.6315714086,1.768333333,-1.047331982,-17.314902333,-1.514858059,1.375458822,0.2101797297,2.915313364
2023-06-01 00:00:00.000,TTF,0.105670447,9.80485578e-05,-0.01299956357,0.02966395214,6.772999141,-0.681469882,0.787523663,0.08405945045,0.7356579309,0.5924079212,1.566133333,-1.055464575,-18.3534,-1.554153715,1.295557751,0.4839779964,12
2023-06-02 00:00:00.000,TTF,0.1009920482,-0.001233464418,-0.0126158628,0.02837499241,5.421693096,-0.7680101613,0.8077336868,0.07932596818,0.5505750639,0.1975507719,1.787533333,-1.037033938,-17.8029,-1.509740299,1.285257146,0.2550449946,4.730005176
2023-06-05 00:00:00.000,TTF,0.07323827617,-0.002535014286,-0.01257233453,0.01986715782,3.244061558,-0.8401166009,0.8043799332,0.06231853187,-0.1060329051,-2.103966961,1.921033333,-1.040651521,-15.1704,-1.392601742,1.272152351,,4.491994327
2023-06-06 00:00:00.000,TTF,0.08343148071,-0.002683768593,-0.0104985669,0.02351732978,3.643643276,-0.8637832669,0.9129230165,0.06898920475,0.1500006446,-1.012839696,2.026833333,-1.037956486,-16.0969,-1.437949553,1.279752584,0.7743866139,8.291423009
2023-06-07 00:00:00.000,TTF,0.06548216148,-0.001492554534,-0.009932308108,0.02032427252,2.496229292,-0.8058326414,0.9423342906,0.06482955595,-0.01181482675,-1.806021935,1.669233333,-1.056443882,-14.8989,-1.367993922,1.294841497,0.4528792458,12
2023-06-08 00:00:00.000,TTF,0.07353686177,-0.003080319002,-0.01037526951,0.02028390272,2.824347383,-0.9063502709,0.9163517771,0.06272620589,-0.09388003247,-1.694975222,2.022033333,-1.027898994,-15.2519,-1.371188342,1.27746699,0.2370140957,3.89744069
2023-06-09 00:00:00.000,TTF,0.05370258926,-0.006655959169,-0.01321455271,0.0168050479,1.732296518,-1.106083424,0.7603753624,0.05218884396,-0.5018570208,-2.329864669,3.0452,-0.9669555912,-13.1684,-1.2644626,1.230266831,0.984755834,5.043133178
2023-06-12 00:00:00.000,TTF,0.06491200801,-0.007458115749,-0.01350807988,0.02009321288,2.244956682,-1.146506915,0.7391199011,0.05454777653,-0.4099618911,-1.329252242,3.131166667,-0.9792152672,-15.0677,-1.382072314,1.242674557,,5.019891517
2023-06-13 00:00:00.000,TTF,0.04999430027,-0.00985311228,-0.01580201659,0.02037486569,1.461049365,-1.277098979,0.6072501911,0.04652338517,-0.7181290106,-1.158536275,4.579166667,-0.8927999094,-13.3893,-1.303122697,1.198920374,0.6205727643,7.587161099
2023-06-14 00:00:00.000,TTF,0.0491391731,-0.007367995418,-0.01777763582,0.02292395537,1.392474094,-1.141465289,0.4988928232,0.04385755477,-0.8187282959,-0.5828788675,4.011533333,-0.9330051023,-14.2397,-1.34670926,1.233787538,0.3037715508,3.392840614
2023-06-15 00:00:00.000,TTF,0.04219946412,-0.01290480668,-0.0179190883,0.02318445274,1.037225324,-1.438443814,0.4906415696,0.0415677337,-0.9022874095,-0.5244808334,5.7916,-0.819877112,-12.2763,-1.242080878,1.14329147,0.3077220038,5.570902543
2023-06-16 00:00:00.000,TTF,0.06103039028,-0.007093372539,-0.01847476855,0.02674638574,1.913270398,-1.126024396,0.4582018612,0.05510691658,-0.3773430676,0.1174901589,3.570966667,-0.96566129,-15.3761,-1.39042899,1.263852364,0.7747788033,5.17289117
2023-06-19 00:00:00.000,TTF,0.05970685939,-0.007348535259,-0.01737063355,0.02430731805,1.806575706,-1.141694098,0.5166744738,0.04707522573,-0.682235598,-0.3626004844,3.809233333,-0.9787731281,-15.1592,-1.41949019,1.274543742,,2.28329215
2023-06-20 00:00:00.000,TTF,0.05048526715,-0.00828436651,-0.01950572515,0.02686690938,1.341918455,-1.192902944,0.3980900265,0.04515947835,-0.7499667109,0.1418690122,4.358133333,-0.9501245907,-13.9,-1.360670588,1.271427284,0.4717071896,2.107715196
2023-06-21 00:00:00.000,TTF,0.05063081054,-0.00764685032,-0.02181531185,0.03156155563,1.32663802,-1.158677304,0.2689447529,0.05045313046,-0.539739517,1.046101009,4.1237,-0.9676339652,-14.5596,-1.392288604,1.300690177,0.4683866874,4.087431063
2023-06-22 00:00:00.000,TTF,0.05927611831,-0.006245793996,-0.02139561375,0.03291388612,1.698285846,-1.083088388,0.2907821145,0.05628174658,-0.3089643908,1.292174104,3.662933333,-0.9949407908,-16.2101,-1.460076312,1.33846125,0.2032060043,4.567415506
2023-06-23 00:00:00.000,TTF,0.06236273886,-0.006103614989,-0.02218991241,0.03505838965,1.804017774,-1.075215943,0.2450495145,0.06026619424,-0.1496004108,1.656916948,3.853533333,-0.9870230431,-16.5525,-1.4709011,1.345276262,0.2202066155,12
2023-06-26 00:00:00.000,TTF,0.06471695524,-0.00708829977,-0.02239651862,0.03591650998,1.869209423,-1.128815115,0.2319368492,0.06211670671,-0.07339130414,1.781905472,4.118166667,-0.9975251673,-16.539,-1.506493354,1.364436436,,1.496363343
2023-06-27 00:00:00.000,TTF,0.05091982893,-0.006432734776,-0.02187669859,0.03277024864,1.223417433,-1.092383807,0.2596243659,0.0517824769,-0.4703034519,1.177500734,3.948566667,-1.01394251,-15.1551,-1.443484552,1.383683733,0.3391798907,7.855014267
2023-06-28 00:00:00.000,TTF,0.05216833054,-0.006411078949,-0.02094927418,0.03073903986,1.258002953,-1.090344017,0.3101734664,0.04891651718,-0.5763869274,0.8006167684,3.789233333,-1.027071507,-14.5425,-1.414892153,1.391142708,0.1969722744,3.654968171
2023-06-29 00:00:00.000,TTF,0.05115005559,-0.004465604986,-0.02026539868,0.02870578868,1.192531993,-0.9861260299,0.3470336651,0.04385376122,-0.7695587862,0.4296683489,3.111833333,-1.066076607,-15.2643,-1.435334538,1.410509501,0.3678057817,5.223293614
2023-06-30 00:00:00.000,TTF,0.0498069645,-0.00638836628,-0.02064904157,0.02858482702,1.115238281,-1.090552306,0.3232407963,0.03772881745,-1.005794316,0.4168388126,3.7486,-1.027923298,-14.5092,-1.39286511,1.387687576,0.1395346269,8.572910658
2023-07-03 00:00:00.000,TTF,0.118722621,-0.01278612758,-0.02064539807,0.02826098023,4.004570964,-1.43542558,0.3228209309,0.0694964603,0.2677719174,0.3702839958,3.489566667,-1.049084798,-15.1771,-1.437348807,1.235491061,,12
2023-07-04 00:00:00.000,TTF,0.1166420251,-0.01324352202,-0.02152878469,0.03046625018,3.655619442,-1.45935236,0.2686470937,0.06530684075,0.1108056236,0.765211194,3.790166667,-1.038057756,-15.5718,-1.46047168,1.236768609,0.1720264913,12
2023-07-05 00:00:00.000,TTF,0.1252598391,-0.01292235983,-0.02073798514,0.02983607912,3.787671195,-1.440165537,0.3118639633,0.06604446903,0.1528299914,0.5749900065,3.758466667,-1.04279707,-16.891,-1.523123059,1.263386613,0.4570297574,6.342336426
2023-07-06 00:00:00.000,TTF,0.139403996,-0.01116564689,-0.02102611504,0.03192729917,4.056090612,-1.344215744,0.2918587894,0.06746017998,0.2218279901,0.9032973175,3.217866667,-1.071713336,-19.1671,-1.613431678,1.303115916,0.2826301562,12
2023-07-07 00:00:00.000,TTF,0.1402605957,-0.009862054962,-0.02207421591,0.03409771398,3.78498563,-1.27608749,0.2286387433,0.06786098826,0.2465012936,1.2264655,2.911366667,-1.088471818,-20.0845,-1.64142207,1.321641879,0.2784488135,6.32428005
2023-07-10 00:00:00.000,TTF,0.1529963831,-0.009917446144,-0.022211876,0.03602661305,3.97216666,-1.280798414,0.2166494201,0.07403853164,0.5129006326,1.488736547,2.708233333,-1.129008879,-19.8773,-1.67433642,1.3352201,,3.297377308
2023-07-11 00:00:00.000,TTF,0.1495326457,-0.008923408844,-0.02095893202,0.03325328604,3.599747107,-1.227183664,0.2902928293,0.06982735988,0.3401347943,0.8568364284,2.399033333,-1.155451145,-19.305,-1.651547465,1.345069528,0.3152974625,2.914764243
2023-07-12 00:00:00.000,TTF,0.1588100916,-0.008005111064,-0.01978206964,0.03310105267,3.659088292,-1.175679669,0.3631354032,0.07065162981,0.3771119413,0.7568268431,2.0551,-1.17848407,-19.9885,-1.682845758,1.359666083,0.3118256913,3.083008434
2023-07-13 00:00:00.000,TTF,0.1625923657,-0.007880999884,-0.02004023007,0.03397661599,3.545286327,-1.168288063,0.344714289,0.06957967334,0.3339614965,0.9215811747,2.047266667,-1.171516192,-20.5096,-1.685991172,1.363842149,0.098524485,12
2023-07-14 00:00:00.000,TTF,0.1832736526,-0.008061437145,-0.0185703118,0.0341517016,3.883151129,-1.179294283,0.4363464464,0.07283527928,0.4741883496,0.9048411463,2.0989,-1.169585692,-21.6885,-1.729247051,1.363115644,0.4148875205,3.082048269
2023-07-17 00:00:00.000,TTF,0.1781459109,-0.007057905159,-0.01866546933,0.03416375787,3.504575028,-1.125699413,0.4281099434,0.06973846234,0.3464609788,0.8573395412,1.8157,-1.222565158,-21.7809,-1.774299346,1.377559276,,1.623839369
2023-07-18 00:00:00.000,TTF,0.1762207653,-0.007975574581,-0.01911590832,0.03428344969,3.265597893,-1.177486078,0.3980959231,0.06585447731,0.1851289753,0.8181506537,2.218433333,-1.206250889,-22.4754,-1.807823999,1.370947712,0.22529827,1.853855051
2023-07-19 00:00:00.000,TTF,0.186179508,-0.007259257601,-0.01916149866,0.0372159432,3.327385839,-1.135865789,0.3911898716,0.06947831014,0.3433344658,1.897160631,1.932233333,-1.228437314,-23.6227,-1.857321837,1.389608284,0.2202629029,3.567140892
2023-07-20 00:00:00.000,TTF,0.1703510132,-0.006925192708,-0.02001514648,0.0365793378,2.816680889,-1.118998423,0.3311777943,0.06234335826,0.04071818084,1.517280533,1.921866667,-1.222964839,-23.2261,-1.814577814,1.394861452,0.2367973114,3.031058699
2023-07-21 00:00:00.000,TTF,0.1738674342,-0.007550747205,-0.01901308025,0.03565756776,2.779023235,-1.152861976,0.3883513445,0.06202573322,0.02826933736,1.014185842,2.0281,-1.217913536,-23.0413,-1.790438297,1.390580092,0.2405306923,1.949241047
2023-07-24 00:00:00.000,TTF,0.1514054989,-0.006973631504,-0.01879269897,0.03174649287,2.214815272,-1.106911555,0.3981553828,0.05264946337,-0.3711822174,-0.4900054373,1.926133333,-1.262303633,-21.8213,-1.77552391,1.394569557,,1.983995765
2023-07-25 00:00:00.000,TTF,0.135140947,-0.006875095492,-0.02000209755,0.0308660956,1.827187772,-1.092567501,0.315417049,0.0435166649,-0.7579474895,-0.7614303237,1.988433333,-1.267651707,-20.6786,-1.721174491,1.392812696,0.3214736716,1.797288058
2023-07-26 00:00:00.000,TTF,0.1546203836,-0.00592132182,-0.01940666614,0.03363466203,2.169092986,-1.0271047,0.3506330507,0.05059519203,-0.4526274685,0.3577649204,1.653666667,-1.293022268,-22.0552,-1.782738105,1.414744459,0.2926216342,2.513891917
2023-07-27 00:00:00.000,TTF,0.1606005464,-0.005082202327,-0.01919915784,0.03453933189,2.178013246,-0.972326932,0.3600519851,0.05174994844,-0.3983184583,0.6814095908,1.4118,-1.299375087,-22.6684,-1.788818453,1.425381976,0.13738972,2.633663635
2023-07-28 00:00:00.000,TTF,0.173998107,-0.003526588684,-0.01825161674,0.03683642196,2.339217115,-0.8791224346,0.418982024,0.05725006552,-0.1587246986,1.484341664,0.9823,-1.324261163,-23.3545,-1.799008702,1.443200075,0.2006073851,1.815260156
2023-07-31 00:00:00.000,TTF,0.1602472123,-0.0056999417,-0.0188651479,0.03506739469,1.986393687,-0.9772932689,0.3704423751,0.04994291433,-0.4666026806,0.6828009859,1.584933333,-1.314518076,-22.350496774,-1.768421883,1.42450755,,2.961803908
2023-08-01 00:00:00.000,TTF,0.1998508996,-0.005824802971,-0.01967185042,0.0290395949,2.569037725,-0.9822218802,0.3097881003,0.0761904946,0.6668084541,-1.914987316,1.242633333,-1.341450845,-21.2514,-1.706998436,1.312876706,0.2995758002,12
2023-08-02 00:00:00.000,TTF,0.1758546604,-0.004602058227,-0.01900829208,0.0256380951,2.028973695,-0.9171658892,0.3475936747,0.07094423963,0.4465240863,-3.478171234,0.9272333333,-1.364559163,-19.4016,-1.622611642,1.326290142,0.2645916608,10.539711566
2023-08-03 00:00:00.000,TTF,0.1543462216,-0.003218866175,-0.01939734399,0.02451612246,1.589308419,-0.830551324,0.316162426,0.06681229545,0.2741645246,-3.157303419,0.5394,-1.379725343,-18.1258,-1.550301948,1.346848587,0.2616503609,3.928116415
2023-08-04 00:00:00.000,TTF,0.1739013702,-0.003883315092,-0.01868137405,0.02491131602,1.82371057,-0.8519612573,0.3579575965,0.06764961833,0.3185051274,-2.465583521,0.7040333333,-1.363944694,-19.4264,-1.594719939,1.339839757,0.1779325382,3.314545921
2023-08-07 00:00:00.000,TTF,0.1608096453,-0.003973836916,-0.01960809531,0.02525735464,1.556568619,-0.8469086275,0.2889517189,0.06274422131,0.1116253551,-1.994335682,0.7864666667,-1.367213957,-18.5979,-1.572238653,1.337089372,,2.753773792
2023-08-08 00:00:00.000,TTF,0.1580413336,-0.004034154204,-0.01914078368,0.02425738987,1.466363169,-0.8302033742,0.3159535204,0.06244204205,0.1080254182,-1.976164352,0.7813,-1.363430067,-18.1011,-1.541605038,1.340548351,0.211528096,2.599836735
2023-08-09 00:00:00.000,TTF,0.1015848983,-0.007057603784,-0.02008701806,0.02256976194,0.6183287223,-0.9574756008,0.2457299403,0.05706827423,-0.1245344561,-2.109553927,1.8107,-1.308567623,-12.3538,-1.295998236,1.229746542,0.7762862972,5.579952462
2023-08-10 00:00:00.000,TTF,0.1154104496,-0.007176981049,-0.0203487002,0.02365228237,0.8036221218,-0.9555442347,0.2223660474,0.05486745125,-0.217592751,-1.593094549,1.8302,-1.30033856,-13.5198,-1.33551552,1.248227007,0.5287048315,3.1759162
2023-08-11 00:00:00.000,TTF,0.1305275035,-0.008033215075,-0.01993850511,0.02366161215,0.9866117712,-0.9857589065,0.2462109314,0.05243964316,-0.3208038258,-1.421027192,2.106333333,-1.274910459,-15.1193,-1.384527152,1.236491021,0.28893496,3.028256732
2023-08-14 00:00:00.000,TTF,0.1383231269,-0.007405804475,-0.01987810391,0.02393848479,1.057518985,-0.9494741689,0.2437884234,0.05118157145,-0.3718636927,-1.226149931,1.951233333,-1.299435654,-16.1491,-1.436248858,1.253908045,,2.313055025
2023-08-15 00:00:00.000,TTF,0.1271825434,-0.009302035704,-0.0214863604,0.02705611613,0.8717153731,-1.024263257,0.1209140339,0.04455849652,-0.6668129783,-0.5307779047,2.8055,-1.246673793,-15.2956,-1.386372434,1.185977896,0.4587575124,12
2023-08-16 00:00:00.000,TTF,0.1308312908,-0.008051872991,-0.02179129307,0.0277668793,0.8879689181,-0.9506298835,0.09276568189,0.04341787466,-0.7137329159,-0.3390533925,2.3259,-1.275298407,-16.2208,-1.422746676,1.233866561,0.3356364161,3.462819032
2023-08-17 00:00:00.000,TTF,0.1428819879,-0.008725466331,-0.02169153993,0.02804909071,1.019358666,-0.9737536694,0.09415171243,0.04340842658,-0.7094806655,-0.2318623236,2.560033333,-1.253150242,-17.0764,-1.441511766,1.223298949,0.2188394765,2.306251582
2023-08-18 00:00:00.000,TTF,0.1461683757,-0.01049003171,-0.02129176148,0.0276513148,1.024015247,-1.039171701,0.1205163366,0.04291907017,-0.7262211277,-0.2394135838,3.103,-1.215926099,-17.071,-1.416085598,1.190774722,0.2018594324,3.857214318
2023-08-21 00:00:00.000,TTF,0.1267065826,-0.0105002065,-0.02240698226,0.030231718,0.7483140647,-1.029385358,0.0321044274,0.03751418027,-0.9731824495,0.4031249631,3.216066667,-1.204581293,-14.9598,-1.302141476,1.153589355,,2.377991015
2023-08-22 00:00:00.000,TTF,0.1097884037,-0.01035743072,-0.02314461617,0.03180987902,0.5174839386,-1.014912332,-0.03096792762,0.03492747285,-1.087541382,0.8607951532,3.271133333,-1.196301985,-13.2682,-1.216374337,1.128581085,0.2729461759,2.462924542
2023-08-23 00:00:00.000,TTF,0.1457642292,-0.008791075453,-0.02151042499,0.02853896826,0.9301821067,-0.9303438164,0.08869893805,0.03819056206,-0.9259761799,0.09333606296,2.427366667,-1.244039184,-17.1963,-1.371320191,1.23673782,0.2376611665,3.276218507
2023-08-24 00:00:00.000,TTF,0.1575860455,-0.006455377695,-0.01965887143,0.02549280739,1.039629326,-0.8209605678,0.2280830578,0.04499109616,-0.5978275439,-0.6004988046,1.3744,-1.291210297,-17.5161,-1.368135682,1.319479909,0.3400308549,3.484346082
2023-08-25 00:00:00.000,TTF,0.1366888771,-0.006789433404,-0.02031178288,0.02525522065,0.7644469603,-0.8300113968,0.1699528017,0.04146496674,-0.7638025401,-0.588639844,1.593666667,-1.266385102,-15.9143,-1.272570966,1.300872757,0.2979789636,3.061937714
2023-08-28 00:00:00.000,TTF,0.1366888771,-0.006789433404,-0.02031178288,0.02525522065,0.742877951,-0.8231614445,0.1649732639,0.04005771458,-0.8324869499,-0.5171243284,1.593666667,-1.262027072,-15.9143,-1.238539609,1.306030108,,2.753259202
2023-08-29 00:00:00.000,TTF,0.1434159333,-0.006447772496,-0.02004524562,0.02524863311,0.7976010434,-0.8014233661,0.1816540728,0.03925674059,-0.8650154484,-0.4573262791,1.452166667,-1.263023145,-17.0221,-1.262062068,1.329038329,0.1790415901,3.176961919
2023-08-30 00:00:00.000,TTF,0.1442425228,-0.006177199802,-0.02030540629,0.0257134227,0.7793153652,-0.779213285,0.1555324484,0.036621865,-0.9845212337,-0.1959066,1.411533333,-1.265486561,-17.5454,-1.278446169,1.338055464,0.1270078797,2.497116539
2023-08-31 00:00:00.000,TTF,0.1700671916,-0.005287695687,-0.01934912571,0.0260375808,1.038139522,-0.7322989965,0.2300363455,0.04289933188,-0.6825448235,0.006586833119,1.044533333,-1.276031529,-19.792704333,-1.34904417,1.373437635,0.1803365512,3.82419064
2023-09-01 00:00:00.000,TTF,0.1297393139,-0.004347200117,-0.01969014497,0.02240102207,0.5779789643,-0.6890049207,0.1953121317,0.06107913636,0.177557281,-1.587154995,1.3964,-1.241297902,-16.0083,-1.170898426,1.216122343,0.3304465815,12
2023-09-04 00:00:00.000,TTF,0.1450559734,-0.004047694959,-0.01921799187,0.0222576656,0.7338048256,-0.6728806627,0.2298378505,0.06154782493,0.2041755447,-1.529754665,1.071766667,-1.256214691,-17.4575,-1.234700404,1.242884476,,5.145264703
2023-09-05 00:00:00.000,TTF,0.1395983275,-0.004049780506,-0.01946329298,0.02238795847,0.6588010754,-0.6706919936,0.2034284996,0.05884631121,0.08142291335,-1.353866145,1.079366667,-1.248831422,-17.3807,-1.227146236,1.242412571,0.1336993865,4.348155194
2023-09-06 00:00:00.000,TTF,0.1572807956,-0.002749301515,-0.01836377933,0.0213458129,0.8680119885,-0.6138897687,0.2938676292,0.06327201949,0.295909888,-1.642358042,0.5711,-1.279531692,-18.7457,-1.279319183,1.287403342,0.2051417671,7.347837178
2023-09-07 00:00:00.000,TTF,0.1465302971,-0.002968394145,-0.01833794607,0.02055557605,0.7496640959,-0.620841012,0.2938673431,0.05910300466,0.1010154127,-1.787331459,0.7604,-1.257826843,-17.8017,-1.228742623,1.282317417,0.2393160124,12
2023-09-08 00:00:00.000,TTF,0.1313302335,-0.003502138642,-0.01758835766,0.01826729919,0.5746242088,-0.6413738923,0.3568032258,0.05626000861,-0.03130402425,-2.451864137,1.105366667,-1.220800749,-15.9249,-1.14278728,1.250190876,0.2738879638,3.23229281
2023-09-11 00:00:00.000,TTF,0.1177687298,-0.003865745535,-0.0176588534,0.01778282291,0.4156683353,-0.6542742266,0.3457978974,0.05066260252,-0.2938550517,-2.241470113,1.131833333,-1.209167483,-14.6597,-1.102949218,1.248537905,,1.745867204
2023-09-12 00:00:00.000,TTF,0.1292746124,-0.00389265737,-0.01731110657,0.01773675803,0.5570698946,-0.6516888572,0.3730774596,0.04989424216,-0.3253583275,-1.954834753,1.0035,-1.207126995,-15.7668,-1.140784079,1.263527707,0.1977559714,1.575428262
2023-09-13 00:00:00.000,TTF,0.1172781498,-0.004575938386,-0.01790909694,0.01839969791,0.4033594973,-0.6777891952,0.3154853573,0.04513790034,-0.5495599123,-1.558550588,1.307566667,-1.191527869,-14.6673,-1.099524239,1.232974694,0.2771342313,2
2023-09-14 00:00:00.000,TTF,0.12480541,-0.003950644228,-0.0177827921,0.01832949493,0.4890138927,-0.6476841944,0.3235816332,0.04455653282,-0.5732381819,-1.409716519,0.9266,-1.201620561,-15.4423,-1.116204362,1.274030921,0.08325987949,1.463750635
2023-09-15 00:00:00.000,TTF,0.1189365155,-0.004234954179,-0.01792308069,0.01830830217,0.4027945798,-0.6575370987,0.3068476377,0.0419303297,-0.6939106576,-1.275121123,1.139966667,-1.175321088,-14.6657,-1.075569071,1.257049698,0.155406438,1.383527764
2023-09-18 00:00:00.000,TTF,0.128254473,-0.004005867266,-0.0173846107,0.01770913475,0.5077839412,-0.6446485438,0.3563045269,0.04234848124,-0.66805803,-1.29513194,0.7547,-1.183806954,-15.3828,-1.114023591,1.288144529,,1.328479999
2023-09-19 00:00:00.000,TTF,0.1066484815,-0.004003005279,-0.01781673686,0.01759728314,0.2235981129,-0.6373007088,0.3090947603,0.03852936242,-0.8455484119,-1.199350358,0.8777,-1.16649448,-13.1403,-1.025947887,1.274256451,0.2384007631,2.16525948
2023-09-20 00:00:00.000,TTF,0.1005356172,-0.004373924381,-0.0175793627,0.01684982504,0.1381466041,-0.6463310346,0.3293942398,0.03795442745,-0.8663186103,-1.295065514,0.8534,-1.166689335,-11.9485,-0.982723345,1.271835761,0.1753276592,1.480468099
2023-09-21 00:00:00.000,TTF,0.08705205472,-0.005147102877,-0.01806884379,0.01745712347,-0.04071419092,-0.6722638749,0.2756635152,0.03622888748,-0.9421397166,-1.102638909,1.170333333,-1.138845192,-10.1868,-0.9053829752,1.224981852,0.3559923128,5.341681427
2023-09-22 00:00:00.000,TTF,0.08059649488,-0.005999850136,-0.0179700613,0.01714588171,-0.1304503312,-0.6997817176,0.285215465,0.03670505411,-0.9118101516,-1.128907399,1.4303,-1.110924569,-9.1812,-0.8580337807,1.176743293,0.07134431735,2.881338739
2023-09-25 00:00:00.000,TTF,0.05446779203,-0.005769371778,-0.01858534766,0.01802020765,-0.4788948445,-0.6794596625,0.2154331568,0.04090139408,-0.7028712187,-0.7690030989,1.265933333,-1.112963325,-6.2557,-0.76010735,1.131002742,,3.389548619
2023-09-26 00:00:00.000,TTF,0.07136533515,-0.004373800974,-0.01789349004,0.01642683445,-0.2706525502,-0.6152645878,0.2919533269,0.03637058258,-0.9148615141,-1.194649097,0.8617333333,-1.129963136,-8.3189,-0.8391917039,1.241798745,0.1860898838,2.774043705
2023-09-27 00:00:00.000,TTF,0.07003704121,-0.005609622862,-0.01777265519,0.01619766289,-0.2985364009,-0.6633418004,0.3069390141,0.03653710444,-0.8995887085,-1.177548761,1.301966667,-1.109013811,-7.7782,-0.822454701,1.173774952,0.06275937426,2.768747673
2023-09-28 00:00:00.000,TTF,0.06521865454,-0.004794488569,-0.01686880487,0.01442426064,-0.3719764085,-0.6236621147,0.4177448285,0.03779401412,-0.8336579694,-1.711078524,1.239866667,-1.101553552,-7.066,-0.784812729,1.172795934,0.2016546942,2.658025707
2023-09-29 00:00:00.000,TTF,0.07352247387,-0.003623644764,-0.01710908953,0.01488976813,-0.2741487331,-0.5713125166,0.3850960851,0.0356716881,-0.9333088253,-1.462419295,0.7375,-1.113334252,-8.586001613,-0.8340902019,1.274765631,0.2349256206,2.846308585
2023-10-02 00:00:00.000,TTF,0.05770554494,0.002451999513,-0.01724175105,0.01454451196,-0.5136184745,-0.3184087905,0.3665534899,0.04936397369,-0.2501767349,-1.652466297,0.3076333333,-1.136672368,-7.6203,-0.8116037168,1.270122881,,12
2023-10-03 00:00:00.000,TTF,0.05962347732,0.002406103914,-0.01695250024,0.01426603703,-0.5102079833,-0.3164202736,0.4021605147,0.04886635046,-0.2672880081,-1.655021186,0.4341333333,-1.129016304,-7.3518,-0.7999159013,1.242159122,0.3406443712,4.804174638
2023-10-04 00:00:00.000,TTF,0.05530648975,0.001789024703,-0.01751425515,0.0150809546,-0.5857005033,-0.3362885159,0.3252980175,0.04632849706,-0.3884882722,-1.165854373,0.5490666667,-1.118087964,-6.8938,-0.7835405508,1.214307087,0.283624543,10.426292074
2023-10-05 00:00:00.000,TTF,0.06512584643,0.002362389082,-0.01664802388,0.01358670098,-0.4464592775,-0.3097203231,0.4427594309,0.04566465366,-0.4161257879,-1.931620017,0.2271666667,-1.122915314,-8.121,-0.8205502154,1.28110702,0.2460281747,3.543877288
2023-10-06 00:00:00.000,TTF,0.05795105311,0.00207326181,-0.01719853522,0.01449690591,-0.5624679556,-0.3189228534,0.364517457,0.04267281671,-0.5671089538,-1.314986631,0.4551666667,-1.108530835,-7.2414,-0.7787481546,1.233952323,0.3376683212,3.102897015
2023-10-09 00:00:00.000,TTF,0.04091891854,-0.0001868658379,-0.01815485861,0.01681746081,-0.8222330996,-0.4115155988,0.2259087897,0.03951238428,-0.7300778536,0.1648878846,1.230566667,-1.09123918,-4.8196,-0.6965046302,0.9833170466,,2.552340618
2023-10-10 00:00:00.000,TTF,0.02984811921,-0.002172285362,-0.02014520006,0.02261929545,-0.9864844022,-0.4909599316,-0.05773330034,0.04093595753,-0.6486310759,3.873460816,1.9827,-1.055184084,-2.7491,-0.6148987443,0.6029067638,0.6894484209,8.798123653
2023-10-11 00:00:00.000,TTF,0.03587063647,-0.0004758433894,-0.01952670083,0.02024594216,-0.8959581565,-0.4131907474,0.02087973908,0.03899396553,-0.7502235837,1.713936716,1.1102,-1.099952569,-4.3153,-0.6782118418,0.956330478,0.1466098555,3.620526987
2023-10-12 00:00:00.000,TTF,0.02244550392,-0.002547887295,-0.02220289934,0.02911657399,-1.09358709,-0.496359619,-0.3636619183,0.04634681619,-0.3398605592,5.600011456,2.150466667,-1.036764201,-1.5999,-0.565710089,0.4371176573,0.8211053363,7.30038642
2023-10-13 00:00:00.000,TTF,0.02298065524,-0.002349246176,-0.02388903476,0.03632798952,-1.084875992,-0.4836805483,-0.609454798,0.05493469665,0.1519105668,5.489146708,1.952866667,-1.045557404,-1.7316,-0.5646217376,0.495707062,0.7913642781,5.852027493
2023-10-16 00:00:00.000,TTF,0.03912839355,-0.001332205354,-0.02227654505,0.0292670008,-0.8460885794,-0.4331404401,-0.3867629183,0.04525536596,-0.3898275458,2.049569586,1.5021,-1.096594908,-4.6421,-0.6919009687,0.9023433312,,3.282495827
2023-10-17 00:00:00.000,TTF,0.039031715,-0.001595226136,-0.02227824994,0.02942242682,-0.8470456708,-0.4392436264,-0.3969639682,0.04330066204,-0.4977436363,1.808903277,1.598866667,-1.095231858,-4.6469,-0.6928393275,0.8761957071,0.164331596,2.842399798
2023-10-18 00:00:00.000,TTF,0.03875410545,-0.002088252135,-0.02362761634,0.03411444884,-0.8542669164,-0.4578765079,-0.6021929805,0.04638899739,-0.3085779981,2.335451144,1.667333333,-1.091085873,-4.5794,-0.6935198011,0.8482954096,0.4025092249,2.90317085
2023-10-19 00:00:00.000,TTF,0.04290695101,-0.001446706675,-0.02387484186,0.03454134241,-0.7936099852,-0.4269664363,-0.6473795444,0.04544783784,-0.3591180559,2.035712057,1.269933333,-1.102765146,-5.3338,-0.7154339673,0.9810591137,0.158487637,10.243534818
2023-10-20 00:00:00.000,TTF,0.04258951917,-0.001883926517,-0.0238508614,0.03549393337,-0.7979697485,-0.4435232314,-0.6549770194,0.04654357886,-0.2832681296,1.886466287,1.287966667,-1.099473109,-5.1709,-0.7023887065,0.9520159689,0.2249943334,2.037149648
2023-10-23 00:00:00.000,TTF,0.04119676547,-0.002593098839,-0.0236146278,0.03495418913,-0.8194181313,-0.4731096408,-0.6322164037,0.04103362639,-0.634088893,1.587010172,1.6951,-1.071569298,-4.8054,-0.6985755499,0.8588991017,,1.695631485
2023-10-24 00:00:00.000,TTF,0.03619764715,-0.001610462464,-0.02166400707,0.02787483883,-0.893602257,-0.4267863311,-0.3529638134,0.03453840983,-1.064715355,0.603855138,1.536066667,-1.074394315,-4.0463,-0.6659119214,0.8385431657,0.2906693162,4.975111421
2023-10-25 00:00:00.000,TTF,0.03128762978,-0.001919984491,-0.0216759572,0.0275359062,-0.9658745933,-0.4376536974,-0.3671110858,0.03269567927,-1.195914171,0.5107867794,1.6075,-1.069797719,-3.117,-0.6285934709,0.7414754897,0.3015082613,1.567451759
2023-10-26 00:00:00.000,TTF,0.02874706857,-0.001911732817,-0.02132914339,0.02685728345,-1.002357775,-0.4345634837,-0.3237548334,0.03194435045,-1.281958899,0.3760785786,1.848366667,-1.047409087,-2.8288,-0.6103491447,0.6426187225,0.2549184274,12
2023-10-27 00:00:00.000,TTF,0.03206609749,-0.002613322711,-0.02168947353,0.0278601088,-0.9529842816,-0.4652854211,-0.3840030993,0.03131335585,-1.336647069,0.4408678407,2.027866667,-1.032301703,-3.083,-0.6153727645,0.6459055489,0.2881186238,12
2023-10-30 00:00:00.000,TTF,0.03224163003,-0.001998617712,-0.02134256891,0.02658606762,-0.9498428203,-0.4329581147,-0.3385625416,0.03044786741,-1.411345598,0.2223341852,1.659,-1.063634148,-3.2181,-0.6218429864,0.732899457,,3.243740511
2023-10-31 00:00:00.000,TTF,0.03849001711,-0.001031334254,-0.01948488355,0.02101088351,-0.858154267,-0.3836162129,-0.05762250176,0.0267305947,-1.697648936,-0.5440021071,1.2982,-1.078857294,-4.384399,-0.6595077203,0.9121738443,0.2163225058,4.358286455
2023-11-01 00:00:00.000,TTF,0.01211850071,0.00702197565,-0.01888238282,0.0229099476,-1.244632434,0.01011962782,0.0293328281,0.0488244567,-0.00481734974,-0.3573762894,1.236833333,-1.081396477,-3.7261,-0.6294185337,0.7370009612,0.3824930869,12
2023-11-02 00:00:00.000,TTF,0.01158573438,0.006611679733,-0.01834660074,0.02169832649,-1.252310575,-0.004390484162,0.1070622206,0.04465067841,-0.3187924217,-0.605025643,1.236266667,-1.068843165,-3.5398,-0.6120418812,0.7373161841,0.4216773271,5.84707082
2023-11-03 00:00:00.000,TTF,0.01297683239,0.007210771288,-0.01812812644,0.0205226097,-1.230980209,0.03150249387,0.1350765341,0.04275813823,-0.4602734458,-0.8572812709,1.003633333,-1.071560933,-3.8715,-0.6159695107,0.8058047413,0.1306128498,4.130663262
2023-11-06 00:00:00.000,TTF,0.01283538746,0.008360320813,-0.01699216996,0.01707166383,-1.231449589,0.09528493293,0.3083148392,0.04085886936,-0.6035818922,-1.526128587,0.9669,-1.074422761,-4.093,-0.6161556249,0.8638480004,,3.483678183
2023-11-07 00:00:00.000,TTF,0.009946943238,0.007385944841,-0.01709913941,0.01788645849,-1.276347174,0.05304782317,0.2851865592,0.03934005205,-0.7174796238,-1.46944161,1.241833333,-1.055240538,-3.4866,-0.586630873,0.7699919012,0.2564851352,3.254680635
2023-11-08 00:00:00.000,TTF,0.01147268636,0.007655351473,-0.01690800347,0.01740097176,-1.257229502,0.07334237018,0.3097081163,0.03901989273,-0.7412902231,-1.579730492,0.9777333333,-1.062366404,-3.7953,-0.5959357785,0.8357702211,0.1622937308,4.193408522
2023-11-09 00:00:00.000,TTF,0.009595168448,0.005665285401,-0.01732104893,0.01932198204,-1.288882619,-0.022291111,0.2359063526,0.0361059342,-0.9626330863,-1.161596327,1.4764,-1.023166717,-2.8856,-0.5508438663,0.6624125569,0.448420934,3.635125493
2023-11-10 00:00:00.000,TTF,0.01187952341,0.006546982795,-0.01670688211,0.01721190613,-1.253797661,0.02955351297,0.3282448697,0.03459977129,-1.072277332,-1.479362071,1.4612,-1.015696456,-3.3588,-0.560851833,0.7143848337,0.3566193307,12
2023-11-13 00:00:00.000,TTF,0.009859147457,0.006192459097,-0.01749152722,0.01913375729,-1.274732136,0.01814746541,0.1919819257,0.03517003075,-1.020734306,-1.038428849,1.497266667,-1.014060918,-3.0024,-0.5401333056,0.6764094207,,2.845823596
2023-11-14 00:00:00.000,TTF,0.01051596714,0.006190912529,-0.01787423845,0.01967136081,-1.256371019,0.0258415592,0.1200392307,0.03467495022,-1.052191636,-0.8707409065,1.1797,-1.019347965,-3.3552,-0.5482687602,0.7463828982,0.1535176582,2.331780712
2023-11-15 00:00:00.000,TTF,0.01136212506,0.007005192932,-0.01741587613,0.01807374759,-1.229187831,0.07545100704,0.1892429004,0.03248374676,-1.216525586,-1.045232571,0.9474666667,-1.022065134,-3.7878,-0.5636995738,0.8297569279,0.1818058778,2.07705995
2023-11-16 00:00:00.000,TTF,0.01155076264,0.007588365193,-0.01704826691,0.01678804901,-1.168795735,0.1136517511,0.243661357,0.03121189209,-1.307670587,-1.151216246,0.7181333333,-1.016511447,-4.0324,-0.5645451819,0.9365861399,0.1582760062,2.17282102
2023-11-17 00:00:00.000,TTF,0.01095636541,0.007937595052,-0.01660823541,0.01569770676,-1.110948797,0.139805368,0.3114796907,0.03018800664,-1.378393245,-1.237208844,0.6730666667,-1.009057252,-4.0514,-0.5554802177,0.9640149367,0.1463842906,2.309668849
2023-11-20 00:00:00.000,TTF,0.00936039554,0.007465818116,-0.01691818073,0.01632774229,-1.119530536,0.1204016348,0.2493074155,0.02946938099,-1.423783209,-1.049217309,0.6442333333,-1.008227226,-3.8444,-0.542676413,0.9612417431,,1.464723659
2023-11-21 00:00:00.000,TTF,0.0112388306,0.008893782795,-0.01569087563,0.01333397285,-1.083501939,0.2082640574,0.4602813462,0.02920230369,-1.43654275,-1.591302686,0.2462333333,-1.018754039,-4.453,-0.5605155195,1.14564763,0.2800178389,2.49752632
2023-11-22 00:00:00.000,TTF,0.008696301707,0.007950722453,-0.0161310877,0.01418816191,-1.108711471,0.1642512919,0.3744425655,0.02848807306,-1.484561995,-1.418834457,0.3579,-1.005466311,-4.0578,-0.5403060443,1.093835253,0.1099398524,2.466923494
2023-11-23 00:00:00.000,TTF,0.006621800262,0.006361554947,-0.01659703282,0.01594058443,-1.117723952,0.07921339835,0.2817444312,0.02733237335,-1.567625302,-0.9062656002,1.028066667,-0.9586335621,-2.9821,-0.4896175765,0.7563409908,0.1656558129,2.213466363
2023-11-24 00:00:00.000,TTF,0.006769387877,0.006562477435,-0.0165989158,0.01590627072,-1.10001289,0.09608898441,0.2732457305,0.02622718933,-1.644644792,-0.8449323993,1.166366667,-0.9434335134,-2.9071,-0.4770976966,0.7472710673,0.09934027776,1.686380291
2023-11-27 00:00:00.000,TTF,0.007361308885,0.007784268359,-0.01527333915,0.01281645464,-1.091413217,0.1754531446,0.520116807,0.02838801005,-1.467563635,-1.615318762,0.7148333333,-0.9663028136,-3.6261,-0.5001408007,0.9432256709,,3.300618683
2023-11-28 00:00:00.000,TTF,0.007289033669,0.007764328878,-0.01506146904,0.01234854504,-1.088713568,0.18169785,0.5563690286,0.02768363662,-1.508491886,-1.741897621,0.8134333333,-0.9539457132,-3.4741,-0.4858622031,0.8886084432,0.1214919836,3.156508934
2023-11-29 00:00:00.000,TTF,0.01039680404,0.009303489224,-0.01371094646,0.01000903318,-1.019830993,0.2853314159,0.8225342674,0.02942579712,-1.365549536,-2.559495639,0.3146666667,-0.9716776134,-4.2779,-0.5162042452,1.069181646,0.2553995152,3.114085641
2023-11-30 00:00:00.000,TTF,0.009839579553,0.008710498074,-0.01400439674,0.01046187177,-1.009671512,0.2559133543,0.7632147302,0.02752509161,-1.499280319,-2.015450125,0.460532258,-0.9518314055,-4.103903226,-0.505438045,1.022246099,0.09279380467,3.462994565
2023-12-01 00:00:00.000,TTF,-0.003693995231,0.01504687358,-0.01379616642,0.01242301215,-1.161890978,0.6671891144,0.8067698497,0.03880577334,-0.6359101305,-1.220653771,8.3376,-0.570694877,-4.3553,-0.5060867247,1.028188283,0.3182754959,12
2023-12-04 00:00:00.000,TTF,0.0001409579208,0.01763395336,-0.01200798902,0.00915177059,-1.072539352,0.842817477,1.193078046,0.03746833478,-0.7314513879,-2.223409558,7.402966667,-0.6195587817,-5.3884,-0.5385809955,1.090086333,,4.385432021
2023-12-05 00:00:00.000,TTF,-0.001725995941,0.01945462411,-0.01058555381,0.007264187875,-1.085435707,0.9688131164,1.515847595,0.03629262408,-0.8147958389,-2.556814968,6.809133333,-0.6445321921,-5.3463,-0.5290148901,1.069695,0.3066459221,10.035777937
2023-12-06 00:00:00.000,TTF,-0.0009671432181,0.01849086392,-0.01163810813,0.008615230885,-1.063431135,0.9160753231,1.300131051,0.03411334483,-0.975579012,-1.74304273,7.383733333,-0.6156370594,-5.3893,-0.5262661221,1.049252349,0.2179633194,7.004514778
2023-12-07 00:00:00.000,TTF,-0.002210267673,0.01802754274,-0.01187293742,0.00905860347,-1.059592381,0.8944716272,1.263791896,0.0316750494,-1.156433937,-1.425865285,7.381833333,-0.6082729165,-5.1099,-0.5095548183,1.051539204,0.3903711891,12
2023-12-08 00:00:00.000,TTF,-0.0007861072338,0.01834423961,-0.01133103794,0.008494053459,-1.026482207,0.9253801243,1.384845707,0.0322047558,-1.107846367,-1.430317715,7.2243,-0.6077106976,-5.349,-0.5111499579,1.042020286,0.236093095,5.872740641
2023-12-11 00:00:00.000,TTF,0.002137741862,0.02057900351,-0.01043809007,0.007087013111,-0.9763823508,1.081973858,1.549643664,0.03300074841,-1.0380502,-1.673371139,6.538366667,-0.6488047968,-6.0314,-0.5367845661,1.116115763,,3.618559188
2023-12-12 00:00:00.000,TTF,0.0006458598658,0.02209267494,-0.01037619979,0.006982510393,-0.9675603017,1.191677952,1.52801778,0.03354878591,-0.9877900793,-1.518336106,6.2223,-0.6594726417,-6.0865,-0.5315661901,1.107535175,0.2810811899,6.539902935
2023-12-13 00:00:00.000,TTF,4.76672933e-05,0.02256533898,-0.01048659391,0.007113028074,-0.9496115047,1.233069446,1.491024872,0.03247616923,-1.064418904,-1.35807638,6.3322,-0.6501815984,-6.2058,-0.5312398182,1.092582177,0.1726674745,2.471162493
2023-12-14 00:00:00.000,TTF,0.001325340331,0.02361175083,-0.01051721583,0.00711331207,-0.9153752439,1.315953058,1.493554194,0.03314591229,-1.010850015,-1.273850404,6.217833333,-0.647689538,-6.485,-0.5416251288,1.050356349,0.1536098912,2.020184398
2023-12-15 00:00:00.000,TTF,0.003248211721,0.0259397536,-0.009810485366,0.006582148844,-0.8856560633,1.481711082,1.634671978,0.0369419273,-0.7165416301,-1.33346098,5.639366667,-0.6688390454,-6.9904,-0.5566994069,1.046105256,0.1286929845,2.702060783
2023-12-18 00:00:00.000,TTF,-0.0002837396574,0.02381102346,-0.01088626203,0.007206868817,-0.909179495,1.329470911,1.349942722,0.02927726792,-1.313338273,-1.046582584,6.061366667,-0.6503076832,-6.2127,-0.5223452139,1.048795374,,4.012602957
2023-12-19 00:00:00.000,TTF,0.00300379709,0.02557445049,-0.01047865322,0.006917062003,-0.8416685881,1.443230296,1.442902605,0.03099809206,-1.179705145,-1.045655221,5.687733333,-0.6673206107,-6.7736,-0.5483249219,1.052454096,0.5467489792,3.055794635
2023-12-20 00:00:00.000,TTF,0.001560239654,0.02426844495,-0.01054522869,0.007055419293,-0.8295861969,1.348880963,1.40912903,0.0276124386,-1.445511648,-0.928363018,6.0558,-0.6532201971,-6.465,-0.54015528,1.10292352,0.2449085999,2.475560919
2023-12-21 00:00:00.000,TTF,-8.321183926e-05,0.02275961597,-0.01058081152,0.006943684109,-0.8128242597,1.246678831,1.367939807,0.02453835523,-1.685450552,-0.8795291837,5.911966667,-0.654498829,-5.9382,-0.5171101873,1.078030663,0.1460917782,2.280060297
2023-12-22 00:00:00.000,TTF,0.001747401828,0.02320359349,-0.009631680798,0.006115364261,-0.7796948034,1.277171827,1.56078606,0.02521430709,-1.633472549,-1.082099889,5.639966667,-0.6604825715,-6.1829,-0.5209144604,1.049686519,0.2273003934,2.183081255
2023-12-27 00:00:00.000,TTF,-4.746810903e-06,0.02084841443,-0.01080664049,0.007153573971,-0.7911913695,1.124841911,1.268830255,0.02075829576,-1.979231767,-0.6475560534,6.0291,-0.652427248,-5.897,-0.5318514618,1.050459498,,4.181313674
2023-12-28 00:00:00.000,TTF,0.004168364429,0.02336005398,-0.01004159114,0.006515783452,-0.7456268857,1.299219069,1.426915509,0.02306193269,-1.797349341,-0.9251329319,5.568266667,-0.6712857368,-6.5844,-0.5741247568,1.097454459,0.1742774167,5.500865023
2023-12-29 00:00:00.000,TTF,0.004962882548,0.02430250498,-0.01005839681,0.006563673876,-0.7386532183,1.368513079,1.405351628,0.02237449214,-1.839143784,-0.8489816579,5.5206,-0.6672827584,-6.728703871,-0.573747395,1.032634361,0.2767551755,2
2024-01-02 00:00:00.000,TTF,-0.002483318207,0.03257438556,-0.007475963408,0.005908881486,-0.8111855238,1.928362943,1.970131083,0.03506464275,-0.8532644143,-1.219832157,4.9756,-0.7006682324,-6.39,-0.5745246017,0.2272392821,,7.175575756
2024-01-03 00:00:00.000,TTF,-0.003769538337,0.02844355449,-0.008686070195,0.006576766994,-0.8208121891,1.643300486,1.679895225,0.03490894777,-0.8665847361,-0.6888153299,5.427266667,-0.6799954993,-5.724,-0.5271329596,0.2480775353,0.2580990054,9.569477874
2024-01-04 00:00:00.000,TTF,-0.004391555893,0.02728562484,-0.008773863555,0.006546611359,-0.8306228295,1.566025128,1.637411243,0.03709056071,-0.7005751612,-0.6405608872,5.343233333,-0.6799656599,-5.4771,-0.5103494393,0.2555869979,0.3589461408,12
2024-01-05 00:00:00.000,TTF,-0.003692026848,0.02504079825,-0.009048215338,0.006744921426,-0.8187427397,1.41551356,1.551792463,0.03562190816,-0.8165318857,-0.4947622688,5.5077,-0.6641069431,-5.1803,-0.4865115214,0.2675715783,0.1045381239,4.389549908
2024-01-08 00:00:00.000,TTF,-0.0008794666719,0.02849214671,-0.007807250149,0.00559671207,-0.7660207074,1.646851101,1.788534258,0.03190836169,-1.104511361,-1.894212378,4.8333,-0.7107941689,-5.8937,-0.5119715656,0.2378000139,,3.091968591
2024-01-09 00:00:00.000,TTF,-0.001606904504,0.02968191479,-0.007328757288,0.005197762453,-0.7676749777,1.725265863,1.859789611,0.02896954497,-1.331948923,-2.133994412,4.5105,-0.7279000974,-5.924,-0.5131324003,0.2405149721,0.1891834884,6.670848508
2024-01-10 00:00:00.000,TTF,-0.001250585462,0.02899583035,-0.007781337747,0.005439935123,-0.7497577166,1.679542264,1.740943742,0.02695667906,-1.482562233,-1.650403694,4.481333333,-0.7331432688,-5.8665,-0.5122307611,0.2303800246,0.2405268038,2.960728232
2024-01-11 00:00:00.000,TTF,-0.001463202516,0.02951766964,-0.007652808097,0.005463282517,-0.7430252312,1.722107192,1.752156384,0.02594560099,-1.555745996,-1.644455167,4.623933333,-0.7227014237,-5.9271,-0.5117224144,0.2313453615,0.1055142866,2.549452855
2024-01-12 00:00:00.000,TTF,-0.002084126131,0.0278260552,-0.007632728976,0.005325498392,-0.7517425345,1.618798633,1.753503625,0.02424404203,-1.678207071,-1.856436355,4.683233333,-0.7121302879,-5.6733,-0.4920966692,0.226669511,0.1309812741,4.605377568
2024-01-15 00:00:00.000,TTF,-0.0003586188728,0.02967564243,-0.00718823528,0.005211285599,-0.7268561691,1.756181044,1.848109339,0.02414384103,-1.670805595,-1.803249617,4.103433333,-0.7511383539,-6.0016,-0.5140731904,0.2304242409,,1.813971386
2024-01-16 00:00:00.000,TTF,0.0001072495788,0.03022562869,-0.006746646461,0.005011870785,-0.7092518478,1.749246696,1.948423963,0.02309187352,-1.737106592,-1.870331668,4.088,-0.7524539473,-5.998,-0.5122665118,0.2261663296,0.143032229,3.637529868
2024-01-17 00:00:00.000,TTF,0.002040364532,0.03353431121,-0.006267865139,0.005519329083,-0.6765740852,1.927859656,2.031096796,0.02395475822,-1.657290899,-0.9734212066,3.925633333,-0.7636368374,-6.6128,-0.5429717242,0.209802731,0.1757085294,3.064096136
2024-01-18 00:00:00.000,TTF,0.001859879768,0.03279875533,-0.006341670103,0.00544592464,-0.6772834599,1.847678448,1.988024815,0.02191264561,-1.796072104,-0.9852388875,4.125,-0.749570091,-6.6176,-0.5397776025,0.209478395,0.1970374301,4.001186609
2024-01-19 00:00:00.000,TTF,0.00501116556,0.03305204504,-0.006815428456,0.005672182642,-0.637997586,1.833949324,1.8686888,0.0218714007,-1.780039765,-0.596332117,4.329433333,-0.7307551969,-6.9834,-0.5503671516,0.2014010533,0.2889191688,2.858267751
2024-01-22 00:00:00.000,TTF,0.007483867649,0.03406764912,-0.006759262792,0.005938238172,-0.6050296468,1.86927455,1.883037801,0.02195695944,-1.754518316,-0.1494186444,4.461533333,-0.7358580811,-7.331,-0.5710305869,0.1949498978,,2.470132355
2024-01-23 00:00:00.000,TTF,0.00976897512,0.03443026013,-0.006802312031,0.006259868011,-0.5728868037,1.869639004,1.84423809,0.02189962496,-1.741217544,0.3861108613,4.359,-0.7406685059,-7.6248,-0.5834701303,0.1864748238,0.1500530788,2.988639782
2024-01-24 00:00:00.000,TTF,0.008209683395,0.03216649026,-0.007133249345,0.00585969662,-0.5922062444,1.709779673,1.751285743,0.01898903904,-1.937170397,-0.1564007523,4.352433333,-0.7434584223,-7.2913,-0.5661688318,0.1904970917,0.1385021374,2.323568922
2024-01-25 00:00:00.000,TTF,0.01010259281,0.03421229136,-0.006796373125,0.006131271071,-0.5628093433,1.820345726,1.809485781,0.01944980908,-1.883374376,0.373680389,4.200866667,-0.747586158,-7.5924,-0.5784827942,0.181999226,0.06214053357,2.407590637
2024-01-26 00:00:00.000,TTF,0.01006449887,0.03286132228,-0.006741528937,0.005906278191,-0.5661644716,1.724086303,1.816809583,0.01814020356,-1.959032771,-0.00408007696,4.2337,-0.7375694643,-7.3859,-0.5602223979,0.1888389335,0.1031547431,1.757843001
2024-01-29 00:00:00.000,TTF,0.0084780487,0.03161962936,-0.006954682433,0.005691928014,-0.5940400381,1.635282645,1.749880766,0.01702780937,-2.018355243,-0.2994441103,4.225566667,-0.7503439754,-7.0562,-0.5434995182,0.1881289981,,1.354826683
2024-01-30 00:00:00.000,TTF,0.006302034712,0.02872402509,-0.007379474946,0.005520747214,-0.6342846957,1.447658768,1.636945319,0.01831851563,-1.906645052,-0.5744607677,4.437066667,-0.7396253003,-6.4487,-0.5079458705,0.1913712769,0.2726147349,2.369895061
2024-01-31 00:00:00.000,TTF,0.007096323953,0.02850806238,-0.007469161402,0.005407610312,-0.6336019807,1.426891831,1.610588861,0.01507031972,-2.116408674,-0.7406927603,4.036566667,-0.7568140121,-6.446502759,-0.508680578,0.2000315051,0.4038062611,3.89097659
2024-02-01 00:00:00.000,TTF,0.009859706291,0.03063064403,-0.005880752762,0.005218118203,-0.5867941177,1.548900498,1.920582132,0.03360488719,-0.7947238844,-1.077702957,3.7166,-0.7670134713,-6.5395,-0.5088548512,0.08041293516,0.366238458,12
2024-02-02 00:00:00.000,TTF,0.006492998385,0.03056931789,-0.005245954592,0.00481736027,-0.6485947231,1.537585692,2.006767787,0.03269785622,-0.8556377233,-1.886515291,3.869266667,-0.7539868224,-6.232,-0.4844644154,0.08120021039,0.2402299693,11.769720913
2024-02-05 00:00:00.000,TTF,0.00632084303,0.03151394909,-0.004848240821,0.004835245261,-0.6583202477,1.584948128,2.07225117,0.03299957048,-0.8323677012,-1.70244359,3.659966667,-0.7613147614,-6.1388,-0.485593406,0.1308368671,,3.383940791
2024-02-06 00:00:00.000,TTF,0.004804469739,0.02972068266,-0.00482550268,0.004617917827,-0.6902306697,1.470285985,2.05409294,0.03475235686,-0.7082222707,-2.279107173,3.835133333,-0.7467602349,-5.7264,-0.4635389251,0.1347820655,0.2607033282,3.75126996
2024-02-07 00:00:00.000,TTF,0.005607571285,0.02934425392,-0.004414423624,0.004380190429,-0.6754249017,1.442790519,2.105333902,0.03434585077,-0.7366558588,-2.489648018,3.733833333,-0.7453515145,-5.5911,-0.4568139962,0.1499469567,0.1147695766,2.947985675
2024-02-08 00:00:00.000,TTF,0.004520457254,0.02734288627,-0.003730380158,0.003903457127,-0.6998921389,1.319845611,2.228150579,0.03685577332,-0.5610844812,-3.094739947,3.678066667,-0.7373174608,-5.0515,-0.4223524489,0.1583964016,0.3367614029,3.811937132
2024-02-09 00:00:00.000,TTF,0.006475016998,0.02659707757,-0.003277681941,0.003808880015,-0.6478939804,1.273035027,2.30295409,0.03830754423,-0.4606653652,-2.601926702,3.535433333,-0.7391809185,-4.9913,-0.413324896,0.154971346,0.2495562424,3.133834737
2024-02-12 00:00:00.000,TTF,0.008885459141,0.03075985627,-0.00327610109,0.004384087607,-0.5864277402,1.515841877,2.250124901,0.03312876045,-0.8245854088,-1.298528218,3.471466667,-0.7326307088,-5.7939,-0.4607165066,0.2120996421,,2.060687717
2024-02-13 00:00:00.000,TTF,0.008650523467,0.03091626091,-0.002427806251,0.004162025585,-0.5790805026,1.515125018,2.384093453,0.03032829145,-1.02063201,-1.50255904,3.198966667,-0.736801405,-5.6986,-0.4516101543,0.2190985599,0.406348384,10.07621536
2024-02-14 00:00:00.000,TTF,0.009368412971,0.0306629166,-0.001572488672,0.004104706734,-0.5526999079,1.466970371,2.520535655,0.03060158786,-1.000688627,-1.437697591,3.091266667,-0.7329630027,-5.5926,-0.4427325667,0.2269938175,0.2528780807,12
2024-02-15 00:00:00.000,TTF,0.007716273096,0.03116614611,-0.001499911293,0.004069194902,-0.5756497581,1.450869156,2.481496953,0.02958208733,-1.071602543,-1.362372455,3.263166667,-0.7130203146,-5.594,-0.4392482297,0.2233399135,0.07797129117,2
2024-02-16 00:00:00.000,TTF,0.009068437071,0.03240192081,-0.001346936201,0.004399798495,-0.5338317449,1.486695435,2.482327342,0.02778118685,-1.195508696,-0.8171027483,3.1939,-0.7095863306,-5.8359,-0.4452096789,0.2221504684,0.2326989796,2.229952859
2024-02-19 00:00:00.000,TTF,0.00790261102,0.03552061204,-0.0007580129635,0.005123105223,-0.5478514466,1.622874992,2.601485373,0.02694537619,-1.25028924,0.1471968403,3.179233333,-0.6982219596,-6.1561,-0.4636348312,0.2165916782,,1.949704075
2024-02-20 00:00:00.000,TTF,0.007512924623,0.0381088911,-0.001602445857,0.00560067698,-0.5452133733,1.736127144,2.419849115,0.02426306851,-1.432467631,0.7844565849,3.2031,-0.6974117738,-6.5428,-0.4863784387,0.22361497,0.3884069186,3.399764535
2024-02-21 00:00:00.000,TTF,0.004836406985,0.03856460171,-0.001592782934,0.005830240193,-0.6015844631,1.705378333,2.362638336,0.02301755912,-1.513378082,1.118168191,3.0286,-0.7131105728,-6.4347,-0.4801143322,0.228758115,0.1980857171,1.755925708
2024-02-22 00:00:00.000,TTF,0.007033981131,0.03978366681,-0.0009748173719,0.006363271689,-0.5361850766,1.733751401,2.422688944,0.02361407484,-1.46781238,1.906768938,2.8762,-0.7181987525,-6.5421,-0.4847700147,0.2322079256,0.1029041438,1.373997666
2024-02-23 00:00:00.000,TTF,0.005964960725,0.03717070538,-0.0009029433847,0.005416026868,-0.5531269257,1.554958582,2.37515865,0.02410402003,-1.430852536,0.5748004794,2.9808,-0.7060656726,-6.0862,-0.44994006,0.2418047978,0.5114599717,2.981897626
2024-02-26 00:00:00.000,TTF,0.00596442334,0.0347628176,-0.00165338856,0.004892638953,-0.5431808318,1.391009318,2.224954332,0.02356559577,-1.462769858,-0.05211193802,3.0124,-0.7001539785,-5.7939,-0.4324301692,0.2475047264,,1.428000032
2024-02-27 00:00:00.000,TTF,0.006461690991,0.03429335287,-0.001903868832,0.0048620232,-0.52327439,1.335470069,2.196305264,0.02126857763,-1.614877388,-0.02979124741,2.9097,-0.7027699109,-5.961,-0.4430307359,0.2414952678,0.3367267256,2.791855058
2024-02-28 00:00:00.000,TTF,0.005308531588,0.03425517487,-0.002323813705,0.00480964198,-0.5494426691,1.295773198,2.071601934,0.01918409852,-1.744584051,-0.04959785983,2.8765,-0.7016480776,-6.0161,-0.4516759575,0.2534614858,0.2530950421,2.160877544
2024-02-29 00:00:00.000,TTF,0.005358384111,0.03509421926,-0.00208959816,0.005140337678,-0.5395894221,1.303779582,2.086323044,0.01874003573,-1.758778061,0.494373939,2.6839,-0.706655407,-6.089,-0.4567718428,0.2566353441,0.2131238896,1.742605653
2024-03-01 00:00:00.000,TTF,0.005833556108,0.02879371591,-0.001797986267,0.004381591235,-0.5144604228,0.9775686763,2.13709456,0.037645875,-0.4615382542,-0.6304205036,2.7333,-0.6983753037,-5.188,-0.3985630703,0.2827888706,0.4229938801,12
2024-03-04 00:00:00.000,TTF,0.005620550318,0.02655842845,-0.002656138102,0.004065677871,-0.5137358307,0.8556245691,1.976419297,0.03808648249,-0.4287093581,-1.051600568,2.695533333,-0.6991905882,-4.8399,-0.3843673791,0.3776584366,,4.892056523
2024-03-05 00:00:00.000,TTF,0.003635149159,0.02538469586,-0.002690122244,0.003878450618,-0.5735186473,0.7875621962,1.969420482,0.0376308547,-0.4565566175,-1.249922834,2.7888,-0.6917047683,-4.6436,-0.3745506974,0.3692555647,0.1460975962,4.73371799
2024-03-06 00:00:00.000,TTF,0.005134426434,0.02759242721,-0.002218078704,0.004205867532,-0.515429261,0.8747422443,2.046447398,0.03516123155,-0.6208935615,-0.6731337001,2.597966667,-0.7026878278,-5.0504,-0.4040450342,0.4275416154,0.2709518799,2.967620189
2024-03-07 00:00:00.000,TTF,0.003924768839,0.02849517186,-0.001706724027,0.00415810309,-0.5572023662,0.9005212469,2.102895045,0.03391237709,-0.7026888731,-0.7058955361,2.592833333,-0.6986931,-5.0534,-0.4044661678,0.4167908367,0.1217098012,2.887897813
2024-03-08 00:00:00.000,TTF,0.004045861948,0.02747515358,-0.001973811339,0.003936257929,-0.5567092726,0.8416160087,2.049811381,0.0347579319,-0.6428955327,-0.9968050213,2.689833333,-0.6878167117,-4.8968,-0.3878467337,0.2945925816,0.3355055781,2.979200336
2024-03-11 00:00:00.000,TTF,0.005067654003,0.02981460705,-0.001753252872,0.004541676709,-0.5085240971,0.9316490152,2.028027917,0.03381152357,-0.7050401152,-0.1487092085,2.492833333,-0.7020291182,-5.2039,-0.411039434,0.3739939047,,1.229668903
2024-03-12 00:00:00.000,TTF,0.00533253987,0.02922146666,-0.001674054534,0.004373196317,-0.4912564102,0.8921556648,2.002973559,0.03489918254,-0.6286961032,-0.4514911333,2.528,-0.6981226701,-5.02,-0.4006760503,0.371198727,0.2654779,2
2024-03-13 00:00:00.000,TTF,0.004520665135,0.02901561095,-0.001640119947,0.004399422552,-0.5242250874,0.8602754964,1.990474493,0.03428363763,-0.666682835,-0.4122635301,2.494366667,-0.6995314418,-4.9263,-0.3989295334,0.4190751508,0.1880228812,2.246132132
2024-03-14 00:00:00.000,TTF,0.004326283286,0.02718432986,-0.002478870066,0.004084895956,-0.5268690335,0.7641637989,1.829819055,0.03405919882,-0.6783162673,-0.8975232939,2.5825,-0.689178952,-4.7807,-0.3884992177,0.4177700502,0.2411836553,2.207045422
2024-03-15 00:00:00.000,TTF,0.002179816459,0.02532220913,-0.003020187323,0.003870830817,-0.6308524173,0.6669350121,1.7187697,0.03614858911,-0.5340167707,-1.2105441,2.7136,-0.6752176471,-4.3431,-0.353371593,0.2866815552,0.3637927259,3.571847452
2024-03-18 00:00:00.000,TTF,0.000933513257,0.02279876145,-0.003648524675,0.003857448522,-0.6956638942,0.5535223975,1.591027717,0.0397491449,-0.2884296051,-1.197967534,3.037033333,-0.6573352918,-3.9278,-0.3351573206,0.3441173202,,1.488687055
2024-03-19 00:00:00.000,TTF,0.0009476731935,0.02259110142,-0.003901334575,0.003993162864,-0.6919912935,0.5351739049,1.527279988,0.03943006105,-0.3075571113,-0.934947899,3.049166667,-0.654459293,-3.9698,-0.3375692399,0.3494142667,0.06573899604,2
2024-03-20 00:00:00.000,TTF,0.001677353972,0.02467562086,-0.00370558244,0.004095269422,-0.6428018536,0.621262883,1.530335955,0.03699124858,-0.4691741602,-0.7095879685,2.791133333,-0.6708188738,-4.2544,-0.3590230979,0.3978013549,0.3247476487,2.961292577
2024-03-21 00:00:00.000,TTF,0.001714467682,0.02668852571,-0.003197907511,0.004318307135,-0.642898336,0.7041723664,1.563595833,0.03367604106,-0.6890654272,-0.3107440544,2.616966667,-0.6772921427,-4.6231,-0.3815907362,0.4123135939,0.2538399308,2
2024-03-22 00:00:00.000,TTF,0.002076035447,0.02581504625,-0.003574117963,0.004306959016,-0.6118545563,0.6480935037,1.462381104,0.03303688869,-0.7274762768,-0.246389318,2.728766667,-0.6647894828,-4.5337,-0.3684602032,0.2900599545,0.1711489254,2.829111594
2024-03-25 00:00:00.000,TTF,0.001635568517,0.02520220382,-0.004214533902,0.004424262943,-0.638796963,0.6139163074,1.345488145,0.03325362963,-0.7097136399,0.1437049763,2.879766667,-0.6570538572,-4.5514,-0.3723459889,0.3622218189,,1.272079204
2024-03-26 00:00:00.000,TTF,0.003623694259,0.02693936912,-0.003818802986,0.004568386333,-0.4851342415,0.6825044239,1.386231409,0.03009664208,-0.9185626376,0.6945069349,2.6726,-0.6687903422,-4.9415,-0.396051089,0.3748480303,0.2461331847,2
2024-03-27 00:00:00.000,TTF,0.00391185333,0.02678408719,-0.004011633422,0.004633545906,-0.4590540591,0.6640984561,1.327378201,0.02923613382,-0.9725238373,0.9655016736,2.559733333,-0.6769364356,-5.0473,-0.4077201594,0.4256470548,0.1669304333,12
2024-03-28 00:00:00.000,TTF,0.004207653523,0.02718744631,-0.003885491055,0.004642349525,-0.4269997613,0.6673271231,1.317727487,0.0297573052,-0.9337758153,1.069452672,2.642766667,-0.6678050723,-5.135896,-0.4146735669,0.4296581421,0.1379355288,4.234682362
2024-04-02 00:00:00.000,TTF,0.007140325072,0.01676394171,-0.004471465266,0.004903210878,-0.1515382198,0.2094089215,1.226280171,0.05133493948,0.5075927798,1.946935496,2.5191,-0.6767115081,-3.7678,-0.337977068,0.4376900287,,12
2024-04-03 00:00:00.000,TTF,0.00851986577,0.0184308682,-0.004354828691,0.005284327519,-0.01146649885,0.273366201,1.224038957,0.04802422054,0.2893141993,3.488351126,2.395166667,-0.6855614625,-4.2805,-0.3737957802,0.4600271385,0.3165439237,5.158444798
2024-04-04 00:00:00.000,TTF,0.008122066849,0.01728677626,-0.004277237664,0.004988656328,-0.02760752299,0.2202522337,1.203826032,0.04678949912,0.2134774663,1.851137433,2.426566667,-0.6799390383,-4.0255,-0.3616958156,0.4654215157,0.1430139601,4.982042917
2024-04-05 00:00:00.000,TTF,0.00729188244,0.01832622059,-0.004947293392,0.005352541324,-0.09454309929,0.2578544101,1.091727524,0.04428928956,0.04915767942,2.560093434,2.283233333,-0.6838531992,-4.316,-0.3739301593,0.4657101231,0.2318089139,7.310190635
2024-04-08 00:00:00.000,TTF,0.007641528756,0.01760812663,-0.005787153237,0.005604014471,-0.0498448744,0.221204429,0.9713943588,0.04328942791,-0.01394063024,2.740772565,2.382166667,-0.679708365,-4.3987,-0.3821513794,0.5155285219,,7.470788662
2024-04-09 00:00:00.000,TTF,0.008811126923,0.0188921868,-0.005874749103,0.006028729943,0.08898268812,0.2724692551,0.9446153947,0.04089763116,-0.1716476795,3.090327787,2.249633333,-0.6881686579,-4.8731,-0.4130446595,0.5356210053,0.254705297,3.051264616
2024-04-10 00:00:00.000,TTF,0.009538761621,0.01968797148,-0.00641140838,0.006520968087,0.1930549387,0.3023481884,0.8645854306,0.04203557785,-0.08873191306,3.272402215,2.236066667,-0.6901121359,-5.0779,-0.4306389031,0.5791026934,0.1819114836,3.035977124
2024-04-11 00:00:00.000,TTF,0.008097216436,0.01786699365,-0.008283141159,0.007606963795,0.07355701129,0.2178468139,0.6244826853,0.04727004986,0.2746889219,4.093677239,2.501266667,-0.6688399047,-4.915,-0.4240888538,0.5708235084,0.5110140915,4.820526361
2024-04-12 00:00:00.000,TTF,0.007117891511,0.01703684878,-0.009119008132,0.008138813151,-0.0002882497417,0.176408766,0.522623512,0.04951311856,0.4340080075,3.465785675,2.5086,-0.6631383602,-4.7858,-0.4120118336,0.564019801,0.2043210035,5.126992849
2024-04-15 00:00:00.000,TTF,0.005871265304,0.01504228934,-0.009136819422,0.00794603033,-0.1175250507,0.08535789488,0.5180195573,0.0528480894,0.6669804483,2.468444616,2.817033333,-0.6515127164,-4.0902,-0.3831029602,0.5911928044,,2.099682782
2024-04-16 00:00:00.000,TTF,0.003582085033,0.01229998223,-0.009859403812,0.008921804413,-0.3946154374,-0.04007692954,0.4297935732,0.05993453949,1.154693386,2.797546703,3.456266667,-0.6097110251,-3.0746,-0.3308449525,0.5362758257,0.4048654177,12
2024-04-17 00:00:00.000,TTF,0.004092280313,0.01316878101,-0.009051093041,0.00834909717,-0.3113118419,-0.006224281793,0.5235518758,0.06013513238,1.166038481,1.906274659,3.5387,-0.607607911,-3.1683,-0.3463497897,0.5952476574,0.4753536568,12
2024-04-18 00:00:00.000,TTF,0.004407330535,0.0125943077,-0.009768139012,0.009522608832,-0.247335238,-0.03586206582,0.4364013765,0.06458494217,1.465844934,2.404737884,3.9952,-0.5746417479,-3.0327,-0.3426539605,0.5949983325,0.312688016,5.877696589
2024-04-19 00:00:00.000,TTF,0.004586357658,0.01330221269,-0.008824439605,0.008719067623,-0.199540838,-0.008611459359,0.5448795199,0.06315406126,1.358188125,1.588939466,4.0337,-0.5674005974,-3.1023,-0.3425288683,0.5867832872,0.1851684027,11.712519928
2024-04-22 00:00:00.000,TTF,0.006193180253,0.01509745425,-0.008276743248,0.007993685638,0.1032766896,0.06701108209,0.6057828481,0.05820407341,1.012807851,1.025533154,3.5522,-0.6121105535,-3.6522,-0.3901778414,0.6451082577,,2.938817584
2024-04-23 00:00:00.000,TTF,0.006373009739,0.01595037995,-0.007917599995,0.007653235924,0.1906484104,0.100889149,0.644838317,0.05496465246,0.7878876376,0.7431924767,3.3127,-0.6298391715,-3.8767,-0.4086232229,0.6715859541,0.1776304369,2.443343392
2024-04-24 00:00:00.000,TTF,0.006137455575,0.01530996905,-0.008533267639,0.008136010317,0.2083108155,0.06774684933,0.5703815422,0.05681028242,0.9122984838,0.9448163075,3.3176,-0.6323479885,-3.7418,-0.4110873578,0.691192086,0.08671807694,2.020060999
2024-04-25 00:00:00.000,TTF,0.005310265438,0.01499541886,-0.008774298853,0.008344313695,0.05197161087,0.04835175822,0.5399318813,0.05668224669,0.9020032083,0.9813935724,3.409333333,-0.625855184,-3.7126,-0.4122733462,0.6980511316,0.1575167206,1.559429311
2024-04-26 00:00:00.000,TTF,0.006382063431,0.01688724532,-0.008902543957,0.00860474168,0.2948472601,0.1308095876,0.5216162473,0.05526165352,0.8038805065,1.050986556,3.047233333,-0.6454790603,-4.243,-0.4360941111,0.7305040244,0.1573780531,1.877910672
2024-04-29 00:00:00.000,TTF,0.00627679572,0.01745732803,-0.008999727004,0.0088436036,0.2851408992,0.152257171,0.5043270702,0.05704599905,0.9373264742,1.108214853,2.8885,-0.6659014502,-4.1927,-0.4480675376,0.8908159331,,1.215381424
2024-04-30 00:00:00.000,TTF,0.007194091269,0.01675318737,-0.01082336588,0.01072789292,0.5113020802,0.1143150421,0.2877278003,0.06383451434,1.41431457,2.216943871,2.8949,-0.6691066402,-4.3475,-0.4593302747,0.9780871607,0.3294591655,1.891077491
2024-05-01 00:00:00.000,TTF,0.01400444295,0.00369310286,-0.01176661174,0.01175063715,2.09980586,-0.5186398501,0.1765787308,0.07766528101,2.374651778,2.590126993,2.728066667,-0.7047453828,-3.9658,-0.4442629153,0.727052478,0.09081474169,12
2024-05-02 00:00:00.000,TTF,0.0107984802,0.003036147132,-0.01364165151,0.01416961395,1.356884823,-0.5562770344,-0.04244816898,0.08086307937,2.575608756,3.593639107,2.798566667,-0.7034847964,-3.5842,-0.4236193511,0.7206638444,0.2749850074,8.377393982
2024-05-03 00:00:00.000,TTF,0.01235761912,0.003413375639,-0.01397526252,0.01497085076,1.713355574,-0.5447577838,-0.08195037722,0.0786000471,2.393547277,3.133830534,2.656566667,-0.7115788958,-3.7436,-0.4285446673,0.7260660245,0.2962424238,8.052012297
2024-05-06 00:00:00.000,TTF,0.01235761912,0.003413375639,-0.01397526252,0.01497085076,1.712438773,-0.5652490555,-0.08240087584,0.06599698379,1.521790039,2.533883342,2.656566667,-0.714837981,-3.7436,-0.4444579772,0.7483703428,,4.113947901
2024-05-07 00:00:00.000,TTF,0.01162695325,0.002936360676,-0.01420394073,0.01548263216,1.53951192,-0.6126978139,-0.1097919992,0.0511937103,0.5244472095,2.344880406,2.706633333,-0.7150845777,-3.5789,-0.4442014843,0.7767389245,0.2756630943,3.604176596
2024-05-08 00:00:00.000,TTF,0.01214904563,0.00313773849,-0.01437375852,0.0157816349,1.657521762,-0.6127803284,-0.1303415167,0.03820736398,-0.3482927922,2.125783306,2.701366667,-0.7217633869,-3.7349,-0.4584736757,0.8194567808,0.08075615108,2.64765072
2024-05-09 00:00:00.000,TTF,0.01268875713,0.002853718502,-0.01440238218,0.01567837996,1.780207421,-0.6369072247,-0.1340436388,0.03036829504,-0.8742787313,1.823993533,2.798666667,-0.7140773028,-3.7967,-0.4614794061,0.8244045776,0.2187613867,3.134361668
2024-05-10 00:00:00.000,TTF,0.01509728276,0.004280023109,-0.01349298552,0.01415935808,2.332258406,-0.5707106151,-0.02714919444,0.02600858935,-1.163196634,1.138153382,2.628733333,-0.7215250698,-4.3183,-0.481106313,0.852272836,0.1871872598,2.371519611
2024-05-13 00:00:00.000,TTF,0.01487968056,0.00475942561,-0.01335250374,0.01390824338,2.268675315,-0.5493181533,-0.009748961241,0.02430207912,-1.269996918,0.9543161028,2.554133333,-0.7340647402,-4.4958,-0.4949326145,0.8886951037,,0.8122243394
2024-05-14 00:00:00.000,TTF,0.01490126896,0.005396262606,-0.01327000755,0.01361894032,2.228194672,-0.5195924139,0.0004091321265,0.02234286803,-1.391698396,0.7757575097,2.515533333,-0.7370580021,-4.7749,-0.5094088366,0.9131375567,0.2880465946,2.320456385
2024-05-15 00:00:00.000,TTF,0.01485622416,0.004957775152,-0.01257467931,0.01274009279,2.191816547,-0.5546795786,0.08162866474,0.0200350881,-1.534593508,0.4176462629,2.681733333,-0.7289472412,-4.5562,-0.5021328374,0.8971125242,0.2456137296,4.179095002
2024-05-16 00:00:00.000,TTF,0.0147411654,0.004451494977,-0.01257724933,0.01256480946,2.167807647,-0.589224585,0.08065779544,0.01766295333,-1.679434252,0.3069485771,2.687833333,-0.7277918889,-4.5224,-0.5006626425,0.8979600605,0.3385292795,1.992269976
2024-05-17 00:00:00.000,TTF,0.01550894475,0.003659651807,-0.01218161802,0.01209931467,2.292069216,-0.6374883976,0.1258306717,0.01657997458,-1.735742666,0.09200613362,2.768266667,-0.7161366231,-4.3376,-0.4805646367,0.8778377397,0.2073686211,3.596281207
2024-05-20 00:00:00.000,TTF,0.01367501393,0.002270716786,-0.0129824049,0.0134724356,1.796270386,-0.7195169655,0.03158421156,0.01583502354,-1.7675269,0.5208191023,3.1548,-0.7004338498,-3.8712,-0.4584418805,0.848023063,,1.270388512
2024-05-21 00:00:00.000,TTF,0.01337171145,0.001281187458,-0.01415496977,0.01531035406,1.702412134,-0.7755767011,-0.1058245019,0.01593469786,-1.743104221,1.101517694,3.299866667,-0.693214685,-3.5863,-0.4443917832,0.8231652707,0.286571814,3.446354887
2024-05-22 00:00:00.000,TTF,0.01400262719,-0.001197725308,-0.01494429044,0.01701678992,1.788440007,-0.9139532137,-0.1972133072,0.01689436345,-1.662473013,1.63074541,3.7397,-0.6682896193,-3.0461,-0.4223669526,0.7522854197,0.3248516449,4.984434508
2024-05-23 00:00:00.000,TTF,0.01278050869,-0.002424981566,-0.01484212726,0.01678495693,1.529081141,-0.982127116,-0.1832885964,0.01829253233,-1.553714378,1.421298896,3.866866667,-0.6588514631,-2.6552,-0.4029526463,0.7128924112,0.2416148263,3.359111746
2024-05-24 00:00:00.000,TTF,0.01422136332,-0.001729885647,-0.01442783488,0.01584906925,1.818232691,-0.9439504848,-0.1327319564,0.01627506488,-1.671256917,0.9614421162,3.6211,-0.669992676,-2.8879,-0.4070569313,0.7404521063,0.1571292296,2
2024-05-27 00:00:00.000,TTF,0.01422136332,-0.001729885647,-0.01442783488,0.01584906925,1.780646289,-0.9444936056,-0.1308722081,0.01576614607,-1.68768309,0.9006751313,3.6211,-0.6737913333,-2.8879,-0.4147959881,0.7427099279,,1.834299046
2024-05-28 00:00:00.000,TTF,0.01431700167,-0.001106662882,-0.01340704681,0.01406047411,1.802514888,-0.9107696885,-0.01191392624,0.0156827244,-1.691922321,-0.01104883927,3.5315,-0.6793403914,-3.1022,-0.4282955421,0.7641157055,0.316765867,2
2024-05-29 00:00:00.000,TTF,0.01397630851,-0.001419699038,-0.01334718509,0.01414525715,1.698024731,-0.9288913063,-0.00461255888,0.01523849674,-1.716322872,-0.1107591307,3.748466667,-0.6679395585,-3.1093,-0.4358738754,0.7627208539,0.08718310394,1.956207881
2024-05-30 00:00:00.000,TTF,0.01187175884,-0.00257879386,-0.01371814398,0.01490295112,1.229649431,-0.9937970212,-0.04726441696,0.01607934283,-1.64516045,0.2779960206,3.9264,-0.6575215132,-2.4907,-0.4077586482,0.7132387398,0.264254295,1.965466447
2024-05-31 00:00:00.000,TTF,0.009930132701,-0.002965375259,-0.01302206544,0.0139425352,0.8071315421,-1.015542196,0.03499264659,0.01657148994,-1.601215052,-0.5280769446,3.904733333,-0.6531928871,-2.060304333,-0.3752879555,0.6966773371,0.2070194904,2.581667665
2024-06-03 00:00:00.000,TTF,0.0154997662,-0.01577072846,-0.0150395436,0.01792805667,1.963421239,-1.722305378,-0.1984105218,0.04950800005,0.593026547,2.468749739,4.197266667,-0.639734549,-0.8387,-0.3237629407,0.5402291796,,12
2024-06-04 00:00:00.000,TTF,0.01631060539,-0.01502947265,-0.01388002295,0.01556137906,2.083609241,-1.677810489,-0.06144309448,0.0498898321,0.6240440843,0.5191678779,3.909166667,-0.6594709546,-1.1777,-0.3416534013,0.5688118424,0.2446382376,12
2024-06-05 00:00:00.000,TTF,0.01723820636,-0.0159105387,-0.01322527639,0.01458953784,2.22207782,-1.723033066,0.01535209214,0.05117923268,0.710669509,-0.1398004156,4.0295,-0.6565966835,-1.1137,-0.3445421995,0.5627374448,0.1388234262,3.640528749
2024-06-06 00:00:00.000,TTF,0.01752644597,-0.01506982889,-0.01308227072,0.0141257801,2.222647254,-1.67419563,0.03192660127,0.04958326666,0.6058632387,-0.4181077064,3.821966667,-0.6683217198,-1.2753,-0.3501657222,0.5814124001,0.1442912734,4.21634914
2024-06-07 00:00:00.000,TTF,0.01876088345,-0.0143937206,-0.01287231475,0.01350337506,2.407536633,-1.633833088,0.05509361052,0.04719781439,0.4461104453,-0.7829337957,3.701333333,-0.6699804166,-1.4516,-0.3503815381,0.5911633295,0.147714406,2.566355765
2024-06-10 00:00:00.000,TTF,0.01779214449,-0.01535344702,-0.01363305577,0.01522155445,2.142071914,-1.686475285,-0.03577430091,0.04283447613,0.1549018654,0.427116933,4.052333333,-0.6584294852,-1.1614,-0.3463845218,0.5711672309,,2.342206361
2024-06-11 00:00:00.000,TTF,0.01761881766,-0.01586898284,-0.01255506177,0.01319890295,2.056776065,-1.71132719,0.08728958927,0.04281659385,0.1533724441,-0.946391507,4.053366667,-0.6612933434,-0.9386,-0.3382833984,0.5512896921,0.3171929387,7.348642431
2024-06-12 00:00:00.000,TTF,0.01659769559,-0.01682732622,-0.01306649765,0.01459222689,1.809311032,-1.759635925,0.02532952432,0.04155301332,0.07271509629,-0.001516055281,4.319566667,-0.6491288279,-0.462,-0.3217096874,0.5170756268,0.3301670209,2.889220999
2024-06-13 00:00:00.000,TTF,0.01660919271,-0.01679895961,-0.0132200413,0.01489043303,1.772064619,-1.74879362,0.005545443308,0.03976239441,-0.0451462725,0.164304518,4.3523,-0.6486086518,-0.341,-0.3195187994,0.484009958,0.1784588425,2.264358447
2024-06-14 00:00:00.000,TTF,0.01770483952,-0.01747252464,-0.01301754027,0.01468894653,1.942672093,-1.772545196,0.02633196549,0.03920609446,-0.08081330191,-0.03734696241,4.461266667,-0.6389318178,-0.4094,-0.3185426872,0.483799889,0.1239246448,2.520453289
2024-06-17 00:00:00.000,TTF,0.01941183544,-0.0155380092,-0.01248972814,0.01306718902,2.213647024,-1.656496261,0.08445177602,0.03801732333,-0.1572269043,-1.29963799,3.937933333,-0.6901420037,-1.1026,-0.3640950539,0.5624109264,,1.441657481
2024-06-18 00:00:00.000,TTF,0.01996043716,-0.0149731509,-0.01293014742,0.01366124907,2.25830275,-1.61459453,0.02867726971,0.03557969265,-0.3157380827,-0.9572957245,3.870033333,-0.6983570697,-1.2284,-0.3729014023,0.5775881734,0.1893110623,1.702217431
2024-06-19 00:00:00.000,TTF,0.02035634637,-0.0151740164,-0.01336227393,0.014437709,2.263155702,-1.614301677,-0.0269796465,0.03297534131,-0.4849848944,-0.3624032792,3.998566667,-0.6952314238,-1.3098,-0.3826315727,0.5837555344,0.183424185,1.799100997
2024-06-20 00:00:00.000,TTF,0.02340065194,-0.01400579234,-0.01280863729,0.01304109265,2.732743044,-1.548897459,0.03491013373,0.0314928491,-0.5789432233,-1.425580409,3.6788,-0.716835942,-2.0526,-0.4202444535,0.6645764962,0.3706712021,2
2024-06-21 00:00:00.000,TTF,0.0230908009,-0.01354491929,-0.01281630554,0.01307705328,2.597376096,-1.497965224,0.02983264192,0.03214709401,-0.5297588808,-1.291508705,3.567366667,-0.7200686485,-2.0792,-0.4154029935,0.6732797339,0.4110915116,1.762946245
2024-06-24 00:00:00.000,TTF,0.02225732865,-0.01418169119,-0.01293788685,0.01342729746,2.366675938,-1.502270981,0.01137493113,0.03180738681,-0.5482626817,-0.9035675881,3.7816,-0.7203100646,-1.867,-0.4170225052,0.6599782344,,1.566113188
2024-06-25 00:00:00.000,TTF,0.02089187834,-0.01475005628,-0.01325679063,0.01415496694,2.061324273,-1.518874374,-0.03089331279,0.03078270605,-0.6138355969,-0.1916510579,3.977433333,-0.7109717765,-1.6323,-0.4096006364,0.6352588402,0.2982756022,2
2024-06-26 00:00:00.000,TTF,0.02110220451,-0.01287275142,-0.01350712892,0.01416974602,2.031594165,-1.410938514,-0.06546700422,0.03020189618,-0.6506538715,-0.1140820135,3.548566667,-0.744142731,-2.07,-0.4366074514,0.7114380553,0.5472680884,1.94974048
2024-06-27 00:00:00.000,TTF,0.0202606619,-0.01238694933,-0.01352752749,0.01406238112,1.796122936,-1.382052305,-0.07218647151,0.02950310365,-0.6921670945,-0.2158989809,3.4515,-0.7510969184,-2.1229,-0.4419828832,0.7314365981,0.1127305985,1.902380173
2024-06-28 00:00:00.000,TTF,0.02218643867,-0.01187228459,-0.01329197811,0.0135181197,2.04533535,-1.35097589,-0.04701041852,0.02746245704,-0.8251408363,-0.7036949263,3.402066667,-0.748573268,-2.605103226,-0.4572107369,0.7871076976,0.2597589968,1.767917731
2024-07-01 00:00:00.000,TTF,0.04382477331,-0.01521703464,-0.01441657213,0.01509259259,5.265883073,-1.51604077,-0.191085928,0.05656344572,1.175132624,0.7753519993,3.197133333,-0.7668156858,-2.8518,-0.4729064214,0.7069780586,,12
2024-07-02 00:00:00.000,TTF,0.04629418206,-0.01429294652,-0.01486388286,0.0155488399,5.513761481,-1.455541112,-0.2513311566,0.05319277973,0.9515238961,1.123349955,3.041,-0.7751100551,-3.3461,-0.4993083219,0.7636918043,0.2725808856,5.136169333
2024-07-03 00:00:00.000,TTF,0.04921559194,-0.0135049851,-0.01438304691,0.01453824484,5.323973015,-1.403760864,-0.1963406202,0.0518762129,0.8700162408,0.4475424115,2.848433333,-0.7929810827,-3.8224,-0.5286949103,0.817898203,0.1522040028,6.09346723
2024-07-04 00:00:00.000,TTF,0.04613954423,-0.01335027383,-0.01452627891,0.01471362238,4.393779424,-1.385909012,-0.2189454483,0.05043753708,0.7843869876,0.777854266,2.8383,-0.7938894292,-3.556,-0.5184536082,0.7992367397,0.1917730446,5.112255658
2024-07-05 00:00:00.000,TTF,0.04644835323,-0.01321292337,-0.01394140842,0.01372686433,4.095529535,-1.36869271,-0.1489002635,0.05016576128,0.7769342461,-0.5290662301,2.777366667,-0.7915821965,-3.5875,-0.5116006041,0.8069198733,0.201045544,2.72969048
2024-07-08 00:00:00.000,TTF,0.04924696385,-0.01279962122,-0.01412308235,0.01389120346,4.115288965,-1.338197619,-0.1766347819,0.05170450486,0.8989760915,-0.2865934491,2.6541,-0.8092601115,-3.934,-0.5381295412,0.8423300714,,2.443968836
2024-07-09 00:00:00.000,TTF,0.05013367719,-0.01246612158,-0.01325470892,0.01243175769,3.918471007,-1.312922455,-0.06836538138,0.05265101175,0.9790027557,-2.24456788,2.525566667,-0.8200111275,-3.9649,-0.5424755719,0.8625132835,0.2490648617,5.350569233
2024-07-10 00:00:00.000,TTF,0.05214375775,-0.0123829108,-0.0127271756,0.01161764656,3.853541187,-1.299862748,-0.002945604737,0.05200623665,0.9478852294,-2.978230341,2.489033333,-0.8285430902,-4.1549,-0.5584793388,0.8794533595,0.1589106495,5.979150175
2024-07-11 00:00:00.000,TTF,0.05156749756,-0.0122290298,-0.01304238414,0.0120964164,3.552148137,-1.283713527,-0.04681971668,0.05044643549,0.8469652723,-1.941775849,2.483933333,-0.829198418,-4.1584,-0.5615174901,0.8827219321,0.2906020369,2
2024-07-12 00:00:00.000,TTF,0.05025784659,-0.01266954651,-0.01322834064,0.01237976085,3.236753285,-1.297317081,-0.07436699314,0.04739992064,0.6330343845,-1.413965567,2.6158,-0.8138306139,-4.0209,-0.5471745434,0.8617305363,0.2104573159,2
2024-07-15 00:00:00.000,TTF,0.05091117322,-0.01308398927,-0.01320392439,0.01233359571,3.131304987,-1.309728664,-0.0745923103,0.04875979859,0.7463985061,-1.32347907,2.6625,-0.8265442069,-3.9928,-0.558586189,0.8588836734,,1.119429951
2024-07-16 00:00:00.000,TTF,0.04481808536,-0.01300485671,-0.01400434708,0.01362233758,2.499056457,-1.296920828,-0.1830547467,0.0464571667,0.5825482996,0.04987320127,2.706366667,-0.8276925392,-3.3793,-0.5345839965,0.8189313115,0.3953148274,2.558886444
2024-07-17 00:00:00.000,TTF,0.04692012533,-0.0129220853,-0.01334394438,0.01256512769,2.578114896,-1.283347759,-0.09993139228,0.04762420917,0.6778114631,-1.00558922,2.633833333,-0.8386101657,-3.6174,-0.5525225943,0.8484099521,0.3618706017,2.168472421
2024-07-18 00:00:00.000,TTF,0.04352694741,-0.01283054433,-0.01329506648,0.01253819512,2.230325389,-1.252093691,-0.0967582256,0.04461460698,0.4543301308,-0.9584066083,2.6595,-0.8388452473,-3.3158,-0.5432622442,0.8298330021,0.3300110324,2
2024-07-19 00:00:00.000,TTF,0.04456310668,-0.01255460133,-0.01299817274,0.0119395872,2.242679937,-1.221622797,-0.06137796302,0.04503065788,0.4851607185,-1.440629547,2.5615,-0.837917606,-3.4323,-0.5411901619,0.852002956,0.1966110371,1.39258715
2024-07-22 00:00:00.000,TTF,0.04514109738,-0.01234226751,-0.01307699531,0.01205886456,2.219267207,-1.199449866,-0.07552607263,0.04500419257,0.4853930891,-1.221543358,2.513766667,-0.8551108053,-3.5328,-0.5587650706,0.8730270794,,0.6988145954
2024-07-23 00:00:00.000,TTF,0.04710430885,-0.01156072642,-0.01307550867,0.01194967095,2.295560422,-1.147668476,-0.07895891822,0.04492163623,0.4819224756,-1.235321383,2.3338,-0.8699629716,-3.8312,-0.5773197864,0.9230811733,0.2394677895,2
2024-07-24 00:00:00.000,TTF,0.04389246222,-0.01138116357,-0.01393220279,0.01320065958,2.001645839,-1.125156099,-0.1977335509,0.04187190658,0.2570552355,-0.07023502713,2.358033333,-0.875205527,-3.6491,-0.5750885864,0.9113744555,0.2458463871,3.420304488
2024-07-25 00:00:00.000,TTF,0.04648981758,-0.01010558635,-0.01359667949,0.01252179305,2.130094382,-1.053808669,-0.1558609225,0.04215722128,0.2813997293,-0.6174392671,2.074433333,-0.8935364287,-4.1509,-0.6021209627,0.9864322162,0.1067850603,4.075107768
2024-07-26 00:00:00.000,TTF,0.04391044847,-0.009339762067,-0.0139697684,0.01317243592,1.897163433,-1.004710274,-0.210545481,0.04113598955,0.2179440692,0.01134791321,1.976433333,-0.8916111562,-4.0744,-0.5934266298,0.992747656,0.2742665782,5.227295564
2024-07-29 00:00:00.000,TTF,0.0393115772,-0.008992827845,-0.01462935134,0.01406931496,1.543508694,-0.973887154,-0.3049023562,0.03805059909,-0.01021735815,0.8423381145,1.931,-0.9052206783,-3.6276,-0.5790048722,0.9654025637,,2.1309764
2024-07-30 00:00:00.000,TTF,0.03752715722,-0.008616966367,-0.01535628027,0.01531201125,1.394392557,-0.948082908,-0.4079198697,0.03846460613,0.03120009734,1.891452184,1.873633333,-0.9106090525,-3.5072,-0.5775282239,0.9766078184,0.3631815996,2.837044877
2024-07-31 00:00:00.000,TTF,0.03525752727,-0.008947541341,-0.01564994466,0.01583295548,1.218606766,-0.953417234,-0.4527921799,0.03678540335,-0.09271581459,2.297629471,1.963333333,-0.9107485626,-3.2554,-0.5699375787,0.9455956631,0.1790968566,4.584507193
2024-08-01 00:00:00.000,TTF,0.03803114326,-0.0103058134,-0.01713171483,0.01910268237,1.370767965,-1.001761012,-0.6625755344,0.06013741638,1.785393164,4.960586971,2.291833333,-0.8933099977,-1.9924,-0.5200284127,0.6443122374,0.4021254894,12
2024-08-02 00:00:00.000,TTF,0.03898322347,-0.01044030912,-0.0172234329,0.01944563216,1.342717075,-0.9932939107,-0.6826545221,0.06042630348,1.811771031,3.470798176,2.344133333,-0.8830013096,-2.0075,-0.5161345722,0.635458016,0.2029722702,4.786277479
2024-08-05 00:00:00.000,TTF,0.03945108259,-0.01032054899,-0.01641882818,0.01772454368,1.32108671,-0.9691539269,-0.5702665974,0.06121735392,1.87079304,1.88896395,2.220666667,-0.8921129268,-2.0949,-0.530805127,0.6697333632,,3.428413075
2024-08-06 00:00:00.000,TTF,0.034329856,-0.01065404138,-0.01632205092,0.01776995155,0.9686512135,-0.9623527222,-0.5622838888,0.05857387892,1.6517139,1.684647253,2.3385,-0.8839177073,-1.484,-0.5088108605,0.5806719148,0.3094152064,2.931654608
2024-08-07 00:00:00.000,TTF,0.03036879578,-0.011080055,-0.01740883068,0.02026281109,0.7054553758,-0.9439980446,-0.7173339848,0.05556554114,1.405825887,2.500314226,2.545866667,-0.8737432331,-0.9309,-0.4898103009,0.4878829072,0.2380445063,6.206747505
2024-08-08 00:00:00.000,TTF,0.0265951292,-0.01193863923,-0.01810103868,0.02214035696,0.4687677356,-0.9495753931,-0.8143752745,0.0532948306,1.221622668,2.750125088,2.823366667,-0.8597910954,-0.3113,-0.4683969792,0.4137700934,0.1723882429,3.426062039
2024-08-09 00:00:00.000,TTF,0.02858596996,-0.01218468353,-0.01835620663,0.02272435542,0.567073305,-0.9481756396,-0.8512985064,0.05294898391,1.188521843,2.439262488,2.897433333,-0.8487887167,-0.5085,-0.4730036831,0.4292207611,0.11656621,2.049593854
2024-08-12 00:00:00.000,TTF,0.03078044243,-0.01253906647,-0.01933534067,0.02529848173,0.6720021312,-0.9518464563,-0.9932894227,0.05627665503,1.445774333,2.772143549,2.9744,-0.8472033799,-0.6289,-0.4817188255,0.4305827821,,2.001585252
2024-08-13 00:00:00.000,TTF,0.03309677835,-0.0111894582,-0.01986816759,0.02598762384,0.7761044432,-0.8821090629,-1.071308623,0.05706260493,1.498215615,2.432109556,2.638466667,-0.8658043899,-1.2715,-0.5118896737,0.5170592418,0.3451094485,8.830501371
2024-08-14 00:00:00.000,TTF,0.0357745905,-0.01093606625,-0.02027652078,0.02667403834,0.8927321331,-0.85577158,-1.129610592,0.05477829424,1.308406889,2.200657658,2.591966667,-0.8679755014,-1.6631,-0.5282781466,0.5783780378,0.1013933368,2.492882926
2024-08-15 00:00:00.000,TTF,0.03518259535,-0.01097297402,-0.02050326079,0.02734390132,0.8317064212,-0.8409234881,-1.162731867,0.05215586081,1.093604293,2.017788291,2.614166667,-0.8667892722,-1.587,-0.5274539612,0.5627215633,0.09280010983,5.443485734
2024-08-16 00:00:00.000,TTF,0.03560855267,-0.01032883555,-0.02078716837,0.02784091556,0.8205403404,-0.8023216611,-1.204189279,0.05042671548,0.9509404067,1.85202957,2.4558,-0.8669987147,-1.7975,-0.529216553,0.5975436756,0.09953774582,2
2024-08-19 00:00:00.000,TTF,0.0323574689,-0.01091540095,-0.02092577897,0.02875649662,0.634434277,-0.8076415125,-1.224113323,0.04972524369,0.890834581,1.79888127,2.564266667,-0.859969317,-1.3091,-0.4995046115,0.5329110208,,1.218572194
2024-08-20 00:00:00.000,TTF,0.03388825786,-0.009717816632,-0.01926447824,0.02429717972,0.691209012,-0.7442409697,-0.98945232,0.04694455204,0.6721443333,0.8317025137,2.1866,-0.8730230146,-1.6858,-0.5065952236,0.6223727844,0.8406072645,6.581528654
2024-08-21 00:00:00.000,TTF,0.03477595619,-0.009985236203,-0.01831353535,0.02197558168,0.7149289082,-0.7357651743,-0.8561208587,0.0433106921,0.3874775962,0.3397878378,2.199533333,-0.8715619708,-1.762,-0.505306542,0.6364288196,0.5558541948,2.712635652
2024-08-22 00:00:00.000,TTF,0.03676572721,-0.008893854166,-0.01804386072,0.02095464175,0.8055932284,-0.6832453127,-0.8185128152,0.03966155991,0.102805948,0.07710969468,1.941933333,-0.8848177771,-2.2042,-0.5254003695,0.7430609451,0.3651479525,2
2024-08-23 00:00:00.000,TTF,0.03630680905,-0.008517363322,-0.01835343964,0.02157544661,0.7728172313,-0.660314919,-0.8617592942,0.03546803097,-0.2231873315,0.1312875281,1.864033333,-0.880464248,-2.1862,-0.517148693,0.7613343086,0.07864134012,2
2024-08-26 00:00:00.000,TTF,0.03630680905,-0.008517363322,-0.01835343964,0.02157544661,0.7482894371,-0.6579832394,-0.8620435323,0.03113348463,-0.5596213077,0.04937367452,1.864033333,-0.8755735773,-2.1862,-0.4997383102,0.7604822594,,1.021879672
2024-08-27 00:00:00.000,TTF,0.03040529491,-0.01009029403,-0.01870799688,0.02287310312,0.4417708499,-0.7059232418,-0.9123541313,0.02276796722,-1.205570769,0.264710776,2.2553,-0.8515785272,-1.3647,-0.4605263058,0.5793271396,0.195831117,2
2024-08-28 00:00:00.000,TTF,0.02828907743,-0.01000814211,-0.01861588441,0.02286380283,0.3332616498,-0.6902939436,-0.8999746373,0.02101520839,-1.334473275,0.180005317,2.2118,-0.8529458675,-1.185,-0.4476606877,0.5534743752,0.1667629808,2
2024-08-29 00:00:00.000,TTF,0.02553138736,-0.009928650009,-0.01859843727,0.02239253422,0.1922747626,-0.6754929697,-0.8978615265,0.01991907316,-1.411844123,-0.03724323095,2.183566667,-0.8536236546,-0.8554,-0.4336590295,0.5131128594,0.3179920176,1.739602144
2024-08-30 00:00:00.000,TTF,0.02415115015,-0.01039529056,-0.01892106939,0.02354507149,0.1154675584,-0.686482476,-0.9436191168,0.01976252617,-1.413997021,0.220974236,2.291633333,-0.8398808088,-0.615098667,-0.4161476544,0.4624465058,0.3070854474,2.111518405
2024-09-02 00:00:00.000,TTF,0.02453796358,-0.007977455569,-0.01941763781,0.02499735614,0.12844776,-0.5941353587,-1.012993771,0.04669291176,0.7109947924,0.6307499157,2.1047,-0.8441233364,-0.7801,-0.4140164893,0.3814558597,,12
2024-09-03 00:00:00.000,TTF,0.02777277886,-0.007262303053,-0.01958770345,0.02510557203,0.2862727106,-0.5653766146,-1.036258357,0.0490494322,0.9043551982,0.5971052387,1.857966667,-0.8542746915,-1.3417,-0.4357559437,0.4803086808,0.6328165786,12
2024-09-04 00:00:00.000,TTF,0.03123623928,-0.006756948352,-0.01910611488,0.02369058878,0.4648479946,-0.5427179276,-0.9675621393,0.04796339809,0.8230610514,0.009534976215,1.665166667,-0.8636100478,-1.8444,-0.4562860064,0.5637062462,0.1887434996,12
2024-09-05 00:00:00.000,TTF,0.03069950935,-0.007193828588,-0.01926149147,0.02417365045,0.4299941302,-0.5565233677,-0.9892264043,0.04618369121,0.68350048,0.09549398809,1.803466667,-0.8566792463,-1.6563,-0.4500133016,0.5080195353,0.08168641287,2.845912095
2024-09-06 00:00:00.000,TTF,0.02779660202,-0.007281650633,-0.01929036931,0.02441294337,0.2689247685,-0.5537684142,-0.9937961738,0.04496187527,0.5883977089,0.1259884469,1.776266667,-0.849256698,-1.3767,-0.4311082785,0.4935450968,0.1506998851,2.639249865
2024-09-09 00:00:00.000,TTF,0.02592244698,-0.007942065737,-0.01969629317,0.02607072623,0.1574181806,-0.5705718308,-1.051321828,0.04531515316,0.6165022519,0.8403054433,2.0429,-0.8265679143,-0.954,-0.4157588525,0.4055572489,,3.808282039
2024-09-10 00:00:00.000,TTF,0.02974195343,-0.00711449101,-0.01909293913,0.02361346759,0.3692830446,-0.538662975,-0.9653595291,0.04300170806,0.4326501737,-0.3603295039,1.768133333,-0.8365936547,-1.4981,-0.4376170947,0.5032987245,0.2244165991,5.223392848
2024-09-11 00:00:00.000,TTF,0.02563338947,-0.008099595679,-0.01875362605,0.02304086852,0.1220601574,-0.566482244,-0.9169219436,0.03925271761,0.134886049,-0.586816804,2.000766667,-0.8216745651,-0.8565,-0.4110006481,0.3922493516,0.3871459315,2.637204492
2024-09-12 00:00:00.000,TTF,0.02572589701,-0.007896061203,-0.01781116878,0.02089021816,0.1174477943,-0.5502960602,-0.7834351576,0.03638668253,-0.09149642227,-1.521602932,1.9124,-0.8262284604,-0.907,-0.4151437805,0.4038050826,0.3226968146,4.517836393
2024-09-13 00:00:00.000,TTF,0.02434845144,-0.007665731461,-0.01772012436,0.02065887877,0.02592744369,-0.5374502612,-0.7706169203,0.03386186605,-0.2911395441,-1.477642091,1.9008,-0.8183025759,-0.7896,-0.4032558314,0.388096999,0.2325123457,1.762581706
2024-09-16 00:00:00.000,TTF,0.02714043271,-0.007688666765,-0.01657704956,0.01791116631,0.1820490406,-0.5295512959,-0.6095645145,0.031370515,-0.4874332143,-2.630896587,1.799966667,-0.8164857107,-1.0948,-0.4223377397,0.4473676411,,1.392843584
2024-09-17 00:00:00.000,TTF,0.02581408603,-0.007564129083,-0.01715495728,0.01953085403,0.09331056967,-0.5213570327,-0.694610736,0.03004000572,-0.5911817448,-1.582726493,1.8056,-0.8101777172,-1.0237,-0.4204595163,0.4350789302,0.2419689216,3.28786198
2024-09-18 00:00:00.000,TTF,0.02811620463,-0.006872029027,-0.01709256548,0.01899061988,0.2274943853,-0.4952465035,-0.6867114936,0.02721818057,-0.8122720523,-1.848700837,1.6028,-0.817850959,-1.478,-0.4420092976,0.4899990604,0.3015156333,1.850098654
2024-09-19 00:00:00.000,TTF,0.02664955198,-0.007184091655,-0.01411967924,0.01242335621,0.1288137137,-0.5045969646,-0.26719294,0.02491717685,-0.9891483739,-4.740078354,1.5721,-0.8182987003,-1.1418,-0.4312574157,0.4856611553,0.8176180027,7.874510435
2024-09-20 00:00:00.000,TTF,0.0208950177,-0.006770461188,-0.01547332955,0.01518475982,-0.2413571125,-0.4852905085,-0.4625797846,0.02362255354,-1.085921319,-2.233444782,1.552166667,-0.8102274025,-0.6995,-0.4055114652,0.4151618781,0.3538923929,2.727866299
2024-09-23 00:00:00.000,TTF,0.01574782994,-0.007690964863,-0.01588525077,0.01645315293,-0.5687469769,-0.5151127011,-0.5234251191,0.02446443705,-1.013010724,-1.552253656,1.7672,-0.791671094,0.0387,-0.3787722423,0.3843489341,,3.083006349
2024-09-24 00:00:00.000,TTF,0.01625699242,-0.007438485565,-0.01573975353,0.01582269244,-0.5462019921,-0.504000749,-0.5036779894,0.02295148017,-1.125790681,-1.578551941,1.711633333,-0.7907662613,-0.0653,-0.3832641874,0.4160824142,0.1792558708,2
2024-09-25 00:00:00.000,TTF,0.0118624648,-0.007740299466,-0.01623555821,0.01741981889,-0.825962559,-0.5178758789,-0.576545014,0.02422152958,-1.019401628,-0.996169789,1.918233333,-0.7796889861,0.5615,-0.3579036811,0.43093614,0.1699775711,2.486762769
2024-09-26 00:00:00.000,TTF,0.01102393119,-0.008337129384,-0.01669660442,0.01882645525,-0.878974163,-0.544547607,-0.6436774454,0.0255616731,-0.9062256851,-0.5446601776,2.059133333,-0.7725776233,0.7905,-0.3500582767,0.4471822599,0.3962725694,2.03072378
2024-09-27 00:00:00.000,TTF,0.01272544539,-0.008203339564,-0.01702226461,0.01946289693,-0.7735379401,-0.5423441653,-0.7020676545,0.02453196432,-0.9798198862,-0.3285595947,1.9951,-0.7670575504,0.5405,-0.3520980949,0.4700468466,0.1562168387,2
2024-09-30 00:00:00.000,TTF,0.008982465465,-0.008241760985,-0.01739966282,0.0204797441,-1.011786539,-0.5380005373,-0.7572397266,0.02579536416,-0.8732074995,-0.02680330962,2.144,-0.7531178971,1.0638,-0.3349349157,0.4085024209,,1.277484695
2024-10-01 00:00:00.000,TTF,0.007063363368,-0.004808324553,-0.01769509558,0.02272256176,-1.13406514,-0.4041269692,-0.7864804879,0.04995663163,1.026106098,0.6081137391,2.257733333,-0.7485712439,1.2973,-0.3245806639,0.2121645195,0.1531238853,12
2024-10-02 00:00:00.000,TTF,0.0099564391,-0.004193592198,-0.01750344697,0.02160556502,-0.9540092577,-0.3796917318,-0.7589396498,0.04603634473,0.7155490956,0.3497634072,1.954166667,-0.7667334443,0.7312,-0.3503929359,0.2078132589,0.2290976542,4.818277704
2024-10-03 00:00:00.000,TTF,0.007674127255,-0.005221149207,-0.01790089049,0.02334714628,-1.100564112,-0.4230377458,-0.81600136,0.04757325646,0.832937144,0.9100500255,2.2124,-0.7497564256,1.354,-0.3250013744,0.2276483144,0.1723345171,4.499760734
2024-10-04 00:00:00.000,TTF,0.007364868536,-0.005882491636,-0.01829765827,0.02475433306,-1.12171781,-0.4511353102,-0.8744040081,0.04764614867,0.8355864053,1.322929988,2.477366667,-0.7281617636,1.6352,-0.304395187,0.3320958645,0.10530595,6.375533318
2024-10-07 00:00:00.000,TTF,0.007967993882,-0.005303228581,-0.01840193005,0.02495079384,-1.085256625,-0.4225553345,-0.8909432199,0.0466177087,0.7516470224,1.357472647,2.2825,-0.7545717411,1.3852,-0.3193696688,0.3821115529,,3.219471553
2024-10-08 00:00:00.000,TTF,0.009286250452,-0.004628977355,-0.01723728112,0.02109111577,-1.00331128,-0.390644089,-0.7286226388,0.04036220968,0.2640363487,0.2512575194,1.942433333,-0.7759647305,0.8908,-0.3396437976,0.4144867116,0.3751291597,7.529322324
2024-10-09 00:00:00.000,TTF,0.008541406258,-0.004238336144,-0.0170113357,0.02045666433,-1.050503046,-0.3688801736,-0.7039072501,0.03831145014,0.109143296,0.1502179061,1.765433333,-0.7887830483,0.7689,-0.345769105,0.4395325813,0.1018026711,2.343625072
2024-10-10 00:00:00.000,TTF,0.00810659268,-0.005383398209,-0.01766754627,0.02278044029,-1.077057557,-0.4167905111,-0.805356996,0.0398292566,0.2302179668,0.9294110379,2.258566667,-0.7619904976,1.3698,-0.322023346,0.387055008,0.1693214017,2.663270602
2024-10-11 00:00:00.000,TTF,0.008513662016,-0.00507418756,-0.0174846808,0.02192884497,-1.050840649,-0.3997087624,-0.7845582839,0.0375496484,0.05284981916,0.6694381547,2.051733333,-0.765904079,1.135,-0.3256801337,0.4215697201,0.07744969635,1.807871378
2024-10-14 00:00:00.000,TTF,0.00786858673,-0.005480828353,-0.01763341997,0.02271729545,-1.092302694,-0.414111721,-0.8103570402,0.03736752825,0.0413791297,0.8943856234,2.182633333,-0.7763857493,1.4035,-0.3186772509,0.4379143693,,1.116925807
2024-10-15 00:00:00.000,TTF,0.007329949919,-0.005016335487,-0.01726747385,0.02182930696,-1.126825388,-0.3856104339,-0.7565513361,0.03595950131,-0.06656558719,0.5768289291,2.020833333,-0.7877441593,1.3172,-0.3242974154,0.4474945042,0.1759894615,2.618397925
2024-10-16 00:00:00.000,TTF,0.007895296106,-0.004423311764,-0.01676541595,0.02014505539,-1.091532532,-0.3516039057,-0.686238828,0.03245580797,-0.3386240529,0.003916661612,1.857833333,-0.8003281014,1.0515,-0.3395272234,0.4583301097,0.2839229864,1.649188987
2024-10-17 00:00:00.000,TTF,0.006953185723,-0.005259015831,-0.01659234751,0.0201565838,-1.149153335,-0.3814806328,-0.6671437787,0.03265564071,-0.3202487599,-0.001527979209,2.182966667,-0.782387834,1.46,-0.3261121108,0.492363186,0.1766262054,10.304362325
2024-10-18 00:00:00.000,TTF,0.007743522879,-0.004811414774,-0.01631214827,0.01936921435,-1.100904487,-0.35775099,-0.6319908981,0.03063465757,-0.4783785335,-0.2615813059,2.043133333,-0.7833821965,1.1885,-0.3321587677,0.4933556866,0.1083893395,6.978544278
2024-10-21 00:00:00.000,TTF,0.006612362403,-0.004908480376,-0.01667396067,0.02027769401,-1.170051348,-0.3588419381,-0.6860188615,0.0306893777,-0.4733161447,-0.09937175919,2.1494,-0.7849497177,1.4218,-0.3254378567,0.5657105201,,0.9527248088
2024-10-22 00:00:00.000,TTF,0.005654660621,-0.005176912199,-0.0172382915,0.02173805698,-1.227249517,-0.3715851193,-0.767723814,0.03157887769,-0.4029990724,0.3903726853,2.211066667,-0.7755186806,1.5903,-0.3183630298,0.6367206687,0.1571321729,8.257815553
2024-10-23 00:00:00.000,TTF,0.005393451695,-0.005246267638,-0.01746657503,0.02252872382,-1.240542156,-0.3695661499,-0.800316326,0.03203294977,-0.367438789,0.6694758639,2.216833333,-0.7749942833,1.6999,-0.3123451684,0.651020745,0.07896805785,1.687914167
2024-10-24 00:00:00.000,TTF,0.005136284384,-0.005488577329,-0.01771720605,0.02343611774,-1.253170343,-0.3704718784,-0.8359549151,0.03232541726,-0.345039734,1.097635556,2.2976,-0.7698212208,1.8287,-0.3054604028,0.6602615044,0.3007021035,11.727024405
2024-10-25 00:00:00.000,TTF,0.003911519102,-0.006477901942,-0.01845134687,0.02629383047,-1.32621127,-0.4219217559,-0.9411564357,0.0366529104,-0.006893341803,2.716447531,2.6359,-0.746526124,2.4055,-0.2762221367,0.7077106779,0.4144681486,5.13581071
2024-10-28 00:00:00.000,TTF,0.004587075664,-0.006036207607,-0.01778138609,0.02478042512,-1.282087095,-0.3989668036,-0.8448696855,0.03513846653,-0.1223849499,1.489980993,2.4332,-0.7654268709,2.1537,-0.286920985,0.707942708,,3.163847197
2024-10-29 00:00:00.000,TTF,0.004495425087,-0.006188553578,-0.01714834765,0.02463205357,-1.26947443,-0.4054607872,-0.7539432212,0.03743687082,0.06166599346,1.27532958,2.363466667,-0.7706161379,2.2137,-0.2813608609,0.7251325338,0.4552807893,2.985692754
2024-10-30 00:00:00.000,TTF,0.007092118868,-0.005801264327,-0.01678398761,0.0230757035,-1.100593439,-0.3762078006,-0.7019154316,0.03519237582,-0.1136403316,0.3296553311,2.0336,-0.7878960205,1.6512,-0.3006467545,0.6483645488,0.4849225221,3.763622424
2024-10-31 00:00:00.000,TTF,0.008412137706,-0.004494746803,-0.01671583681,0.02199728947,-1.000310427,-0.2959335134,-0.6922579948,0.0321859594,-0.3490201616,-0.2508899716,1.553733333,-0.8105350171,0.887603333,-0.3287268462,0.5596337592,0.2393345723,3.293441783
2024-11-01 00:00:00.000,TTF,0.001945498421,-0.001826514675,-0.01461790102,0.01884327547,-1.382056119,-0.1329804297,-0.3915363057,0.04844142692,0.935230391,-1.937789028,1.512866667,-0.8046724334,1.21,-0.3071625108,0.6812156417,0.4428973023,12
2024-11-04 00:00:00.000,TTF,5.835746317e-05,-0.003303996634,-0.0148853731,0.02037210859,-1.472391319,-0.2119602582,-0.4319102202,0.0502018389,1.069335554,-0.9375493501,1.7506,-0.7985277829,1.9296,-0.2647412803,0.8176779609,,4.729853308
2024-11-05 00:00:00.000,TTF,0.0004726210672,-0.003887394741,-0.01501320988,0.02073023337,-1.403574198,-0.2391780688,-0.459408457,0.05090543553,1.117798628,-0.6725147658,1.7024,-0.7981850098,1.9988,-0.25547366,0.843973004,0.3439497131,12
2024-11-06 00:00:00.000,TTF,-0.0002417127706,-0.004125113397,-0.01487077445,0.02034675935,-1.434211919,-0.2455306131,-0.4463701545,0.04956294074,1.00482472,-0.802771651,1.746133333,-0.7954613025,2.1388,-0.2465140797,0.8651328912,0.3312919166,3.609528331
2024-11-07 00:00:00.000,TTF,0.0007951359369,-0.005875600597,-0.01509171128,0.02223782626,-1.328339265,-0.3541430531,-0.4856840743,0.05360406909,1.314443719,0.2129097058,1.505033333,-0.8042969345,2.3716,-0.234224266,0.8949859333,0.367095277,7.705102378
2024-11-08 00:00:00.000,TTF,0.0006049893547,-0.009054993063,-0.01475887983,0.02361771797,-1.296918085,-0.5725741632,-0.4396613746,0.05882342282,1.711024139,0.9010457556,1.5433,-0.7918350227,3.4384,-0.1784455977,0.9747140106,0.4370784472,9.019225273
2024-11-11 00:00:00.000,TTF,-2.748022388e-05,-0.01182721867,-0.01582222992,0.02814833532,-1.323643265,-0.7744995321,-0.6027509896,0.06681860296,2.313252919,3.230064162,1.550966667,-0.7958647473,4.3413,-0.1288934438,1.002906079,,5.938923339
2024-11-12 00:00:00.000,TTF,-0.0005537799559,-0.009606419924,-0.01569688175,0.02682736828,-1.319615232,-0.6152923037,-0.5896115147,0.06200254651,1.909583696,1.950918603,1.8236,-0.7787206972,4.0048,-0.1381504339,1.009148902,0.6211091354,4.727512566
2024-11-13 00:00:00.000,TTF,-4.171730497e-05,-0.009409018036,-0.01581324743,0.02716962506,-1.267555426,-0.6028721202,-0.614106601,0.06129669871,1.833569836,1.852675827,1.9379,-0.7700401349,3.935,-0.1372469996,0.9880116254,0.2295252547,3.294837762
2024-11-14 00:00:00.000,TTF,-0.0005746362424,-0.01116159344,-0.01666510021,0.03224884469,-1.260194013,-0.7297416844,-0.7523348844,0.06875990248,2.378778855,3.480179107,2.504333333,-0.7371950796,4.911,-0.09082170494,0.9872202607,0.3512081497,6.152509378
2024-11-15 00:00:00.000,TTF,-0.0004784130532,-0.01088954908,-0.01687223265,0.0337890709,-1.206262651,-0.7008876891,-0.7771438295,0.07077665299,2.493825924,3.112031425,2.156033333,-0.743419111,4.6192,-0.09603375494,1.025812128,0.5212033876,3.341975271
2024-11-18 00:00:00.000,TTF,-0.000259925327,-0.01210765389,-0.01734224502,0.03566055516,-1.190904426,-0.788611548,-0.8404190214,0.07153507745,2.509692366,2.933092423,2.1786,-0.7447889031,4.9688,-0.07193334362,1.041329135,,3.043522298
2024-11-19 00:00:00.000,TTF,-0.0004908208926,-0.01173051775,-0.01692536549,0.03232596151,-1.166747498,-0.752367632,-0.7764685005,0.06445834008,1.949951326,1.65502255,2.064966667,-0.7460322988,4.7002,-0.07713453624,1.051770788,0.6642014162,2.209370022
2024-11-20 00:00:00.000,TTF,-0.0001000509195,-0.01305993973,-0.01713400652,0.03521165091,-1.119316357,-0.8524213956,-0.8080518718,0.06840176594,2.214665717,2.080791177,2.385133333,-0.7276203115,5.2397,-0.0469886222,1.040716253,0.4219997495,3.819138082
2024-11-21 00:00:00.000,TTF,0.0003426081737,-0.01241676456,-0.01815397774,0.03966925175,-1.073557135,-0.7951947875,-0.9540407761,0.0722916879,2.465267975,2.662458444,2.5428,-0.7151416601,5.4205,-0.03531611651,1.02954948,0.6084450585,8.043246624
2024-11-22 00:00:00.000,TTF,0.001176381862,-0.01140554516,-0.01760765486,0.03609792321,-1.020707754,-0.7060618846,-0.8687207978,0.06539173096,1.932871784,1.586011224,2.4205,-0.7108904517,4.7991,-0.05803072238,1.011978807,0.2326343852,2.324676176
2024-11-25 00:00:00.000,TTF,0.0008951837318,-0.01202246265,-0.01831400575,0.03950555762,-1.032957361,-0.7527366011,-0.9645617212,0.06851649097,2.132112398,1.965835337,2.581,-0.7068570437,5.1139,-0.03272718781,1.015502386,,2.75343777
2024-11-26 00:00:00.000,TTF,0.001664343999,-0.01074515733,-0.01869243507,0.03857197616,-0.9836222056,-0.6369740769,-1.010775265,0.06459356186,1.827731325,1.576653295,2.2846,-0.7183012603,4.4562,-0.05642037405,1.005235979,0.4620805397,2.528719146
2024-11-27 00:00:00.000,TTF,0.00167197109,-0.009977911493,-0.01843882415,0.03785919399,-0.9723029191,-0.5626698505,-0.9536563564,0.06268428779,1.674870159,1.307340769,2.200866667,-0.7201952892,4.2177,-0.06181812716,1.002821283,0.3076252743,2.143517323
2024-11-28 00:00:00.000,TTF,0.001808394902,-0.00925287107,-0.01874727445,0.03773703725,-0.9585347461,-0.4901435098,-0.9876089091,0.06008684694,1.47779898,1.165778545,1.9368,-0.7301178034,3.9212,-0.07237590936,1.017632702,0.2930121945,2.041194431
2024-11-29 00:00:00.000,TTF,0.0008965107957,-0.009172243842,-0.01960018057,0.0396658015,-0.9986990634,-0.4742996112,-1.103654549,0.05999686072,1.458748745,1.320246581,2.032433656,-0.7159178491,4.066200968,-0.05960407075,1.03287885,0.4719589708,3.618812929
2024-12-02 00:00:00.000,TTF,-0.008375087826,-0.01126229201,-0.0182811897,0.04099238747,-1.431434241,-0.6580171472,-0.9068020302,0.07887801205,2.750013698,1.375899788,7.669166667,-0.4316061995,5.217,0.01192049628,1.158040069,,12
2024-12-03 00:00:00.000,TTF,-0.009322946057,-0.01225604412,-0.01822279914,0.04134262728,-1.449313396,-0.746123387,-0.8938273955,0.07831610756,2.660068607,1.318660072,7.467366667,-0.4396340549,5.7617,0.04844927714,1.164251224,0.2447875674,4.593089449
2024-12-04 00:00:00.000,TTF,-0.007555295877,-0.01053013457,-0.0176082255,0.03760735884,-1.355761152,-0.576309296,-0.7997480893,0.07183233699,2.176789096,0.6821273605,7.391966667,-0.4425253909,4.9586,0.02045951153,1.145915848,0.5221697618,12
2024-12-05 00:00:00.000,TTF,-0.007261655312,-0.01045123836,-0.01681994783,0.03542018965,-1.338343977,-0.5621903297,-0.6809785327,0.06805062283,1.895341582,0.2737640608,7.1724,-0.4526765088,4.8204,0.02228141921,1.148588954,0.4378217495,4.241822632
2024-12-06 00:00:00.000,TTF,-0.006473854508,-0.0108162851,-0.01679064729,0.03473950374,-1.271523171,-0.5934830882,-0.6706789329,0.06509932803,1.678333916,0.06522995355,7.0173,-0.4535669177,4.7704,0.02871992752,1.16503085,0.2183273706,3.469330084
2024-12-09 00:00:00.000,TTF,-0.006681789305,-0.008923160908,-0.01613413367,0.03043749194,-1.232196926,-0.3924806116,-0.5732929636,0.05568847176,1.041988999,-0.9068389798,6.677333333,-0.4746237247,4.1466,0.01062926206,1.168494812,,2.789026248
2024-12-10 00:00:00.000,TTF,-0.006793293825,-0.009455576114,-0.0162900702,0.03095509058,-1.215845909,-0.4409404254,-0.5947251078,0.04938591157,0.6202581723,-0.984166668,6.763633333,-0.4689506593,4.2788,0.02459696143,1.184504923,0.3769178807,2.638929728
2024-12-11 00:00:00.000,TTF,-0.005206376426,-0.008539219657,-0.01597171403,0.02876647644,-1.124609002,-0.3321663736,-0.5453858724,0.03973423047,-0.01701303149,-1.579602913,6.528933333,-0.4800695165,3.6674,0.0004971352517,1.185577897,0.469442055,2.485357387
2024-12-12 00:00:00.000,TTF,-0.002926879018,-0.007646147195,-0.01465703895,0.02397762354,-0.9977100976,-0.2228037381,-0.3526716809,0.03227713976,-0.5097787064,-2.860825128,5.826833333,-0.5149762161,2.7956,-0.03787584121,1.166456057,0.6228894145,5.051896521
2024-12-13 00:00:00.000,TTF,-0.001574791877,-0.006280989055,-0.01384198746,0.02112181632,-0.9219110323,-0.05690315974,-0.2334279477,0.03047074363,-0.6289308032,-3.232263762,5.454,-0.5276393539,2.2254,-0.06055756431,1.171786029,0.2831328217,12
2024-12-16 00:00:00.000,TTF,-0.0003628541271,-0.005021068813,-0.01294714155,0.01820372991,-0.8508125846,0.1032085397,-0.1038137528,0.02742859156,-0.8300692676,-3.10018813,5.199933333,-0.5424439786,1.6142,-0.08246155515,1.142965072,,2.083290958
2024-12-17 00:00:00.000,TTF,-0.0005271990185,-0.006295152645,-0.01399975337,0.02101934294,-0.8231748526,-0.03007925425,-0.2527421796,0.01973544977,-1.337662092,-2.017735502,5.4562,-0.5263071485,1.9725,-0.05750857198,1.162584888,0.6595483993,3.727222542
2024-12-18 00:00:00.000,TTF,0.001134819236,-0.005620330146,-0.01385388639,0.02053128632,-0.7210672663,0.06771800775,-0.2295905071,0.02118303741,-1.238914531,-1.821239268,5.348266667,-0.5327960296,1.5838,-0.07461453749,1.135219236,0.3967334822,2.965888776
2024-12-19 00:00:00.000,TTF,-4.367013695e-05,-0.006609611636,-0.01520052782,0.02459146019,-0.7514501992,-0.03594402843,-0.4213089879,0.0171737732,-1.502631412,-1.084178267,5.8464,-0.5089883385,2.1512,-0.04801384966,1.195616461,0.4112239752,12
2024-12-20 00:00:00.000,TTF,0.0006596648345,-0.008383300612,-0.01575331838,0.02639072461,-0.7147765616,-0.2460711714,-0.4996983773,0.0177308581,-1.461547548,-0.7623195571,5.8542,-0.5024409148,2.4743,-0.02662581177,1.189184357,0.3379717113,4.215819374
2024-12-23 00:00:00.000,TTF,-0.0004912143729,-0.01003357046,-0.01645671829,0.03053666779,-0.7451763067,-0.4502830196,-0.5976219434,0.01805427766,-1.436851858,-0.1501349654,6.410266667,-0.4733479458,3.2233,0.02654776457,1.227019328,,3.312208955
2024-12-24 00:00:00.000,TTF,0.0005609968557,-0.01018815426,-0.01665335621,0.03067496407,-0.6938703681,-0.4626104311,-0.6221114189,0.0175043389,-1.462751104,-0.09857227611,6.427166667,-0.4721725737,3.1555,0.02713760808,1.311401287,0.2020470692,4.936262711
2024-12-27 00:00:00.000,TTF,-0.0002152115039,-0.01062472057,-0.01793770207,0.03431489145,-0.721038138,-0.513577337,-0.8081336077,0.02043962083,-1.261732581,0.4467441552,6.789366667,-0.4509157288,3.5472,0.05711706369,1.334123834,,3.009211978
2024-12-30 00:00:00.000,TTF,-0.0007689894645,-0.01112942268,-0.01781588303,0.03429835213,-0.7437750121,-0.5762494551,-0.7838458511,0.02035659671,-1.258940153,0.4823707558,6.923733333,-0.4494552557,3.7356,0.0708507532,1.347072198,,2.879157129
2024-12-31 00:00:00.000,TTF,-0.0006229544021,-0.01061952159,-0.01835493375,0.0354874319,-0.7393056276,-0.4968922193,-0.8533133354,0.02438887026,-0.990936789,0.682450955,7.207,-0.4329431616,3.605097097,0.060889214,1.358948389,0.197644997,2.075976753
2025-01-02 00:00:00.000,TTF,-0.004930704237,-0.01261373921,-0.0175390571,0.03673273235,-0.92390217,-0.7798533442,-0.7320903682,0.03478541526,-0.3173401942,0.8845866334,7.335666667,-0.4296863138,4.5072,0.1147190464,1.94197392,,12
2025-01-03 00:00:00.000,TTF,-0.00399624662,-0.01190023713,-0.01761429009,0.03529997523,-0.8748412164,-0.6727413502,-0.7435826154,0.03540375742,-0.2791757019,0.7169914126,7.078666667,-0.4458171339,3.9807,0.06569130088,1.945109492,0.3001713437,5.140307305
2025-01-06 00:00:00.000,TTF,-0.00132214469,-0.01009187608,-0.01682237114,0.03053483611,-0.7447065181,-0.3916857783,-0.6261028463,0.0290277303,-0.6935312555,0.064187429,6.368366667,-0.4803214397,3.0001,0.004116333983,1.943026552,,6.326961276
2025-01-07 00:00:00.000,TTF,-0.000649143066,-0.01052521112,-0.01686368943,0.03102793111,-0.7127868102,-0.4531880457,-0.6332931682,0.03112274803,-0.5593473307,0.2380696085,6.5415,-0.4762521985,2.978,-0.01384465321,1.929714054,0.1892512273,3.840784356
2025-01-08 00:00:00.000,TTF,-0.0006478280631,-0.009032065544,-0.01581857908,0.02691955802,-0.7038429814,-0.1975490685,-0.4774181767,0.02590762334,-0.8994385169,-0.4144958601,6.101266667,-0.5016081401,2.2782,-0.05341330409,1.877317151,0.2851928922,3.567960187
2025-01-09 00:00:00.000,TTF,0.001319651888,-0.008834949948,-0.01574988198,0.02631891604,-0.6024805491,-0.1477790236,-0.4676972753,0.02492955637,-0.9636160534,-0.4614441195,6.047566667,-0.5077525638,2.0091,-0.06949966515,1.878791763,0.1539090876,5.361934638
2025-01-10 00:00:00.000,TTF,0.001051968495,-0.0088199998,-0.01618685449,0.02668276918,-0.6139303847,-0.1268051447,-0.5308716524,0.02744007756,-0.8019138658,-0.3323156194,6.0298,-0.5118728907,1.9144,-0.0782130149,1.853664562,0.1241413602,1.946080254
2025-01-13 00:00:00.000,TTF,0.001154818607,-0.01057755469,-0.01791847487,0.03288333794,-0.6035879849,-0.4569811768,-0.7989964455,0.0334986499,-0.4106474951,0.8462459202,6.691933333,-0.4723183022,2.6985,-0.02562660266,1.82382241,,2.355260804
2025-01-14 00:00:00.000,TTF,0.0008786213534,-0.009981441985,-0.0173100363,0.0304007032,-0.6066016685,-0.3275762046,-0.7053718155,0.02720505993,-0.8236347966,0.3662039028,6.2337,-0.5005624706,2.504,-0.03949564829,1.817743389,0.2278592155,2
2025-01-15 00:00:00.000,TTF,0.0001727285604,-0.009575006876,-0.01756224078,0.03133005326,-0.6427645543,-0.2341885108,-0.7421778712,0.02309889672,-1.09338212,0.5201240268,6.411566667,-0.4913468325,2.4803,-0.03744775383,1.832435057,0.4744168516,3.879074622
2025-01-16 00:00:00.000,TTF,0.001408355364,-0.008702434279,-0.01701962638,0.02936798756,-0.5705133129,-0.04089735609,-0.6565546124,0.02190884734,-1.171518769,0.1003048765,6.341866667,-0.4974541601,2.0766,-0.05542970395,1.816530679,0.2333223821,2
2025-01-17 00:00:00.000,TTF,0.001023748044,-0.008436210187,-0.01741768624,0.03004814714,-0.5896995054,0.02925465768,-0.7235915011,0.02778763287,-0.7887986614,0.1621175768,6.518266667,-0.489815692,1.9803,-0.05862330602,1.800282665,0.2094491869,2.249622014
2025-01-20 00:00:00.000,TTF,-0.0001243157836,-0.009816124045,-0.01707528423,0.03168388069,-0.6573054386,-0.2548965401,-0.6651926189,0.02267973683,-1.126380582,0.4261373948,6.869,-0.4646395365,2.7017,-0.0005593364227,1.819842779,,1.695905791
2025-01-21 00:00:00.000,TTF,-0.001612692335,-0.01458480676,-0.0169726997,0.03475555641,-0.7526723631,-1.29380189,-0.6483727928,0.02301665764,-1.106373987,1.116046405,6.8538,-0.4697369498,4.3989,0.09510571898,1.852804265,0.4661598839,4.642604342
2025-01-22 00:00:00.000,TTF,-7.449699073e-05,-0.01674306684,-0.01644434554,0.03427316749,-0.6598256449,-1.77207463,-0.5611027485,0.01974340018,-1.323612531,0.9637566116,6.380133333,-0.4972250217,4.6405,0.1145442301,1.837297347,0.6499488853,5.782403458
2025-01-23 00:00:00.000,TTF,0.001088237861,-0.01874208146,-0.01688499217,0.03588996829,-0.5851824488,-2.226896009,-0.6332911289,0.01974065372,-1.325824176,1.406510425,6.231566667,-0.5070248088,4.9047,0.1360774871,1.814906178,0.3534680815,2.900284089
2025-01-24 00:00:00.000,TTF,0.0007206383308,-0.01989426582,-0.0171302293,0.03719590889,-0.6101900146,-2.492418658,-0.6740482805,0.0192937887,-1.356155305,1.71755386,6.239866667,-0.5081510183,5.2893,0.1629147847,1.802621984,0.2412912232,3.421602732
2025-01-27 00:00:00.000,TTF,0.002146241365,-0.01922903876,-0.01665119579,0.03466841205,-0.5125031378,-2.312453166,-0.5916665872,0.01943565899,-1.35018404,0.7522526992,5.823533333,-0.526156747,4.6951,0.149143351,1.782321824,,2.871255766
2025-01-28 00:00:00.000,TTF,0.0009588398229,-0.01914046883,-0.01669558093,0.03465994727,-0.5951456206,-2.296356644,-0.5996168933,0.0180638299,-1.431865764,0.6869980102,5.8605,-0.5286449056,4.802,0.155139896,1.776375448,0.1969124728,2.598559974
2025-01-29 00:00:00.000,TTF,-0.0008220431868,-0.0223070842,-0.01796240721,0.04094162088,-0.7258467983,-3.024424585,-0.8185825842,0.01832616023,-1.40581,2.571707098,6.282633333,-0.5076675213,6.2146,0.2478977597,1.77890146,0.4978186819,3.85499351
2025-01-30 00:00:00.000,TTF,-0.003022918153,-0.02526211457,-0.01766366725,0.04252947205,-0.8907611039,-3.696729378,-0.768060284,0.02163445641,-1.182171267,2.586579933,6.149833333,-0.5180406926,7.4025,0.328065208,1.808439478,0.3856086544,5.131781338
2025-01-31 00:00:00.000,TTF,-0.002824770356,-0.02361319198,-0.01941058354,0.04656947946,-0.8824930754,-3.286852991,-1.080298783,0.01823896948,-1.395806173,3.125657438,6.5501,-0.4930913428,7.1859,0.313286354,1.771351045,0.5542259765,8.619568655
2025-02-03 00:00:00.000,TTF,-0.002368506615,-0.02609225635,-0.01859469381,0.04691365528,-0.8432972253,-3.802409842,-0.9392145043,0.03383025571,-0.3799887714,2.58078632,6.537033333,-0.4877244698,7.9121,0.3728292238,1.897406943,,12
2025-02-04 00:00:00.000,TTF,-0.002939257945,-0.02110326239,-0.01825592493,0.0431941787,-0.8779267477,-2.528409694,-0.8807621202,0.03074210616,-0.5784742785,1.53234657,6.596733333,-0.4821395266,6.4059,0.2729617982,1.892311204,0.4968582729,12
2025-02-05 00:00:00.000,TTF,-0.004834687738,-0.01907457647,-0.01843077347,0.04367824457,-1.02102181,-2.022956557,-0.914692745,0.02768068868,-0.7736530404,1.449323102,7.22,-0.441845578,6.4032,0.2749278519,1.894852698,0.5090409449,6.563349934
2025-02-06 00:00:00.000,TTF,-0.00462233169,-0.019470658,-0.01795819725,0.04220153481,-0.9939610524,-2.088543641,-0.8207333406,0.02991187271,-0.6278012499,1.073484487,7.237133333,-0.4377077305,6.6542,0.2894996585,1.898210708,0.6801881922,4.608519941
2025-02-07 00:00:00.000,TTF,-0.004273124127,-0.01891941561,-0.01876401973,0.04489592323,-0.9531158274,-1.938508309,-0.9674606644,0.03132692065,-0.5364518342,1.40689344,7.696666667,-0.4068204183,6.5575,0.2827619633,1.908968205,0.309730286,4.99568766
2025-02-10 00:00:00.000,TTF,-0.005880616041,-0.01939950039,-0.01945109458,0.04889765258,-1.080435996,-2.02832973,-1.093760382,0.03421523249,-0.3505184551,1.938823696,8.326366667,-0.357711958,7.4473,0.3529967208,1.908485645,,3.429118168
2025-02-11 00:00:00.000,TTF,-0.00385539318,-0.0182465163,-0.01896688248,0.04771254337,-0.8964101166,-1.745625804,-0.9964346637,0.03090898072,-0.5651545948,1.560020201,8.655,-0.3345169422,6.5458,0.2939123116,1.911489974,0.2316494589,5.097331273
2025-02-12 00:00:00.000,TTF,-0.0009047553235,-0.01226090778,-0.01834040958,0.0457060996,-0.6269336194,-0.3720447939,-0.8709213368,0.03288304512,-0.4388701292,1.086232797,10.1035,-0.2428526294,4.1105,0.148377437,1.897833443,0.5185231807,9.050458174
2025-02-13 00:00:00.000,TTF,-0.001333896242,-0.00864732792,-0.01756567951,0.04638084852,-0.6571581721,0.4614967948,-0.7153135579,0.03215672072,-0.4877312578,1.097388656,10.8223,-0.1936941257,2.904,0.0816032024,1.883820689,1.289947018,6.750100009
2025-02-14 00:00:00.000,TTF,-0.0008303025033,-0.0105525868,-0.01683712602,0.04494532375,-0.6012962225,0.01764977069,-0.5659869802,0.03205377601,-0.4971557367,0.7725510689,10.462533333,-0.2068919384,3.3692,0.1209433172,1.880489405,0.2653065622,4.101497257
2025-02-17 00:00:00.000,TTF,0.0003647055215,-0.01201459288,-0.01481792571,0.04008152622,-0.4734773077,-0.3237539542,-0.1551835696,0.04127598095,0.09729828036,-0.1306781537,9.771633333,-0.2301310871,3.35,0.1493761955,1.885700428,,2.530663435
2025-02-18 00:00:00.000,TTF,0.001572190766,-0.01286170711,-0.01445223941,0.03795222357,-0.3402206587,-0.5252951305,-0.07175332609,0.02816965752,-0.7583242465,-0.6360362866,9.7636,-0.2272949334,3.5437,0.1602884422,1.876680017,0.5328370381,3.66581244
2025-02-19 00:00:00.000,TTF,0.00223007639,-0.01157855089,-0.01381430389,0.035722341,-0.2594171087,-0.2328244539,0.07003917366,0.03175796495,-0.5267981731,-1.206365838,9.457,-0.2361772099,3.0312,0.1357673446,1.85934781,0.1812703984,2.149062258
2025-02-20 00:00:00.000,TTF,0.002734838974,-0.01116553742,-0.01355104203,0.03328932089,-0.1929282501,-0.1412981558,0.1361997991,0.0263837815,-0.8797874782,-1.73598996,9.105433333,-0.2500865437,2.8906,0.1345273476,1.861836581,0.3554250165,3.352834355
2025-02-21 00:00:00.000,TTF,0.003373348132,-0.009006359471,-0.01299230079,0.03161320338,-0.1104855373,0.3544252483,0.2663760057,0.02696443825,-0.8444695847,-2.039993314,9.2565,-0.2340233265,2.0799,0.07965057057,1.830428991,0.2179528474,4.984836933
2025-02-24 00:00:00.000,TTF,0.002116811242,-0.009530614134,-0.01300287337,0.03267119171,-0.2266672595,0.2246717013,0.2766352486,0.02699208008,-0.8465634728,-1.671183887,9.449733333,-0.2031344163,2.4856,0.1178866046,1.856867621,,2.30415491
2025-02-25 00:00:00.000,TTF,0.002751327192,-0.007093748412,-0.01243048084,0.02938649711,-0.1373031787,0.7883526124,0.4146081747,0.03542439873,-0.2982934676,-2.147419019,8.7018,-0.2504147473,1.619,0.05695361608,1.77968157,0.1973030191,2.626711199
2025-02-26 00:00:00.000,TTF,0.002568347197,-0.001740072665,-0.01103853971,0.02298539027,-0.1369854121,2.041274481,0.7378714233,0.03265461468,-0.479119651,-3.034395762,8.1644,-0.2802957303,0.2671,-0.03916373596,1.363948225,0.6475842608,10.040701811
2025-02-27 00:00:00.000,TTF,0.00292779877,-0.006308648651,-0.01230633128,0.02864084507,-0.07333278732,0.9402786153,0.4707474077,0.02527456407,-0.9607497125,-1.68100624,9.0556,-0.2157630303,1.5167,0.04664326913,1.65209067,0.3909893128,3.185121677
2025-02-28 00:00:00.000,TTF,0.001869459463,-0.006198415843,-0.01207212952,0.02772606418,-0.1830876194,0.9558598087,0.5389434681,0.02556838838,-0.9366264916,-1.623036824,8.8267,-0.2266889838,1.591902581,0.04523252425,1.667195204,0.1189872162,2.006858788
2025-03-03 00:00:00.000,TTF,0.0003959233117,-0.01108263605,-0.01148564975,0.03066153628,-0.3532600784,-0.205062751,0.691207482,0.04317745611,0.2165109247,-1.073633954,9.021766667,-0.2017781721,3.5434,0.1826519709,1.726743262,,9.987685418
2025-03-04 00:00:00.000,TTF,0.0006654799473,-0.01182286226,-0.01063930771,0.03036887138,-0.3019254862,-0.3861931399,0.9101100271,0.0569001784,1.109915288,-1.013094246,8.844466667,-0.2135302648,3.5644,0.1794039401,1.713990079,0.2548398743,12
2025-03-05 00:00:00.000,TTF,0.001376590574,-0.01299604578,-0.009358023884,0.02564228857,-0.1853997186,-0.667647806,1.237718758,0.06218352986,1.445857033,-1.527464889,7.745166667,-0.2849941175,3.4918,0.1706067148,1.684144404,0.2437406466,5.740815774
2025-03-06 00:00:00.000,TTF,0.001757793019,-0.01072783557,-0.008052470966,0.01820426073,-0.1092698892,-0.1312278746,1.580206476,0.06215850105,1.431442809,-2.285798801,6.185566667,-0.3913472941,2.675,0.1084689123,1.647944114,0.4455967649,4.814961848
2025-03-07 00:00:00.000,TTF,0.001050520221,-0.01108672987,-0.008516348129,0.02006836133,-0.1927900001,-0.221372171,1.495986054,0.05191033571,0.7565844311,-1.739289553,6.746066667,-0.350664003,2.9457,0.1205482752,1.625372146,0.089174136,3.145690848
2025-03-10 00:00:00.000,TTF,0.0002569011874,-0.01095844247,-0.009849216541,0.02256456352,-0.3014440896,-0.1963610028,1.19468619,0.04445247665,0.2697806123,-1.272409995,6.983966667,-0.3262957883,3.2129,0.1428302023,1.636153324,,2.970423945
2025-03-11 00:00:00.000,TTF,-9.979644536e-06,-0.01176743007,-0.01109500522,0.02819964327,-0.3342163268,-0.3921234414,0.9055989493,0.0458858177,0.3597514923,-0.5542245267,7.9991,-0.2542082834,3.522,0.1603138232,1.637724915,0.3912472853,2.928636378
2025-03-12 00:00:00.000,TTF,-0.0007725879024,-0.01261736195,-0.0101339463,0.02500079123,-0.4722908126,-0.5959544941,1.17571174,0.04660244675,0.4035016301,-0.8490828415,7.3211,-0.298152541,3.6879,0.168660401,1.685874711,0.160071221,2.134966318
2025-03-13 00:00:00.000,TTF,-0.001218122769,-0.01424289757,-0.009034762905,0.02331671134,-0.5588502811,-0.9824488361,1.485155481,0.05526507731,0.9609378888,-0.9867254338,6.9166,-0.3263486262,3.9635,0.1821482854,1.726555587,0.1256440995,1.957498826
2025-03-14 00:00:00.000,TTF,-0.0003927402449,-0.01621731059,-0.01049297966,0.0286296639,-0.3703329665,-1.456828792,1.123157398,0.05800548247,1.131758688,-0.2147067159,7.509433333,-0.2844393035,4.4675,0.2097075272,1.749535232,0.4600352911,3.509186503
2025-03-17 00:00:00.000,TTF,0.0007211698166,-0.01539335386,-0.01011737424,0.02741200235,-0.1025243647,-1.253493986,1.247502036,0.05738423852,1.083706025,-0.3019357081,7.498366667,-0.2798912066,4.0862,0.1923821697,1.719559715,,1.777384164
2025-03-18 00:00:00.000,TTF,0.001204921485,-0.0143332614,-0.0100355047,0.02639825213,0.02959165344,-0.9959683654,1.297804214,0.05655529919,1.022386366,-0.3894793842,7.353233333,-0.2912443026,3.7011,0.1624526669,1.682293623,0.106014211,0.844035619
2025-03-19 00:00:00.000,TTF,0.0008557697918,-0.01453074189,-0.01167782828,0.03146916499,-0.03368176562,-1.040388337,0.8712208097,0.04748924554,0.4339466917,0.7158118128,8.1301,-0.2335699234,4.0464,0.1830815035,1.688130153,0.2703689826,3.684700981
2025-03-20 00:00:00.000,TTF,0.001559118933,-0.01168707688,-0.01168015531,0.03098838896,0.163876126,-0.3633897185,0.8928684111,0.04515838319,0.2810201101,0.7537657085,8.419166667,-0.212107415,3.211,0.1250020989,1.608201222,0.09171626278,1.757152861
2025-03-21 00:00:00.000,TTF,0.003420168841,-0.01099069187,-0.01181112948,0.02964663911,0.6513074552,-0.2000267727,0.8804835677,0.0393672617,-0.09393596127,0.5431447115,8.134133333,-0.233258443,2.7828,0.09094671892,1.537082478,0.1526100737,1.819900916
2025-03-24 00:00:00.000,TTF,0.00340756214,-0.00897901165,-0.01214998526,0.02932606475,0.6614926199,0.2751466144,0.8069121672,0.03479025182,-0.3904297723,0.5316350779,8.165966667,-0.2251897635,2.3312,0.06733877176,1.484533967,,1.372310907
2025-03-25 00:00:00.000,TTF,0.003878814782,-0.01032504131,-0.0114421787,0.02768863349,0.812401215,-0.04871016108,1.042880665,0.03770691659,-0.2046287424,0.1496586054,7.759566667,-0.2547395573,2.4661,0.07432673701,1.497518463,0.09614844363,2.22523406
2025-03-26 00:00:00.000,TTF,0.004671407638,-0.009713438203,-0.0115731951,0.02583999466,1.037783552,0.09403114014,1.030029213,0.03277631567,-0.5183135952,-0.2824363769,7.2852,-0.2852215717,2.1804,0.05463850771,1.447490872,0.1604808154,1.433951829
2025-03-27 00:00:00.000,TTF,0.004103514813,-0.009588118041,-0.01162527022,0.02606277574,0.9020658282,0.1200220406,1.038788615,0.03054451373,-0.6578411996,-0.1772607742,7.3311,-0.2796704735,2.2647,0.05789021815,1.476247006,0.07975869189,5.471757145
2025-03-28 00:00:00.000,TTF,0.004733549979,-0.008591976006,-0.01142712293,0.02462851571,1.090798802,0.3527693531,1.112291772,0.02903829139,-0.7501070701,-0.6314197484,6.9809,-0.3052116073,1.875,0.02577396045,1.403510041,0.1008160933,4.059609551
2025-03-31 00:00:00.000,TTF,0.003717350623,-0.005516773306,-0.0118897964,0.02435138198,0.8434426912,1.080325963,0.985983927,0.02349078,-1.101529993,-0.6546087845,7.1409,-0.2883022787,1.004904333,-0.02994182992,0.9379308272,,4.120865242
2025-04-01 00:00:00.000,TTF,0.00553866029,-0.0180670289,-0.01364189506,0.03066311257,1.374544736,-1.917443825,0.452995495,0.04627713882,0.3651799136,1.172717933,7.733733333,-0.2458703304,6.0565,0.3019382765,1.287316272,0.3704462364,12
2025-04-02 00:00:00.000,TTF,0.006674064107,-0.0158662414,-0.01332617587,0.02781978298,1.713513566,-1.374618061,0.5602451029,0.04115911609,0.03607579747,0.3720306923,7.406966667,-0.2664641945,5.0092,0.2314507897,1.139615035,0.1545231064,4.511890234
2025-04-03 00:00:00.000,TTF,0.005946421893,-0.01569421692,-0.01243579456,0.02504797342,1.526842312,-1.324054538,0.8473345653,0.04068628828,0.006029450588,-0.3847574068,6.864966667,-0.3058381435,4.8776,0.2192497329,1.203877698,0.1324621802,12
2025-04-04 00:00:00.000,TTF,0.006928284776,-0.01322970179,-0.01018925263,0.01735535506,1.824237414,-0.7379956493,1.547006517,0.03339755928,-0.4590761186,-2.5967114,5.6335,-0.3982597103,3.5822,0.1272189147,1.089592791,0.4864886935,6.504949765
2025-04-07 00:00:00.000,TTF,0.007560185128,-0.01134487832,-0.01042952309,0.01580342198,2.00910233,-0.294709257,1.471647773,0.02849936195,-0.7688549425,-2.945342597,5.0198,-0.4383205821,2.852,0.08215424497,1.021548345,,2.468180503
2025-04-08 00:00:00.000,TTF,0.00681203735,-0.01068065465,-0.01062557522,0.01539951113,1.79906556,-0.1396112955,1.411586397,0.0254653696,-0.9570979395,-2.655909809,4.7102,-0.461728862,2.7645,0.0756877992,1.069381435,0.1693308189,2.908794921
2025-04-09 00:00:00.000,TTF,0.007073782149,-0.006175300492,-0.009391145421,0.01086502533,1.8754906,0.9134451849,1.793143099,0.01896524123,-1.366571708,-3.2335797,3.877733333,-0.5214206916,1.2832,-0.0228430079,0.6480913428,0.4596393471,6.217280118
2025-04-10 00:00:00.000,TTF,0.005386759132,-0.00625604643,-0.00837563681,0.009368782872,1.398301985,0.8884937814,2.106991148,0.02000580796,-1.288787505,-2.78223149,3.776366667,-0.5288890249,1.3538,-0.0223805509,0.618608365,0.3627282354,3.926448555
2025-04-11 00:00:00.000,TTF,0.006555328733,-0.00619320009,-0.008840720037,0.01033149899,1.745196356,0.8977819988,1.966215175,0.01873126818,-1.361435816,-2.117595857,3.985133333,-0.5141578399,1.3072,-0.03176496687,0.5838234051,0.3047665425,2.176598498
2025-04-14 00:00:00.000,TTF,0.004843979458,-0.007310845083,-0.009958205993,0.01304058486,1.244563257,0.6334881225,1.619179054,0.01892909849,-1.338485347,-1.460639244,4.445266667,-0.4742937742,1.9676,0.01287260474,0.6866051712,,1.923273309
2025-04-15 00:00:00.000,TTF,0.006427438425,-0.006134639935,-0.01000742845,0.01196952166,1.704438713,0.9035589328,1.601048453,0.01659864486,-1.477209691,-1.455427867,4.1703,-0.4967789156,1.3616,-0.03113932829,0.553443073,0.3245234471,3.235955854
2025-04-16 00:00:00.000,TTF,0.003605244728,-0.008282028152,-0.01015605154,0.01421595235,0.8837857143,0.3992850601,1.55170107,0.0190245916,-1.308522436,-1.01756155,4.877,-0.4426923837,2.5244,0.03789696691,0.749889341,0.4169161177,2
2025-04-17 00:00:00.000,TTF,0.004734777011,-0.007838800576,-0.01003548245,0.0136387868,1.209350255,0.4988622749,1.586199194,0.01834308991,-1.341382808,-1.002027059,4.804,-0.4504928941,2.2688,0.01235229585,0.7015730701,0.2909627195,1.803707434
2025-04-22 00:00:00.000,TTF,0.004384252958,-0.007832379367,-0.008836058451,0.01166636061,1.107912211,0.4968236279,1.952241832,0.01617222575,-1.469063825,-1.169779441,4.547033333,-0.4738185831,2.1687,-0.01955780783,0.6644436965,,1.131291576
2025-04-23 00:00:00.000,TTF,0.003997253575,-0.007824677546,-0.008756537301,0.01131761768,0.9974396227,0.4946761649,1.97664304,0.01542429681,-1.503774934,-1.11608733,4.4239,-0.4826024331,2.1675,-0.02745667094,0.660799067,0.1664365149,1.138433568
2025-04-24 00:00:00.000,TTF,0.003315139327,-0.00670586125,-0.008291372264,0.01016153801,0.8179406244,0.7485731852,2.120001034,0.01529802479,-1.49859363,-1.175879244,4.2959,-0.4938517946,1.888,-0.05415708516,0.6047241609,0.2171980924,1.734075724
2025-04-25 00:00:00.000,TTF,0.003968253319,-0.007225994395,-0.006720488594,0.007756870667,1.040183444,0.6211802678,2.611051439,0.01912918644,-1.243076151,-1.410159774,3.920233333,-0.5239140283,1.8027,-0.07137321429,0.6220971098,0.4020179452,7.178599437
2025-04-28 00:00:00.000,TTF,0.00422261867,-0.006681208419,-0.006489409822,0.007448534557,1.106375705,0.7402695565,2.694925945,0.01881974356,-1.259852498,-1.327542604,3.997033333,-0.5157092119,1.762,-0.07854883898,0.5865076052,,2.040643758
2025-04-29 00:00:00.000,TTF,0.003860179224,-0.005745735596,-0.006389624581,0.006982235191,0.9843328557,0.948042989,2.727421451,0.01933012365,-1.225765801,-1.27224074,3.8881,-0.5259481487,1.5821,-0.09664071975,0.5370727124,0.1660609684,2.021517602
2025-04-30 00:00:00.000,TTF,0.004103768202,-0.00407183374,-0.006883000011,0.007027411296,1.043316807,1.323946757,2.560727714,0.01998754276,-1.180629717,-1.157730151,3.8476,-0.5279665308,1.0729,-0.1337718899,0.482896926,0.4009609632,4.248971056
2025-05-01 00:00:00.000,TTF,0.007275453461,-0.01325734054,-0.008060880927,0.008025372205,1.951198416,-0.7935814027,2.180345197,0.02195481534,-1.043347293,-0.9150429056,3.7782,-0.536024972,1.7613,-0.09969736122,0.5358836904,0.1796607525,12
2025-05-02 00:00:00.000,TTF,0.006386772585,-0.01398199099,-0.008793884053,0.009188630302,1.650932575,-0.9550763019,1.922233357,0.02195246077,-1.035250293,-0.6609354225,3.8763,-0.5462485825,2.1348,-0.08471839247,0.5227900804,0.2512218048,9.384265093
2025-05-05 00:00:00.000,TTF,0.006386772585,-0.01398199099,-0.008793884053,0.009188630302,1.618849944,-0.9480734609,1.894242378,0.02128862196,-1.072585907,-0.6193894237,3.8763,-0.5444142174,2.1348,-0.07299470523,0.5082814641,,3.465876665
2025-05-06 00:00:00.000,TTF,0.006809675545,-0.01482236102,-0.01017847439,0.01151483697,1.70530189,-1.133145559,1.455221848,0.02231732642,-1.000525455,-0.04433348825,4.193733333,-0.5216568245,2.4744,-0.06126638161,0.5070620556,0.3387614629,7.8402276
2025-05-07 00:00:00.000,TTF,0.007145508932,-0.01377418146,-0.009996186606,0.01075853211,1.762030336,-0.885130134,1.486467248,0.02187731239,-1.027653233,-0.1005205621,3.979233333,-0.5377950398,2.1731,-0.07326955119,0.4948187505,0.1795809409,2.923394014
2025-05-08 00:00:00.000,TTF,0.006122024637,-0.0152910714,-0.01081791131,0.01307024947,1.443628009,-1.221510457,1.220784326,0.02376810692,-0.902113905,0.8826917134,4.554866667,-0.4968198617,2.687,-0.03584236335,0.4966735252,0.3243640724,4.21544402
2025-05-09 00:00:00.000,TTF,0.006717624164,-0.01365778716,-0.01052303857,0.01173934558,1.578757981,-0.8407382302,1.278149956,0.02166320596,-1.041217232,0.4622346334,4.184666667,-0.5297349754,2.1762,-0.07308950618,0.4956138225,0.1344390557,3.069202238
2025-05-12 00:00:00.000,TTF,0.005843562059,-0.01352830838,-0.01069843237,0.01203388312,1.312448579,-0.8037952726,1.221240326,0.0214625011,-1.055332787,0.7272474695,4.2523,-0.520989932,2.2613,-0.05630266535,0.5018212541,,2.024622225
2025-05-13 00:00:00.000,TTF,0.006233168424,-0.01403789836,-0.011095459,0.01301874276,1.394234001,-0.9107754552,1.102061466,0.02232489871,-1.000767174,1.138158939,4.3996,-0.512033687,2.3996,-0.05324555161,0.5063026049,0.3532033408,2.355924711
2025-05-14 00:00:00.000,TTF,0.007215976465,-0.0142312221,-0.01089118583,0.0127802595,1.629795165,-0.9470830465,1.156968771,0.02111736001,-1.08375048,0.931176691,4.3875,-0.5118094429,2.227,-0.06565003011,0.4966978225,0.5033671264,1.965671129
2025-05-15 00:00:00.000,TTF,0.00704816482,-0.01415502676,-0.01113739016,0.0130624984,1.552723811,-0.9224607829,1.073784374,0.02133494945,-1.072652793,0.9850640535,4.3427,-0.516665626,2.2912,-0.06465095825,0.4878007564,0.1145321779,1.647159488
2025-05-16 00:00:00.000,TTF,0.006622046512,-0.01346967142,-0.01125295275,0.01298799812,1.412425487,-0.7622523736,1.023872298,0.02074545181,-1.115021441,0.9519069831,4.268866667,-0.5254540714,2.0988,-0.08387352541,0.4979525956,0.1811296726,2
2025-05-19 00:00:00.000,TTF,0.006475174565,-0.0139875181,-0.01133985343,0.01351533115,1.351286724,-0.8725060261,0.9839988978,0.02215494882,-1.023994353,1.14117732,4.367333333,-0.513877952,2.3404,-0.06248998503,0.4958635945,,1.428028449
2025-05-20 00:00:00.000,TTF,0.004045649567,-0.01604546562,-0.01268562076,0.0171775926,0.7078830048,-1.321196683,0.6056638196,0.02771563842,-0.6571041624,2.770193016,4.942666667,-0.4737079904,3.2532,-0.01065646989,0.4399065666,0.5192514565,3.778744838
2025-05-21 00:00:00.000,TTF,0.00620724539,-0.01411319042,-0.01279065638,0.01616431036,1.253109607,-0.877626214,0.5767584342,0.02507471791,-0.8380566553,1.977475504,4.529166667,-0.5047069429,2.5714,-0.05527686708,0.4913893445,0.2746063524,2.991843821
2025-05-22 00:00:00.000,TTF,0.005465283144,-0.01333352009,-0.01241169135,0.01496596898,1.047281219,-0.695549286,0.6803678007,0.0227652361,-0.9971355324,1.322315197,4.233266667,-0.5293414449,2.3752,-0.07205138462,0.49479294,0.1778583574,1.786551704
2025-05-23 00:00:00.000,TTF,0.006304040719,-0.01355578174,-0.01296513426,0.01616495941,1.246642493,-0.737123952,0.5258654065,0.02469943009,-0.8718804781,1.615008968,4.3659,-0.5234118388,2.3802,-0.08035133567,0.4866828279,0.3089297241,2.800825198
2025-05-26 00:00:00.000,TTF,0.006304040719,-0.01355578174,-0.01296513426,0.01616495941,1.227428472,-0.7279693051,0.5257740889,0.02461253712,-0.8828636492,1.440005769,4.3659,-0.5188251063,2.3802,-0.07833695376,0.4934345523,,2.268443928
2025-05-27 00:00:00.000,TTF,0.005745749606,-0.01362537583,-0.01265367158,0.01578514856,1.077881045,-0.7287511551,0.6106442081,0.02401377557,-0.9278174833,1.185595176,4.414066667,-0.5167809703,2.5424,-0.07642545893,0.4883408947,0.2002671193,4.145407228
2025-05-28 00:00:00.000,TTF,0.006495791657,-0.01337290416,-0.01250359839,0.01538138619,1.273948626,-0.6580300913,0.6513036602,0.02278986629,-1.014585487,0.9572070188,4.3189,-0.520649251,2.4643,-0.08804576338,0.4899682259,0.2294804316,2
2025-05-29 00:00:00.000,TTF,0.007863579327,-0.01283630307,-0.01182486396,0.01361967756,1.612091078,-0.5357649919,0.8342493768,0.01874653904,-1.279249324,0.2711543711,4.0116,-0.5429616447,1.926,-0.1265564335,0.4765699813,0.4515175362,3.430329658
2025-05-30 00:00:00.000,TTF,0.007946712981,-0.01263433709,-0.01070285004,0.01177353967,1.561298081,-0.4872667911,1.120915571,0.01530228947,-1.50031193,-0.5459431006,3.924233333,-0.5515296674,1.765302667,-0.1448197103,0.4607056236,0.2602493765,3.130135948
2025-06-02 00:00:00.000,TTF,0.008937394488,-0.02029295421,-0.01211073515,0.0144472971,1.74629921,-2.143921448,0.7270629619,0.03128668801,-0.413906201,0.488648027,4.264533333,-0.5208084866,2.6691,-0.08753131223,0.4963956835,,12
2025-06-03 00:00:00.000,TTF,0.00914200028,-0.02063778772,-0.01250230004,0.01537915885,1.755415921,-2.217717827,0.6209854073,0.0306425407,-0.4527107921,0.863748683,4.459266667,-0.5095555729,2.7915,-0.08783266742,0.491486157,0.2396080124,11.141759684
2025-06-04 00:00:00.000,TTF,0.009339448112,-0.02015467627,-0.01240405691,0.01496121731,1.702587946,-2.070686017,0.6461890729,0.03067838495,-0.4460984194,0.5848348013,4.269,-0.5232207174,2.6742,-0.09607146948,0.4863304974,0.3051757559,12
2025-06-05 00:00:00.000,TTF,0.00856392236,-0.02013574476,-0.01285668731,0.01592488388,1.424366818,-2.030307906,0.5243482011,0.02961904468,-0.5139920068,1.057290389,4.3974,-0.514890707,2.8876,-0.08689697369,0.5039145211,0.3339299539,4.194077292
2025-06-06 00:00:00.000,TTF,0.008661976481,-0.02037894844,-0.01250980364,0.01526841004,1.418444795,-2.046744401,0.6163983609,0.02874091629,-0.5693443352,0.5910003381,4.4164,-0.51726646,2.9029,-0.0923270824,0.4937921509,0.1834563219,3.347609185
2025-06-09 00:00:00.000,TTF,0.009269606677,-0.01980501932,-0.0122570453,0.01429408744,1.527385385,-1.891239551,0.6818905981,0.02649995989,-0.7161468179,-0.06209796615,4.2347,-0.5268252121,2.4995,-0.1070157651,0.4592597975,,2.874010794
2025-06-10 00:00:00.000,TTF,0.01049497006,-0.01975629646,-0.01174457608,0.01336964705,1.776435255,-1.850859022,0.8118579678,0.02659260092,-0.7057182195,-0.7526012385,4.1513,-0.5362572003,2.2869,-0.1226771709,0.4381091635,0.1712059936,2.54887354
2025-06-11 00:00:00.000,TTF,0.009119442094,-0.02008946889,-0.01225367329,0.01450070414,1.439219084,-1.890632942,0.6749659667,0.02647063166,-0.7098708695,-0.05587438015,4.328266667,-0.5251661358,2.5923,-0.1098992057,0.4430578003,0.1073608199,4.653729935
2025-06-12 00:00:00.000,TTF,0.009260102482,-0.02078189572,-0.01266208309,0.01554574544,1.432487578,-2.001810163,0.5675928679,0.02755267663,-0.6336488144,0.6396143059,4.5325,-0.5128686853,2.764,-0.1035324304,0.4413349216,0.1581999392,2.820068645
2025-06-13 00:00:00.000,TTF,0.00841651198,-0.02239438092,-0.01257968533,0.0162376903,1.206911021,-2.293544647,0.5888395052,0.02731783286,-0.6467369837,1.083938621,4.9805,-0.4849147608,3.2973,-0.08078558465,0.4172568155,0.4720427771,5.190551533
2025-06-16 00:00:00.000,TTF,0.009723527099,-0.02252944573,-0.01348062528,0.0176937569,1.437926738,-2.27409771,0.3526043706,0.02948088902,-0.5001691757,2.095614921,5.0651,-0.4820447138,3.1615,-0.08935959182,0.4115548615,,1.056019306
2025-06-17 00:00:00.000,TTF,0.008902984597,-0.02400988849,-0.01373847165,0.01911821797,1.246257769,-2.520018265,0.2860186063,0.03041379862,-0.4371597462,2.894052914,5.525966667,-0.453524107,3.7659,-0.06186387424,0.4182109103,0.2674010916,2.131746336
2025-06-18 00:00:00.000,TTF,0.01019709885,-0.02362089901,-0.01359802992,0.01843357278,1.499970825,-2.391362905,0.3236617071,0.0284203144,-0.5698536171,1.923362705,5.364733333,-0.4681077585,3.4079,-0.0851360382,0.4041072997,0.1683920447,2.422296662
2025-06-19 00:00:00.000,TTF,0.009938355273,-0.02711441486,-0.01505756258,0.02443827603,1.447367453,-3.017974729,-0.0568728584,0.0369766072,0.002883986101,5.407688395,6.506733333,-0.3903120405,4.7698,-0.01573115526,0.4485906614,0.4516423463,10.880137754
2025-06-20 00:00:00.000,TTF,0.01184379069,-0.02692074328,-0.01510653174,0.02457317291,1.866542433,-2.89658231,-0.06760161041,0.0378470761,0.05941394879,3.393672438,6.335866667,-0.4069808764,4.4232,-0.04016160036,0.3897810337,0.4674852356,4.296798813
2025-06-23 00:00:00.000,TTF,0.01082728526,-0.02557887901,-0.014757658,0.02290034621,1.651938459,-2.570847367,0.02479300921,0.03417290807,-0.1882256652,2.067270387,5.944033333,-0.4354589051,4.1753,-0.05318792807,0.3885326596,,4.180061787
2025-06-24 00:00:00.000,TTF,0.01387024363,-0.02006095446,-0.01222058527,0.01401709532,2.362255887,-1.509271019,0.6835015417,0.02258648478,-0.9644847334,-0.7583407017,4.2885,-0.5561030221,2.2016,-0.1625998573,0.4079779141,0.9014521869,8.851049377
2025-06-25 00:00:00.000,TTF,0.0147941431,-0.01972177651,-0.01257167143,0.01430450256,2.540043263,-1.429731582,0.5905568447,0.02180240622,-1.014577346,-0.6379207514,4.218433333,-0.5634963136,1.8974,-0.1830536203,0.3873636064,0.1996910613,2
2025-06-26 00:00:00.000,TTF,0.0179644967,-0.01738098298,-0.01212202536,0.01239258536,3.268375364,-0.9882422414,0.7050204263,0.01954400909,-1.157875308,-1.149751391,3.6711,-0.6045388413,0.9033,-0.2396180752,0.4188553608,0.1986391114,1.943975816
2025-06-27 00:00:00.000,TTF,0.01771849837,-0.01553920216,-0.01172726761,0.01118154387,3.15845653,-0.6421568936,0.799285759,0.01850447468,-1.218191154,-1.408635718,3.283566667,-0.6349805193,0.3841,-0.2725854528,0.4624256571,0.1810980436,2.631167818
2025-06-30 00:00:00.000,TTF,0.01524808135,-0.0146704473,-0.01114401785,0.01002226683,2.497623974,-0.475032535,0.9367008343,0.01774825941,-1.258824413,-1.636615934,3.101733333,-0.6457640652,0.423603226,-0.2664214902,0.4654510386,,3.126318904
2025-07-01 00:00:00.000,TTF,0.01715497786,-0.01883344937,-0.01218933895,0.01222263084,2.832041324,-1.230320214,0.6630927523,0.02823118015,-0.5487763229,-1.002391052,3.4657,-0.6203516171,1.2415,-0.2236938582,0.3587133819,0.1824094626,12
2025-07-02 00:00:00.000,TTF,0.02039074924,-0.018449604,-0.01224401094,0.01198333073,3.407528446,-1.14659664,0.6466329729,0.02619582707,-0.6795422191,-1.016328133,3.394166667,-0.6254278471,0.8289,-0.2498424805,0.358883835,0.109240944,4.790746939
2025-07-03 00:00:00.000,TTF,0.02033451154,-0.01846914587,-0.01243653731,0.0124019911,3.216072989,-1.138292054,0.5958396465,0.02618120456,-0.6745626771,-0.850420696,3.4227,-0.622707291,0.8497,-0.2541464719,0.3598187467,0.1164894352,12
2025-07-04 00:00:00.000,TTF,0.02165337278,-0.01879672269,-0.0122412052,0.01215490071,3.319472723,-1.186331571,0.6443225455,0.02642301555,-0.6523480969,-0.8670092013,3.468333333,-0.6239262048,0.7986,-0.2642286475,0.3604153764,0.09332374571,3.805198879
2025-07-07 00:00:00.000,TTF,0.01960885745,-0.01751679609,-0.01282314701,0.01282947691,2.769178553,-0.9379989256,0.4969520342,0.02579822385,-0.6883818026,-0.6497893979,3.2455,-0.6352603225,0.8053,-0.2611483839,0.3562828623,,3.64757945
2025-07-08 00:00:00.000,TTF,0.01523077086,-0.01725067304,-0.01301398849,0.013179559,1.862585057,-0.8786817373,0.4485635167,0.02512963464,-0.7273535579,-0.534079234,3.2166,-0.6405239746,1.1817,-0.2478746639,0.3557581427,0.1037371337,3.206284548
2025-07-09 00:00:00.000,TTF,0.01622202377,-0.01746558832,-0.01316105867,0.01344263796,1.997928491,-0.9087657098,0.4112278901,0.02405353878,-0.7937902493,-0.4575993143,3.3004,-0.6365440956,1.2078,-0.2491206638,0.3539720493,0.1073024355,3.422858116
2025-07-10 00:00:00.000,TTF,0.01522790302,-0.01818670926,-0.0130322095,0.01367621069,1.771706511,-1.032878634,0.4437068532,0.02396184361,-0.7935694349,-0.4040987498,3.461933333,-0.6284280193,1.4585,-0.2396889249,0.3671606346,0.1617336523,4.165147109
2025-07-11 00:00:00.000,TTF,0.01357415154,-0.01927171798,-0.01311009958,0.01434762965,1.442674614,-1.211235255,0.4234493448,0.02519111302,-0.7048450281,-0.2376024844,3.7147,-0.6167123796,1.8789,-0.2253338479,0.3533263728,0.106707316,2.768847069
2025-07-14 00:00:00.000,TTF,0.01512538193,-0.01833585487,-0.01306390323,0.01381878888,1.68943933,-1.00604469,0.4350365698,0.02431174954,-0.758161472,-0.3469097412,3.503233333,-0.6275470143,1.5331,-0.2391711409,0.354434464,,2.365788946
2025-07-15 00:00:00.000,TTF,0.01628436461,-0.0176953018,-0.01265350045,0.01270770944,1.856060965,-0.8620473665,0.5387048005,0.02214423438,-0.8980129083,-0.5774330188,3.349733333,-0.6422982047,1.1572,-0.2647160985,0.3579176581,0.3077779688,4.899126204
2025-07-16 00:00:00.000,TTF,0.01335429915,-0.0181649887,-0.01254932312,0.0128523338,1.307364249,-0.9228851992,0.5649848816,0.02333516629,-0.8113058998,-0.4896076609,3.427233333,-0.6399751361,1.5614,-0.2492940987,0.3520318736,0.1495364819,2
2025-07-17 00:00:00.000,TTF,0.01400320073,-0.01702276258,-0.01250412577,0.01236888231,1.395796658,-0.7074076741,0.5763396421,0.02181745667,-0.9069546715,-0.5435279598,3.206833333,-0.6570020123,1.3214,-0.2656904478,0.3503066706,0.1686324355,1.255597426
2025-07-18 00:00:00.000,TTF,0.01541413756,-0.01683420292,-0.01230529696,0.01167210301,1.611442461,-0.6513531146,0.6266284958,0.02263819038,-0.8450824422,-0.6501561415,3.099266667,-0.6683761875,0.9839,-0.2893539045,0.3600524557,0.2145358017,3.493341932
2025-07-21 00:00:00.000,TTF,0.01420142378,-0.0180092186,-0.01172004292,0.01124370242,1.374243822,-0.8476385177,0.7751442306,0.02410262527,-0.7410669953,-0.7229010116,3.255333333,-0.6566383287,1.222,-0.2749697122,0.3480650639,,3.511659081
2025-07-22 00:00:00.000,TTF,0.01463391748,-0.01737697439,-0.01186490782,0.01132009105,1.42700714,-0.7236869444,0.731641685,0.02371586225,-0.7616725046,-0.7260826987,3.151833333,-0.6674026495,1.1211,-0.2867002034,0.3580139304,0.1352791371,4.061521366
2025-07-23 00:00:00.000,TTF,0.01598115964,-0.0164551523,-0.01160624596,0.01056771479,1.634954996,-0.5455933196,0.7877667871,0.02232883862,-0.8491557329,-1.776003507,2.976866667,-0.6803859603,0.7358,-0.3107270676,0.3723345791,0.1816680431,4.1092993
2025-07-24 00:00:00.000,TTF,0.01912210188,-0.01529503317,-0.01097961682,0.009404471042,2.142341426,-0.3362334409,0.9297644927,0.0217096956,-0.8851861486,-2.588548168,2.762533333,-0.6969168056,0.2445,-0.3403592538,0.3642697293,0.4906102272,2.908088145
2025-07-25 00:00:00.000,TTF,0.01958843982,-0.01544719729,-0.01105786019,0.009511728033,2.173758546,-0.3569462664,0.8944270945,0.02134577149,-0.9037416954,-2.130943466,2.784833333,-0.7000047522,0.2732,-0.3444927067,0.3527540735,0.1471004397,2.260301088
2025-07-28 00:00:00.000,TTF,0.02025282057,-0.01578239263,-0.01175257585,0.01069207707,2.244819434,-0.4094865843,0.7104067898,0.02046696134,-0.9567285557,-0.9796259891,2.927433333,-0.6885003366,0.2885,-0.3425329975,0.3463566427,,1.216125459
2025-07-29 00:00:00.000,TTF,0.0183400872,-0.01688982298,-0.01217548489,0.01175529321,1.878554667,-0.5958436806,0.6009863061,0.02040794709,-0.9538863723,-0.1892687533,3.191866667,-0.6751970013,0.683,-0.3252058108,0.3658080328,0.1723258075,3.203826313
2025-07-30 00:00:00.000,TTF,0.01864460731,-0.01726593619,-0.01233319799,0.01205127864,1.900290385,-0.6548214648,0.5570188779,0.02000182828,-0.9744541687,-0.03871414831,3.2992,-0.6708149979,0.7337,-0.3272919632,0.3644804375,0.1570386741,2.792234286
2025-07-31 00:00:00.000,TTF,0.01753722672,-0.01690543908,-0.0123305538,0.01208694148,1.690200855,-0.5913420563,0.5531287018,0.0199956131,-0.968322019,-0.005616757997,3.234933333,-0.6771079735,0.831503226,-0.3266882267,0.3496904736,0.1661551446,2.181953664
2025-08-01 00:00:00.000,TTF,0.01816987129,-0.01534037825,-0.01232684031,0.01177647096,1.733095051,-0.312742333,0.5506639014,0.02425340469,-0.6733451201,-0.2439262583,2.9594,-0.6978583617,0.9389,-0.3257195393,0.2596979121,0.5952944067,12
2025-08-04 00:00:00.000,TTF,0.01852356144,-0.01601156812,-0.01215458286,0.01167024127,1.749730509,-0.4295592825,0.5869417506,0.02370925658,-0.7040696082,-0.3017098559,3.118866667,-0.6843550631,1.0665,-0.3208509493,0.2526066452,,5.19704441
2025-08-05 00:00:00.000,TTF,0.01724081732,-0.01663007736,-0.01239377494,0.01225494044,1.452821993,-0.5359854665,0.5262546659,0.02461744727,-0.6360113557,0.1572294803,3.255433333,-0.6783059767,1.3538,-0.3122401943,0.2675999034,0.4525492672,3.940654694
2025-08-06 00:00:00.000,TTF,0.01916073788,-0.0152757965,-0.01170596214,0.01059231312,1.673535158,-0.2904570281,0.6907113391,0.02359858722,-0.699463791,-1.085017589,2.9009,-0.6979796975,0.833,-0.3434676093,0.2683495308,0.3790790035,3.448245944
2025-08-07 00:00:00.000,TTF,0.01834849579,-0.01497596535,-0.01153910716,0.01029844448,1.473282259,-0.2354055017,0.7251445985,0.02348096299,-0.701258604,-1.208353507,2.8255,-0.7017062273,0.8902,-0.3456781458,0.2581107981,0.1381139905,2.710459655
2025-08-08 00:00:00.000,TTF,0.01884714957,-0.01476682718,-0.01094041363,0.009339370479,1.480937528,-0.1960737891,0.8678612133,0.02406801713,-0.6546641874,-1.82873598,2.724433333,-0.7083237623,0.7844,-0.3554526305,0.2693559109,0.2464039504,2.692422025
2025-08-11 00:00:00.000,TTF,0.01704776714,-0.0147885925,-0.01128944807,0.009906855348,1.188986367,-0.1967010345,0.7750977259,0.02299136575,-0.7227734028,-1.220164665,2.7934,-0.6987966998,1.0226,-0.3422438841,0.2444736926,,1.41204155
2025-08-12 00:00:00.000,TTF,0.01884188023,-0.01419690106,-0.01072704803,0.008951997111,1.402945833,-0.08733334444,0.9124592303,0.02267427697,-0.738365763,-1.951358652,2.624833333,-0.7092506492,0.6945,-0.3603432778,0.2826297445,0.3023686655,2.12268517
2025-08-13 00:00:00.000,TTF,0.01769905242,-0.01476282245,-0.0108072381,0.009196285788,1.200414381,-0.1854481523,0.8790160406,0.02256355288,-0.7396798995,-1.606733547,2.752266667,-0.7022509237,0.9173,-0.353481916,0.2581934557,0.1041504051,2
2025-08-14 00:00:00.000,TTF,0.0188527424,-0.01416151889,-0.01072651524,0.008776151731,1.325974223,-0.07275817222,0.8853423352,0.02188448539,-0.7804477955,-1.806858035,2.622133333,-0.7098646813,0.7294,-0.3653079063,0.2788765794,0.2005580712,4.976687451
2025-08-15 00:00:00.000,TTF,0.01982093887,-0.01469368548,-0.01035746766,0.00828820505,1.417193893,-0.1650604468,0.9652813733,0.02399112562,-0.6278113176,-2.048189918,2.627266667,-0.7089378344,0.7029,-0.3671842343,0.2796709614,0.8724287182,4.909056179
2025-08-18 00:00:00.000,TTF,0.01919025478,-0.01544661537,-0.009837733705,0.007798657369,1.278345169,-0.2992739725,1.08378234,0.02346060697,-0.6594755114,-2.200060569,2.766566667,-0.6937028746,0.9202,-0.3480080385,0.256452464,,1.201506751
2025-08-19 00:00:00.000,TTF,0.01953232265,-0.01496472524,-0.01013533038,0.008042600025,1.278949609,-0.2071938462,1.003253992,0.02271492187,-0.7064859496,-1.710489762,2.682366667,-0.6988757057,0.7705,-0.3552817435,0.2737982677,0.2563685699,2
2025-08-20 00:00:00.000,TTF,0.01687291518,-0.01566364859,-0.0104205253,0.008730195484,0.9086554312,-0.333074403,0.9179300221,0.02208662623,-0.7458895977,-1.033418248,2.8762,-0.6850453583,1.1516,-0.3351313181,0.269803041,0.1199703809,3.055602033
2025-08-21 00:00:00.000,TTF,0.01553230798,-0.01640336324,-0.01083370622,0.009691098612,0.7197151363,-0.4639837408,0.8073273593,0.022495883,-0.7142542292,-0.2711050013,3.0838,-0.6682758206,1.4925,-0.3126722567,0.2694226638,0.2133548538,2.542792365
2025-08-22 00:00:00.000,TTF,0.01417792465,-0.01649830771,-0.01086058984,0.009843504283,0.5429199466,-0.4753734303,0.7895939032,0.02240295564,-0.7205778114,-0.1361667118,3.12135,-0.6655379879,1.65469,-0.3024405724,0.2554789365,0.1923667404,2
2025-08-25 00:00:00.000,TTF,0.01417792465,-0.01649830771,-0.01086058984,0.009843504283,0.5407871322,-0.4669114012,0.7817975205,0.0221229015,-0.7405738531,-0.1514289833,3.12135,-0.6568137097,1.65469,-0.2900686492,0.2575115955,,0.7862847131
2025-08-26 00:00:00.000,TTF,0.01250704511,-0.01659058024,-0.01046752219,0.009324686275,0.3186448766,-0.4879145425,0.868530299,0.02265390164,-0.7047422179,-0.5274862306,3.132936667,-0.6565102178,1.88427,-0.2794221186,0.2523331344,0.1701780996,2
2025-08-27 00:00:00.000,TTF,0.01393340834,-0.01554792412,-0.01011334833,0.008420719111,0.5015780258,-0.2930620079,0.9459247883,0.02089984637,-0.8276521319,-1.115488551,2.876953333,-0.6686054789,1.48384,-0.2942805571,0.2667973636,0.2232485067,1.961152263
2025-08-28 00:00:00.000,TTF,0.01419626619,-0.01448507077,-0.009568370705,0.007301201214,0.5343013118,-0.08031586241,1.053806896,0.02006828916,-0.8786703523,-1.813141615,2.60574,-0.6815198215,1.16322,-0.3046872995,0.282768195,0.2705141422,2.178874836
2025-08-29 00:00:00.000,TTF,0.01597807965,-0.01389355377,-0.009429317998,0.007015858016,0.7769581595,0.04084524534,1.072936486,0.01965008,-0.9006560663,-1.841470952,2.500993333,-0.6863800431,0.903225667,-0.3121492317,0.2701120631,0.1988880735,1.963716786
2025-09-01 00:00:00.000,TTF,0.01410063301,-0.01005883765,-0.01018454102,0.007992385163,0.5000209246,0.7822366387,0.8832420894,0.01845188091,-0.976750317,-0.987818061,2.508433333,-0.6768744738,0.90336,-0.2958224368,0.2215124605,,12
2025-09-02 00:00:00.000,TTF,0.0145554499,-0.009314315999,-0.0101512324,0.007726707015,0.5512447206,0.9275936301,0.8818592277,0.01761256235,-1.027373909,-1.113037116,2.329536667,-0.6862661351,0.69112,-0.3084683654,0.236139977,0.1341821497,4.874586113
2025-09-03 00:00:00.000,TTF,0.01428380558,-0.009443358417,-0.01006127288,0.007702291908,0.5038367506,0.9048871516,0.8863975485,0.01805746161,-0.9883583824,-1.062415783,2.37375,-0.6821245428,0.82614,-0.3018454654,0.2311478316,0.1366407976,3.536500576
2025-09-04 00:00:00.000,TTF,0.01406827613,-0.009430186172,-0.01033858951,0.008272498809,0.4609124503,0.9060077636,0.8101813828,0.01746184198,-1.02193112,-0.5161259132,2.365246667,-0.6803911699,0.80694,-0.3015400355,0.23184125,0.1938023671,6.910237549
2025-09-05 00:00:00.000,TTF,0.01444446249,-0.01024474202,-0.01020410117,0.008067727884,0.4936636393,0.751408296,0.8333319216,0.01638040305,-1.088988102,-0.6613610762,2.434246667,-0.6753625306,0.83685,-0.299906828,0.2195730577,0.2578012218,3.093945282
2025-09-08 00:00:00.000,TTF,0.01182649378,-0.0111301109,-0.0106413537,0.009207994359,0.1017560167,0.5847305977,0.7229242391,0.0175412712,-1.000294072,0.7177109459,2.763416667,-0.6465488221,1.35211,-0.2681389969,0.2054387827,,3.140599108
2025-09-09 00:00:00.000,TTF,0.01208247196,-0.01085905379,-0.01061007568,0.009004392825,0.1257450947,0.6450109723,0.7220682086,0.01707926242,-1.025274713,0.4942475452,2.698946667,-0.6501192504,1.25797,-0.2770693715,0.2084671004,0.125755971,2
2025-09-10 00:00:00.000,TTF,0.01168205741,-0.01070967124,-0.01064457634,0.009046972669,0.05915133796,0.6854618791,0.7035097509,0.01703285254,-1.021789504,0.6280038981,2.695193333,-0.6475258153,1.27986,-0.2772328599,0.2090380127,0.1195866039,1.963955449
2025-09-11 00:00:00.000,TTF,0.01374896433,-0.01009359647,-0.01028779605,0.008239362626,0.3369383665,0.8048322304,0.7742189556,0.01595721402,-1.089823151,-0.3636359842,2.488596667,-0.6560068667,0.87351,-0.2955664357,0.2224500906,0.1142977039,5.609541156
2025-09-12 00:00:00.000,TTF,0.01347607499,-0.009994192378,-0.0105034635,0.008571419744,0.2881066203,0.8130897356,0.7228451282,0.01579136097,-1.094846937,0.09792037947,2.50048,-0.6534360265,0.96857,-0.2912708919,0.2235719607,0.1938574714,9.203813819
2025-09-15 00:00:00.000,TTF,0.01478225481,-0.009501253703,-0.01029969425,0.008025839435,0.4628441113,0.9076127801,0.766659117,0.01521094321,-1.129130161,-0.5662587909,2.349283333,-0.6525551605,0.69875,-0.2986433469,0.2362957187,,1.057924702
2025-09-16 00:00:00.000,TTF,0.01509301229,-0.009554117814,-0.01046463389,0.008158903996,0.4934511475,0.8925835139,0.7220952282,0.01551439454,-1.103368034,-0.3832967695,2.361376667,-0.6522976794,0.67259,-0.3057212103,0.2394235868,0.08633126968,1.850181558
2025-09-17 00:00:00.000,TTF,0.01427077933,-0.009594088814,-0.01060800873,0.00833335329,0.363099724,0.8693890655,0.6824639395,0.0152894582,-1.114522786,-0.192129014,2.357773333,-0.6493949143,0.73697,-0.305719081,0.2391576626,0.1443331842,2.775563859
2025-09-18 00:00:00.000,TTF,0.01204179291,-0.009120066762,-0.01095868544,0.008943304939,0.04060138351,0.9588696501,0.6014145726,0.01475672339,-1.146122477,0.5564954623,2.315346667,-0.6477007522,0.90732,-0.2989779817,0.2412401157,0.2910258383,1.817363934
2025-09-19 00:00:00.000,TTF,0.012867134,-0.008000915713,-0.0104700377,0.007888448244,0.1491828469,1.170857549,0.713832848,0.01469672792,-1.145789868,-0.7790746384,2.011953333,-0.6625598643,0.62503,-0.3147276369,0.2581494735,0.3053191097,4.721967987
2025-09-22 00:00:00.000,TTF,0.01267568482,-0.007708393098,-0.01010826523,0.00731277613,0.1156366435,1.226990509,0.793186431,0.0154217168,-1.091606038,-1.459736529,1.95541,-0.6551207774,0.57861,-0.312608489,0.2793559531,,3.418871452
2025-09-23 00:00:00.000,TTF,0.01118378778,-0.008016810945,-0.01044846388,0.007885031643,-0.1020433107,1.169517105,0.7118151869,0.01491534856,-1.120948314,-0.5782519356,2.069513333,-0.6486751563,0.80281,-0.3076186724,0.2792368073,0.2432719948,3.057538055
2025-09-24 00:00:00.000,TTF,0.01173829438,-0.007313179193,-0.01023346996,0.007323985203,-0.02933160203,1.302175841,0.7625811308,0.0153854634,-1.084293847,-1.389131876,1.819886667,-0.6607164551,0.5309,-0.3228924487,0.2857313363,0.2983225365,2.350823298
2025-09-25 00:00:00.000,TTF,0.01026447489,-0.008241535588,-0.01051917164,0.007997725814,-0.2411293223,1.118868704,0.6945937677,0.01500023217,-1.105275246,-0.1932584483,2.107003333,-0.6416561216,0.89302,-0.3058970486,0.2855701273,0.2676082573,2.249316169
2025-09-26 00:00:00.000,TTF,0.0109111385,-0.007998961772,-0.01072481619,0.008274147146,-0.1554687266,1.162855853,0.6344956559,0.0143158672,-1.142918435,0.2920126328,2.06147,-0.6439048392,0.79338,-0.3115315131,0.2808397307,0.1974814458,6.150253602
2025-09-29 00:00:00.000,TTF,0.01196677952,-0.0079402486,-0.01029056066,0.007585159667,-0.01112349026,1.172290845,0.739899517,0.01372450107,-1.173655681,-0.9564432771,1.996706667,-0.6380711745,0.63582,-0.3121212751,0.2956991307,,1.51502529
2025-09-30 00:00:00.000,TTF,0.01155909295,-0.006707845299,-0.009897123779,0.006687450571,-0.08599442986,1.404243922,0.827313391,0.0129476019,-1.216699005,-2.748473913,1.64625,-0.658375283,0.374483226,-0.3314578142,0.3180278435,0.4674664134,2.901979278
2025-10-01 00:00:00.000,TTF,0.007322417885,-0.002054357273,-0.01002423897,0.007187060043,-0.7790656802,2.281292357,0.7934894312,0.02060054233,-0.6910196955,-1.464394278,1.6381,-0.6567635478,0.55714,-0.3244443872,0.3110386029,0.1272017523,12
2025-10-02 00:00:00.000,TTF,0.008044854521,-0.001914422197,-0.009830229925,0.006921327806,-0.6655216153,2.299576763,0.8389806655,0.02048705932,-0.69262748,-1.770796434,1.58924,-0.6606410304,0.45398,-0.3293032899,0.3251970928,0.148082862,5.123171663
2025-10-03 00:00:00.000,TTF,0.007500881998,-0.002052063145,-0.009687622181,0.006785947329,-0.7647150464,2.190504745,0.8755381298,0.0200624245,-0.7158948178,-1.801501333,1.667516667,-0.6570886795,0.57458,-0.3243425963,0.3288530629,0.3016187155,3.303130195
2025-10-06 00:00:00.000,TTF,0.00424897161,-0.003574867609,-0.0105008267,0.008423879921,-1.302435517,1.876403887,0.677077589,0.01788586272,-0.8575082248,0.6018528372,2.17001,-0.626229761,1.39748,-0.2772690889,0.2824762471,,3.346245128
2025-10-07 00:00:00.000,TTF,0.003813614041,-0.004082584322,-0.01071762465,0.008762732713,-1.373049819,1.775742597,0.6209590848,0.01731947172,-0.8892454742,1.023672011,2.339226667,-0.623072124,1.5786,-0.273893874,0.2749698193,0.3266275485,12
2025-10-08 00:00:00.000,TTF,0.00527082223,-0.003424283322,-0.01038770187,0.008057486526,-1.133695927,1.883582825,0.7056120307,0.01709893115,-0.897704446,0.1215622778,2.07714,-0.6419765042,1.18754,-0.2951444352,0.2919226525,0.2924782324,12
2025-10-09 00:00:00.000,TTF,0.005439251688,-0.003200547874,-0.01008368143,0.007568671241,-1.107858096,1.909854313,0.7806400223,0.01744093765,-0.8682527461,-0.5195736137,2.035326667,-0.6467254244,1.11434,-0.297582229,0.2962035562,0.2369478401,2
2025-10-10 00:00:00.000,TTF,0.00624164344,-0.003059436704,-0.009989763524,0.007438685373,-0.9793878576,1.87457348,0.799576378,0.01670921076,-0.911432336,-0.6511140762,2.061593333,-0.6474641747,1.06687,-0.3005419647,0.3065149932,0.4713993848,2.374908595
2025-10-13 00:00:00.000,TTF,0.006471717855,-0.002734698209,-0.009759433444,0.007001967601,-0.9448215592,1.88993739,0.8550210015,0.01702259797,-0.8847615918,-1.276520844,1.838313333,-0.6596322814,0.88204,-0.304149555,0.3268407391,,1.752700962
2025-10-14 00:00:00.000,TTF,0.005504146254,-0.003470441079,-0.009944469441,0.007495892327,-1.10630173,1.761122786,0.80816749,0.01644923001,-0.9176880762,-0.3852491144,2.028703333,-0.6559019089,1.16808,-0.2951824215,0.3055564495,0.2736250181,2
2025-10-15 00:00:00.000,TTF,0.004424196404,-0.003420955216,-0.009970019992,0.007503107757,-1.285354955,1.789295342,0.8008374217,0.01605614214,-0.9386813823,-0.3349819002,2.021423333,-0.6603679008,1.24712,-0.2939508111,0.3031754755,0.1371504318,2
2025-10-16 00:00:00.000,TTF,0.003007320215,-0.003973272162,-0.01014407581,0.007976377701,-1.517764286,1.674978879,0.7564762757,0.01570455503,-0.9566406468,0.4641597171,2.194063333,-0.6527984824,1.57642,-0.2794812079,0.2974948451,0.209178407,2.120157011
2025-10-17 00:00:00.000,TTF,0.003750593794,-0.00362189523,-0.01001645329,0.00772829864,-1.390251726,1.761753325,0.7912403547,0.01567111343,-0.9529608944,0.09862206925,2.08113,-0.6617861997,1.40086,-0.2911893346,0.3071659182,0.2563534441,1.864697342
2025-10-20 00:00:00.000,TTF,0.004014119425,-0.003324718133,-0.009888621352,0.007525844552,-1.343510444,1.782440843,0.8269246974,0.01558927595,-0.952410817,-0.1550859423,2.051486667,-0.6623895324,1.29519,-0.2922764034,0.3219622132,,1.778226635
2025-10-21 00:00:00.000,TTF,0.004287729353,-0.00403412611,-0.01018779805,0.007996939899,-1.295477691,1.611702683,0.7475268944,0.01456734736,-1.014197104,0.7517954392,2.222873333,-0.6587348594,1.43331,-0.290393381,0.3184631926,0.3567253942,2.656168442
2025-10-22 00:00:00.000,TTF,0.004967345139,-0.003322437792,-0.0100551193,0.007536386299,-1.180769632,1.70701309,0.7850450822,0.01411455674,-1.036759458,-0.1640909548,1.97677,-0.6696944805,1.07813,-0.3086278449,0.3354595459,0.3476750679,2
2025-10-23 00:00:00.000,TTF,0.005194027454,-0.003252258104,-0.01055260076,0.008232448139,-1.140685256,1.694351881,0.6477013154,0.01372308413,-1.05520637,1.160173008,2.038026667,-0.6612952573,1.10071,-0.3075665159,0.3413108534,0.270047528,2.02625527
2025-10-24 00:00:00.000,TTF,0.005537395527,-0.002953087229,-0.01038002922,0.007881695703,-1.083202643,1.695514724,0.6988479726,0.01358985245,-1.05603061,0.4179039582,1.935546667,-0.665948687,0.94879,-0.313572331,0.3515306864,0.1356647443,2
2025-10-27 00:00:00.000,TTF,0.004863668062,-0.002438408523,-0.01023561861,0.007547945693,-1.191895635,1.745678497,0.7374491565,0.0143586819,-0.9976568809,-0.1797140515,1.857173333,-0.6663299078,0.87724,-0.3116230108,0.3622646709,,1.127452315
2025-10-28 00:00:00.000,TTF,0.004339979847,-0.002733599919,-0.0103114401,0.007669484902,-1.2762974,1.676830303,0.7162962115,0.01400748728,-1.014212658,0.1094728397,1.948363333,-0.6669838904,0.97416,-0.3089509116,0.3547253646,0.1245221548,1.701246376
2025-10-29 00:00:00.000,TTF,0.004363384113,-0.003077479634,-0.01058399046,0.00822564123,-1.265684476,1.577966444,0.6327238183,0.01390528563,-1.013073886,1.154919337,2.074116667,-0.6624464797,1.15161,-0.2997357401,0.3399069366,0.2453296248,1.532809535
2025-10-30 00:00:00.000,TTF,0.00661324378,-0.002313222576,-0.01052342275,0.007792643433,-0.8937584787,1.668474861,0.6461087802,0.0143487712,-0.9761123342,0.2078967063,1.768896667,-0.6798749352,0.68206,-0.3198474758,0.3893217356,0.2224302554,1.888347502
2025-10-31 00:00:00.000,TTF,0.006347155549,-0.001945773425,-0.01039544088,0.007563516324,-0.936543386,1.700827429,0.6787265197,0.01443785385,-0.9628365387,-0.3176334176,1.654763333,-0.6864462479,0.596372,-0.3199866725,0.3914001328,0.1163954325,1.469457758
2025-11-03 00:00:00.000,TTF,-0.0009429644373,0.003873027375,-0.01005817849,0.00805509951,-2.124551001,2.600350526,0.770737213,0.02672673456,-0.141041445,0.6785209364,1.797273333,-0.6755253306,0.47646,-0.3119725262,0.5466688245,,12
2025-11-04 00:00:00.000,TTF,-0.001317638111,0.003320029701,-0.01037761435,0.00885049362,-2.183218146,2.478883334,0.6763039399,0.02530739503,-0.2292605817,2.613048779,2.019616667,-0.6687052559,0.8456,-0.2947976998,0.5317436331,0.1685358205,6.767947283
2025-11-05 00:00:00.000,TTF,-0.0006924856494,0.003732080261,-0.01017853079,0.008282292756,-2.096364191,2.503736817,0.7329274898,0.02435193644,-0.2863386321,1.029344137,1.77556,-0.6832567413,0.49774,-0.3080412954,0.529661658,0.43872264,12
2025-11-06 00:00:00.000,TTF,-0.0009691876386,0.003881698965,-0.01009778119,0.008077990462,-2.142935218,2.533657738,0.7572894668,0.02381044937,-0.3155212523,0.6794611756,1.738233333,-0.6835207899,0.42676,-0.3066024326,0.5382271341,0.1487985918,4.029196459
2025-11-07 00:00:00.000,TTF,-7.52376239e-05,0.003911423627,-0.009783270228,0.007596748222,-1.962084001,2.560062052,0.8516697247,0.02359814237,-0.3229808889,-0.5253326775,1.5682,-0.6915677341,0.29282,-0.3108623302,0.539393636,0.1555872561,3.215553824
2025-11-10 00:00:00.000,TTF,-0.0002770099964,0.003943579693,-0.009680405254,0.007425374027,-1.961106052,2.558193203,0.8844890634,0.02300999424,-0.3567586458,-0.9583242656,1.49915,-0.6875758888,0.23554,-0.3007730783,0.5613880858,,2.717662538
2025-11-11 00:00:00.000,TTF,-0.0005177331643,0.003712424991,-0.009872271798,0.007819427271,-1.965334529,2.472867707,0.8269677924,0.02226567191,-0.4022103868,0.02875053031,1.572223333,-0.6881966114,0.36089,-0.2944891841,0.544585165,0.3013742794,2
2025-11-12 00:00:00.000,TTF,-0.0007048162605,0.003674654815,-0.009658602482,0.007539992784,-1.9759336,2.422712344,0.8914974732,0.02202788435,-0.4128899308,-0.863388565,1.53928,-0.6911294039,0.33525,-0.294110916,0.5403658904,0.2360791616,2
2025-11-13 00:00:00.000,TTF,0.000347319519,0.003951286497,-0.009640075686,0.007347742382,-1.798958229,2.414079183,0.8927259245,0.02217772091,-0.3957812156,-1.418433482,1.385526667,-0.696841852,0.13191,-0.2996497773,0.5783821776,0.2136203971,1.32532252
2025-11-14 00:00:00.000,TTF,-0.001423726902,0.00320164853,-0.009838457186,0.007942346458,-2.028121739,2.249554284,0.8336344375,0.02090448988,-0.4838265143,0.2781130643,1.647016667,-0.6804226483,0.54117,-0.2754010724,0.5264317317,0.1526032938,2
2025-11-17 00:00:00.000,TTF,-0.001936347595,0.002910167143,-0.01002064899,0.008475344187,-2.030053021,2.162054939,0.7698331253,0.02045877555,-0.5123573575,1.755791623,1.852896667,-0.6592915918,0.7932,-0.2487486495,0.5217871515,,1.404739441
2025-11-18 00:00:00.000,TTF,-0.001951755087,0.002657117451,-0.009968640788,0.008590604769,-1.927014808,2.083880475,0.7878236468,0.02015677137,-0.5319521324,1.85129498,1.939126667,-0.658883448,0.90567,-0.2437287331,0.5000638808,0.2159839843,2
2025-11-19 00:00:00.000,TTF,-0.001088265647,0.002994303631,-0.009650103745,0.007938734992,-1.749891604,2.050895528,0.8922368468,0.02001228717,-0.5385768121,0.0307740121,1.682603333,-0.673867134,0.59954,-0.2590459777,0.5069457873,0.1341564688,2
2025-11-20 00:00:00.000,TTF,-0.001497994144,0.003092285892,-0.009721638843,0.008105172946,-1.778242377,2.07711046,0.8664342804,0.02040666527,-0.5029765794,0.4464626274,1.769673333,-0.6661383524,0.66348,-0.2499027711,0.51345608,0.282179249,2
2025-11-21 00:00:00.000,TTF,-0.002409980849,0.002919923821,-0.009064231021,0.007544648605,-1.879205537,1.985574497,1.084903051,0.02227190858,-0.3447091099,-1.017501982,1.860733333,-0.6592141047,0.83257,-0.2368065442,0.5146214918,0.7217047333,5.506438574
2025-11-24 00:00:00.000,TTF,-0.001634890018,0.003597351121,-0.008922053616,0.007169554368,-1.700957349,2.005843527,1.140406098,0.02157023341,-0.3961958408,-1.857542652,1.622986667,-0.6628006344,0.50306,-0.241215293,0.5134679345,,1.011659038
2025-11-25 00:00:00.000,TTF,-0.00122859126,0.00384103441,-0.008754061674,0.006814204501,-1.559296462,2.044115778,1.207352637,0.02102675795,-0.4357678231,-2.460673295,1.591646667,-0.6688506423,0.43646,-0.2440584188,0.5223531151,0.2137468639,2
2025-11-26 00:00:00.000,TTF,-0.001543239611,0.00387029571,-0.008669596382,0.006671920856,-1.563229099,2.031492882,1.243031447,0.02086857326,-0.4433089803,-2.40630964,1.563863333,-0.6721456639,0.43423,-0.2434397277,0.5238017569,0.1477576234,2
2025-11-27 00:00:00.000,TTF,-0.0006288744508,0.004137237854,-0.008570624992,0.006289009161,-1.428313012,1.976018374,1.271855895,0.01892282015,-0.6177062784,-2.740632159,1.4416,-0.6761406916,0.21676,-0.2487408123,0.551185627,0.4093455511,1.768035801
2025-11-28 00:00:00.000,TTF,-0.001483113199,0.004259475638,-0.008292504156,0.00588748446,-1.502079064,1.939809035,1.364152334,0.01880502151,-0.6358639858,-2.876882185,1.386822258,-0.6767478809,0.207846774,-0.2444673563,0.5742177903,0.1478270841,2
2025-12-01 00:00:00.000,TTF,-0.0121954124,0.007567204317,-0.007043574895,0.005225805445,-2.791236221,2.306588059,1.799604919,0.03068566595,0.5271849117,-3.203314237,3.584376667,-0.5475441244,-0.07073,-0.2476433699,0.8709195105,,12
2025-12-02 00:00:00.000,TTF,-0.01175890549,0.007371426855,-0.006621215324,0.004909498674,-2.6936384,2.146564061,1.934231695,0.02926458338,0.4168049922,-2.849595017,3.52666,-0.5552208301,-0.10125,-0.2480896826,0.8845805565,0.4070070825,5.399144226
2025-12-03 00:00:00.000,TTF,-0.01004044774,0.006950005531,-0.006876553401,0.005050341426,-2.370524752,1.976479448,1.826108705,0.027736808,0.2851282427,-2.170444804,3.54184,-0.5570562187,-0.18136,-0.2496839337,0.8853340316,0.3067138611,3.447408919
2025-12-04 00:00:00.000,TTF,-0.007233883807,0.007398814035,-0.005942850721,0.003922367432,-2.020690664,1.972254294,2.138670499,0.02727293252,0.2532284227,-2.910421052,3.242826667,-0.5721526732,-0.50434,-0.2599345056,0.9580305484,0.5666859191,12
2025-12-05 00:00:00.000,TTF,-0.00792979995,0.007445596594,-0.005903684642,0.003936752313,-2.12091283,1.928476483,2.128603908,0.02588792195,0.1151846334,-2.344089335,3.28238,-0.5700425256,-0.4605,-0.251497655,0.9238745331,0.1121245171,2.538335555
2025-12-08 00:00:00.000,TTF,-0.009437238038,0.007326832056,-0.00557341962,0.003818020864,-2.252048841,1.901947667,2.219738243,0.02578640891,0.1106857755,-2.07278982,3.241113333,-0.5681715455,-0.33496,-0.2294247162,0.9185800465,,2.634394923
2025-12-09 00:00:00.000,TTF,-0.01176286684,0.0064907832,-0.005874845455,0.004339245065,-2.469612263,1.769797754,2.08521996,0.02447165806,-0.0307934382,-1.454360077,3.39799,-0.5633051705,0.03117,-0.2063784054,0.8234898127,0.2736364435,3.191380658
2025-12-10 00:00:00.000,TTF,-0.01070836972,0.007232926999,-0.00520696026,0.003794935939,-2.237677055,1.813639763,2.288653384,0.02400173527,-0.07987292721,-1.644960875,3.27423,-0.5739480653,-0.16618,-0.2172289663,0.8596529955,0.91424242,12
2025-12-11 00:00:00.000,TTF,-0.01137761776,0.006990176353,-0.005400245152,0.004099986024,-2.210990775,1.766954824,2.189476357,0.02350351056,-0.1331844571,-1.283773615,3.37972,-0.5673400763,-0.06732,-0.2065123965,0.8792173427,0.2983500784,3.191541792
2025-12-12 00:00:00.000,TTF,-0.0135332196,0.006808007895,-0.005932307942,0.004842390003,-2.325755772,1.76151205,1.979790976,0.02279791884,-0.2125485771,-0.7279690061,3.573863333,-0.554862316,0.17695,-0.1868601392,0.8035949055,0.3180118614,2.752129878
2025-12-15 00:00:00.000,TTF,-0.01359099922,0.006926602071,-0.005873511827,0.004782755024,-2.216282261,1.766270865,1.975710934,0.02291293118,-0.2006406027,-0.6950785339,3.550943333,-0.5507607027,0.20663,-0.1678323429,0.821898479,,2.454243621
2025-12-16 00:00:00.000,TTF,-0.01439734751,0.006983694729,-0.005252786134,0.004252130715,-2.110064943,1.779078,2.161060346,0.02207285377,-0.2959954191,-0.9418378306,3.41083,-0.5633031489,0.25797,-0.1626769171,0.7982649808,0.2766095138,2.153578556
2025-12-17 00:00:00.000,TTF,-0.0154646202,0.006749878631,-0.005333166053,0.004355203897,-2.108440008,1.736550074,2.108527933,0.0198193409,-0.546807952,-0.799372304,3.432183333,-0.5641092744,0.39615,-0.1556111709,0.7655268011,0.3345519524,2.568720526
2025-12-18 00:00:00.000,TTF,-0.01594803254,0.006338462292,-0.005430779597,0.004534308402,-2.117662723,1.678677202,2.053785545,0.01875705363,-0.6651053765,-0.6100038684,3.468746667,-0.5607004392,0.50355,-0.1452615024,0.7112950534,0.1022849707,4.696947111
2025-12-19 00:00:00.000,TTF,-0.0164385216,0.005886756757,-0.005581962162,0.004806016951,-2.092432602,1.606657186,1.983445101,0.01742427441,-0.8130895639,-0.3356655775,3.518563333,-0.5584480542,0.69143,-0.1305074213,0.7127294124,0.1813133017,2
2025-12-22 00:00:00.000,TTF,-0.01324265399,0.006036832079,-0.005306475176,0.004369247313,-1.756420817,1.59160761,2.060481295,0.01644866879,-0.9187081874,-0.623637011,3.490813333,-0.5603835664,0.33818,-0.1491114331,0.6735509985,,1.034744755
2025-12-23 00:00:00.000,TTF,-0.01296476427,0.006146652018,-0.005528110121,0.004438395979,-1.738671959,1.586411789,1.971290736,0.01578614526,-0.9888985869,-0.4917517375,3.485066667,-0.5643741786,0.28878,-0.1498377296,0.651743015,0.1963372199,2
2025-12-24 00:00:00.000,TTF,-0.01272822358,0.005726438789,-0.005649706196,0.004669480241,-1.693494459,1.506985591,1.919388113,0.01523591399,-1.043748081,-0.1625587104,3.56057,-0.5634821164,0.34624,-0.1506064667,0.6649028924,0.1026615861,1.638556233
2025-12-29 00:00:00.000,TTF,-0.01432421614,0.005390891811,-0.005822248138,0.004998446419,-1.812382574,1.451631168,1.848255515,0.01502947868,-1.058242168,0.3656038426,3.647733333,-0.5589368181,0.56663,-0.1288812958,0.7021302481,,3.209347955
2025-12-30 00:00:00.000,TTF,-0.01229100531,0.005732929858,-0.005482127864,0.004439518905,-1.591968126,1.451576002,1.949235801,0.01500798488,-1.052341299,-0.3040267184,3.506403333,-0.5715251079,0.24878,-0.1486495322,0.6163831372,0.2120540305,2.528554776
2025-12-31 00:00:00.000,TTF,-0.01521427512,0.005389196418,-0.00561910403,0.004758658431,-1.791263868,1.409549142,1.887124404,0.01398878038,-1.15643821,0.4104884126,3.537393333,-0.5732842394,0.64633,-0.1311511518,0.7065374311,0.1881710877,2
2026-01-02 00:00:00.000,TTF,-0.02053977007,0.006023373585,-0.004632873316,0.004971413581,-2.165273276,1.459930556,2.1997678,0.02219660018,-0.2466019151,1.138511906,3.62064,-0.5641641425,0.5998,-0.1361553915,0.8017180867,,12
2026-01-05 00:00:00.000,TTF,-0.01611291277,0.007069064158,-0.004035078166,0.004179949527,-1.721011104,1.534757974,2.372003969,0.02193040674,-0.2741736898,-0.7480892966,3.47872,-0.5701283681,-0.01393,-0.1725582307,0.5030675649,,4.630519009
2026-01-06 00:00:00.000,TTF,-0.02016254149,0.006647646576,-0.0042356643,0.00458739954,-1.951818455,1.443925829,2.275338447,0.02103935386,-0.3705731406,0.3594924367,3.56231,-0.5686396004,0.36105,-0.1537324468,0.6991773265,0.1593985359,4.074933971
2026-01-07 00:00:00.000,TTF,-0.02493128677,0.006025838133,-0.004371380315,0.005102002729,-2.21219271,1.331625512,2.204698071,0.02087595012,-0.3856919645,1.828756791,3.623013333,-0.5696836096,0.92605,-0.1271495127,0.9302359506,0.3292215784,3.392176036
2026-01-08 00:00:00.000,TTF,-0.02088314206,0.006084234403,-0.004042827682,0.004725846296,-1.820657757,1.294209559,2.29533395,0.02065360679,-0.405278513,0.6467047854,3.551533333,-0.5746302336,0.58827,-0.1482395915,0.8331354081,0.1096199061,2.689223655
2026-01-09 00:00:00.000,TTF,-0.02457915225,0.005103662767,-0.004359464816,0.005461917665,-2.001616354,1.159750301,2.170157163,0.02170853927,-0.2864728239,2.60441598,3.670403333,-0.5696904414,1.08804,-0.1192547809,1.005380706,0.3942067923,3.053495552
2026-01-12 00:00:00.000,TTF,-0.03783044661,0.003539155772,-0.004719012699,0.007019180456,-2.802220965,0.986663983,2.035446774,0.02596059401,0.1812552467,6.359207145,3.81963,-0.5609084369,2.54575,-0.02472119634,0.9914633435,,3.399170126
2026-01-13 00:00:00.000,TTF,-0.0499627803,0.004654475475,-0.004801713278,0.007562266353,-3.431883414,1.064148639,1.991885058,0.02870119312,0.4805780045,4.38837668,3.863763333,-0.5618058525,3.48732,0.02919796143,0.9940200685,0.3027232069,5.436946481
2026-01-14 00:00:00.000,TTF,-0.0564669341,0.003406415803,-0.004987381958,0.008735480473,-3.66846633,0.9393971331,1.917311573,0.03367239172,1.026127004,4.441678943,3.961173333,-0.5605767246,4.21651,0.06954839225,0.9742001322,0.5007996663,6.902109175
2026-01-15 00:00:00.000,TTF,-0.05908733961,0.0003875691173,-0.005541606716,0.01218188629,-3.607973862,0.6752090038,1.722328985,0.04372842082,2.121594175,5.974545745,4.513826667,-0.5288853475,5.1701,0.1304589027,1.180844285,1.091239991,9.431912429
2026-01-16 00:00:00.000,TTF,-0.07108283666,-0.001071770337,-0.007393308752,0.02009178613,-4.174686846,0.5473533093,1.104416955,0.05753700219,3.5944616,7.544478227,5.837706667,-0.4532429078,7.17101,0.2575851055,1.17471044,1.499985781,12
2026-01-19 00:00:00.000,TTF,-0.06202486879,3.284481094e-06,-0.006567964518,0.01635218697,-3.592612014,0.6206643885,1.369450531,0.04689247665,2.363024255,2.726598126,5.47166,-0.4728365584,5.90088,0.2014121875,1.197142862,,2.312904251
2026-01-20 00:00:00.000,TTF,-0.0601978478,0.0009882203011,-0.007267715421,0.01522181049,-3.388596547,0.6856723515,1.130683061,0.03956806613,1.558671055,1.964654671,5.091433333,-0.4990207405,5.65471,0.1858457395,1.170157189,0.831092158,6.876030749
2026-01-21 00:00:00.000,TTF,-0.07939750856,-0.0009145142672,-0.009267094814,0.02165475398,-4.315437163,0.5252960488,0.4593263659,0.04876806485,2.505193806,3.099578827,5.654406667,-0.4704735711,8.56713,0.3680331758,1.207582031,0.7837820669,7.933465436
2026-01-22 00:00:00.000,TTF,-0.07586150488,0.0004095592867,-0.008744646779,0.01936326087,-3.809511045,0.6168327679,0.6283484098,0.04460295368,2.033921996,2.031130941,5.320916667,-0.4915653809,7.64691,0.316229672,1.245443234,0.2728342927,2.433638009
2026-01-23 00:00:00.000,TTF,-0.08713636421,-0.0008110179375,-0.008728399286,0.02228231397,-4.120262951,0.5134783896,0.6279775269,0.05356340946,2.927566336,2.247266583,5.420143333,-0.486728633,9.31891,0.4307695415,1.26846908,0.4483683468,3.937702302
2026-01-26 00:00:00.000,TTF,-0.09381612489,0.0004206850048,-0.00830961034,0.02200036056,-4.133831423,0.5960280219,0.7662093672,0.05566734204,3.079997213,1.875645916,5.18637,-0.4988224738,9.71938,0.4870731666,1.296065533,,2.780769684
2026-01-27 00:00:00.000,TTF,-0.09698384491,0.001975572893,-0.007999441496,0.02086799875,-3.978038923,0.700050484,0.8690049497,0.05303935861,2.750518551,1.484685498,4.988406667,-0.5145048227,9.70221,0.4854824305,1.271814517,0.3266607671,3.01758915
2026-01-28 00:00:00.000,TTF,-0.08735470778,0.002174147202,-0.009021491476,0.02126294229,-3.326162309,0.6962244709,0.5087905497,0.04707031034,2.115737329,1.387973531,5.2257,-0.5053890662,8.78184,0.4232012938,1.26817186,0.458467709,4.48094153
2026-01-29 00:00:00.000,TTF,-0.08016173596,0.0009294727337,-0.01070022808,0.0251047893,-2.882160402,0.5934777971,-0.09725783759,0.04650015395,2.039499672,1.773159829,5.89156,-0.4670948005,8.64945,0.4234399867,1.295318145,0.4987086513,3.184010813
2026-01-30 00:00:00.000,TTF,-0.07782575394,0.001148129669,-0.01206419928,0.02775820967,-2.678265622,0.599940921,-0.6056510683,0.04812397103,2.17421344,1.919526905,6.059113333,-0.4587590214,8.602565714,0.4295772263,1.306100161,0.4419665088,6.575228489
2026-02-02 00:00:00.000,TTF,-0.04117184618,0.003100506975,-0.007831223724,0.01533721338,-1.241143181,0.7287402071,0.9396912347,0.03078081002,0.4918832135,0.1510421408,5.236306667,-0.5026883954,3.42682,0.09301725299,1.085338684,,12
2026-02-03 00:00:00.000,TTF,-0.03562638978,0.003432325147,-0.007597715072,0.01512756997,-1.01747577,0.7330718167,1.025631317,0.03070961064,0.4846893025,0.06614214018,5.334916667,-0.4979359494,2.85304,0.04890814194,1.058004748,0.1917129381,10.601555712
2026-02-04 00:00:00.000,TTF,-0.03796887501,0.00354636246,-0.008059366041,0.01584914819,-1.086085899,0.7274838858,0.8513372796,0.02857777706,0.2815971531,0.09648734227,5.484853333,-0.4880102003,3.02357,0.05541534004,1.058508181,0.408907339,4.068552684
2026-02-05 00:00:00.000,TTF,-0.03813636309,0.002997923163,-0.008096346835,0.01759663119,-1.074183807,0.6786797406,0.8395697374,0.0311460117,0.5293759728,0.274743702,5.835003333,-0.4623711961,3.27179,0.07423445636,1.086563225,0.2848828224,10.533776664
2026-02-06 00:00:00.000,TTF,-0.04639534073,0.003108032206,-0.009086667436,0.02030701447,-1.357359121,0.6787450677,0.4453404248,0.03302838805,0.7090508827,0.6134520912,6.14888,-0.4395133322,4.25299,0.1404349042,1.100853688,0.2154552206,5.632050311
2026-02-09 00:00:00.000,TTF,-0.03091293549,0.003305176926,-0.009413144124,0.01920477842,-0.7708612941,0.6842612685,0.3065557118,0.03453653514,0.85300878,0.3613583478,5.93971,-0.4376603442,2.47183,0.02988677994,1.057760602,,2.735237925
2026-02-10 00:00:00.000,TTF,-0.02531080514,0.005479767152,-0.009316810105,0.01776705567,-0.5536850375,0.8228443094,0.3388850492,0.0354837816,0.9419466319,0.01931557697,5.765953333,-0.449031438,1.49944,-0.03815831763,0.8758908769,0.2563331791,5.648216531
2026-02-11 00:00:00.000,TTF,-0.02566372395,0.005194621193,-0.009705669687,0.01836220855,-0.5555012254,0.8005133373,0.1672611247,0.03504202803,0.8975747304,0.03850046057,5.756226667,-0.4473725351,1.65031,-0.02957041921,0.9108270506,0.1843320019,2
2026-02-12 00:00:00.000,TTF,-0.03026281083,0.005682930231,-0.009953946652,0.01809660523,-0.7127068757,0.8309363103,0.05419086824,0.03170536945,0.5834452251,-0.1380773361,5.59669,-0.4511971518,2.02918,0.001549417072,0.9721655513,0.4554998639,2.534538594
2026-02-13 00:00:00.000,TTF,-0.02962637619,0.005235833507,-0.009675778351,0.01749884473,-0.6768845415,0.7964217381,0.1662410588,0.0295315614,0.3740379876,-0.4506628547,5.47237,-0.4524638967,1.95553,0.003718259169,0.991267787,0.3123529084,1.891118756
2026-02-16 00:00:00.000,TTF,-0.02302802443,0.005797684426,-0.008644828993,0.01419419746,-0.4230038126,0.8320811755,0.6045587068,0.02503198819,-0.05514512072,-1.580042331,5.07149,-0.460857756,1.07322,-0.03367527743,0.789614101,,1.534352284
2026-02-17 00:00:00.000,TTF,-0.0183161265,0.006129969688,-0.008007495865,0.01225321746,-0.2396850107,0.8456566269,0.8743558109,0.02295347698,-0.2533489697,-1.974943512,4.76108,-0.4803834093,0.63175,-0.06438382122,0.6064740984,0.5054104671,3.132831287
2026-02-18 00:00:00.000,TTF,-0.01953879577,0.004873641792,-0.009506672169,0.01651965503,-0.2756865577,0.7479341978,0.2172398961,0.02788462377,0.2195954594,-0.6396403054,5.423053333,-0.436149479,0.92331,-0.04434166906,0.7762486396,0.6650399538,5.963726843
2026-02-19 00:00:00.000,TTF,-0.01798482744,0.003873346043,-0.01081771229,0.02193497178,-0.208301972,0.6742044922,-0.3584831383,0.03175057476,0.5887920504,0.8044572282,6.435506667,-0.364248529,1.10571,-0.02395336422,0.9445746822,0.4201717613,6.38334163
2026-02-20 00:00:00.000,TTF,-0.01546519364,0.004869520159,-0.009869321091,0.01762749153,-0.1054242057,0.7444069869,0.05145838284,0.02735520701,0.1702123473,-0.3675333244,5.783953333,-0.4050315718,0.54344,-0.06109919616,0.6252810853,0.5407500803,3.383337405
2026-02-23 00:00:00.000,TTF,-0.01274117299,0.005291448824,-0.01029766088,0.01848913798,0.005259781211,0.7657598677,-0.137353678,0.02797209973,0.2314557724,-0.1115898473,5.876653333,-0.3900410679,0.35227,-0.06902919732,0.5081492624,,1.961009088
2026-02-24 00:00:00.000,TTF,-0.009022564999,0.004987095474,-0.009802795584,0.01705421086,0.1533033118,0.7267863408,0.07514490304,0.02839700161,0.271097239,-0.4602886604,5.57439,-0.4098723379,0.06104,-0.08976687697,0.4398298691,0.260577021,6.368884377
2026-02-25 00:00:00.000,TTF,-0.007807219466,0.004423544297,-0.009899842762,0.01854416354,0.20703197,0.6732787913,0.02884748509,0.02934652151,0.3609006779,0.01623441043,5.899113333,-0.3857242554,0.04668,-0.09059595857,0.4758378936,0.475374672,12
2026-02-26 00:00:00.000,TTF,-0.009157463093,0.004019462122,-0.01009763522,0.02044663705,0.1638538565,0.6377298439,-0.06054201993,0.02765786171,0.2055802133,0.5887113652,6.35869,-0.3485993339,0.28997,-0.07252698606,0.6220533612,0.3541682909,3.305822026
2026-02-27 00:00:00.000,TTF,-0.005888206804,0.003203702851,-0.009615001231,0.01961065494,0.2953743943,0.5718635387,0.1499960823,0.0270214387,0.1583834306,0.3651341642,6.243296667,-0.353014559,0.23166871,-0.07832419605,0.6861646244,0.2814848004,3.91340552
2026-03-02 00:00:00.000,TTF,-0.02954725054,-0.0202776122,-0.01102516594,0.05373121301,-0.6003431637,-1.13869677,-0.4675348118,0.07020794877,4.526466639,11.338298546,9.650736667,-0.08797240292,10.72932,0.7217750617,1.440094857,,12
2026-03-03 00:00:00.000,TTF,-0.03051686529,-0.03596720756,-0.01645529865,0.1005175309,-0.6258196221,-2.281136106,-2.84482479,0.1034495569,7.768656465,9.908808679,13.036256667,0.1654892404,17.52812,1.240036976,1.555957959,3.37654624,12
2026-03-04 00:00:00.000,TTF,-0.0381471495,-0.02246104654,-0.01368026998,0.06515181709,-0.906468962,-1.295269637,-1.589689219,0.05566008103,2.722816964,2.146805433,9.961436667,-0.0652587405,13.54489,0.9242577668,1.378237048,2.140134791,8.886764862
2026-03-05 00:00:00.000,TTF,-0.0340544132,-0.02134467291,-0.0157026835,0.07392891105,-0.7340557211,-1.215878846,-2.444881105,0.04355674674,1.611676583,2.254305826,11.245206667,0.03502259771,13.29562,0.8969398811,1.391914827,0.470689286,6.37742315
2026-03-06 00:00:00.000,TTF,-0.01998954075,-0.01575815644,-0.02026074532,0.08616388384,-0.1785310677,-0.8112879561,-4.347466264,0.038084136,1.124344948,2.436328539,13.36477,0.1987422617,9.88572,0.6293297135,1.368971839,1.188605321,12
2026-03-09 00:00:00.000,TTF,-0.01803509038,-0.01335799063,-0.02386718589,0.09756071701,-0.09243123894,-0.6384648577,-5.655426358,0.04195385281,1.480989481,2.470599873,14.672593333,0.318118021,9.53293,0.5953498937,1.42775004,,12
2026-03-10 00:00:00.000,TTF,-0.01288595501,-0.01225790344,-0.01837949868,0.06506695867,0.1183644636,-0.572828666,-3.186096325,0.02501399472,-0.03983264658,0.984475387,11.239863333,0.05116564036,6.89832,0.3949159172,1.498116329,0.681617512,4.628307254
2026-03-11 00:00:00.000,TTF,-0.01159032925,-0.01177388413,-0.01887542956,0.07577573741,0.1778845316,-0.5506512264,-3.299929847,0.02500768623,-0.02901319307,1.25036032,13.595576667,0.2309290908,6.85592,0.387029896,1.479180604,0.2164680182,4.050031346
2026-03-12 00:00:00.000,TTF,-0.008674214559,-0.01086099734,-0.0195593725,0.07909532058,0.3017883328,-0.4874808254,-3.471675437,0.02599543921,0.07567425481,1.239053532,14.503896667,0.3069603918,6.4286,0.3514839937,1.494187399,0.5298082256,3.479113176
2026-03-13 00:00:00.000,TTF,-0.006643214693,-0.01197586579,-0.01921723996,0.0755823218,0.3908475307,-0.5835409833,-3.25387718,0.02293820876,-0.2046664352,1.012469134,14.070223333,0.2750450229,6.17305,0.3267885421,1.474650951,0.3835456251,2.393130185
2026-03-16 00:00:00.000,TTF,-0.007550239793,-0.01223460832,-0.02052215494,0.07723191921,0.3624133913,-0.6178947254,-3.642032344,0.02518010773,0.01996965344,0.9723999025,13.904963333,0.267850399,6.50411,0.3533972594,1.465324207,,1.897518298
2026-03-17 00:00:00.000,TTF,-0.005844650767,-0.01089130088,-0.0208548641,0.07722276839,0.4387966857,-0.5220254561,-3.654483219,0.02823072065,0.3255657276,0.8836898098,14.070503333,0.2775543983,5.93675,0.3104367348,1.413489815,0.2401385599,1.699477601
2026-03-18 00:00:00.000,TTF,-0.006917587509,-0.01330416586,-0.02202238509,0.09441202214,0.4029345719,-0.7264087094,-3.945197686,0.02489111934,0.003986492469,1.345447929,16.35644,0.4514524617,7.32604,0.4090252275,1.460988881,0.9260264739,2.47942526
2026-03-19 00:00:00.000,TTF,-0.003681033324,-0.009515451854,-0.02717702188,0.09778596089,0.5413336063,-0.4227811082,-5.508771578,0.06770562622,4.209880899,1.331182386,17.031236667,0.5043904901,6.52607,0.3470435563,1.353382332,3.413699704,12
2026-03-20 00:00:00.000,TTF,-0.0002663266983,-0.009116054136,-0.02544140725,0.08860388179,0.6874621688,-0.3969399717,-4.64816437,0.05537679163,2.89679594,0.9195930486,16.27712,0.4470594945,5.32028,0.2562335185,1.244823572,0.1667376257,3.965221884
2026-03-23 00:00:00.000,TTF,0.001400660565,-0.005196281255,-0.02412147768,0.07609564653,0.7618548883,-0.07940866533,-4.052814505,0.06347392479,3.602986342,0.4300058204,15.176683333,0.3687898225,3.07668,0.09324901674,1.104459076,,2.639447984
2026-03-24 00:00:00.000,TTF,0.0004958060188,-0.004983569009,-0.02348269679,0.07078042558,0.7283635407,-0.06794230108,-3.729192891,0.04727614276,2.022633936,0.1770231722,13.43446,0.2299110817,2.91291,0.08298810951,1.123021618,0.3527406464,2.897876771
2026-03-25 00:00:00.000,TTF,0.001359103303,-0.004762941306,-0.02328161674,0.07377635173,0.7678564511,-0.05619045338,-3.560902544,0.0405598228,1.391125297,0.2092380903,13.914626667,0.2651723666,2.59993,0.05961839188,1.006505711,0.3030243092,1.745438847
2026-03-26 00:00:00.000,TTF,0.002026173513,-0.00498101673,-0.0243713722,0.08184207005,0.7986950318,-0.08222184777,-3.761466293,0.04232988603,1.539714259,0.4516237611,15.577903333,0.4009261238,2.87303,0.07881919658,0.9777979578,0.09405343671,2.483200695
2026-03-27 00:00:00.000,TTF,0.00229445165,-0.003485987614,-0.02433672543,0.07681680073,0.8109530461,0.03931122823,-3.644043089,0.04308002904,1.612858907,0.1399355603,14.65214,0.3338832094,2.09186,0.01983336924,0.7692041201,0.1454082982,1.782563649
2026-03-30 00:00:00.000,TTF,0.001142835225,-0.003714805035,-0.02374716888,0.07446414654,0.7646594676,0.01293671178,-3.390050935,0.04163469313,1.479679548,-0.1169440932,14.259966667,0.318905945,2.24124,0.02816132814,0.9008786656,,1.58197206
2026-03-31 00:00:00.000,TTF,7.427432886e-05,-0.004295806727,-0.02134544573,0.06360272974,0.7231748085,-0.04517741267,-2.693405493,0.02913515455,0.3481006935,-1.322135415,12.517196667,0.1753979311,2.611791667,0.05736214068,1.095873414,0.09700365158,1.69472634
2026-04-01 00:00:00.000,TTF,0.0001128328992,-0.01793657582,-0.02073793328,0.0606471497,0.7277125558,-1.265057688,-2.491925891,0.02817972672,0.2634367184,-1.748722179,11.308373333,0.07524397995,7.69291,0.4252420787,1.106155375,0.1626132412,12
2026-04-02 00:00:00.000,TTF,-0.0001497878824,-0.02119804038,-0.02088484866,0.06583522079,0.7203272314,-1.553321769,-2.488129766,0.02620707408,0.08499043597,-1.132553,12.313063333,0.1599540217,9.09121,0.5246210602,1.169257575,0.1155776901,4.654649371
2026-04-07 00:00:00.000,TTF,-0.0009609979072,-0.02409569165,-0.02178595846,0.07705125058,0.6905765094,-1.805033327,-2.668998092,0.03031924955,0.4569623322,-0.06488399691,14.033803333,0.3094154804,10.98294,0.6508827413,1.079114176,,4.014744329
2026-04-08 00:00:00.000,TTF,0.0004470580151,-0.020174086,-0.01801578025,0.05454115873,0.7522398639,-1.446944108,-1.709476159,0.02576654045,0.04077651864,-2.244322612,10.86883,0.0502205332,7.61129,0.407144751,0.998445857,0.3810253961,12
2026-04-09 00:00:00.000,TTF,-0.0002532081128,-0.02139820745,-0.0173906157,0.05489192117,0.7255217737,-1.548933363,-1.541393892,0.02687878415,0.139476853,-1.887296955,11.1754,0.07842719657,8.15364,0.4442682057,1.00835637,0.1524584506,2.564987243
2026-04-10 00:00:00.000,TTF,-0.001458981821,-0.02101663608,-0.01603109771,0.04946760973,0.6770394297,-1.505716718,-1.201209883,0.0279163353,0.2306912252,-2.217436,10.395403333,0.01588102879,7.86187,0.4185285054,0.9044627401,0.1026348764,4.461293513
2026-04-13 00:00:00.000,TTF,-0.004398241509,-0.02262745086,-0.01705244187,0.0557560072,0.5557661324,-1.637532643,-1.436181913,0.02782210955,0.2190439875,-1.447715988,11.176723333,0.08657294971,9.22938,0.5081404675,0.7276702982,,4.213394454
2026-04-14 00:00:00.000,TTF,-0.002484837067,-0.02117309622,-0.01544786915,0.0464132309,0.6375361615,-1.499945212,-1.042054456,0.02867163561,0.2924019615,-2.032276557,9.685746667,-0.03841672331,7.72029,0.3991161834,0.6851742835,0.08147915446,2.912215561
2026-04-15 00:00:00.000,TTF,-0.0005176248382,-0.01901396581,-0.01419119667,0.03938914653,0.7272508772,-1.306417611,-0.7365143577,0.02455704717,-0.08474907419,-2.262061746,8.892796667,-0.1068851301,6.63099,0.3159980884,0.633152652,0.3150402785,2.738176497
2026-04-16 00:00:00.000,TTF,-0.000609116983,-0.01804339916,-0.01555527949,0.04251304541,0.7233062448,-1.220047387,-1.055521351,0.02193433543,-0.3255407852,-1.724347049,9.250346667,-0.07806571092,6.5485,0.3021690109,0.5641265445,0.1187440769,2.235775298
2026-04-17 00:00:00.000,TTF,0.001054261983,-0.01575681704,-0.01406929729,0.03285315041,0.791975179,-1.021000599,-0.6955326111,0.0232696719,-0.2064535456,-2.111395397,7.63426,-0.213608263,5.1746,0.1943179506,0.3957930967,0.235048241,6.452922899
2026-04-20 00:00:00.000,TTF,-0.001204570058,-0.0165379989,-0.01431714087,0.03468727414,0.6984726915,-1.087956197,-0.7490029486,0.02203556984,-0.3221594073,-1.716997508,7.922926667,-0.1883260111,5.81196,0.2231569866,0.3997784502,,1.65516668
2026-04-21 00:00:00.000,TTF,-0.001092222296,-0.01877400315,-0.01591500629,0.04170537224,0.7030215823,-1.280311086,-1.121477305,0.02381878002,-0.1622421578,-1.173226065,8.589743333,-0.1381036911,6.92995,0.2934147103,0.434442762,0.2886372316,3.910717672
2026-04-22 00:00:00.000,TTF,-0.0004262025601,-0.01862357829,-0.01703542855,0.04478639696,0.7302728638,-1.264943296,-1.377741401,0.02346360646,-0.1965056323,-0.9221569575,8.933896667,-0.1150968933,7.06874,0.2930671693,0.4255579142,0.1347532238,1.874928689
2026-04-23 00:00:00.000,TTF,-0.0006487496266,-0.01956485389,-0.01721482387,0.04762644204,0.7210277266,-1.343449364,-1.408548841,0.02321171157,-0.2213629869,-0.6671397134,9.50084,-0.07133788684,7.62725,0.321130124,0.3996741756,0.1549860697,2.035215482
2026-04-24 00:00:00.000,TTF,0.0006010687079,-0.01755904497,-0.01743530965,0.04473256251,0.7718317833,-1.164637143,-1.448683577,0.02270006422,-0.2697144202,-0.787469652,9.361526667,-0.08670982536,6.9615,0.2634039739,0.3301090671,0.3340752422,2.084774411
2026-04-27 00:00:00.000,TTF,0.0004153114282,-0.01811650384,-0.01754613083,0.0467476167,0.7639964314,-1.208792761,-1.462088959,0.02183259966,-0.3502107839,-0.5779298264,9.509846667,-0.06880899241,7.13097,0.2583530747,0.311300469,,2.129347593
2026-04-28 00:00:00.000,TTF,0.0006263086907,-0.01843768698,-0.01646873546,0.04300334648,0.7726441832,-1.231843232,-1.195743346,0.02148488927,-0.3819891778,-0.7679884974,9.185873333,-0.1008142321,7.03424,0.2442025168,0.3124991072,0.1301592551,2.529145875
2026-04-29 00:00:00.000,TTF,-0.0002142750273,-0.02104217227,-0.01864939993,0.05468732061,0.7384988277,-1.448735571,-1.697316136,0.02350610319,-0.1967925404,0.1840782592,10.840243333,0.02448678177,8.80552,0.3508476244,0.3251164214,0.3812410244,2.145045526
2026-04-30 00:00:00.000,TTF,0.0005481463494,-0.02081018703,-0.01791358876,0.05312063306,0.7695791369,-1.425974926,-1.508211584,0.0221641441,-0.3205059766,0.1601563288,10.794536667,0.01915856274,8.361996774,0.3109973621,0.314989614,0.1382134292,2.516743963
2026-05-01 00:00:00.000,TTF,0.0004925010185,-0.03448905207,-0.01832635253,0.05342033332,0.7673828198,-2.587640096,-1.590464905,0.04420892409,1.697783817,0.30166686,10.596336667,0.002601465239,10.29991,0.4258896525,0.4194787993,0.08073725901,12
2026-05-04 00:00:00.000,TTF,0.0004925010185,-0.03448905207,-0.01832635253,0.05342033332,0.7674093969,-2.555873189,-1.575285724,0.04295947496,1.566736137,0.3610152012,10.596336667,0.02721803974,10.29991,0.4596682282,0.4154972471,,4.58145289
2026-05-05 00:00:00.000,TTF,0.0004712436729,-0.03634131729,-0.01973979465,0.06035257551,0.7665780654,-2.685462485,-1.885982464,0.04621331457,1.847232399,1.097185086,11.192283333,0.06806949994,11.19874,0.5065289373,0.4328783783,0.3073591538,4.800193362
2026-05-06 00:00:00.000,TTF,-0.0002079923494,-0.03260601036,-0.0177660875,0.0483911967,0.7388948405,-2.32761237,-1.41373587,0.03913738536,1.189502254,-0.07394778705,9.42879,-0.08893805361,9.66035,0.3898466528,0.438333927,0.3718502641,6.595826658
2026-05-07 00:00:00.000,TTF,0.0001108392355,-0.03252665794,-0.0177502954,0.04767757499,0.7519302406,-2.286872025,-1.398304761,0.03781262038,1.061280487,-0.008459829443,9.314813333,-0.09909964212,9.41466,0.396072602,0.4453414931,0.1042292552,2.878154197
2026-05-08 00:00:00.000,TTF,-0.0002755907858,-0.0330879679,-0.01813002045,0.04939063128,0.7361432949,-2.300462908,-1.473055909,0.03829893008,1.097234355,0.2818880635,9.454423333,-0.08801643566,9.61579,0.4334317486,0.4267127047,0.1441553242,3.96777498
2026-05-11 00:00:00.000,TTF,-0.0002816653111,-0.0356625012,-0.01902704989,0.05623813655,0.7359308608,-2.47389972,-1.662872796,0.04012857088,1.252638043,1.331140855,10.570993333,0.02001212995,10.77706,0.5336872092,0.4206752258,,1.77043708
